{
  "type": "FeatureCollection",
  "features": [
    {
      "type": "Feature",
      "properties": {
        "depth_band": "0.1 - 0.5",
        "min_depth": 0.1,
        "max_depth": 0.5,
        "max_depth_m": 8.7,
        "avg_depth_m": 4.3,
        "hazard_level": "Moderate",
        "zone": "reservoir",
        "timestep_min": 0
      },
      "geometry": {
        "type": "Polygon",
        "coordinates": [
          [
            [
              77.7675843694637,
              22.525759484552143
            ],
            [
              77.76752166613662,
              22.52600990013174
            ],
            [
              77.76737199963985,
              22.527019426220118
            ],
            [
              77.76732200002783,
              22.528038760817868
            ],
            [
              77.76737214877932,
              22.529058088089204
            ],
            [
              77.76752196297937,
              22.530067592268907
            ],
            [
              77.76776999996964,
              22.531057552184674
            ],
            [
              77.76811387124064,
              22.532018434868647
            ],
            [
              77.76855026543222,
              22.53294098735654
            ],
            [
              77.76907498022094,
              22.53381632579045
            ],
            [
              77.76968296278682,
              22.53463602096731
            ],
            [
              77.77036835847031,
              22.535392179509156
            ],
            [
              77.77112456715065,
              22.53607751987362
            ],
            [
              77.77194430680262,
              22.536685442472603
            ],
            [
              77.77281968362,
              22.537210093224033
            ],
            [
              77.77374226803008,
              22.537646419924606
            ],
            [
              77.77470317586759,
              22.53799022090076
            ],
            [
              77.77569315392599,
              22.53823818546929
            ],
            [
              77.77670266906273,
              22.538387925818107
            ],
            [
              77.777722,
              22.538438
            ],
            [
              77.782278,
              22.538438
            ],
            [
              77.78329733093727,
              22.538387925818107
            ],
            [
              77.78430684607402,
              22.53823818546929
            ],
            [
              77.78455649645015,
              22.538175654338144
            ],
            [
              77.78480606065102,
              22.53823816691619
            ],
            [
              77.78581562174057,
              22.53838792115739
            ],
            [
              77.786835,
              22.538438
            ],
            [
              77.78785437825942,
              22.53838792115739
            ],
            [
              77.78886393934896,
              22.538238166916194
            ],
            [
              77.78985396064344,
              22.537990179491615
            ],
            [
              77.79081490769659,
              22.537646347138118
            ],
            [
              77.79173752606299,
              22.537209981149225
            ],
            [
              77.7926129304234,
              22.536685283967948
            ],
            [
              77.7934326901553,
              22.536077308714972
            ],
            [
              77.79418891052434,
              22.53539191052434
            ],
            [
              77.79487430871497,
              22.5346356901553
            ],
            [
              77.79548228396794,
              22.533815930423405
            ],
            [
              77.79600698114922,
              22.53294052606299
            ],
            [
              77.79644334713811,
              22.5320179076966
            ],
            [
              77.79678717949162,
              22.531056960643447
            ],
            [
              77.79703516691619,
              22.530066939348966
            ],
            [
              77.7971453715582,
              22.529324
            ],
            [
              77.80075517895132,
              22.529324
            ],
            [
              77.80226608947565,
              22.53083491052433
            ],
            [
              77.803777,
              22.532345821048672
            ],
            [
              77.803777,
              22.54195817895131
            ],
            [
              77.80226608947565,
              22.543469089475657
            ],
            [
              77.79770908947566,
              22.548026089475666
            ],
            [
              77.79315208947565,
              22.552583089475657
            ],
            [
              77.78859508947566,
              22.557140089475656
            ],
            [
              77.78403808947566,
              22.561697089475665
            ],
            [
              77.77948108947567,
              22.566254089475656
            ],
            [
              77.77492408947566,
              22.570811089475665
            ],
            [
              77.77036728255072,
              22.57536889648915
            ],
            [
              77.76968205783379,
              22.57612508178283
            ],
            [
              77.7690742405376,
              22.57694478126772
            ],
            [
              77.76854968264072,
              22.577820102993655
            ],
            [
              77.76811343451205,
              22.57874261948744
            ],
            [
              77.76776969628656,
              22.579703448891348
            ],
            [
              77.76752177742706,
              22.580693340476408
            ],
            [
              77.7673720648611,
              22.581702763707106
            ],
            [
              77.767322,
              22.582722
            ],
            [
              77.767322,
              22.587278
            ],
            [
              77.76737207884261,
              22.58829737825943
            ],
            [
              77.7675218330838,
              22.58930693934897
            ],
            [
              77.76776982050838,
              22.590296960643446
            ],
            [
              77.76811365286189,
              22.591257907696598
            ],
            [
              77.76855001885077,
              22.592180526062993
            ],
            [
              77.76907471603205,
              22.593055930423404
            ],
            [
              77.76968269128503,
              22.593875690155304
            ],
            [
              77.77036808947565,
              22.594631910524342
            ],
            [
              77.7711243098447,
              22.595317308714975
            ],
            [
              77.77194406957659,
              22.595925283967947
            ],
            [
              77.772819473937,
              22.596449981149224
            ],
            [
              77.7737420923034,
              22.596886347138117
            ],
            [
              77.77470303935655,
              22.597230179491618
            ],
            [
              77.77569306065102,
              22.597478166916193
            ],
            [
              77.77670262174057,
              22.597627921157393
            ],
            [
              77.777722,
              22.597678000000002
            ],
            [
              77.77874137825943,
              22.597627921157393
            ],
            [
              77.77975093934897,
              22.597478166916193
            ],
            [
              77.78074096064344,
              22.597230179491618
            ],
            [
              77.7817019076966,
              22.596886347138117
            ],
            [
              77.78262452606299,
              22.596449981149224
            ],
            [
              77.7834999304234,
              22.595925283967947
            ],
            [
              77.7843196901553,
              22.595317308714975
            ],
            [
              77.78507591052434,
              22.594631910524342
            ],
            [
              77.78576130871497,
              22.593875690155304
            ],
            [
              77.78636928396794,
              22.593055930423404
            ],
            [
              77.78689398114922,
              22.592180526062993
            ],
            [
              77.78733034713811,
              22.591257907696598
            ],
            [
              77.78767417949162,
              22.590296960643446
            ],
            [
              77.78792216691619,
              22.58930693934897
            ],
            [
              77.78807192115738,
              22.58829737825943
            ],
            [
              77.788122,
              22.587278
            ],
            [
              77.788122,
              22.58702915254868
            ],
            [
              77.78963231400915,
              22.585518507039527
            ],
            [
              77.79418891052434,
              22.580961910524334
            ],
            [
              77.79874591052433,
              22.576404910524346
            ],
            [
              77.80330291052434,
              22.571847910524337
            ],
            [
              77.80785991052433,
              22.567290910524346
            ],
            [
              77.81241691052435,
              22.562733910524344
            ],
            [
              77.81697391052434,
              22.558176910524335
            ],
            [
              77.82153091052434,
              22.553619910524343
            ],
            [
              77.82221630871497,
              22.552863690155302
            ],
            [
              77.82282428396795,
              22.5520439304234
            ],
            [
              77.82334898114922,
              22.55116852606299
            ],
            [
              77.82378534713811,
              22.550245907696596
            ],
            [
              77.82412917949162,
              22.549284960643444
            ],
            [
              77.8243771669162,
              22.548294939348967
            ],
            [
              77.82452692115739,
              22.547285378259428
            ],
            [
              77.824577,
              22.546266
            ],
            [
              77.824577,
              22.528038
            ],
            [
              77.82452692115739,
              22.52701862174057
            ],
            [
              77.8243771669162,
              22.526009060651027
            ],
            [
              77.82412917949162,
              22.52501903935655
            ],
            [
              77.82378534713811,
              22.5240580923034
            ],
            [
              77.82334898114922,
              22.523135473937003
            ],
            [
              77.82282428396795,
              22.52226006957659
            ],
            [
              77.82221630871497,
              22.52144030984469
            ],
            [
              77.82153091052433,
              22.520684089475655
            ],
            [
              77.81697391052434,
              22.516127089475663
            ],
            [
              77.81241691052435,
              22.51157008947567
            ],
            [
              77.8116606901553,
              22.510884691285032
            ],
            [
              77.81084093042341,
              22.510276716032056
            ],
            [
              77.809965526063,
              22.50975201885078
            ],
            [
              77.80904290769661,
              22.509315652861883
            ],
            [
              77.80808196064345,
              22.508971820508386
            ],
            [
              77.80709193934898,
              22.508723833083806
            ],
            [
              77.80608237825943,
              22.508574078842607
            ],
            [
              77.805063,
              22.508523999999998
            ],
            [
              77.791392,
              22.508523999999998
            ],
            [
              77.79037262174057,
              22.508574078842607
            ],
            [
              77.78936306065103,
              22.508723833083806
            ],
            [
              77.78837303935656,
              22.508971820508382
            ],
            [
              77.7874120923034,
              22.509315652861883
            ],
            [
              77.78648947393701,
              22.509752018850776
            ],
            [
              77.7856140695766,
              22.510276716032052
            ],
            [
              77.7847943098447,
              22.510884691285025
            ],
            [
              77.78403808947566,
              22.511570089475654
            ],
            [
              77.78251549575977,
              22.513092683191537
            ],
            [
              77.78227742938661,
              22.513081000015653
            ],
            [
              77.78125798289356,
              22.513131141783457
            ],
            [
              77.78024836109428,
              22.513280972259235
            ],
            [
              77.78000002334704,
              22.51334319663248
            ],
            [
              77.7797520586352,
              22.513281055787523
            ],
            [
              77.77874251398477,
              22.51313119076471
            ],
            [
              77.7777231412268,
              22.513081000062616
            ],
            [
              77.77670375747819,
              22.513130967045136
            ],
            [
              77.77569417996169,
              22.513280610502914
            ],
            [
              77.77470413146068,
              22.51352848928765
            ],
            [
              77.77374314668344,
              22.513872216191142
            ],
            [
              77.77282048043871,
              22.51430848093541
            ],
            [
              77.77194501850678,
              22.514833082052476
            ],
            [
              77.77112519206466,
              22.515440967346812
            ],
            [
              77.77036889648915,
              22.516126282550726
            ],
            [
              77.76968341532005,
              22.516882427704175
            ],
            [
              77.76907535011576,
              22.517702120715978
            ],
            [
              77.76855055687659,
              22.518577467494342
            ],
            [
              77.76811408964832,
              22.51950003797128
            ],
            [
              77.76777015184895,
              22.520460947288772
            ],
            [
              77.76752205578752,
              22.5214509413648
            ],
            [
              77.7673721907647,
              22.522460486015227
            ],
            [
              77.7673220000626,
              22.5234798587732
            ],
            [
              77.76737196704514,
              22.52449924252181
            ],
            [
              77.76752161050291,
              22.525508820038304
            ],
            [
              77.7675843694637,
              22.525759484552143
            ]
          ]
        ]
      }
    },
    {
      "type": "Feature",
      "properties": {
        "depth_band": "0.5 - 1.0",
        "min_depth": 0.5,
        "max_depth": 1.0,
        "max_depth_m": 8.7,
        "avg_depth_m": 4.3,
        "hazard_level": "Moderate",
        "zone": "reservoir",
        "timestep_min": 0
      },
      "geometry": {
        "type": "Polygon",
        "coordinates": [
          [
            [
              77.77081461243957,
              22.525759493259073
            ],
            [
              77.77075529079745,
              22.525925332755197
            ],
            [
              77.77058176629563,
              22.52661833009222
            ],
            [
              77.7704769997479,
              22.527324998354082
            ],
            [
              77.77044200001947,
              22.52803853257251
            ],
            [
              77.77047710414551,
              22.528752061662445
            ],
            [
              77.77058197408556,
              22.529458714588234
            ],
            [
              77.77075559997876,
              22.530151686529273
            ],
            [
              77.77099630986845,
              22.530824304408053
            ],
            [
              77.77130178580256,
              22.53147009114958
            ],
            [
              77.77166908615466,
              22.532082828053316
            ],
            [
              77.77209467395078,
              22.532656614677116
            ],
            [
              77.77257445092921,
              22.533185925656408
            ],
            [
              77.77310379700545,
              22.53366566391153
            ],
            [
              77.77367761476184,
              22.53409120973082
            ],
            [
              77.77429037853399,
              22.534458465256822
            ],
            [
              77.77493618762105,
              22.534763893947225
            ],
            [
              77.7756088231073,
              22.535004554630532
            ],
            [
              77.77630180774818,
              22.535178129828502
            ],
            [
              77.77700846834391,
              22.535282948072673
            ],
            [
              77.777722,
              22.535318
            ],
            [
              77.782278,
              22.535318
            ],
            [
              77.7829915316561,
              22.535282948072673
            ],
            [
              77.78369819225182,
              22.535178129828502
            ],
            [
              77.7843911768927,
              22.535004554630532
            ],
            [
              77.78455649689715,
              22.534945405171353
            ],
            [
              77.78472172754958,
              22.535004525644126
            ],
            [
              77.78541474245571,
              22.535178116841333
            ],
            [
              77.78612143521839,
              22.535282944810174
            ],
            [
              77.786835,
              22.535318
            ],
            [
              77.78754856478159,
              22.535282944810174
            ],
            [
              77.78825525754426,
              22.535178116841333
            ],
            [
              77.78894827245041,
              22.53500452564413
            ],
            [
              77.78962093538762,
              22.534763842996682
            ],
            [
              77.79026676824408,
              22.534458386804456
            ],
            [
              77.79087955129637,
              22.534091098777562
            ],
            [
              77.7914533831087,
              22.53366551610048
            ],
            [
              77.79198273736704,
              22.533185737367038
            ],
            [
              77.79246251610047,
              22.532656383108712
            ],
            [
              77.79288809877755,
              22.532082551296384
            ],
            [
              77.79325538680445,
              22.531469768244094
            ],
            [
              77.79356084299668,
              22.530823935387616
            ],
            [
              77.79380152564413,
              22.53015127245041
            ],
            [
              77.79397511684134,
              22.529458257544277
            ],
            [
              77.79407994481016,
              22.528751564781597
            ],
            [
              77.79411499999999,
              22.528038
            ],
            [
              77.79411499999999,
              22.526496474734085
            ],
            [
              77.79440747473407,
              22.526204
            ],
            [
              77.80204752526593,
              22.526204
            ],
            [
              77.80447226263296,
              22.528628737367033
            ],
            [
              77.806897,
              22.53105347473409
            ],
            [
              77.806897,
              22.543250525265915
            ],
            [
              77.80447226263296,
              22.54567526263296
            ],
            [
              77.79991526263296,
              22.550232262632967
            ],
            [
              77.79535826263296,
              22.554789262632962
            ],
            [
              77.79080126263295,
              22.559346262632957
            ],
            [
              77.78624426263296,
              22.56390326263297
            ],
            [
              77.78168726263296,
              22.568460262632957
            ],
            [
              77.77713026263297,
              22.573017262632966
            ],
            [
              77.7725736977855,
              22.577574827542403
            ],
            [
              77.77209404048365,
              22.57810415724798
            ],
            [
              77.77166856837633,
              22.578677946887403
            ],
            [
              77.7713013778485,
              22.57929067209556
            ],
            [
              77.77099600415843,
              22.579936433641205
            ],
            [
              77.7707553874006,
              22.580609014223942
            ],
            [
              77.77058184419894,
              22.581301938333485
            ],
            [
              77.77047704540277,
              22.582008534594973
            ],
            [
              77.770442,
              22.582722
            ],
            [
              77.770442,
              22.587278
            ],
            [
              77.77047705518983,
              22.5879915647816
            ],
            [
              77.77058188315866,
              22.58869825754428
            ],
            [
              77.77075547435587,
              22.589391272450413
            ],
            [
              77.77099615700331,
              22.59006393538762
            ],
            [
              77.77130161319555,
              22.590709768244096
            ],
            [
              77.77166890122244,
              22.591322551296383
            ],
            [
              77.77209448389952,
              22.59189638310871
            ],
            [
              77.77257426263296,
              22.59242573736704
            ],
            [
              77.77310361689129,
              22.592905516100483
            ],
            [
              77.77367744870361,
              22.593331098777565
            ],
            [
              77.7742902317559,
              22.59369838680446
            ],
            [
              77.77493606461238,
              22.594003842996685
            ],
            [
              77.77560872754958,
              22.594244525644132
            ],
            [
              77.77630174245571,
              22.594418116841336
            ],
            [
              77.77700843521839,
              22.594522944810176
            ],
            [
              77.777722,
              22.594558000000003
            ],
            [
              77.7784355647816,
              22.594522944810176
            ],
            [
              77.77914225754428,
              22.594418116841336
            ],
            [
              77.77983527245041,
              22.594244525644132
            ],
            [
              77.78050793538762,
              22.594003842996685
            ],
            [
              77.7811537682441,
              22.59369838680446
            ],
            [
              77.78176655129639,
              22.593331098777565
            ],
            [
              77.7823403831087,
              22.592905516100483
            ],
            [
              77.78286973736704,
              22.59242573736704
            ],
            [
              77.78334951610047,
              22.59189638310871
            ],
            [
              77.78377509877755,
              22.591322551296383
            ],
            [
              77.78414238680445,
              22.590709768244096
            ],
            [
              77.78444784299668,
              22.59006393538762
            ],
            [
              77.78468852564413,
              22.589391272450413
            ],
            [
              77.78486211684134,
              22.58869825754428
            ],
            [
              77.78496694481017,
              22.5879915647816
            ],
            [
              77.78500199999999,
              22.587278
            ],
            [
              77.78500199999999,
              22.585737006784086
            ],
            [
              77.78742601983069,
              22.583312454903385
            ],
            [
              77.79198273736704,
              22.578755737367032
            ],
            [
              77.79653973736704,
              22.574198737367045
            ],
            [
              77.80109673736703,
              22.569641737367032
            ],
            [
              77.80565373736704,
              22.565084737367044
            ],
            [
              77.81021073736704,
              22.56052773736704
            ],
            [
              77.81476773736703,
              22.555970737367034
            ],
            [
              77.81932473736704,
              22.55141373736704
            ],
            [
              77.81980451610048,
              22.55088438310871
            ],
            [
              77.82023009877756,
              22.55031055129638
            ],
            [
              77.82059738680445,
              22.549697768244094
            ],
            [
              77.82090284299669,
              22.549051935387617
            ],
            [
              77.82114352564413,
              22.54837927245041
            ],
            [
              77.82131711684134,
              22.547686257544278
            ],
            [
              77.82142194481017,
              22.546979564781598
            ],
            [
              77.821457,
              22.546266
            ],
            [
              77.821457,
              22.528038
            ],
            [
              77.82142194481017,
              22.5273244352184
            ],
            [
              77.82131711684134,
              22.52661774245572
            ],
            [
              77.82114352564413,
              22.525924727549587
            ],
            [
              77.82090284299669,
              22.52525206461238
            ],
            [
              77.82059738680445,
              22.524606231755904
            ],
            [
              77.82023009877756,
              22.523993448703614
            ],
            [
              77.81980451610048,
              22.523419616891285
            ],
            [
              77.81932473736704,
              22.522890262632956
            ],
            [
              77.81476773736703,
              22.518333262632957
            ],
            [
              77.81021073736704,
              22.513776262632966
            ],
            [
              77.80968138310872,
              22.51329648389952
            ],
            [
              77.80910755129639,
              22.51287090122244
            ],
            [
              77.8084947682441,
              22.512503613195545
            ],
            [
              77.80784893538763,
              22.51219815700332
            ],
            [
              77.80717627245042,
              22.511957474355867
            ],
            [
              77.80648325754429,
              22.511783883158664
            ],
            [
              77.80577656478161,
              22.511679055189823
            ],
            [
              77.805063,
              22.511643999999997
            ],
            [
              77.791392,
              22.511643999999997
            ],
            [
              77.7906784352184,
              22.511679055189823
            ],
            [
              77.78997174245572,
              22.511783883158664
            ],
            [
              77.78927872754959,
              22.511957474355867
            ],
            [
              77.78860606461238,
              22.512198157003315
            ],
            [
              77.7879602317559,
              22.51250361319554
            ],
            [
              77.78734744870361,
              22.512870901222435
            ],
            [
              77.7867736168913,
              22.513296483899516
            ],
            [
              77.78624426263296,
              22.51377626263296
            ],
            [
              77.78368205905541,
              22.516338466210517
            ],
            [
              77.78299121696301,
              22.516236020941115
            ],
            [
              77.78227760057062,
              22.51620100001096
            ],
            [
              77.7815639880255,
              22.51623609924842
            ],
            [
              77.780857252766,
              22.516340980581464
            ],
            [
              77.78016420198924,
              22.51651463380451
            ],
            [
              77.78000001019541,
              22.516573397176007
            ],
            [
              77.77983603689786,
              22.51651470629427
            ],
            [
              77.77914304104463,
              22.516341039051266
            ],
            [
              77.77843635978934,
              22.516236133535298
            ],
            [
              77.77772279885876,
              22.516201000043832
            ],
            [
              77.77700923023473,
              22.516235976931593
            ],
            [
              77.77630252597318,
              22.51634072735204
            ],
            [
              77.77560949202248,
              22.516514242501355
            ],
            [
              77.77493680267841,
              22.5167548513338
            ],
            [
              77.7742909363071,
              22.517060236654785
            ],
            [
              77.77367811295476,
              22.517427457436735
            ],
            [
              77.77310423444527,
              22.51785297714277
            ],
            [
              77.7725748275424,
              22.518332697785507
            ],
            [
              77.77209499072403,
              22.51886199939292
            ],
            [
              77.77166934508102,
              22.519435784501184
            ],
            [
              77.77130198981361,
              22.52004852724604
            ],
            [
              77.77099646275383,
              22.520694326579896
            ],
            [
              77.77075570629427,
              22.52136696310214
            ],
            [
              77.77058203905126,
              22.52205995895536
            ],
            [
              77.7704771335353,
              22.52276664021066
            ],
            [
              77.77044200004383,
              22.52348020114124
            ],
            [
              77.77047697693159,
              22.524193769765265
            ],
            [
              77.77058172735204,
              22.524900474026815
            ],
            [
              77.77075524250135,
              22.52559350797752
            ],
            [
              77.77081461243957,
              22.525759493259073
            ]
          ]
        ]
      }
    },
    {
      "type": "Feature",
      "properties": {
        "depth_band": "1.0 - 2.0",
        "min_depth": 1.0,
        "max_depth": 2.0,
        "max_depth_m": 8.7,
        "avg_depth_m": 4.3,
        "hazard_level": "Moderate",
        "zone": "reservoir",
        "timestep_min": 0
      },
      "geometry": {
        "type": "Polygon",
        "coordinates": [
          [
            [
              77.77363799863924,
              22.52575949787959
            ],
            [
              77.77359439667595,
              22.525832259580245
            ],
            [
              77.7733980800327,
              22.526247436927548
            ],
            [
              77.77324340122694,
              22.526679856771196
            ],
            [
              77.77313184976148,
              22.52712535505928
            ],
            [
              77.77306449983793,
              22.52757964179905
            ],
            [
              77.77304200001252,
              22.52803834236804
            ],
            [
              77.7730645669507,
              22.52849703964014
            ],
            [
              77.77313198334072,
              22.528951316521006
            ],
            [
              77.77324359998634,
              22.529396798483102
            ],
            [
              77.77339834205829,
              22.52982919569089
            ],
            [
              77.7735947194445,
              22.530244344310443
            ],
            [
              77.77383084109943,
              22.5306382466057
            ],
            [
              77.77410443325407,
              22.531007109435286
            ],
            [
              77.77441286131165,
              22.53134738077912
            ],
            [
              77.7747531552178,
              22.531655783943126
            ],
            [
              77.77512203806117,
              22.53192934911267
            ],
            [
              77.775515957629,
              22.532165441950813
            ],
            [
              77.77593112061354,
              22.53236178896607
            ],
            [
              77.77636352914041,
              22.53251649940534
            ],
            [
              77.7768090192667,
              22.53262808346118
            ],
            [
              77.77726330107822,
              22.532695466618147
            ],
            [
              77.777722,
              22.532718
            ],
            [
              77.782278,
              22.532718
            ],
            [
              77.78273669892178,
              22.532695466618147
            ],
            [
              77.78319098073331,
              22.53262808346118
            ],
            [
              77.78363647085959,
              22.53251649940534
            ],
            [
              77.78406887938647,
              22.53236178896607
            ],
            [
              77.784484042371,
              22.532165441950813
            ],
            [
              77.78455649695903,
              22.532122016818583
            ],
            [
              77.78462886327165,
              22.532165391517147
            ],
            [
              77.78504404153652,
              22.53236175621215
            ],
            [
              77.78547646771044,
              22.532516480771225
            ],
            [
              77.78592197729296,
              22.532628075112285
            ],
            [
              77.78637627978325,
              22.532695464520824
            ],
            [
              77.786835,
              22.532718
            ],
            [
              77.78729372021674,
              22.532695464520824
            ],
            [
              77.78774802270704,
              22.532628075112285
            ],
            [
              77.78819353228954,
              22.532516480771225
            ],
            [
              77.78862595846346,
              22.532361756212154
            ],
            [
              77.78904113672834,
              22.53216539151715
            ],
            [
              77.78943506869052,
              22.531929277785576
            ],
            [
              77.78980396056988,
              22.531655688921738
            ],
            [
              77.79014425973595,
              22.531347259735952
            ],
            [
              77.79045268892173,
              22.531006960569886
            ],
            [
              77.79072627778557,
              22.530638068690532
            ],
            [
              77.79096239151714,
              22.530244136728346
            ],
            [
              77.79115875621216,
              22.52982895846347
            ],
            [
              77.79131348077122,
              22.52939653228955
            ],
            [
              77.79142507511229,
              22.528951022707034
            ],
            [
              77.79149246452083,
              22.52849672021674
            ],
            [
              77.79151499999999,
              22.528038
            ],
            [
              77.79151499999999,
              22.525419519471917
            ],
            [
              77.79333051947191,
              22.523604
            ],
            [
              77.8031244805281,
              22.523604
            ],
            [
              77.80631074026404,
              22.52679025973595
            ],
            [
              77.80949700000001,
              22.529976519471923
            ],
            [
              77.80949700000001,
              22.544327480528082
            ],
            [
              77.80631074026404,
              22.547513740264048
            ],
            [
              77.80175374026405,
              22.55207074026405
            ],
            [
              77.79719674026404,
              22.556627740264048
            ],
            [
              77.79263974026404,
              22.561184740264043
            ],
            [
              77.78808274026404,
              22.565741740264052
            ],
            [
              77.78352574026404,
              22.570298740264043
            ],
            [
              77.77896874026405,
              22.57485574026405
            ],
            [
              77.77441237714783,
              22.579413103420116
            ],
            [
              77.7741040260252,
              22.57975338680227
            ],
            [
              77.77383050824191,
              22.580122251570472
            ],
            [
              77.77359445718832,
              22.580516146347144
            ],
            [
              77.77339814553042,
              22.580931278769345
            ],
            [
              77.77324346332895,
              22.581363652001105
            ],
            [
              77.77313189984218,
              22.581809103214383
            ],
            [
              77.7730645291875,
              22.582263343668195
            ],
            [
              77.773042,
              22.582722
            ],
            [
              77.773042,
              22.587278
            ],
            [
              77.77306453547916,
              22.587736720216743
            ],
            [
              77.7731319248877,
              22.588191022707036
            ],
            [
              77.77324351922877,
              22.588636532289552
            ],
            [
              77.77339824378784,
              22.58906895846347
            ],
            [
              77.77359460848285,
              22.58948413672835
            ],
            [
              77.77383072221443,
              22.589878068690535
            ],
            [
              77.77410431107826,
              22.590246960569885
            ],
            [
              77.77441274026404,
              22.590587259735955
            ],
            [
              77.77475303943011,
              22.590895688921737
            ],
            [
              77.77512193130947,
              22.59116927778558
            ],
            [
              77.77551586327165,
              22.591405391517153
            ],
            [
              77.77593104153652,
              22.591601756212153
            ],
            [
              77.77636346771044,
              22.591756480771227
            ],
            [
              77.77680897729296,
              22.591868075112288
            ],
            [
              77.77726327978326,
              22.591935464520827
            ],
            [
              77.777722,
              22.591958
            ],
            [
              77.77818072021674,
              22.591935464520827
            ],
            [
              77.77863502270704,
              22.591868075112288
            ],
            [
              77.77908053228956,
              22.591756480771227
            ],
            [
              77.77951295846347,
              22.591601756212153
            ],
            [
              77.77992813672834,
              22.591405391517153
            ],
            [
              77.78032206869052,
              22.59116927778558
            ],
            [
              77.78069096056988,
              22.590895688921737
            ],
            [
              77.78103125973595,
              22.590587259735955
            ],
            [
              77.78133968892173,
              22.590246960569885
            ],
            [
              77.78161327778557,
              22.589878068690535
            ],
            [
              77.78184939151714,
              22.58948413672835
            ],
            [
              77.78204575621216,
              22.58906895846347
            ],
            [
              77.78220048077122,
              22.588636532289552
            ],
            [
              77.78231207511229,
              22.588191022707036
            ],
            [
              77.78237946452083,
              22.587736720216743
            ],
            [
              77.78240199999999,
              22.587278
            ],
            [
              77.78240199999999,
              22.584660218646913
            ],
            [
              77.78558744129198,
              22.58147407817993
            ],
            [
              77.79014425973595,
              22.57691725973595
            ],
            [
              77.79470125973596,
              22.57236025973596
            ],
            [
              77.79925825973595,
              22.56780325973595
            ],
            [
              77.80381525973596,
              22.56324625973596
            ],
            [
              77.80837225973596,
              22.558689259735953
            ],
            [
              77.81292925973595,
              22.55413225973595
            ],
            [
              77.81748625973596,
              22.549575259735953
            ],
            [
              77.81779468892174,
              22.549234960569883
            ],
            [
              77.81806827778557,
              22.54886606869053
            ],
            [
              77.81830439151715,
              22.548472136728343
            ],
            [
              77.81850075621216,
              22.548056958463466
            ],
            [
              77.81865548077123,
              22.54762453228955
            ],
            [
              77.81876707511229,
              22.547179022707034
            ],
            [
              77.81883446452083,
              22.54672472021674
            ],
            [
              77.818857,
              22.546266
            ],
            [
              77.818857,
              22.528038
            ],
            [
              77.81883446452083,
              22.527579279783257
            ],
            [
              77.81876707511229,
              22.527124977292964
            ],
            [
              77.81865548077123,
              22.526679467710448
            ],
            [
              77.81850075621216,
              22.52624704153653
            ],
            [
              77.81830439151715,
              22.52583186327165
            ],
            [
              77.81806827778557,
              22.525437931309465
            ],
            [
              77.81779468892174,
              22.525069039430115
            ],
            [
              77.81748625973596,
              22.52472874026404
            ],
            [
              77.81292925973595,
              22.520171740264043
            ],
            [
              77.80837225973596,
              22.51561474026405
            ],
            [
              77.80803196056989,
              22.515306311078263
            ],
            [
              77.80766306869054,
              22.515032722214425
            ],
            [
              77.80726913672835,
              22.51479660848285
            ],
            [
              77.80685395846348,
              22.514600243787847
            ],
            [
              77.80642153228956,
              22.514445519228772
            ],
            [
              77.80597602270704,
              22.514333924887712
            ],
            [
              77.80552172021675,
              22.514266535479173
            ],
            [
              77.805063,
              22.514243999999998
            ],
            [
              77.791392,
              22.514243999999998
            ],
            [
              77.79093327978326,
              22.514266535479173
            ],
            [
              77.79047897729296,
              22.514333924887712
            ],
            [
              77.79003346771044,
              22.514445519228772
            ],
            [
              77.78960104153653,
              22.514600243787847
            ],
            [
              77.78918586327165,
              22.51479660848285
            ],
            [
              77.78879193130948,
              22.515032722214425
            ],
            [
              77.78842303943011,
              22.515306311078263
            ],
            [
              77.78808274026404,
              22.515614740264045
            ],
            [
              77.78438891228409,
              22.519308568243996
            ],
            [
              77.78406883984775,
              22.51915719465751
            ],
            [
              77.78363637871418,
              22.519002472645067
            ],
            [
              77.78319083382466,
              22.518890887320712
            ],
            [
              77.78273649661908,
              22.518823513462145
            ],
            [
              77.78227774322397,
              22.518801000007045
            ],
            [
              77.7818189923021,
              22.518823563802556
            ],
            [
              77.78136466249244,
              22.518890987516656
            ],
            [
              77.78091912985023,
              22.51900262173147
            ],
            [
              77.78048668569743,
              22.519157391198387
            ],
            [
              77.78007149528904,
              22.51935380519475
            ],
            [
              77.78000000320556,
              22.519396664898295
            ],
            [
              77.77992858962754,
              22.519353850594467
            ],
            [
              77.77951343291292,
              22.519157440341743
            ],
            [
              77.77908102372005,
              22.519002668332032
            ],
            [
              77.77863552638584,
              22.518891025104384
            ],
            [
              77.77818123129315,
              22.51882358584412
            ],
            [
              77.77772251355206,
              22.518801000028176
            ],
            [
              77.77726379086518,
              22.518823485170312
            ],
            [
              77.77680948098276,
              22.518890824726313
            ],
            [
              77.77636395915731,
              22.519002370179443
            ],
            [
              77.77593151600755,
              22.519157047286015
            ],
            [
              77.77551631619741,
              22.519353366420933
            ],
            [
              77.77512235832805,
              22.519589436923614
            ],
            [
              77.7747534364291,
              22.519862985306066
            ],
            [
              77.77441310342012,
              22.520171377147825
            ],
            [
              77.77410463689402,
              22.52051164246688
            ],
            [
              77.77383100755209,
              22.52088050432219
            ],
            [
              77.77359485059446,
              22.521274410372456
            ],
            [
              77.77339844034174,
              22.521689567087076
            ],
            [
              77.77324366833203,
              22.522121976279948
            ],
            [
              77.77313202510439,
              22.52256747361416
            ],
            [
              77.77306458584411,
              22.523021768706855
            ],
            [
              77.77304200002817,
              22.52348048644794
            ],
            [
              77.77306448517031,
              22.523939209134813
            ],
            [
              77.7731318247263,
              22.524393519017238
            ],
            [
              77.77324337017944,
              22.52483904084269
            ],
            [
              77.77339804728601,
              22.525271483992448
            ],
            [
              77.77359436642094,
              22.52568668380258
            ],
            [
              77.77363799863924,
              22.52575949787959
            ]
          ]
        ]
      }
    },
    {
      "type": "Feature",
      "properties": {
        "depth_band": "2.0 - 3.0",
        "min_depth": 2.0,
        "max_depth": 3.0,
        "max_depth_m": 8.7,
        "avg_depth_m": 4.3,
        "hazard_level": "Moderate",
        "zone": "reservoir",
        "timestep_min": 0
      },
      "geometry": {
        "type": "Polygon",
        "coordinates": [
          [
            [
              77.77632344815603,
              22.5257595
            ],
            [
              77.77588332063767,
              22.526199724122286
            ],
            [
              77.77571199937724,
              22.52638878882598
            ],
            [
              77.77556003372003,
              22.526593734856654
            ],
            [
              77.7754288870422,
              22.526812588655694
            ],
            [
              77.77531982224039,
              22.52704324273753
            ],
            [
              77.77523388957052,
              22.527283475984
            ],
            [
              77.77517191653415,
              22.527530975032935
            ],
            [
              77.77513449990997,
              22.52778335655503
            ],
            [
              77.77512200000696,
              22.52803819020447
            ],
            [
              77.77513453719483,
              22.528293022022304
            ],
            [
              77.77517199074484,
              22.528545398067227
            ],
            [
              77.77523399999241,
              22.52879288804617
            ],
            [
              77.77531996781016,
              22.52903310871716
            ],
            [
              77.77542906635806,
              22.529263746839135
            ],
            [
              77.77556024505523,
              22.529482581447613
            ],
            [
              77.7757122406967,
              22.529687505241828
            ],
            [
              77.77588358961758,
              22.52987654487729
            ],
            [
              77.77607264178766,
              22.530047879968404
            ],
            [
              77.77627757670065,
              22.53019986061815
            ],
            [
              77.77649642090499,
              22.530331023306008
            ],
            [
              77.77672706700751,
              22.53044010498115
            ],
            [
              77.77696729396689,
              22.530526055225188
            ],
            [
              77.7772147884815,
              22.53058804636732
            ],
            [
              77.77746716726568,
              22.530625481454525
            ],
            [
              77.777722,
              22.530638
            ],
            [
              77.782278,
              22.530638
            ],
            [
              77.78253283273432,
              22.530625481454525
            ],
            [
              77.7827852115185,
              22.53058804636732
            ],
            [
              77.78303270603311,
              22.530526055225188
            ],
            [
              77.78327293299249,
              22.53044010498115
            ],
            [
              77.78350357909501,
              22.530331023306008
            ],
            [
              77.78372242329935,
              22.53019986061815
            ],
            [
              77.78392735821234,
              22.530047879968404
            ],
            [
              77.78411641038242,
              22.52987654487729
            ],
            [
              77.7842877593033,
              22.529687505241828
            ],
            [
              77.78443975494477,
              22.529482581447613
            ],
            [
              77.78450079615897,
              22.529380751421126
            ],
            [
              77.78499652236891,
              22.52987647763108
            ],
            [
              77.78518557746118,
              22.53004782717874
            ],
            [
              77.78539051739415,
              22.530199820991985
            ],
            [
              77.78560936848424,
              22.530330995287304
            ],
            [
              77.78584002307585,
              22.530440086784527
            ],
            [
              77.78608025983914,
              22.530526044872904
            ],
            [
              77.78632776516275,
              22.530588041729047
            ],
            [
              77.78658015543515,
              22.530625480289345
            ],
            [
              77.786835,
              22.530638
            ],
            [
              77.78708984456485,
              22.530625480289345
            ],
            [
              77.78734223483724,
              22.530588041729047
            ],
            [
              77.78758974016085,
              22.530526044872904
            ],
            [
              77.78782997692414,
              22.530440086784527
            ],
            [
              77.78806063151575,
              22.530330995287304
            ],
            [
              77.78827948260584,
              22.530199820991985
            ],
            [
              77.78848442253882,
              22.53004782717874
            ],
            [
              77.78867347763108,
              22.529876477631085
            ],
            [
              77.78884482717874,
              22.529687422538824
            ],
            [
              77.78899682099198,
              22.52948248260585
            ],
            [
              77.7891279952873,
              22.529263631515747
            ],
            [
              77.78923708678452,
              22.52903297692415
            ],
            [
              77.7893230448729,
              22.52879274016086
            ],
            [
              77.78938504172905,
              22.528545234837242
            ],
            [
              77.78942248028935,
              22.528292844564856
            ],
            [
              77.789435,
              22.528038
            ],
            [
              77.789435,
              22.524557955262168
            ],
            [
              77.79246895526217,
              22.521524
            ],
            [
              77.80398604473784,
              22.521524
            ],
            [
              77.80778152236891,
              22.525319477631083
            ],
            [
              77.811577,
              22.529114955262166
            ],
            [
              77.811577,
              22.545189044737832
            ],
            [
              77.80778152236891,
              22.548984522368915
            ],
            [
              77.80322452236892,
              22.553541522368917
            ],
            [
              77.79866752236892,
              22.558098522368915
            ],
            [
              77.79411052236891,
              22.562655522368914
            ],
            [
              77.78955352236892,
              22.56721252236892
            ],
            [
              77.78499652236891,
              22.571769522368914
            ],
            [
              77.78043952236892,
              22.576326522368916
            ],
            [
              77.77588332063767,
              22.580883724122288
            ],
            [
              77.77571201445845,
              22.581072770445708
            ],
            [
              77.7755600601344,
              22.58127769531693
            ],
            [
              77.77542892066018,
              22.581496525748417
            ],
            [
              77.77531985862801,
              22.58172715487186
            ],
            [
              77.77523392407164,
              22.581967362222837
            ],
            [
              77.77517194435677,
              22.582214835119103
            ],
            [
              77.77513451621527,
              22.582467190926778
            ],
            [
              77.775122,
              22.582722
            ],
            [
              77.775122,
              22.587278
            ],
            [
              77.77513451971065,
              22.58753284456486
            ],
            [
              77.77517195827095,
              22.587785234837245
            ],
            [
              77.77523395512709,
              22.588032740160862
            ],
            [
              77.77531991321547,
              22.588272976924152
            ],
            [
              77.77542900471269,
              22.58850363151575
            ],
            [
              77.77556017900801,
              22.588722482605853
            ],
            [
              77.77571217282126,
              22.588927422538827
            ],
            [
              77.77588352236891,
              22.589116477631087
            ],
            [
              77.77607257746118,
              22.589287827178744
            ],
            [
              77.77627751739415,
              22.589439820991988
            ],
            [
              77.77649636848425,
              22.589570995287307
            ],
            [
              77.77672702307585,
              22.58968008678453
            ],
            [
              77.77696725983914,
              22.589766044872906
            ],
            [
              77.77721476516275,
              22.58982804172905
            ],
            [
              77.77746715543515,
              22.589865480289347
            ],
            [
              77.777722,
              22.589878000000002
            ],
            [
              77.77797684456485,
              22.589865480289347
            ],
            [
              77.77822923483724,
              22.58982804172905
            ],
            [
              77.77847674016085,
              22.589766044872906
            ],
            [
              77.77871697692414,
              22.58968008678453
            ],
            [
              77.77894763151575,
              22.589570995287307
            ],
            [
              77.77916648260585,
              22.589439820991988
            ],
            [
              77.77937142253882,
              22.589287827178744
            ],
            [
              77.77956047763108,
              22.589116477631087
            ],
            [
              77.77973182717874,
              22.588927422538827
            ],
            [
              77.77988382099198,
              22.588722482605853
            ],
            [
              77.7800149952873,
              22.58850363151575
            ],
            [
              77.78012408678453,
              22.588272976924152
            ],
            [
              77.7802100448729,
              22.588032740160862
            ],
            [
              77.78027204172905,
              22.587785234837245
            ],
            [
              77.78030948028935,
              22.58753284456486
            ],
            [
              77.780322,
              22.587278
            ],
            [
              77.780322,
              22.583798788137173
            ],
            [
              77.78411657853871,
              22.580003376723454
            ],
            [
              77.78867347763108,
              22.575446477631083
            ],
            [
              77.79323047763108,
              22.570889477631088
            ],
            [
              77.79778747763108,
              22.566332477631082
            ],
            [
              77.80234447763108,
              22.561775477631087
            ],
            [
              77.80690147763109,
              22.557218477631086
            ],
            [
              77.81145847763108,
              22.552661477631084
            ],
            [
              77.81601547763108,
              22.548104477631085
            ],
            [
              77.81618682717874,
              22.547915422538825
            ],
            [
              77.81633882099199,
              22.54771048260585
            ],
            [
              77.8164699952873,
              22.547491631515747
            ],
            [
              77.81657908678453,
              22.54726097692415
            ],
            [
              77.8166650448729,
              22.54702074016086
            ],
            [
              77.81672704172905,
              22.546773234837243
            ],
            [
              77.81676448028935,
              22.546520844564856
            ],
            [
              77.816777,
              22.546266
            ],
            [
              77.816777,
              22.528038
            ],
            [
              77.81676448028935,
              22.52778315543514
            ],
            [
              77.81672704172905,
              22.527530765162755
            ],
            [
              77.8166650448729,
              22.527283259839137
            ],
            [
              77.81657908678453,
              22.527043023075848
            ],
            [
              77.8164699952873,
              22.52681236848425
            ],
            [
              77.81633882099199,
              22.526593517394147
            ],
            [
              77.81618682717874,
              22.526388577461173
            ],
            [
              77.81601547763108,
              22.526199522368913
            ],
            [
              77.81145847763108,
              22.521642522368914
            ],
            [
              77.80690147763109,
              22.517085522368916
            ],
            [
              77.80671242253882,
              22.516914172821256
            ],
            [
              77.80650748260585,
              22.516762179008012
            ],
            [
              77.80628863151576,
              22.516631004712693
            ],
            [
              77.80605797692415,
              22.51652191321547
            ],
            [
              77.80581774016086,
              22.516435955127093
            ],
            [
              77.80557023483725,
              22.51637395827095
            ],
            [
              77.80531784456485,
              22.516336519710652
            ],
            [
              77.805063,
              22.516323999999997
            ],
            [
              77.791392,
              22.516323999999997
            ],
            [
              77.79113715543515,
              22.516336519710652
            ],
            [
              77.79088476516276,
              22.51637395827095
            ],
            [
              77.79063725983914,
              22.516435955127093
            ],
            [
              77.79039702307585,
              22.516521913215467
            ],
            [
              77.79016636848425,
              22.516631004712693
            ],
            [
              77.78994751739415,
              22.516762179008012
            ],
            [
              77.78974257746118,
              22.516914172821252
            ],
            [
              77.78955352236892,
              22.517085522368912
            ],
            [
              77.78499652236891,
              22.521642522368914
            ],
            [
              77.78482517282126,
              22.521831577461175
            ],
            [
              77.78467317900801,
              22.52203651739415
            ],
            [
              77.78461220374189,
              22.522138248479713
            ],
            [
              77.78411647763109,
              22.521642522368918
            ],
            [
              77.78392740875472,
              22.521471161509012
            ],
            [
              77.78372245295274,
              22.52131915919473
            ],
            [
              77.78350358433711,
              22.521187979495807
            ],
            [
              77.78327291102653,
              22.521078885920836
            ],
            [
              77.78303265484121,
              22.520992929247257
            ],
            [
              77.78278512990259,
              22.520930937400394
            ],
            [
              77.78253272034394,
              22.52089350747897
            ],
            [
              77.78227785734666,
              22.520881000003914
            ],
            [
              77.7820229957234,
              22.520893535445865
            ],
            [
              77.78177059027357,
              22.52093099306481
            ],
            [
              77.78152307213901,
              22.52099301207304
            ],
            [
              77.78128282538746,
              22.521078995110216
            ],
            [
              77.78105216404947,
              22.521188113997084
            ],
            [
              77.78083330982994,
              22.5213193177124
            ],
            [
              77.78062837070891,
              22.521471342516257
            ],
            [
              77.78043932063768,
              22.521642724122287
            ],
            [
              77.78,
              22.522082141186797
            ],
            [
              77.77956067936232,
              22.521642724122287
            ],
            [
              77.77937164307396,
              22.521471353830012
            ],
            [
              77.779166719821,
              22.52131933752894
            ],
            [
              77.7789478831264,
              22.52118813921915
            ],
            [
              77.77871724050718,
              22.52107902241208
            ],
            [
              77.7784770131778,
              22.52099303796224
            ],
            [
              77.7782295146588,
              22.520931013946882
            ],
            [
              77.77797712849619,
              22.520893547691177
            ],
            [
              77.7777222853067,
              22.520881000015653
            ],
            [
              77.77746743936954,
              22.520893491761285
            ],
            [
              77.77721504499043,
              22.52093090262573
            ],
            [
              77.77696753286517,
              22.520992872321912
            ],
            [
              77.77672728667086,
              22.521078804047786
            ],
            [
              77.77649662010967,
              22.521187870233852
            ],
            [
              77.77627775462669,
              22.52131902051312
            ],
            [
              77.77607279801616,
              22.521470991836704
            ],
            [
              77.77588372412228,
              22.52164232063768
            ],
            [
              77.77571235383,
              22.521831356926043
            ],
            [
              77.77556033752893,
              22.522036280178995
            ],
            [
              77.77542913921914,
              22.522255116873588
            ],
            [
              77.77532002241207,
              22.52248575949282
            ],
            [
              77.77523403796224,
              22.522725986822195
            ],
            [
              77.77517201394687,
              22.5229734853412
            ],
            [
              77.77513454769118,
              22.523225871503808
            ],
            [
              77.77512200001566,
              22.5234807146933
            ],
            [
              77.77513449176128,
              22.523735560630453
            ],
            [
              77.77517190262573,
              22.523987955009577
            ],
            [
              77.7752338723219,
              22.52423546713483
            ],
            [
              77.77531980404778,
              22.52447571332914
            ],
            [
              77.77542887023385,
              22.524706379890322
            ],
            [
              77.77556002051311,
              22.524925245373304
            ],
            [
              77.7757119918367,
              22.525130201983835
            ],
            [
              77.77588332063767,
              22.525319275877713
            ],
            [
              77.77632344815603,
              22.5257595
            ]
          ]
        ]
      }
    },
    {
      "type": "Feature",
      "properties": {
        "depth_band": "0.1 - 0.5",
        "min_depth": 0.1,
        "max_depth": 0.5,
        "max_depth_m": 8.7,
        "avg_depth_m": 4.3,
        "hazard_level": "Moderate",
        "zone": "reservoir",
        "timestep_min": 30
      },
      "geometry": {
        "type": "Polygon",
        "coordinates": [
          [
            [
              77.7675843694637,
              22.525759484552143
            ],
            [
              77.76752166613662,
              22.52600990013174
            ],
            [
              77.76737199963985,
              22.527019426220118
            ],
            [
              77.76732200002783,
              22.528038760817868
            ],
            [
              77.76737214877932,
              22.529058088089204
            ],
            [
              77.76752196297937,
              22.530067592268907
            ],
            [
              77.76776999996964,
              22.531057552184674
            ],
            [
              77.76811387124064,
              22.532018434868647
            ],
            [
              77.76855026543222,
              22.53294098735654
            ],
            [
              77.76907498022094,
              22.53381632579045
            ],
            [
              77.76968296278682,
              22.53463602096731
            ],
            [
              77.77036835847031,
              22.535392179509156
            ],
            [
              77.77112456715065,
              22.53607751987362
            ],
            [
              77.77194430680262,
              22.536685442472603
            ],
            [
              77.77281968362,
              22.537210093224033
            ],
            [
              77.77374226803008,
              22.537646419924606
            ],
            [
              77.77470317586759,
              22.53799022090076
            ],
            [
              77.77569315392599,
              22.53823818546929
            ],
            [
              77.77670266906273,
              22.538387925818107
            ],
            [
              77.777722,
              22.538438
            ],
            [
              77.782278,
              22.538438
            ],
            [
              77.78329733093727,
              22.538387925818107
            ],
            [
              77.78430684607402,
              22.53823818546929
            ],
            [
              77.78455649645015,
              22.538175654338144
            ],
            [
              77.78480606065102,
              22.53823816691619
            ],
            [
              77.78581562174057,
              22.53838792115739
            ],
            [
              77.786835,
              22.538438
            ],
            [
              77.78785437825942,
              22.53838792115739
            ],
            [
              77.78886393934896,
              22.538238166916194
            ],
            [
              77.78985396064344,
              22.537990179491615
            ],
            [
              77.79081490769659,
              22.537646347138118
            ],
            [
              77.79173752606299,
              22.537209981149225
            ],
            [
              77.7926129304234,
              22.536685283967948
            ],
            [
              77.7934326901553,
              22.536077308714972
            ],
            [
              77.79418891052434,
              22.53539191052434
            ],
            [
              77.79487430871497,
              22.5346356901553
            ],
            [
              77.79548228396794,
              22.533815930423405
            ],
            [
              77.79600698114922,
              22.53294052606299
            ],
            [
              77.79644334713811,
              22.5320179076966
            ],
            [
              77.79678717949162,
              22.531056960643447
            ],
            [
              77.79703516691619,
              22.530066939348966
            ],
            [
              77.7971453715582,
              22.529324
            ],
            [
              77.80075517895132,
              22.529324
            ],
            [
              77.80226608947565,
              22.53083491052433
            ],
            [
              77.803777,
              22.532345821048672
            ],
            [
              77.803777,
              22.54195817895131
            ],
            [
              77.80226608947565,
              22.543469089475657
            ],
            [
              77.79770908947566,
              22.548026089475666
            ],
            [
              77.79315208947565,
              22.552583089475657
            ],
            [
              77.78859508947566,
              22.557140089475656
            ],
            [
              77.78403808947566,
              22.561697089475665
            ],
            [
              77.77948108947567,
              22.566254089475656
            ],
            [
              77.77492408947566,
              22.570811089475665
            ],
            [
              77.77036728255072,
              22.57536889648915
            ],
            [
              77.76968205783379,
              22.57612508178283
            ],
            [
              77.7690742405376,
              22.57694478126772
            ],
            [
              77.76854968264072,
              22.577820102993655
            ],
            [
              77.76811343451205,
              22.57874261948744
            ],
            [
              77.76776969628656,
              22.579703448891348
            ],
            [
              77.76752177742706,
              22.580693340476408
            ],
            [
              77.7673720648611,
              22.581702763707106
            ],
            [
              77.767322,
              22.582722
            ],
            [
              77.767322,
              22.587278
            ],
            [
              77.76737207884261,
              22.58829737825943
            ],
            [
              77.7675218330838,
              22.58930693934897
            ],
            [
              77.76776982050838,
              22.590296960643446
            ],
            [
              77.76811365286189,
              22.591257907696598
            ],
            [
              77.76855001885077,
              22.592180526062993
            ],
            [
              77.76907471603205,
              22.593055930423404
            ],
            [
              77.76968269128503,
              22.593875690155304
            ],
            [
              77.77036808947565,
              22.594631910524342
            ],
            [
              77.7711243098447,
              22.595317308714975
            ],
            [
              77.77194406957659,
              22.595925283967947
            ],
            [
              77.772819473937,
              22.596449981149224
            ],
            [
              77.7737420923034,
              22.596886347138117
            ],
            [
              77.77470303935655,
              22.597230179491618
            ],
            [
              77.77569306065102,
              22.597478166916193
            ],
            [
              77.77670262174057,
              22.597627921157393
            ],
            [
              77.777722,
              22.597678000000002
            ],
            [
              77.77874137825943,
              22.597627921157393
            ],
            [
              77.77975093934897,
              22.597478166916193
            ],
            [
              77.78074096064344,
              22.597230179491618
            ],
            [
              77.7817019076966,
              22.596886347138117
            ],
            [
              77.78262452606299,
              22.596449981149224
            ],
            [
              77.7834999304234,
              22.595925283967947
            ],
            [
              77.7843196901553,
              22.595317308714975
            ],
            [
              77.78507591052434,
              22.594631910524342
            ],
            [
              77.78576130871497,
              22.593875690155304
            ],
            [
              77.78636928396794,
              22.593055930423404
            ],
            [
              77.78689398114922,
              22.592180526062993
            ],
            [
              77.78733034713811,
              22.591257907696598
            ],
            [
              77.78767417949162,
              22.590296960643446
            ],
            [
              77.78792216691619,
              22.58930693934897
            ],
            [
              77.78807192115738,
              22.58829737825943
            ],
            [
              77.788122,
              22.587278
            ],
            [
              77.788122,
              22.58702915254868
            ],
            [
              77.78963231400915,
              22.585518507039527
            ],
            [
              77.79418891052434,
              22.580961910524334
            ],
            [
              77.79874591052433,
              22.576404910524346
            ],
            [
              77.80330291052434,
              22.571847910524337
            ],
            [
              77.80785991052433,
              22.567290910524346
            ],
            [
              77.81241691052435,
              22.562733910524344
            ],
            [
              77.81697391052434,
              22.558176910524335
            ],
            [
              77.82153091052434,
              22.553619910524343
            ],
            [
              77.82221630871497,
              22.552863690155302
            ],
            [
              77.82282428396795,
              22.5520439304234
            ],
            [
              77.82334898114922,
              22.55116852606299
            ],
            [
              77.82378534713811,
              22.550245907696596
            ],
            [
              77.82412917949162,
              22.549284960643444
            ],
            [
              77.8243771669162,
              22.548294939348967
            ],
            [
              77.82452692115739,
              22.547285378259428
            ],
            [
              77.824577,
              22.546266
            ],
            [
              77.824577,
              22.528038
            ],
            [
              77.82452692115739,
              22.52701862174057
            ],
            [
              77.8243771669162,
              22.526009060651027
            ],
            [
              77.82412917949162,
              22.52501903935655
            ],
            [
              77.82378534713811,
              22.5240580923034
            ],
            [
              77.82334898114922,
              22.523135473937003
            ],
            [
              77.82282428396795,
              22.52226006957659
            ],
            [
              77.82221630871497,
              22.52144030984469
            ],
            [
              77.82153091052433,
              22.520684089475655
            ],
            [
              77.81697391052434,
              22.516127089475663
            ],
            [
              77.81241691052435,
              22.51157008947567
            ],
            [
              77.8116606901553,
              22.510884691285032
            ],
            [
              77.81084093042341,
              22.510276716032056
            ],
            [
              77.809965526063,
              22.50975201885078
            ],
            [
              77.80904290769661,
              22.509315652861883
            ],
            [
              77.80808196064345,
              22.508971820508386
            ],
            [
              77.80709193934898,
              22.508723833083806
            ],
            [
              77.80608237825943,
              22.508574078842607
            ],
            [
              77.805063,
              22.508523999999998
            ],
            [
              77.791392,
              22.508523999999998
            ],
            [
              77.79037262174057,
              22.508574078842607
            ],
            [
              77.78936306065103,
              22.508723833083806
            ],
            [
              77.78837303935656,
              22.508971820508382
            ],
            [
              77.7874120923034,
              22.509315652861883
            ],
            [
              77.78648947393701,
              22.509752018850776
            ],
            [
              77.7856140695766,
              22.510276716032052
            ],
            [
              77.7847943098447,
              22.510884691285025
            ],
            [
              77.78403808947566,
              22.511570089475654
            ],
            [
              77.78251549575977,
              22.513092683191537
            ],
            [
              77.78227742938661,
              22.513081000015653
            ],
            [
              77.78125798289356,
              22.513131141783457
            ],
            [
              77.78024836109428,
              22.513280972259235
            ],
            [
              77.78000002334704,
              22.51334319663248
            ],
            [
              77.7797520586352,
              22.513281055787523
            ],
            [
              77.77874251398477,
              22.51313119076471
            ],
            [
              77.7777231412268,
              22.513081000062616
            ],
            [
              77.77670375747819,
              22.513130967045136
            ],
            [
              77.77569417996169,
              22.513280610502914
            ],
            [
              77.77470413146068,
              22.51352848928765
            ],
            [
              77.77374314668344,
              22.513872216191142
            ],
            [
              77.77282048043871,
              22.51430848093541
            ],
            [
              77.77194501850678,
              22.514833082052476
            ],
            [
              77.77112519206466,
              22.515440967346812
            ],
            [
              77.77036889648915,
              22.516126282550726
            ],
            [
              77.76968341532005,
              22.516882427704175
            ],
            [
              77.76907535011576,
              22.517702120715978
            ],
            [
              77.76855055687659,
              22.518577467494342
            ],
            [
              77.76811408964832,
              22.51950003797128
            ],
            [
              77.76777015184895,
              22.520460947288772
            ],
            [
              77.76752205578752,
              22.5214509413648
            ],
            [
              77.7673721907647,
              22.522460486015227
            ],
            [
              77.7673220000626,
              22.5234798587732
            ],
            [
              77.76737196704514,
              22.52449924252181
            ],
            [
              77.76752161050291,
              22.525508820038304
            ],
            [
              77.7675843694637,
              22.525759484552143
            ]
          ]
        ]
      }
    },
    {
      "type": "Feature",
      "properties": {
        "depth_band": "0.5 - 1.0",
        "min_depth": 0.5,
        "max_depth": 1.0,
        "max_depth_m": 8.7,
        "avg_depth_m": 4.3,
        "hazard_level": "Moderate",
        "zone": "reservoir",
        "timestep_min": 30
      },
      "geometry": {
        "type": "Polygon",
        "coordinates": [
          [
            [
              77.77081461243957,
              22.525759493259073
            ],
            [
              77.77075529079745,
              22.525925332755197
            ],
            [
              77.77058176629563,
              22.52661833009222
            ],
            [
              77.7704769997479,
              22.527324998354082
            ],
            [
              77.77044200001947,
              22.52803853257251
            ],
            [
              77.77047710414551,
              22.528752061662445
            ],
            [
              77.77058197408556,
              22.529458714588234
            ],
            [
              77.77075559997876,
              22.530151686529273
            ],
            [
              77.77099630986845,
              22.530824304408053
            ],
            [
              77.77130178580256,
              22.53147009114958
            ],
            [
              77.77166908615466,
              22.532082828053316
            ],
            [
              77.77209467395078,
              22.532656614677116
            ],
            [
              77.77257445092921,
              22.533185925656408
            ],
            [
              77.77310379700545,
              22.53366566391153
            ],
            [
              77.77367761476184,
              22.53409120973082
            ],
            [
              77.77429037853399,
              22.534458465256822
            ],
            [
              77.77493618762105,
              22.534763893947225
            ],
            [
              77.7756088231073,
              22.535004554630532
            ],
            [
              77.77630180774818,
              22.535178129828502
            ],
            [
              77.77700846834391,
              22.535282948072673
            ],
            [
              77.777722,
              22.535318
            ],
            [
              77.782278,
              22.535318
            ],
            [
              77.7829915316561,
              22.535282948072673
            ],
            [
              77.78369819225182,
              22.535178129828502
            ],
            [
              77.7843911768927,
              22.535004554630532
            ],
            [
              77.78455649689715,
              22.534945405171353
            ],
            [
              77.78472172754958,
              22.535004525644126
            ],
            [
              77.78541474245571,
              22.535178116841333
            ],
            [
              77.78612143521839,
              22.535282944810174
            ],
            [
              77.786835,
              22.535318
            ],
            [
              77.78754856478159,
              22.535282944810174
            ],
            [
              77.78825525754426,
              22.535178116841333
            ],
            [
              77.78894827245041,
              22.53500452564413
            ],
            [
              77.78962093538762,
              22.534763842996682
            ],
            [
              77.79026676824408,
              22.534458386804456
            ],
            [
              77.79087955129637,
              22.534091098777562
            ],
            [
              77.7914533831087,
              22.53366551610048
            ],
            [
              77.79198273736704,
              22.533185737367038
            ],
            [
              77.79246251610047,
              22.532656383108712
            ],
            [
              77.79288809877755,
              22.532082551296384
            ],
            [
              77.79325538680445,
              22.531469768244094
            ],
            [
              77.79356084299668,
              22.530823935387616
            ],
            [
              77.79380152564413,
              22.53015127245041
            ],
            [
              77.79397511684134,
              22.529458257544277
            ],
            [
              77.79407994481016,
              22.528751564781597
            ],
            [
              77.79411499999999,
              22.528038
            ],
            [
              77.79411499999999,
              22.526496474734085
            ],
            [
              77.79440747473407,
              22.526204
            ],
            [
              77.80204752526593,
              22.526204
            ],
            [
              77.80447226263296,
              22.528628737367033
            ],
            [
              77.806897,
              22.53105347473409
            ],
            [
              77.806897,
              22.543250525265915
            ],
            [
              77.80447226263296,
              22.54567526263296
            ],
            [
              77.79991526263296,
              22.550232262632967
            ],
            [
              77.79535826263296,
              22.554789262632962
            ],
            [
              77.79080126263295,
              22.559346262632957
            ],
            [
              77.78624426263296,
              22.56390326263297
            ],
            [
              77.78168726263296,
              22.568460262632957
            ],
            [
              77.77713026263297,
              22.573017262632966
            ],
            [
              77.7725736977855,
              22.577574827542403
            ],
            [
              77.77209404048365,
              22.57810415724798
            ],
            [
              77.77166856837633,
              22.578677946887403
            ],
            [
              77.7713013778485,
              22.57929067209556
            ],
            [
              77.77099600415843,
              22.579936433641205
            ],
            [
              77.7707553874006,
              22.580609014223942
            ],
            [
              77.77058184419894,
              22.581301938333485
            ],
            [
              77.77047704540277,
              22.582008534594973
            ],
            [
              77.770442,
              22.582722
            ],
            [
              77.770442,
              22.587278
            ],
            [
              77.77047705518983,
              22.5879915647816
            ],
            [
              77.77058188315866,
              22.58869825754428
            ],
            [
              77.77075547435587,
              22.589391272450413
            ],
            [
              77.77099615700331,
              22.59006393538762
            ],
            [
              77.77130161319555,
              22.590709768244096
            ],
            [
              77.77166890122244,
              22.591322551296383
            ],
            [
              77.77209448389952,
              22.59189638310871
            ],
            [
              77.77257426263296,
              22.59242573736704
            ],
            [
              77.77310361689129,
              22.592905516100483
            ],
            [
              77.77367744870361,
              22.593331098777565
            ],
            [
              77.7742902317559,
              22.59369838680446
            ],
            [
              77.77493606461238,
              22.594003842996685
            ],
            [
              77.77560872754958,
              22.594244525644132
            ],
            [
              77.77630174245571,
              22.594418116841336
            ],
            [
              77.77700843521839,
              22.594522944810176
            ],
            [
              77.777722,
              22.594558000000003
            ],
            [
              77.7784355647816,
              22.594522944810176
            ],
            [
              77.77914225754428,
              22.594418116841336
            ],
            [
              77.77983527245041,
              22.594244525644132
            ],
            [
              77.78050793538762,
              22.594003842996685
            ],
            [
              77.7811537682441,
              22.59369838680446
            ],
            [
              77.78176655129639,
              22.593331098777565
            ],
            [
              77.7823403831087,
              22.592905516100483
            ],
            [
              77.78286973736704,
              22.59242573736704
            ],
            [
              77.78334951610047,
              22.59189638310871
            ],
            [
              77.78377509877755,
              22.591322551296383
            ],
            [
              77.78414238680445,
              22.590709768244096
            ],
            [
              77.78444784299668,
              22.59006393538762
            ],
            [
              77.78468852564413,
              22.589391272450413
            ],
            [
              77.78486211684134,
              22.58869825754428
            ],
            [
              77.78496694481017,
              22.5879915647816
            ],
            [
              77.78500199999999,
              22.587278
            ],
            [
              77.78500199999999,
              22.585737006784086
            ],
            [
              77.78742601983069,
              22.583312454903385
            ],
            [
              77.79198273736704,
              22.578755737367032
            ],
            [
              77.79653973736704,
              22.574198737367045
            ],
            [
              77.80109673736703,
              22.569641737367032
            ],
            [
              77.80565373736704,
              22.565084737367044
            ],
            [
              77.81021073736704,
              22.56052773736704
            ],
            [
              77.81476773736703,
              22.555970737367034
            ],
            [
              77.81932473736704,
              22.55141373736704
            ],
            [
              77.81980451610048,
              22.55088438310871
            ],
            [
              77.82023009877756,
              22.55031055129638
            ],
            [
              77.82059738680445,
              22.549697768244094
            ],
            [
              77.82090284299669,
              22.549051935387617
            ],
            [
              77.82114352564413,
              22.54837927245041
            ],
            [
              77.82131711684134,
              22.547686257544278
            ],
            [
              77.82142194481017,
              22.546979564781598
            ],
            [
              77.821457,
              22.546266
            ],
            [
              77.821457,
              22.528038
            ],
            [
              77.82142194481017,
              22.5273244352184
            ],
            [
              77.82131711684134,
              22.52661774245572
            ],
            [
              77.82114352564413,
              22.525924727549587
            ],
            [
              77.82090284299669,
              22.52525206461238
            ],
            [
              77.82059738680445,
              22.524606231755904
            ],
            [
              77.82023009877756,
              22.523993448703614
            ],
            [
              77.81980451610048,
              22.523419616891285
            ],
            [
              77.81932473736704,
              22.522890262632956
            ],
            [
              77.81476773736703,
              22.518333262632957
            ],
            [
              77.81021073736704,
              22.513776262632966
            ],
            [
              77.80968138310872,
              22.51329648389952
            ],
            [
              77.80910755129639,
              22.51287090122244
            ],
            [
              77.8084947682441,
              22.512503613195545
            ],
            [
              77.80784893538763,
              22.51219815700332
            ],
            [
              77.80717627245042,
              22.511957474355867
            ],
            [
              77.80648325754429,
              22.511783883158664
            ],
            [
              77.80577656478161,
              22.511679055189823
            ],
            [
              77.805063,
              22.511643999999997
            ],
            [
              77.791392,
              22.511643999999997
            ],
            [
              77.7906784352184,
              22.511679055189823
            ],
            [
              77.78997174245572,
              22.511783883158664
            ],
            [
              77.78927872754959,
              22.511957474355867
            ],
            [
              77.78860606461238,
              22.512198157003315
            ],
            [
              77.7879602317559,
              22.51250361319554
            ],
            [
              77.78734744870361,
              22.512870901222435
            ],
            [
              77.7867736168913,
              22.513296483899516
            ],
            [
              77.78624426263296,
              22.51377626263296
            ],
            [
              77.78368205905541,
              22.516338466210517
            ],
            [
              77.78299121696301,
              22.516236020941115
            ],
            [
              77.78227760057062,
              22.51620100001096
            ],
            [
              77.7815639880255,
              22.51623609924842
            ],
            [
              77.780857252766,
              22.516340980581464
            ],
            [
              77.78016420198924,
              22.51651463380451
            ],
            [
              77.78000001019541,
              22.516573397176007
            ],
            [
              77.77983603689786,
              22.51651470629427
            ],
            [
              77.77914304104463,
              22.516341039051266
            ],
            [
              77.77843635978934,
              22.516236133535298
            ],
            [
              77.77772279885876,
              22.516201000043832
            ],
            [
              77.77700923023473,
              22.516235976931593
            ],
            [
              77.77630252597318,
              22.51634072735204
            ],
            [
              77.77560949202248,
              22.516514242501355
            ],
            [
              77.77493680267841,
              22.5167548513338
            ],
            [
              77.7742909363071,
              22.517060236654785
            ],
            [
              77.77367811295476,
              22.517427457436735
            ],
            [
              77.77310423444527,
              22.51785297714277
            ],
            [
              77.7725748275424,
              22.518332697785507
            ],
            [
              77.77209499072403,
              22.51886199939292
            ],
            [
              77.77166934508102,
              22.519435784501184
            ],
            [
              77.77130198981361,
              22.52004852724604
            ],
            [
              77.77099646275383,
              22.520694326579896
            ],
            [
              77.77075570629427,
              22.52136696310214
            ],
            [
              77.77058203905126,
              22.52205995895536
            ],
            [
              77.7704771335353,
              22.52276664021066
            ],
            [
              77.77044200004383,
              22.52348020114124
            ],
            [
              77.77047697693159,
              22.524193769765265
            ],
            [
              77.77058172735204,
              22.524900474026815
            ],
            [
              77.77075524250135,
              22.52559350797752
            ],
            [
              77.77081461243957,
              22.525759493259073
            ]
          ]
        ]
      }
    },
    {
      "type": "Feature",
      "properties": {
        "depth_band": "1.0 - 2.0",
        "min_depth": 1.0,
        "max_depth": 2.0,
        "max_depth_m": 8.7,
        "avg_depth_m": 4.3,
        "hazard_level": "Moderate",
        "zone": "reservoir",
        "timestep_min": 30
      },
      "geometry": {
        "type": "Polygon",
        "coordinates": [
          [
            [
              77.77363799863924,
              22.52575949787959
            ],
            [
              77.77359439667595,
              22.525832259580245
            ],
            [
              77.7733980800327,
              22.526247436927548
            ],
            [
              77.77324340122694,
              22.526679856771196
            ],
            [
              77.77313184976148,
              22.52712535505928
            ],
            [
              77.77306449983793,
              22.52757964179905
            ],
            [
              77.77304200001252,
              22.52803834236804
            ],
            [
              77.7730645669507,
              22.52849703964014
            ],
            [
              77.77313198334072,
              22.528951316521006
            ],
            [
              77.77324359998634,
              22.529396798483102
            ],
            [
              77.77339834205829,
              22.52982919569089
            ],
            [
              77.7735947194445,
              22.530244344310443
            ],
            [
              77.77383084109943,
              22.5306382466057
            ],
            [
              77.77410443325407,
              22.531007109435286
            ],
            [
              77.77441286131165,
              22.53134738077912
            ],
            [
              77.7747531552178,
              22.531655783943126
            ],
            [
              77.77512203806117,
              22.53192934911267
            ],
            [
              77.775515957629,
              22.532165441950813
            ],
            [
              77.77593112061354,
              22.53236178896607
            ],
            [
              77.77636352914041,
              22.53251649940534
            ],
            [
              77.7768090192667,
              22.53262808346118
            ],
            [
              77.77726330107822,
              22.532695466618147
            ],
            [
              77.777722,
              22.532718
            ],
            [
              77.782278,
              22.532718
            ],
            [
              77.78273669892178,
              22.532695466618147
            ],
            [
              77.78319098073331,
              22.53262808346118
            ],
            [
              77.78363647085959,
              22.53251649940534
            ],
            [
              77.78406887938647,
              22.53236178896607
            ],
            [
              77.784484042371,
              22.532165441950813
            ],
            [
              77.78455649695903,
              22.532122016818583
            ],
            [
              77.78462886327165,
              22.532165391517147
            ],
            [
              77.78504404153652,
              22.53236175621215
            ],
            [
              77.78547646771044,
              22.532516480771225
            ],
            [
              77.78592197729296,
              22.532628075112285
            ],
            [
              77.78637627978325,
              22.532695464520824
            ],
            [
              77.786835,
              22.532718
            ],
            [
              77.78729372021674,
              22.532695464520824
            ],
            [
              77.78774802270704,
              22.532628075112285
            ],
            [
              77.78819353228954,
              22.532516480771225
            ],
            [
              77.78862595846346,
              22.532361756212154
            ],
            [
              77.78904113672834,
              22.53216539151715
            ],
            [
              77.78943506869052,
              22.531929277785576
            ],
            [
              77.78980396056988,
              22.531655688921738
            ],
            [
              77.79014425973595,
              22.531347259735952
            ],
            [
              77.79045268892173,
              22.531006960569886
            ],
            [
              77.79072627778557,
              22.530638068690532
            ],
            [
              77.79096239151714,
              22.530244136728346
            ],
            [
              77.79115875621216,
              22.52982895846347
            ],
            [
              77.79131348077122,
              22.52939653228955
            ],
            [
              77.79142507511229,
              22.528951022707034
            ],
            [
              77.79149246452083,
              22.52849672021674
            ],
            [
              77.79151499999999,
              22.528038
            ],
            [
              77.79151499999999,
              22.525419519471917
            ],
            [
              77.79333051947191,
              22.523604
            ],
            [
              77.8031244805281,
              22.523604
            ],
            [
              77.80631074026404,
              22.52679025973595
            ],
            [
              77.80949700000001,
              22.529976519471923
            ],
            [
              77.80949700000001,
              22.544327480528082
            ],
            [
              77.80631074026404,
              22.547513740264048
            ],
            [
              77.80175374026405,
              22.55207074026405
            ],
            [
              77.79719674026404,
              22.556627740264048
            ],
            [
              77.79263974026404,
              22.561184740264043
            ],
            [
              77.78808274026404,
              22.565741740264052
            ],
            [
              77.78352574026404,
              22.570298740264043
            ],
            [
              77.77896874026405,
              22.57485574026405
            ],
            [
              77.77441237714783,
              22.579413103420116
            ],
            [
              77.7741040260252,
              22.57975338680227
            ],
            [
              77.77383050824191,
              22.580122251570472
            ],
            [
              77.77359445718832,
              22.580516146347144
            ],
            [
              77.77339814553042,
              22.580931278769345
            ],
            [
              77.77324346332895,
              22.581363652001105
            ],
            [
              77.77313189984218,
              22.581809103214383
            ],
            [
              77.7730645291875,
              22.582263343668195
            ],
            [
              77.773042,
              22.582722
            ],
            [
              77.773042,
              22.587278
            ],
            [
              77.77306453547916,
              22.587736720216743
            ],
            [
              77.7731319248877,
              22.588191022707036
            ],
            [
              77.77324351922877,
              22.588636532289552
            ],
            [
              77.77339824378784,
              22.58906895846347
            ],
            [
              77.77359460848285,
              22.58948413672835
            ],
            [
              77.77383072221443,
              22.589878068690535
            ],
            [
              77.77410431107826,
              22.590246960569885
            ],
            [
              77.77441274026404,
              22.590587259735955
            ],
            [
              77.77475303943011,
              22.590895688921737
            ],
            [
              77.77512193130947,
              22.59116927778558
            ],
            [
              77.77551586327165,
              22.591405391517153
            ],
            [
              77.77593104153652,
              22.591601756212153
            ],
            [
              77.77636346771044,
              22.591756480771227
            ],
            [
              77.77680897729296,
              22.591868075112288
            ],
            [
              77.77726327978326,
              22.591935464520827
            ],
            [
              77.777722,
              22.591958
            ],
            [
              77.77818072021674,
              22.591935464520827
            ],
            [
              77.77863502270704,
              22.591868075112288
            ],
            [
              77.77908053228956,
              22.591756480771227
            ],
            [
              77.77951295846347,
              22.591601756212153
            ],
            [
              77.77992813672834,
              22.591405391517153
            ],
            [
              77.78032206869052,
              22.59116927778558
            ],
            [
              77.78069096056988,
              22.590895688921737
            ],
            [
              77.78103125973595,
              22.590587259735955
            ],
            [
              77.78133968892173,
              22.590246960569885
            ],
            [
              77.78161327778557,
              22.589878068690535
            ],
            [
              77.78184939151714,
              22.58948413672835
            ],
            [
              77.78204575621216,
              22.58906895846347
            ],
            [
              77.78220048077122,
              22.588636532289552
            ],
            [
              77.78231207511229,
              22.588191022707036
            ],
            [
              77.78237946452083,
              22.587736720216743
            ],
            [
              77.78240199999999,
              22.587278
            ],
            [
              77.78240199999999,
              22.584660218646913
            ],
            [
              77.78558744129198,
              22.58147407817993
            ],
            [
              77.79014425973595,
              22.57691725973595
            ],
            [
              77.79470125973596,
              22.57236025973596
            ],
            [
              77.79925825973595,
              22.56780325973595
            ],
            [
              77.80381525973596,
              22.56324625973596
            ],
            [
              77.80837225973596,
              22.558689259735953
            ],
            [
              77.81292925973595,
              22.55413225973595
            ],
            [
              77.81748625973596,
              22.549575259735953
            ],
            [
              77.81779468892174,
              22.549234960569883
            ],
            [
              77.81806827778557,
              22.54886606869053
            ],
            [
              77.81830439151715,
              22.548472136728343
            ],
            [
              77.81850075621216,
              22.548056958463466
            ],
            [
              77.81865548077123,
              22.54762453228955
            ],
            [
              77.81876707511229,
              22.547179022707034
            ],
            [
              77.81883446452083,
              22.54672472021674
            ],
            [
              77.818857,
              22.546266
            ],
            [
              77.818857,
              22.528038
            ],
            [
              77.81883446452083,
              22.527579279783257
            ],
            [
              77.81876707511229,
              22.527124977292964
            ],
            [
              77.81865548077123,
              22.526679467710448
            ],
            [
              77.81850075621216,
              22.52624704153653
            ],
            [
              77.81830439151715,
              22.52583186327165
            ],
            [
              77.81806827778557,
              22.525437931309465
            ],
            [
              77.81779468892174,
              22.525069039430115
            ],
            [
              77.81748625973596,
              22.52472874026404
            ],
            [
              77.81292925973595,
              22.520171740264043
            ],
            [
              77.80837225973596,
              22.51561474026405
            ],
            [
              77.80803196056989,
              22.515306311078263
            ],
            [
              77.80766306869054,
              22.515032722214425
            ],
            [
              77.80726913672835,
              22.51479660848285
            ],
            [
              77.80685395846348,
              22.514600243787847
            ],
            [
              77.80642153228956,
              22.514445519228772
            ],
            [
              77.80597602270704,
              22.514333924887712
            ],
            [
              77.80552172021675,
              22.514266535479173
            ],
            [
              77.805063,
              22.514243999999998
            ],
            [
              77.791392,
              22.514243999999998
            ],
            [
              77.79093327978326,
              22.514266535479173
            ],
            [
              77.79047897729296,
              22.514333924887712
            ],
            [
              77.79003346771044,
              22.514445519228772
            ],
            [
              77.78960104153653,
              22.514600243787847
            ],
            [
              77.78918586327165,
              22.51479660848285
            ],
            [
              77.78879193130948,
              22.515032722214425
            ],
            [
              77.78842303943011,
              22.515306311078263
            ],
            [
              77.78808274026404,
              22.515614740264045
            ],
            [
              77.78438891228409,
              22.519308568243996
            ],
            [
              77.78406883984775,
              22.51915719465751
            ],
            [
              77.78363637871418,
              22.519002472645067
            ],
            [
              77.78319083382466,
              22.518890887320712
            ],
            [
              77.78273649661908,
              22.518823513462145
            ],
            [
              77.78227774322397,
              22.518801000007045
            ],
            [
              77.7818189923021,
              22.518823563802556
            ],
            [
              77.78136466249244,
              22.518890987516656
            ],
            [
              77.78091912985023,
              22.51900262173147
            ],
            [
              77.78048668569743,
              22.519157391198387
            ],
            [
              77.78007149528904,
              22.51935380519475
            ],
            [
              77.78000000320556,
              22.519396664898295
            ],
            [
              77.77992858962754,
              22.519353850594467
            ],
            [
              77.77951343291292,
              22.519157440341743
            ],
            [
              77.77908102372005,
              22.519002668332032
            ],
            [
              77.77863552638584,
              22.518891025104384
            ],
            [
              77.77818123129315,
              22.51882358584412
            ],
            [
              77.77772251355206,
              22.518801000028176
            ],
            [
              77.77726379086518,
              22.518823485170312
            ],
            [
              77.77680948098276,
              22.518890824726313
            ],
            [
              77.77636395915731,
              22.519002370179443
            ],
            [
              77.77593151600755,
              22.519157047286015
            ],
            [
              77.77551631619741,
              22.519353366420933
            ],
            [
              77.77512235832805,
              22.519589436923614
            ],
            [
              77.7747534364291,
              22.519862985306066
            ],
            [
              77.77441310342012,
              22.520171377147825
            ],
            [
              77.77410463689402,
              22.52051164246688
            ],
            [
              77.77383100755209,
              22.52088050432219
            ],
            [
              77.77359485059446,
              22.521274410372456
            ],
            [
              77.77339844034174,
              22.521689567087076
            ],
            [
              77.77324366833203,
              22.522121976279948
            ],
            [
              77.77313202510439,
              22.52256747361416
            ],
            [
              77.77306458584411,
              22.523021768706855
            ],
            [
              77.77304200002817,
              22.52348048644794
            ],
            [
              77.77306448517031,
              22.523939209134813
            ],
            [
              77.7731318247263,
              22.524393519017238
            ],
            [
              77.77324337017944,
              22.52483904084269
            ],
            [
              77.77339804728601,
              22.525271483992448
            ],
            [
              77.77359436642094,
              22.52568668380258
            ],
            [
              77.77363799863924,
              22.52575949787959
            ]
          ]
        ]
      }
    },
    {
      "type": "Feature",
      "properties": {
        "depth_band": "2.0 - 3.0",
        "min_depth": 2.0,
        "max_depth": 3.0,
        "max_depth_m": 8.7,
        "avg_depth_m": 4.3,
        "hazard_level": "Moderate",
        "zone": "reservoir",
        "timestep_min": 30
      },
      "geometry": {
        "type": "Polygon",
        "coordinates": [
          [
            [
              77.77632344815603,
              22.5257595
            ],
            [
              77.77588332063767,
              22.526199724122286
            ],
            [
              77.77571199937724,
              22.52638878882598
            ],
            [
              77.77556003372003,
              22.526593734856654
            ],
            [
              77.7754288870422,
              22.526812588655694
            ],
            [
              77.77531982224039,
              22.52704324273753
            ],
            [
              77.77523388957052,
              22.527283475984
            ],
            [
              77.77517191653415,
              22.527530975032935
            ],
            [
              77.77513449990997,
              22.52778335655503
            ],
            [
              77.77512200000696,
              22.52803819020447
            ],
            [
              77.77513453719483,
              22.528293022022304
            ],
            [
              77.77517199074484,
              22.528545398067227
            ],
            [
              77.77523399999241,
              22.52879288804617
            ],
            [
              77.77531996781016,
              22.52903310871716
            ],
            [
              77.77542906635806,
              22.529263746839135
            ],
            [
              77.77556024505523,
              22.529482581447613
            ],
            [
              77.7757122406967,
              22.529687505241828
            ],
            [
              77.77588358961758,
              22.52987654487729
            ],
            [
              77.77607264178766,
              22.530047879968404
            ],
            [
              77.77627757670065,
              22.53019986061815
            ],
            [
              77.77649642090499,
              22.530331023306008
            ],
            [
              77.77672706700751,
              22.53044010498115
            ],
            [
              77.77696729396689,
              22.530526055225188
            ],
            [
              77.7772147884815,
              22.53058804636732
            ],
            [
              77.77746716726568,
              22.530625481454525
            ],
            [
              77.777722,
              22.530638
            ],
            [
              77.782278,
              22.530638
            ],
            [
              77.78253283273432,
              22.530625481454525
            ],
            [
              77.7827852115185,
              22.53058804636732
            ],
            [
              77.78303270603311,
              22.530526055225188
            ],
            [
              77.78327293299249,
              22.53044010498115
            ],
            [
              77.78350357909501,
              22.530331023306008
            ],
            [
              77.78372242329935,
              22.53019986061815
            ],
            [
              77.78392735821234,
              22.530047879968404
            ],
            [
              77.78411641038242,
              22.52987654487729
            ],
            [
              77.7842877593033,
              22.529687505241828
            ],
            [
              77.78443975494477,
              22.529482581447613
            ],
            [
              77.78450079615897,
              22.529380751421126
            ],
            [
              77.78499652236891,
              22.52987647763108
            ],
            [
              77.78518557746118,
              22.53004782717874
            ],
            [
              77.78539051739415,
              22.530199820991985
            ],
            [
              77.78560936848424,
              22.530330995287304
            ],
            [
              77.78584002307585,
              22.530440086784527
            ],
            [
              77.78608025983914,
              22.530526044872904
            ],
            [
              77.78632776516275,
              22.530588041729047
            ],
            [
              77.78658015543515,
              22.530625480289345
            ],
            [
              77.786835,
              22.530638
            ],
            [
              77.78708984456485,
              22.530625480289345
            ],
            [
              77.78734223483724,
              22.530588041729047
            ],
            [
              77.78758974016085,
              22.530526044872904
            ],
            [
              77.78782997692414,
              22.530440086784527
            ],
            [
              77.78806063151575,
              22.530330995287304
            ],
            [
              77.78827948260584,
              22.530199820991985
            ],
            [
              77.78848442253882,
              22.53004782717874
            ],
            [
              77.78867347763108,
              22.529876477631085
            ],
            [
              77.78884482717874,
              22.529687422538824
            ],
            [
              77.78899682099198,
              22.52948248260585
            ],
            [
              77.7891279952873,
              22.529263631515747
            ],
            [
              77.78923708678452,
              22.52903297692415
            ],
            [
              77.7893230448729,
              22.52879274016086
            ],
            [
              77.78938504172905,
              22.528545234837242
            ],
            [
              77.78942248028935,
              22.528292844564856
            ],
            [
              77.789435,
              22.528038
            ],
            [
              77.789435,
              22.524557955262168
            ],
            [
              77.79246895526217,
              22.521524
            ],
            [
              77.80398604473784,
              22.521524
            ],
            [
              77.80778152236891,
              22.525319477631083
            ],
            [
              77.811577,
              22.529114955262166
            ],
            [
              77.811577,
              22.545189044737832
            ],
            [
              77.80778152236891,
              22.548984522368915
            ],
            [
              77.80322452236892,
              22.553541522368917
            ],
            [
              77.79866752236892,
              22.558098522368915
            ],
            [
              77.79411052236891,
              22.562655522368914
            ],
            [
              77.78955352236892,
              22.56721252236892
            ],
            [
              77.78499652236891,
              22.571769522368914
            ],
            [
              77.78043952236892,
              22.576326522368916
            ],
            [
              77.77588332063767,
              22.580883724122288
            ],
            [
              77.77571201445845,
              22.581072770445708
            ],
            [
              77.7755600601344,
              22.58127769531693
            ],
            [
              77.77542892066018,
              22.581496525748417
            ],
            [
              77.77531985862801,
              22.58172715487186
            ],
            [
              77.77523392407164,
              22.581967362222837
            ],
            [
              77.77517194435677,
              22.582214835119103
            ],
            [
              77.77513451621527,
              22.582467190926778
            ],
            [
              77.775122,
              22.582722
            ],
            [
              77.775122,
              22.587278
            ],
            [
              77.77513451971065,
              22.58753284456486
            ],
            [
              77.77517195827095,
              22.587785234837245
            ],
            [
              77.77523395512709,
              22.588032740160862
            ],
            [
              77.77531991321547,
              22.588272976924152
            ],
            [
              77.77542900471269,
              22.58850363151575
            ],
            [
              77.77556017900801,
              22.588722482605853
            ],
            [
              77.77571217282126,
              22.588927422538827
            ],
            [
              77.77588352236891,
              22.589116477631087
            ],
            [
              77.77607257746118,
              22.589287827178744
            ],
            [
              77.77627751739415,
              22.589439820991988
            ],
            [
              77.77649636848425,
              22.589570995287307
            ],
            [
              77.77672702307585,
              22.58968008678453
            ],
            [
              77.77696725983914,
              22.589766044872906
            ],
            [
              77.77721476516275,
              22.58982804172905
            ],
            [
              77.77746715543515,
              22.589865480289347
            ],
            [
              77.777722,
              22.589878000000002
            ],
            [
              77.77797684456485,
              22.589865480289347
            ],
            [
              77.77822923483724,
              22.58982804172905
            ],
            [
              77.77847674016085,
              22.589766044872906
            ],
            [
              77.77871697692414,
              22.58968008678453
            ],
            [
              77.77894763151575,
              22.589570995287307
            ],
            [
              77.77916648260585,
              22.589439820991988
            ],
            [
              77.77937142253882,
              22.589287827178744
            ],
            [
              77.77956047763108,
              22.589116477631087
            ],
            [
              77.77973182717874,
              22.588927422538827
            ],
            [
              77.77988382099198,
              22.588722482605853
            ],
            [
              77.7800149952873,
              22.58850363151575
            ],
            [
              77.78012408678453,
              22.588272976924152
            ],
            [
              77.7802100448729,
              22.588032740160862
            ],
            [
              77.78027204172905,
              22.587785234837245
            ],
            [
              77.78030948028935,
              22.58753284456486
            ],
            [
              77.780322,
              22.587278
            ],
            [
              77.780322,
              22.583798788137173
            ],
            [
              77.78411657853871,
              22.580003376723454
            ],
            [
              77.78867347763108,
              22.575446477631083
            ],
            [
              77.79323047763108,
              22.570889477631088
            ],
            [
              77.79778747763108,
              22.566332477631082
            ],
            [
              77.80234447763108,
              22.561775477631087
            ],
            [
              77.80690147763109,
              22.557218477631086
            ],
            [
              77.81145847763108,
              22.552661477631084
            ],
            [
              77.81601547763108,
              22.548104477631085
            ],
            [
              77.81618682717874,
              22.547915422538825
            ],
            [
              77.81633882099199,
              22.54771048260585
            ],
            [
              77.8164699952873,
              22.547491631515747
            ],
            [
              77.81657908678453,
              22.54726097692415
            ],
            [
              77.8166650448729,
              22.54702074016086
            ],
            [
              77.81672704172905,
              22.546773234837243
            ],
            [
              77.81676448028935,
              22.546520844564856
            ],
            [
              77.816777,
              22.546266
            ],
            [
              77.816777,
              22.528038
            ],
            [
              77.81676448028935,
              22.52778315543514
            ],
            [
              77.81672704172905,
              22.527530765162755
            ],
            [
              77.8166650448729,
              22.527283259839137
            ],
            [
              77.81657908678453,
              22.527043023075848
            ],
            [
              77.8164699952873,
              22.52681236848425
            ],
            [
              77.81633882099199,
              22.526593517394147
            ],
            [
              77.81618682717874,
              22.526388577461173
            ],
            [
              77.81601547763108,
              22.526199522368913
            ],
            [
              77.81145847763108,
              22.521642522368914
            ],
            [
              77.80690147763109,
              22.517085522368916
            ],
            [
              77.80671242253882,
              22.516914172821256
            ],
            [
              77.80650748260585,
              22.516762179008012
            ],
            [
              77.80628863151576,
              22.516631004712693
            ],
            [
              77.80605797692415,
              22.51652191321547
            ],
            [
              77.80581774016086,
              22.516435955127093
            ],
            [
              77.80557023483725,
              22.51637395827095
            ],
            [
              77.80531784456485,
              22.516336519710652
            ],
            [
              77.805063,
              22.516323999999997
            ],
            [
              77.791392,
              22.516323999999997
            ],
            [
              77.79113715543515,
              22.516336519710652
            ],
            [
              77.79088476516276,
              22.51637395827095
            ],
            [
              77.79063725983914,
              22.516435955127093
            ],
            [
              77.79039702307585,
              22.516521913215467
            ],
            [
              77.79016636848425,
              22.516631004712693
            ],
            [
              77.78994751739415,
              22.516762179008012
            ],
            [
              77.78974257746118,
              22.516914172821252
            ],
            [
              77.78955352236892,
              22.517085522368912
            ],
            [
              77.78499652236891,
              22.521642522368914
            ],
            [
              77.78482517282126,
              22.521831577461175
            ],
            [
              77.78467317900801,
              22.52203651739415
            ],
            [
              77.78461220374189,
              22.522138248479713
            ],
            [
              77.78411647763109,
              22.521642522368918
            ],
            [
              77.78392740875472,
              22.521471161509012
            ],
            [
              77.78372245295274,
              22.52131915919473
            ],
            [
              77.78350358433711,
              22.521187979495807
            ],
            [
              77.78327291102653,
              22.521078885920836
            ],
            [
              77.78303265484121,
              22.520992929247257
            ],
            [
              77.78278512990259,
              22.520930937400394
            ],
            [
              77.78253272034394,
              22.52089350747897
            ],
            [
              77.78227785734666,
              22.520881000003914
            ],
            [
              77.7820229957234,
              22.520893535445865
            ],
            [
              77.78177059027357,
              22.52093099306481
            ],
            [
              77.78152307213901,
              22.52099301207304
            ],
            [
              77.78128282538746,
              22.521078995110216
            ],
            [
              77.78105216404947,
              22.521188113997084
            ],
            [
              77.78083330982994,
              22.5213193177124
            ],
            [
              77.78062837070891,
              22.521471342516257
            ],
            [
              77.78043932063768,
              22.521642724122287
            ],
            [
              77.78,
              22.522082141186797
            ],
            [
              77.77956067936232,
              22.521642724122287
            ],
            [
              77.77937164307396,
              22.521471353830012
            ],
            [
              77.779166719821,
              22.52131933752894
            ],
            [
              77.7789478831264,
              22.52118813921915
            ],
            [
              77.77871724050718,
              22.52107902241208
            ],
            [
              77.7784770131778,
              22.52099303796224
            ],
            [
              77.7782295146588,
              22.520931013946882
            ],
            [
              77.77797712849619,
              22.520893547691177
            ],
            [
              77.7777222853067,
              22.520881000015653
            ],
            [
              77.77746743936954,
              22.520893491761285
            ],
            [
              77.77721504499043,
              22.52093090262573
            ],
            [
              77.77696753286517,
              22.520992872321912
            ],
            [
              77.77672728667086,
              22.521078804047786
            ],
            [
              77.77649662010967,
              22.521187870233852
            ],
            [
              77.77627775462669,
              22.52131902051312
            ],
            [
              77.77607279801616,
              22.521470991836704
            ],
            [
              77.77588372412228,
              22.52164232063768
            ],
            [
              77.77571235383,
              22.521831356926043
            ],
            [
              77.77556033752893,
              22.522036280178995
            ],
            [
              77.77542913921914,
              22.522255116873588
            ],
            [
              77.77532002241207,
              22.52248575949282
            ],
            [
              77.77523403796224,
              22.522725986822195
            ],
            [
              77.77517201394687,
              22.5229734853412
            ],
            [
              77.77513454769118,
              22.523225871503808
            ],
            [
              77.77512200001566,
              22.5234807146933
            ],
            [
              77.77513449176128,
              22.523735560630453
            ],
            [
              77.77517190262573,
              22.523987955009577
            ],
            [
              77.7752338723219,
              22.52423546713483
            ],
            [
              77.77531980404778,
              22.52447571332914
            ],
            [
              77.77542887023385,
              22.524706379890322
            ],
            [
              77.77556002051311,
              22.524925245373304
            ],
            [
              77.7757119918367,
              22.525130201983835
            ],
            [
              77.77588332063767,
              22.525319275877713
            ],
            [
              77.77632344815603,
              22.5257595
            ]
          ]
        ]
      }
    },
    {
      "type": "Feature",
      "properties": {
        "timestep_min": 30,
        "depth_band": "0.1 - 0.5",
        "min_depth": 0.1,
        "max_depth": 0.5,
        "max_depth_m": 1.8,
        "avg_depth_m": 1.0,
        "inundated_area_km2": 0.47,
        "hazard_level": "Moderate",
        "zone": "downstream",
        "wave_front_km": 6.0
      },
      "geometry": {
        "type": "Polygon",
        "coordinates": [
          [
            [
              77.78016504442645,
              22.58275001329974
            ],
            [
              77.73201408944844,
              22.56564212668759
            ],
            [
              77.72570814700241,
              22.572240344755276
            ],
            [
              77.77537331367822,
              22.590015394256955
            ],
            [
              77.78016504442645,
              22.58275001329974
            ]
          ]
        ]
      }
    },
    {
      "type": "Feature",
      "properties": {
        "timestep_min": 30,
        "depth_band": "0.5 - 1.0",
        "min_depth": 0.5,
        "max_depth": 1.0,
        "max_depth_m": 1.8,
        "avg_depth_m": 1.0,
        "inundated_area_km2": 0.35,
        "hazard_level": "Moderate",
        "zone": "downstream",
        "wave_front_km": 6.0
      },
      "geometry": {
        "type": "Polygon",
        "coordinates": [
          [
            [
              77.77346334583567,
              22.58148789308554
            ],
            [
              77.73735012960216,
              22.568656978126427
            ],
            [
              77.73262067276764,
              22.573605641677194
            ],
            [
              77.76986954777449,
              22.586936928803453
            ],
            [
              77.77346334583567,
              22.58148789308554
            ]
          ]
        ]
      }
    },
    {
      "type": "Feature",
      "properties": {
        "timestep_min": 30,
        "depth_band": "1.0 - 2.0",
        "min_depth": 1.0,
        "max_depth": 2.0,
        "max_depth_m": 1.8,
        "avg_depth_m": 1.0,
        "inundated_area_km2": 0.26,
        "hazard_level": "High",
        "zone": "downstream",
        "wave_front_km": 6.0
      },
      "geometry": {
        "type": "Polygon",
        "coordinates": [
          [
            [
              77.76810198696305,
              22.58047819691418
            ],
            [
              77.74161896172514,
              22.571068859277496
            ],
            [
              77.73815069337982,
              22.574697879214725
            ],
            [
              77.7654665350515,
              22.58447415644065
            ],
            [
              77.76810198696305,
              22.58047819691418
            ]
          ]
        ]
      }
    },
    {
      "type": "Feature",
      "properties": {
        "depth_band": "0.1 - 0.5",
        "min_depth": 0.1,
        "max_depth": 0.5,
        "max_depth_m": 8.7,
        "avg_depth_m": 4.3,
        "hazard_level": "Moderate",
        "zone": "reservoir",
        "timestep_min": 60
      },
      "geometry": {
        "type": "Polygon",
        "coordinates": [
          [
            [
              77.7675843694637,
              22.525759484552143
            ],
            [
              77.76752166613662,
              22.52600990013174
            ],
            [
              77.76737199963985,
              22.527019426220118
            ],
            [
              77.76732200002783,
              22.528038760817868
            ],
            [
              77.76737214877932,
              22.529058088089204
            ],
            [
              77.76752196297937,
              22.530067592268907
            ],
            [
              77.76776999996964,
              22.531057552184674
            ],
            [
              77.76811387124064,
              22.532018434868647
            ],
            [
              77.76855026543222,
              22.53294098735654
            ],
            [
              77.76907498022094,
              22.53381632579045
            ],
            [
              77.76968296278682,
              22.53463602096731
            ],
            [
              77.77036835847031,
              22.535392179509156
            ],
            [
              77.77112456715065,
              22.53607751987362
            ],
            [
              77.77194430680262,
              22.536685442472603
            ],
            [
              77.77281968362,
              22.537210093224033
            ],
            [
              77.77374226803008,
              22.537646419924606
            ],
            [
              77.77470317586759,
              22.53799022090076
            ],
            [
              77.77569315392599,
              22.53823818546929
            ],
            [
              77.77670266906273,
              22.538387925818107
            ],
            [
              77.777722,
              22.538438
            ],
            [
              77.782278,
              22.538438
            ],
            [
              77.78329733093727,
              22.538387925818107
            ],
            [
              77.78430684607402,
              22.53823818546929
            ],
            [
              77.78455649645015,
              22.538175654338144
            ],
            [
              77.78480606065102,
              22.53823816691619
            ],
            [
              77.78581562174057,
              22.53838792115739
            ],
            [
              77.786835,
              22.538438
            ],
            [
              77.78785437825942,
              22.53838792115739
            ],
            [
              77.78886393934896,
              22.538238166916194
            ],
            [
              77.78985396064344,
              22.537990179491615
            ],
            [
              77.79081490769659,
              22.537646347138118
            ],
            [
              77.79173752606299,
              22.537209981149225
            ],
            [
              77.7926129304234,
              22.536685283967948
            ],
            [
              77.7934326901553,
              22.536077308714972
            ],
            [
              77.79418891052434,
              22.53539191052434
            ],
            [
              77.79487430871497,
              22.5346356901553
            ],
            [
              77.79548228396794,
              22.533815930423405
            ],
            [
              77.79600698114922,
              22.53294052606299
            ],
            [
              77.79644334713811,
              22.5320179076966
            ],
            [
              77.79678717949162,
              22.531056960643447
            ],
            [
              77.79703516691619,
              22.530066939348966
            ],
            [
              77.7971453715582,
              22.529324
            ],
            [
              77.80075517895132,
              22.529324
            ],
            [
              77.80226608947565,
              22.53083491052433
            ],
            [
              77.803777,
              22.532345821048672
            ],
            [
              77.803777,
              22.54195817895131
            ],
            [
              77.80226608947565,
              22.543469089475657
            ],
            [
              77.79770908947566,
              22.548026089475666
            ],
            [
              77.79315208947565,
              22.552583089475657
            ],
            [
              77.78859508947566,
              22.557140089475656
            ],
            [
              77.78403808947566,
              22.561697089475665
            ],
            [
              77.77948108947567,
              22.566254089475656
            ],
            [
              77.77492408947566,
              22.570811089475665
            ],
            [
              77.77036728255072,
              22.57536889648915
            ],
            [
              77.76968205783379,
              22.57612508178283
            ],
            [
              77.7690742405376,
              22.57694478126772
            ],
            [
              77.76854968264072,
              22.577820102993655
            ],
            [
              77.76811343451205,
              22.57874261948744
            ],
            [
              77.76776969628656,
              22.579703448891348
            ],
            [
              77.76752177742706,
              22.580693340476408
            ],
            [
              77.7673720648611,
              22.581702763707106
            ],
            [
              77.767322,
              22.582722
            ],
            [
              77.767322,
              22.587278
            ],
            [
              77.76737207884261,
              22.58829737825943
            ],
            [
              77.7675218330838,
              22.58930693934897
            ],
            [
              77.76776982050838,
              22.590296960643446
            ],
            [
              77.76811365286189,
              22.591257907696598
            ],
            [
              77.76855001885077,
              22.592180526062993
            ],
            [
              77.76907471603205,
              22.593055930423404
            ],
            [
              77.76968269128503,
              22.593875690155304
            ],
            [
              77.77036808947565,
              22.594631910524342
            ],
            [
              77.7711243098447,
              22.595317308714975
            ],
            [
              77.77194406957659,
              22.595925283967947
            ],
            [
              77.772819473937,
              22.596449981149224
            ],
            [
              77.7737420923034,
              22.596886347138117
            ],
            [
              77.77470303935655,
              22.597230179491618
            ],
            [
              77.77569306065102,
              22.597478166916193
            ],
            [
              77.77670262174057,
              22.597627921157393
            ],
            [
              77.777722,
              22.597678000000002
            ],
            [
              77.77874137825943,
              22.597627921157393
            ],
            [
              77.77975093934897,
              22.597478166916193
            ],
            [
              77.78074096064344,
              22.597230179491618
            ],
            [
              77.7817019076966,
              22.596886347138117
            ],
            [
              77.78262452606299,
              22.596449981149224
            ],
            [
              77.7834999304234,
              22.595925283967947
            ],
            [
              77.7843196901553,
              22.595317308714975
            ],
            [
              77.78507591052434,
              22.594631910524342
            ],
            [
              77.78576130871497,
              22.593875690155304
            ],
            [
              77.78636928396794,
              22.593055930423404
            ],
            [
              77.78689398114922,
              22.592180526062993
            ],
            [
              77.78733034713811,
              22.591257907696598
            ],
            [
              77.78767417949162,
              22.590296960643446
            ],
            [
              77.78792216691619,
              22.58930693934897
            ],
            [
              77.78807192115738,
              22.58829737825943
            ],
            [
              77.788122,
              22.587278
            ],
            [
              77.788122,
              22.58702915254868
            ],
            [
              77.78963231400915,
              22.585518507039527
            ],
            [
              77.79418891052434,
              22.580961910524334
            ],
            [
              77.79874591052433,
              22.576404910524346
            ],
            [
              77.80330291052434,
              22.571847910524337
            ],
            [
              77.80785991052433,
              22.567290910524346
            ],
            [
              77.81241691052435,
              22.562733910524344
            ],
            [
              77.81697391052434,
              22.558176910524335
            ],
            [
              77.82153091052434,
              22.553619910524343
            ],
            [
              77.82221630871497,
              22.552863690155302
            ],
            [
              77.82282428396795,
              22.5520439304234
            ],
            [
              77.82334898114922,
              22.55116852606299
            ],
            [
              77.82378534713811,
              22.550245907696596
            ],
            [
              77.82412917949162,
              22.549284960643444
            ],
            [
              77.8243771669162,
              22.548294939348967
            ],
            [
              77.82452692115739,
              22.547285378259428
            ],
            [
              77.824577,
              22.546266
            ],
            [
              77.824577,
              22.528038
            ],
            [
              77.82452692115739,
              22.52701862174057
            ],
            [
              77.8243771669162,
              22.526009060651027
            ],
            [
              77.82412917949162,
              22.52501903935655
            ],
            [
              77.82378534713811,
              22.5240580923034
            ],
            [
              77.82334898114922,
              22.523135473937003
            ],
            [
              77.82282428396795,
              22.52226006957659
            ],
            [
              77.82221630871497,
              22.52144030984469
            ],
            [
              77.82153091052433,
              22.520684089475655
            ],
            [
              77.81697391052434,
              22.516127089475663
            ],
            [
              77.81241691052435,
              22.51157008947567
            ],
            [
              77.8116606901553,
              22.510884691285032
            ],
            [
              77.81084093042341,
              22.510276716032056
            ],
            [
              77.809965526063,
              22.50975201885078
            ],
            [
              77.80904290769661,
              22.509315652861883
            ],
            [
              77.80808196064345,
              22.508971820508386
            ],
            [
              77.80709193934898,
              22.508723833083806
            ],
            [
              77.80608237825943,
              22.508574078842607
            ],
            [
              77.805063,
              22.508523999999998
            ],
            [
              77.791392,
              22.508523999999998
            ],
            [
              77.79037262174057,
              22.508574078842607
            ],
            [
              77.78936306065103,
              22.508723833083806
            ],
            [
              77.78837303935656,
              22.508971820508382
            ],
            [
              77.7874120923034,
              22.509315652861883
            ],
            [
              77.78648947393701,
              22.509752018850776
            ],
            [
              77.7856140695766,
              22.510276716032052
            ],
            [
              77.7847943098447,
              22.510884691285025
            ],
            [
              77.78403808947566,
              22.511570089475654
            ],
            [
              77.78251549575977,
              22.513092683191537
            ],
            [
              77.78227742938661,
              22.513081000015653
            ],
            [
              77.78125798289356,
              22.513131141783457
            ],
            [
              77.78024836109428,
              22.513280972259235
            ],
            [
              77.78000002334704,
              22.51334319663248
            ],
            [
              77.7797520586352,
              22.513281055787523
            ],
            [
              77.77874251398477,
              22.51313119076471
            ],
            [
              77.7777231412268,
              22.513081000062616
            ],
            [
              77.77670375747819,
              22.513130967045136
            ],
            [
              77.77569417996169,
              22.513280610502914
            ],
            [
              77.77470413146068,
              22.51352848928765
            ],
            [
              77.77374314668344,
              22.513872216191142
            ],
            [
              77.77282048043871,
              22.51430848093541
            ],
            [
              77.77194501850678,
              22.514833082052476
            ],
            [
              77.77112519206466,
              22.515440967346812
            ],
            [
              77.77036889648915,
              22.516126282550726
            ],
            [
              77.76968341532005,
              22.516882427704175
            ],
            [
              77.76907535011576,
              22.517702120715978
            ],
            [
              77.76855055687659,
              22.518577467494342
            ],
            [
              77.76811408964832,
              22.51950003797128
            ],
            [
              77.76777015184895,
              22.520460947288772
            ],
            [
              77.76752205578752,
              22.5214509413648
            ],
            [
              77.7673721907647,
              22.522460486015227
            ],
            [
              77.7673220000626,
              22.5234798587732
            ],
            [
              77.76737196704514,
              22.52449924252181
            ],
            [
              77.76752161050291,
              22.525508820038304
            ],
            [
              77.7675843694637,
              22.525759484552143
            ]
          ]
        ]
      }
    },
    {
      "type": "Feature",
      "properties": {
        "depth_band": "0.5 - 1.0",
        "min_depth": 0.5,
        "max_depth": 1.0,
        "max_depth_m": 8.7,
        "avg_depth_m": 4.3,
        "hazard_level": "Moderate",
        "zone": "reservoir",
        "timestep_min": 60
      },
      "geometry": {
        "type": "Polygon",
        "coordinates": [
          [
            [
              77.77081461243957,
              22.525759493259073
            ],
            [
              77.77075529079745,
              22.525925332755197
            ],
            [
              77.77058176629563,
              22.52661833009222
            ],
            [
              77.7704769997479,
              22.527324998354082
            ],
            [
              77.77044200001947,
              22.52803853257251
            ],
            [
              77.77047710414551,
              22.528752061662445
            ],
            [
              77.77058197408556,
              22.529458714588234
            ],
            [
              77.77075559997876,
              22.530151686529273
            ],
            [
              77.77099630986845,
              22.530824304408053
            ],
            [
              77.77130178580256,
              22.53147009114958
            ],
            [
              77.77166908615466,
              22.532082828053316
            ],
            [
              77.77209467395078,
              22.532656614677116
            ],
            [
              77.77257445092921,
              22.533185925656408
            ],
            [
              77.77310379700545,
              22.53366566391153
            ],
            [
              77.77367761476184,
              22.53409120973082
            ],
            [
              77.77429037853399,
              22.534458465256822
            ],
            [
              77.77493618762105,
              22.534763893947225
            ],
            [
              77.7756088231073,
              22.535004554630532
            ],
            [
              77.77630180774818,
              22.535178129828502
            ],
            [
              77.77700846834391,
              22.535282948072673
            ],
            [
              77.777722,
              22.535318
            ],
            [
              77.782278,
              22.535318
            ],
            [
              77.7829915316561,
              22.535282948072673
            ],
            [
              77.78369819225182,
              22.535178129828502
            ],
            [
              77.7843911768927,
              22.535004554630532
            ],
            [
              77.78455649689715,
              22.534945405171353
            ],
            [
              77.78472172754958,
              22.535004525644126
            ],
            [
              77.78541474245571,
              22.535178116841333
            ],
            [
              77.78612143521839,
              22.535282944810174
            ],
            [
              77.786835,
              22.535318
            ],
            [
              77.78754856478159,
              22.535282944810174
            ],
            [
              77.78825525754426,
              22.535178116841333
            ],
            [
              77.78894827245041,
              22.53500452564413
            ],
            [
              77.78962093538762,
              22.534763842996682
            ],
            [
              77.79026676824408,
              22.534458386804456
            ],
            [
              77.79087955129637,
              22.534091098777562
            ],
            [
              77.7914533831087,
              22.53366551610048
            ],
            [
              77.79198273736704,
              22.533185737367038
            ],
            [
              77.79246251610047,
              22.532656383108712
            ],
            [
              77.79288809877755,
              22.532082551296384
            ],
            [
              77.79325538680445,
              22.531469768244094
            ],
            [
              77.79356084299668,
              22.530823935387616
            ],
            [
              77.79380152564413,
              22.53015127245041
            ],
            [
              77.79397511684134,
              22.529458257544277
            ],
            [
              77.79407994481016,
              22.528751564781597
            ],
            [
              77.79411499999999,
              22.528038
            ],
            [
              77.79411499999999,
              22.526496474734085
            ],
            [
              77.79440747473407,
              22.526204
            ],
            [
              77.80204752526593,
              22.526204
            ],
            [
              77.80447226263296,
              22.528628737367033
            ],
            [
              77.806897,
              22.53105347473409
            ],
            [
              77.806897,
              22.543250525265915
            ],
            [
              77.80447226263296,
              22.54567526263296
            ],
            [
              77.79991526263296,
              22.550232262632967
            ],
            [
              77.79535826263296,
              22.554789262632962
            ],
            [
              77.79080126263295,
              22.559346262632957
            ],
            [
              77.78624426263296,
              22.56390326263297
            ],
            [
              77.78168726263296,
              22.568460262632957
            ],
            [
              77.77713026263297,
              22.573017262632966
            ],
            [
              77.7725736977855,
              22.577574827542403
            ],
            [
              77.77209404048365,
              22.57810415724798
            ],
            [
              77.77166856837633,
              22.578677946887403
            ],
            [
              77.7713013778485,
              22.57929067209556
            ],
            [
              77.77099600415843,
              22.579936433641205
            ],
            [
              77.7707553874006,
              22.580609014223942
            ],
            [
              77.77058184419894,
              22.581301938333485
            ],
            [
              77.77047704540277,
              22.582008534594973
            ],
            [
              77.770442,
              22.582722
            ],
            [
              77.770442,
              22.587278
            ],
            [
              77.77047705518983,
              22.5879915647816
            ],
            [
              77.77058188315866,
              22.58869825754428
            ],
            [
              77.77075547435587,
              22.589391272450413
            ],
            [
              77.77099615700331,
              22.59006393538762
            ],
            [
              77.77130161319555,
              22.590709768244096
            ],
            [
              77.77166890122244,
              22.591322551296383
            ],
            [
              77.77209448389952,
              22.59189638310871
            ],
            [
              77.77257426263296,
              22.59242573736704
            ],
            [
              77.77310361689129,
              22.592905516100483
            ],
            [
              77.77367744870361,
              22.593331098777565
            ],
            [
              77.7742902317559,
              22.59369838680446
            ],
            [
              77.77493606461238,
              22.594003842996685
            ],
            [
              77.77560872754958,
              22.594244525644132
            ],
            [
              77.77630174245571,
              22.594418116841336
            ],
            [
              77.77700843521839,
              22.594522944810176
            ],
            [
              77.777722,
              22.594558000000003
            ],
            [
              77.7784355647816,
              22.594522944810176
            ],
            [
              77.77914225754428,
              22.594418116841336
            ],
            [
              77.77983527245041,
              22.594244525644132
            ],
            [
              77.78050793538762,
              22.594003842996685
            ],
            [
              77.7811537682441,
              22.59369838680446
            ],
            [
              77.78176655129639,
              22.593331098777565
            ],
            [
              77.7823403831087,
              22.592905516100483
            ],
            [
              77.78286973736704,
              22.59242573736704
            ],
            [
              77.78334951610047,
              22.59189638310871
            ],
            [
              77.78377509877755,
              22.591322551296383
            ],
            [
              77.78414238680445,
              22.590709768244096
            ],
            [
              77.78444784299668,
              22.59006393538762
            ],
            [
              77.78468852564413,
              22.589391272450413
            ],
            [
              77.78486211684134,
              22.58869825754428
            ],
            [
              77.78496694481017,
              22.5879915647816
            ],
            [
              77.78500199999999,
              22.587278
            ],
            [
              77.78500199999999,
              22.585737006784086
            ],
            [
              77.78742601983069,
              22.583312454903385
            ],
            [
              77.79198273736704,
              22.578755737367032
            ],
            [
              77.79653973736704,
              22.574198737367045
            ],
            [
              77.80109673736703,
              22.569641737367032
            ],
            [
              77.80565373736704,
              22.565084737367044
            ],
            [
              77.81021073736704,
              22.56052773736704
            ],
            [
              77.81476773736703,
              22.555970737367034
            ],
            [
              77.81932473736704,
              22.55141373736704
            ],
            [
              77.81980451610048,
              22.55088438310871
            ],
            [
              77.82023009877756,
              22.55031055129638
            ],
            [
              77.82059738680445,
              22.549697768244094
            ],
            [
              77.82090284299669,
              22.549051935387617
            ],
            [
              77.82114352564413,
              22.54837927245041
            ],
            [
              77.82131711684134,
              22.547686257544278
            ],
            [
              77.82142194481017,
              22.546979564781598
            ],
            [
              77.821457,
              22.546266
            ],
            [
              77.821457,
              22.528038
            ],
            [
              77.82142194481017,
              22.5273244352184
            ],
            [
              77.82131711684134,
              22.52661774245572
            ],
            [
              77.82114352564413,
              22.525924727549587
            ],
            [
              77.82090284299669,
              22.52525206461238
            ],
            [
              77.82059738680445,
              22.524606231755904
            ],
            [
              77.82023009877756,
              22.523993448703614
            ],
            [
              77.81980451610048,
              22.523419616891285
            ],
            [
              77.81932473736704,
              22.522890262632956
            ],
            [
              77.81476773736703,
              22.518333262632957
            ],
            [
              77.81021073736704,
              22.513776262632966
            ],
            [
              77.80968138310872,
              22.51329648389952
            ],
            [
              77.80910755129639,
              22.51287090122244
            ],
            [
              77.8084947682441,
              22.512503613195545
            ],
            [
              77.80784893538763,
              22.51219815700332
            ],
            [
              77.80717627245042,
              22.511957474355867
            ],
            [
              77.80648325754429,
              22.511783883158664
            ],
            [
              77.80577656478161,
              22.511679055189823
            ],
            [
              77.805063,
              22.511643999999997
            ],
            [
              77.791392,
              22.511643999999997
            ],
            [
              77.7906784352184,
              22.511679055189823
            ],
            [
              77.78997174245572,
              22.511783883158664
            ],
            [
              77.78927872754959,
              22.511957474355867
            ],
            [
              77.78860606461238,
              22.512198157003315
            ],
            [
              77.7879602317559,
              22.51250361319554
            ],
            [
              77.78734744870361,
              22.512870901222435
            ],
            [
              77.7867736168913,
              22.513296483899516
            ],
            [
              77.78624426263296,
              22.51377626263296
            ],
            [
              77.78368205905541,
              22.516338466210517
            ],
            [
              77.78299121696301,
              22.516236020941115
            ],
            [
              77.78227760057062,
              22.51620100001096
            ],
            [
              77.7815639880255,
              22.51623609924842
            ],
            [
              77.780857252766,
              22.516340980581464
            ],
            [
              77.78016420198924,
              22.51651463380451
            ],
            [
              77.78000001019541,
              22.516573397176007
            ],
            [
              77.77983603689786,
              22.51651470629427
            ],
            [
              77.77914304104463,
              22.516341039051266
            ],
            [
              77.77843635978934,
              22.516236133535298
            ],
            [
              77.77772279885876,
              22.516201000043832
            ],
            [
              77.77700923023473,
              22.516235976931593
            ],
            [
              77.77630252597318,
              22.51634072735204
            ],
            [
              77.77560949202248,
              22.516514242501355
            ],
            [
              77.77493680267841,
              22.5167548513338
            ],
            [
              77.7742909363071,
              22.517060236654785
            ],
            [
              77.77367811295476,
              22.517427457436735
            ],
            [
              77.77310423444527,
              22.51785297714277
            ],
            [
              77.7725748275424,
              22.518332697785507
            ],
            [
              77.77209499072403,
              22.51886199939292
            ],
            [
              77.77166934508102,
              22.519435784501184
            ],
            [
              77.77130198981361,
              22.52004852724604
            ],
            [
              77.77099646275383,
              22.520694326579896
            ],
            [
              77.77075570629427,
              22.52136696310214
            ],
            [
              77.77058203905126,
              22.52205995895536
            ],
            [
              77.7704771335353,
              22.52276664021066
            ],
            [
              77.77044200004383,
              22.52348020114124
            ],
            [
              77.77047697693159,
              22.524193769765265
            ],
            [
              77.77058172735204,
              22.524900474026815
            ],
            [
              77.77075524250135,
              22.52559350797752
            ],
            [
              77.77081461243957,
              22.525759493259073
            ]
          ]
        ]
      }
    },
    {
      "type": "Feature",
      "properties": {
        "depth_band": "1.0 - 2.0",
        "min_depth": 1.0,
        "max_depth": 2.0,
        "max_depth_m": 8.7,
        "avg_depth_m": 4.3,
        "hazard_level": "Moderate",
        "zone": "reservoir",
        "timestep_min": 60
      },
      "geometry": {
        "type": "Polygon",
        "coordinates": [
          [
            [
              77.77363799863924,
              22.52575949787959
            ],
            [
              77.77359439667595,
              22.525832259580245
            ],
            [
              77.7733980800327,
              22.526247436927548
            ],
            [
              77.77324340122694,
              22.526679856771196
            ],
            [
              77.77313184976148,
              22.52712535505928
            ],
            [
              77.77306449983793,
              22.52757964179905
            ],
            [
              77.77304200001252,
              22.52803834236804
            ],
            [
              77.7730645669507,
              22.52849703964014
            ],
            [
              77.77313198334072,
              22.528951316521006
            ],
            [
              77.77324359998634,
              22.529396798483102
            ],
            [
              77.77339834205829,
              22.52982919569089
            ],
            [
              77.7735947194445,
              22.530244344310443
            ],
            [
              77.77383084109943,
              22.5306382466057
            ],
            [
              77.77410443325407,
              22.531007109435286
            ],
            [
              77.77441286131165,
              22.53134738077912
            ],
            [
              77.7747531552178,
              22.531655783943126
            ],
            [
              77.77512203806117,
              22.53192934911267
            ],
            [
              77.775515957629,
              22.532165441950813
            ],
            [
              77.77593112061354,
              22.53236178896607
            ],
            [
              77.77636352914041,
              22.53251649940534
            ],
            [
              77.7768090192667,
              22.53262808346118
            ],
            [
              77.77726330107822,
              22.532695466618147
            ],
            [
              77.777722,
              22.532718
            ],
            [
              77.782278,
              22.532718
            ],
            [
              77.78273669892178,
              22.532695466618147
            ],
            [
              77.78319098073331,
              22.53262808346118
            ],
            [
              77.78363647085959,
              22.53251649940534
            ],
            [
              77.78406887938647,
              22.53236178896607
            ],
            [
              77.784484042371,
              22.532165441950813
            ],
            [
              77.78455649695903,
              22.532122016818583
            ],
            [
              77.78462886327165,
              22.532165391517147
            ],
            [
              77.78504404153652,
              22.53236175621215
            ],
            [
              77.78547646771044,
              22.532516480771225
            ],
            [
              77.78592197729296,
              22.532628075112285
            ],
            [
              77.78637627978325,
              22.532695464520824
            ],
            [
              77.786835,
              22.532718
            ],
            [
              77.78729372021674,
              22.532695464520824
            ],
            [
              77.78774802270704,
              22.532628075112285
            ],
            [
              77.78819353228954,
              22.532516480771225
            ],
            [
              77.78862595846346,
              22.532361756212154
            ],
            [
              77.78904113672834,
              22.53216539151715
            ],
            [
              77.78943506869052,
              22.531929277785576
            ],
            [
              77.78980396056988,
              22.531655688921738
            ],
            [
              77.79014425973595,
              22.531347259735952
            ],
            [
              77.79045268892173,
              22.531006960569886
            ],
            [
              77.79072627778557,
              22.530638068690532
            ],
            [
              77.79096239151714,
              22.530244136728346
            ],
            [
              77.79115875621216,
              22.52982895846347
            ],
            [
              77.79131348077122,
              22.52939653228955
            ],
            [
              77.79142507511229,
              22.528951022707034
            ],
            [
              77.79149246452083,
              22.52849672021674
            ],
            [
              77.79151499999999,
              22.528038
            ],
            [
              77.79151499999999,
              22.525419519471917
            ],
            [
              77.79333051947191,
              22.523604
            ],
            [
              77.8031244805281,
              22.523604
            ],
            [
              77.80631074026404,
              22.52679025973595
            ],
            [
              77.80949700000001,
              22.529976519471923
            ],
            [
              77.80949700000001,
              22.544327480528082
            ],
            [
              77.80631074026404,
              22.547513740264048
            ],
            [
              77.80175374026405,
              22.55207074026405
            ],
            [
              77.79719674026404,
              22.556627740264048
            ],
            [
              77.79263974026404,
              22.561184740264043
            ],
            [
              77.78808274026404,
              22.565741740264052
            ],
            [
              77.78352574026404,
              22.570298740264043
            ],
            [
              77.77896874026405,
              22.57485574026405
            ],
            [
              77.77441237714783,
              22.579413103420116
            ],
            [
              77.7741040260252,
              22.57975338680227
            ],
            [
              77.77383050824191,
              22.580122251570472
            ],
            [
              77.77359445718832,
              22.580516146347144
            ],
            [
              77.77339814553042,
              22.580931278769345
            ],
            [
              77.77324346332895,
              22.581363652001105
            ],
            [
              77.77313189984218,
              22.581809103214383
            ],
            [
              77.7730645291875,
              22.582263343668195
            ],
            [
              77.773042,
              22.582722
            ],
            [
              77.773042,
              22.587278
            ],
            [
              77.77306453547916,
              22.587736720216743
            ],
            [
              77.7731319248877,
              22.588191022707036
            ],
            [
              77.77324351922877,
              22.588636532289552
            ],
            [
              77.77339824378784,
              22.58906895846347
            ],
            [
              77.77359460848285,
              22.58948413672835
            ],
            [
              77.77383072221443,
              22.589878068690535
            ],
            [
              77.77410431107826,
              22.590246960569885
            ],
            [
              77.77441274026404,
              22.590587259735955
            ],
            [
              77.77475303943011,
              22.590895688921737
            ],
            [
              77.77512193130947,
              22.59116927778558
            ],
            [
              77.77551586327165,
              22.591405391517153
            ],
            [
              77.77593104153652,
              22.591601756212153
            ],
            [
              77.77636346771044,
              22.591756480771227
            ],
            [
              77.77680897729296,
              22.591868075112288
            ],
            [
              77.77726327978326,
              22.591935464520827
            ],
            [
              77.777722,
              22.591958
            ],
            [
              77.77818072021674,
              22.591935464520827
            ],
            [
              77.77863502270704,
              22.591868075112288
            ],
            [
              77.77908053228956,
              22.591756480771227
            ],
            [
              77.77951295846347,
              22.591601756212153
            ],
            [
              77.77992813672834,
              22.591405391517153
            ],
            [
              77.78032206869052,
              22.59116927778558
            ],
            [
              77.78069096056988,
              22.590895688921737
            ],
            [
              77.78103125973595,
              22.590587259735955
            ],
            [
              77.78133968892173,
              22.590246960569885
            ],
            [
              77.78161327778557,
              22.589878068690535
            ],
            [
              77.78184939151714,
              22.58948413672835
            ],
            [
              77.78204575621216,
              22.58906895846347
            ],
            [
              77.78220048077122,
              22.588636532289552
            ],
            [
              77.78231207511229,
              22.588191022707036
            ],
            [
              77.78237946452083,
              22.587736720216743
            ],
            [
              77.78240199999999,
              22.587278
            ],
            [
              77.78240199999999,
              22.584660218646913
            ],
            [
              77.78558744129198,
              22.58147407817993
            ],
            [
              77.79014425973595,
              22.57691725973595
            ],
            [
              77.79470125973596,
              22.57236025973596
            ],
            [
              77.79925825973595,
              22.56780325973595
            ],
            [
              77.80381525973596,
              22.56324625973596
            ],
            [
              77.80837225973596,
              22.558689259735953
            ],
            [
              77.81292925973595,
              22.55413225973595
            ],
            [
              77.81748625973596,
              22.549575259735953
            ],
            [
              77.81779468892174,
              22.549234960569883
            ],
            [
              77.81806827778557,
              22.54886606869053
            ],
            [
              77.81830439151715,
              22.548472136728343
            ],
            [
              77.81850075621216,
              22.548056958463466
            ],
            [
              77.81865548077123,
              22.54762453228955
            ],
            [
              77.81876707511229,
              22.547179022707034
            ],
            [
              77.81883446452083,
              22.54672472021674
            ],
            [
              77.818857,
              22.546266
            ],
            [
              77.818857,
              22.528038
            ],
            [
              77.81883446452083,
              22.527579279783257
            ],
            [
              77.81876707511229,
              22.527124977292964
            ],
            [
              77.81865548077123,
              22.526679467710448
            ],
            [
              77.81850075621216,
              22.52624704153653
            ],
            [
              77.81830439151715,
              22.52583186327165
            ],
            [
              77.81806827778557,
              22.525437931309465
            ],
            [
              77.81779468892174,
              22.525069039430115
            ],
            [
              77.81748625973596,
              22.52472874026404
            ],
            [
              77.81292925973595,
              22.520171740264043
            ],
            [
              77.80837225973596,
              22.51561474026405
            ],
            [
              77.80803196056989,
              22.515306311078263
            ],
            [
              77.80766306869054,
              22.515032722214425
            ],
            [
              77.80726913672835,
              22.51479660848285
            ],
            [
              77.80685395846348,
              22.514600243787847
            ],
            [
              77.80642153228956,
              22.514445519228772
            ],
            [
              77.80597602270704,
              22.514333924887712
            ],
            [
              77.80552172021675,
              22.514266535479173
            ],
            [
              77.805063,
              22.514243999999998
            ],
            [
              77.791392,
              22.514243999999998
            ],
            [
              77.79093327978326,
              22.514266535479173
            ],
            [
              77.79047897729296,
              22.514333924887712
            ],
            [
              77.79003346771044,
              22.514445519228772
            ],
            [
              77.78960104153653,
              22.514600243787847
            ],
            [
              77.78918586327165,
              22.51479660848285
            ],
            [
              77.78879193130948,
              22.515032722214425
            ],
            [
              77.78842303943011,
              22.515306311078263
            ],
            [
              77.78808274026404,
              22.515614740264045
            ],
            [
              77.78438891228409,
              22.519308568243996
            ],
            [
              77.78406883984775,
              22.51915719465751
            ],
            [
              77.78363637871418,
              22.519002472645067
            ],
            [
              77.78319083382466,
              22.518890887320712
            ],
            [
              77.78273649661908,
              22.518823513462145
            ],
            [
              77.78227774322397,
              22.518801000007045
            ],
            [
              77.7818189923021,
              22.518823563802556
            ],
            [
              77.78136466249244,
              22.518890987516656
            ],
            [
              77.78091912985023,
              22.51900262173147
            ],
            [
              77.78048668569743,
              22.519157391198387
            ],
            [
              77.78007149528904,
              22.51935380519475
            ],
            [
              77.78000000320556,
              22.519396664898295
            ],
            [
              77.77992858962754,
              22.519353850594467
            ],
            [
              77.77951343291292,
              22.519157440341743
            ],
            [
              77.77908102372005,
              22.519002668332032
            ],
            [
              77.77863552638584,
              22.518891025104384
            ],
            [
              77.77818123129315,
              22.51882358584412
            ],
            [
              77.77772251355206,
              22.518801000028176
            ],
            [
              77.77726379086518,
              22.518823485170312
            ],
            [
              77.77680948098276,
              22.518890824726313
            ],
            [
              77.77636395915731,
              22.519002370179443
            ],
            [
              77.77593151600755,
              22.519157047286015
            ],
            [
              77.77551631619741,
              22.519353366420933
            ],
            [
              77.77512235832805,
              22.519589436923614
            ],
            [
              77.7747534364291,
              22.519862985306066
            ],
            [
              77.77441310342012,
              22.520171377147825
            ],
            [
              77.77410463689402,
              22.52051164246688
            ],
            [
              77.77383100755209,
              22.52088050432219
            ],
            [
              77.77359485059446,
              22.521274410372456
            ],
            [
              77.77339844034174,
              22.521689567087076
            ],
            [
              77.77324366833203,
              22.522121976279948
            ],
            [
              77.77313202510439,
              22.52256747361416
            ],
            [
              77.77306458584411,
              22.523021768706855
            ],
            [
              77.77304200002817,
              22.52348048644794
            ],
            [
              77.77306448517031,
              22.523939209134813
            ],
            [
              77.7731318247263,
              22.524393519017238
            ],
            [
              77.77324337017944,
              22.52483904084269
            ],
            [
              77.77339804728601,
              22.525271483992448
            ],
            [
              77.77359436642094,
              22.52568668380258
            ],
            [
              77.77363799863924,
              22.52575949787959
            ]
          ]
        ]
      }
    },
    {
      "type": "Feature",
      "properties": {
        "depth_band": "2.0 - 3.0",
        "min_depth": 2.0,
        "max_depth": 3.0,
        "max_depth_m": 8.7,
        "avg_depth_m": 4.3,
        "hazard_level": "Moderate",
        "zone": "reservoir",
        "timestep_min": 60
      },
      "geometry": {
        "type": "Polygon",
        "coordinates": [
          [
            [
              77.77632344815603,
              22.5257595
            ],
            [
              77.77588332063767,
              22.526199724122286
            ],
            [
              77.77571199937724,
              22.52638878882598
            ],
            [
              77.77556003372003,
              22.526593734856654
            ],
            [
              77.7754288870422,
              22.526812588655694
            ],
            [
              77.77531982224039,
              22.52704324273753
            ],
            [
              77.77523388957052,
              22.527283475984
            ],
            [
              77.77517191653415,
              22.527530975032935
            ],
            [
              77.77513449990997,
              22.52778335655503
            ],
            [
              77.77512200000696,
              22.52803819020447
            ],
            [
              77.77513453719483,
              22.528293022022304
            ],
            [
              77.77517199074484,
              22.528545398067227
            ],
            [
              77.77523399999241,
              22.52879288804617
            ],
            [
              77.77531996781016,
              22.52903310871716
            ],
            [
              77.77542906635806,
              22.529263746839135
            ],
            [
              77.77556024505523,
              22.529482581447613
            ],
            [
              77.7757122406967,
              22.529687505241828
            ],
            [
              77.77588358961758,
              22.52987654487729
            ],
            [
              77.77607264178766,
              22.530047879968404
            ],
            [
              77.77627757670065,
              22.53019986061815
            ],
            [
              77.77649642090499,
              22.530331023306008
            ],
            [
              77.77672706700751,
              22.53044010498115
            ],
            [
              77.77696729396689,
              22.530526055225188
            ],
            [
              77.7772147884815,
              22.53058804636732
            ],
            [
              77.77746716726568,
              22.530625481454525
            ],
            [
              77.777722,
              22.530638
            ],
            [
              77.782278,
              22.530638
            ],
            [
              77.78253283273432,
              22.530625481454525
            ],
            [
              77.7827852115185,
              22.53058804636732
            ],
            [
              77.78303270603311,
              22.530526055225188
            ],
            [
              77.78327293299249,
              22.53044010498115
            ],
            [
              77.78350357909501,
              22.530331023306008
            ],
            [
              77.78372242329935,
              22.53019986061815
            ],
            [
              77.78392735821234,
              22.530047879968404
            ],
            [
              77.78411641038242,
              22.52987654487729
            ],
            [
              77.7842877593033,
              22.529687505241828
            ],
            [
              77.78443975494477,
              22.529482581447613
            ],
            [
              77.78450079615897,
              22.529380751421126
            ],
            [
              77.78499652236891,
              22.52987647763108
            ],
            [
              77.78518557746118,
              22.53004782717874
            ],
            [
              77.78539051739415,
              22.530199820991985
            ],
            [
              77.78560936848424,
              22.530330995287304
            ],
            [
              77.78584002307585,
              22.530440086784527
            ],
            [
              77.78608025983914,
              22.530526044872904
            ],
            [
              77.78632776516275,
              22.530588041729047
            ],
            [
              77.78658015543515,
              22.530625480289345
            ],
            [
              77.786835,
              22.530638
            ],
            [
              77.78708984456485,
              22.530625480289345
            ],
            [
              77.78734223483724,
              22.530588041729047
            ],
            [
              77.78758974016085,
              22.530526044872904
            ],
            [
              77.78782997692414,
              22.530440086784527
            ],
            [
              77.78806063151575,
              22.530330995287304
            ],
            [
              77.78827948260584,
              22.530199820991985
            ],
            [
              77.78848442253882,
              22.53004782717874
            ],
            [
              77.78867347763108,
              22.529876477631085
            ],
            [
              77.78884482717874,
              22.529687422538824
            ],
            [
              77.78899682099198,
              22.52948248260585
            ],
            [
              77.7891279952873,
              22.529263631515747
            ],
            [
              77.78923708678452,
              22.52903297692415
            ],
            [
              77.7893230448729,
              22.52879274016086
            ],
            [
              77.78938504172905,
              22.528545234837242
            ],
            [
              77.78942248028935,
              22.528292844564856
            ],
            [
              77.789435,
              22.528038
            ],
            [
              77.789435,
              22.524557955262168
            ],
            [
              77.79246895526217,
              22.521524
            ],
            [
              77.80398604473784,
              22.521524
            ],
            [
              77.80778152236891,
              22.525319477631083
            ],
            [
              77.811577,
              22.529114955262166
            ],
            [
              77.811577,
              22.545189044737832
            ],
            [
              77.80778152236891,
              22.548984522368915
            ],
            [
              77.80322452236892,
              22.553541522368917
            ],
            [
              77.79866752236892,
              22.558098522368915
            ],
            [
              77.79411052236891,
              22.562655522368914
            ],
            [
              77.78955352236892,
              22.56721252236892
            ],
            [
              77.78499652236891,
              22.571769522368914
            ],
            [
              77.78043952236892,
              22.576326522368916
            ],
            [
              77.77588332063767,
              22.580883724122288
            ],
            [
              77.77571201445845,
              22.581072770445708
            ],
            [
              77.7755600601344,
              22.58127769531693
            ],
            [
              77.77542892066018,
              22.581496525748417
            ],
            [
              77.77531985862801,
              22.58172715487186
            ],
            [
              77.77523392407164,
              22.581967362222837
            ],
            [
              77.77517194435677,
              22.582214835119103
            ],
            [
              77.77513451621527,
              22.582467190926778
            ],
            [
              77.775122,
              22.582722
            ],
            [
              77.775122,
              22.587278
            ],
            [
              77.77513451971065,
              22.58753284456486
            ],
            [
              77.77517195827095,
              22.587785234837245
            ],
            [
              77.77523395512709,
              22.588032740160862
            ],
            [
              77.77531991321547,
              22.588272976924152
            ],
            [
              77.77542900471269,
              22.58850363151575
            ],
            [
              77.77556017900801,
              22.588722482605853
            ],
            [
              77.77571217282126,
              22.588927422538827
            ],
            [
              77.77588352236891,
              22.589116477631087
            ],
            [
              77.77607257746118,
              22.589287827178744
            ],
            [
              77.77627751739415,
              22.589439820991988
            ],
            [
              77.77649636848425,
              22.589570995287307
            ],
            [
              77.77672702307585,
              22.58968008678453
            ],
            [
              77.77696725983914,
              22.589766044872906
            ],
            [
              77.77721476516275,
              22.58982804172905
            ],
            [
              77.77746715543515,
              22.589865480289347
            ],
            [
              77.777722,
              22.589878000000002
            ],
            [
              77.77797684456485,
              22.589865480289347
            ],
            [
              77.77822923483724,
              22.58982804172905
            ],
            [
              77.77847674016085,
              22.589766044872906
            ],
            [
              77.77871697692414,
              22.58968008678453
            ],
            [
              77.77894763151575,
              22.589570995287307
            ],
            [
              77.77916648260585,
              22.589439820991988
            ],
            [
              77.77937142253882,
              22.589287827178744
            ],
            [
              77.77956047763108,
              22.589116477631087
            ],
            [
              77.77973182717874,
              22.588927422538827
            ],
            [
              77.77988382099198,
              22.588722482605853
            ],
            [
              77.7800149952873,
              22.58850363151575
            ],
            [
              77.78012408678453,
              22.588272976924152
            ],
            [
              77.7802100448729,
              22.588032740160862
            ],
            [
              77.78027204172905,
              22.587785234837245
            ],
            [
              77.78030948028935,
              22.58753284456486
            ],
            [
              77.780322,
              22.587278
            ],
            [
              77.780322,
              22.583798788137173
            ],
            [
              77.78411657853871,
              22.580003376723454
            ],
            [
              77.78867347763108,
              22.575446477631083
            ],
            [
              77.79323047763108,
              22.570889477631088
            ],
            [
              77.79778747763108,
              22.566332477631082
            ],
            [
              77.80234447763108,
              22.561775477631087
            ],
            [
              77.80690147763109,
              22.557218477631086
            ],
            [
              77.81145847763108,
              22.552661477631084
            ],
            [
              77.81601547763108,
              22.548104477631085
            ],
            [
              77.81618682717874,
              22.547915422538825
            ],
            [
              77.81633882099199,
              22.54771048260585
            ],
            [
              77.8164699952873,
              22.547491631515747
            ],
            [
              77.81657908678453,
              22.54726097692415
            ],
            [
              77.8166650448729,
              22.54702074016086
            ],
            [
              77.81672704172905,
              22.546773234837243
            ],
            [
              77.81676448028935,
              22.546520844564856
            ],
            [
              77.816777,
              22.546266
            ],
            [
              77.816777,
              22.528038
            ],
            [
              77.81676448028935,
              22.52778315543514
            ],
            [
              77.81672704172905,
              22.527530765162755
            ],
            [
              77.8166650448729,
              22.527283259839137
            ],
            [
              77.81657908678453,
              22.527043023075848
            ],
            [
              77.8164699952873,
              22.52681236848425
            ],
            [
              77.81633882099199,
              22.526593517394147
            ],
            [
              77.81618682717874,
              22.526388577461173
            ],
            [
              77.81601547763108,
              22.526199522368913
            ],
            [
              77.81145847763108,
              22.521642522368914
            ],
            [
              77.80690147763109,
              22.517085522368916
            ],
            [
              77.80671242253882,
              22.516914172821256
            ],
            [
              77.80650748260585,
              22.516762179008012
            ],
            [
              77.80628863151576,
              22.516631004712693
            ],
            [
              77.80605797692415,
              22.51652191321547
            ],
            [
              77.80581774016086,
              22.516435955127093
            ],
            [
              77.80557023483725,
              22.51637395827095
            ],
            [
              77.80531784456485,
              22.516336519710652
            ],
            [
              77.805063,
              22.516323999999997
            ],
            [
              77.791392,
              22.516323999999997
            ],
            [
              77.79113715543515,
              22.516336519710652
            ],
            [
              77.79088476516276,
              22.51637395827095
            ],
            [
              77.79063725983914,
              22.516435955127093
            ],
            [
              77.79039702307585,
              22.516521913215467
            ],
            [
              77.79016636848425,
              22.516631004712693
            ],
            [
              77.78994751739415,
              22.516762179008012
            ],
            [
              77.78974257746118,
              22.516914172821252
            ],
            [
              77.78955352236892,
              22.517085522368912
            ],
            [
              77.78499652236891,
              22.521642522368914
            ],
            [
              77.78482517282126,
              22.521831577461175
            ],
            [
              77.78467317900801,
              22.52203651739415
            ],
            [
              77.78461220374189,
              22.522138248479713
            ],
            [
              77.78411647763109,
              22.521642522368918
            ],
            [
              77.78392740875472,
              22.521471161509012
            ],
            [
              77.78372245295274,
              22.52131915919473
            ],
            [
              77.78350358433711,
              22.521187979495807
            ],
            [
              77.78327291102653,
              22.521078885920836
            ],
            [
              77.78303265484121,
              22.520992929247257
            ],
            [
              77.78278512990259,
              22.520930937400394
            ],
            [
              77.78253272034394,
              22.52089350747897
            ],
            [
              77.78227785734666,
              22.520881000003914
            ],
            [
              77.7820229957234,
              22.520893535445865
            ],
            [
              77.78177059027357,
              22.52093099306481
            ],
            [
              77.78152307213901,
              22.52099301207304
            ],
            [
              77.78128282538746,
              22.521078995110216
            ],
            [
              77.78105216404947,
              22.521188113997084
            ],
            [
              77.78083330982994,
              22.5213193177124
            ],
            [
              77.78062837070891,
              22.521471342516257
            ],
            [
              77.78043932063768,
              22.521642724122287
            ],
            [
              77.78,
              22.522082141186797
            ],
            [
              77.77956067936232,
              22.521642724122287
            ],
            [
              77.77937164307396,
              22.521471353830012
            ],
            [
              77.779166719821,
              22.52131933752894
            ],
            [
              77.7789478831264,
              22.52118813921915
            ],
            [
              77.77871724050718,
              22.52107902241208
            ],
            [
              77.7784770131778,
              22.52099303796224
            ],
            [
              77.7782295146588,
              22.520931013946882
            ],
            [
              77.77797712849619,
              22.520893547691177
            ],
            [
              77.7777222853067,
              22.520881000015653
            ],
            [
              77.77746743936954,
              22.520893491761285
            ],
            [
              77.77721504499043,
              22.52093090262573
            ],
            [
              77.77696753286517,
              22.520992872321912
            ],
            [
              77.77672728667086,
              22.521078804047786
            ],
            [
              77.77649662010967,
              22.521187870233852
            ],
            [
              77.77627775462669,
              22.52131902051312
            ],
            [
              77.77607279801616,
              22.521470991836704
            ],
            [
              77.77588372412228,
              22.52164232063768
            ],
            [
              77.77571235383,
              22.521831356926043
            ],
            [
              77.77556033752893,
              22.522036280178995
            ],
            [
              77.77542913921914,
              22.522255116873588
            ],
            [
              77.77532002241207,
              22.52248575949282
            ],
            [
              77.77523403796224,
              22.522725986822195
            ],
            [
              77.77517201394687,
              22.5229734853412
            ],
            [
              77.77513454769118,
              22.523225871503808
            ],
            [
              77.77512200001566,
              22.5234807146933
            ],
            [
              77.77513449176128,
              22.523735560630453
            ],
            [
              77.77517190262573,
              22.523987955009577
            ],
            [
              77.7752338723219,
              22.52423546713483
            ],
            [
              77.77531980404778,
              22.52447571332914
            ],
            [
              77.77542887023385,
              22.524706379890322
            ],
            [
              77.77556002051311,
              22.524925245373304
            ],
            [
              77.7757119918367,
              22.525130201983835
            ],
            [
              77.77588332063767,
              22.525319275877713
            ],
            [
              77.77632344815603,
              22.5257595
            ]
          ]
        ]
      }
    },
    {
      "type": "Feature",
      "properties": {
        "timestep_min": 60,
        "depth_band": "0.1 - 0.5",
        "min_depth": 0.1,
        "max_depth": 0.5,
        "max_depth_m": 10.4,
        "avg_depth_m": 5.7,
        "inundated_area_km2": 0.71,
        "hazard_level": "Moderate",
        "zone": "downstream",
        "wave_front_km": 14.8
      },
      "geometry": {
        "type": "Polygon",
        "coordinates": [
          [
            [
              77.78313922213225,
              22.578240466498713
            ],
            [
              77.69439651707906,
              22.53051170373483
            ],
            [
              77.63477228292093,
              22.521001096265167
            ],
            [
              77.77537331367822,
              22.590015394256955
            ],
            [
              77.78313922213225,
              22.578240466498713
            ]
          ]
        ]
      }
    },
    {
      "type": "Feature",
      "properties": {
        "timestep_min": 60,
        "depth_band": "0.5 - 1.0",
        "min_depth": 0.5,
        "max_depth": 1.0,
        "max_depth_m": 10.4,
        "avg_depth_m": 5.7,
        "inundated_area_km2": 0.53,
        "hazard_level": "Moderate",
        "zone": "downstream",
        "wave_front_km": 14.8
      },
      "geometry": {
        "type": "Polygon",
        "coordinates": [
          [
            [
              77.76690678050622,
              22.572084622366585
            ],
            [
              77.70034975171635,
              22.536288050293674
            ],
            [
              77.65563157609773,
              22.529155094691426
            ],
            [
              77.7610823491657,
              22.580915818185268
            ],
            [
              77.76690678050622,
              22.572084622366585
            ]
          ]
        ]
      }
    },
    {
      "type": "Feature",
      "properties": {
        "timestep_min": 60,
        "depth_band": "1.0 - 2.0",
        "min_depth": 1.0,
        "max_depth": 2.0,
        "max_depth_m": 10.4,
        "avg_depth_m": 5.7,
        "inundated_area_km2": 0.39,
        "hazard_level": "High",
        "zone": "downstream",
        "wave_front_km": 14.8
      },
      "geometry": {
        "type": "Polygon",
        "coordinates": [
          [
            [
              77.7539208272054,
              22.567159947060887
            ],
            [
              77.70511233942617,
              22.54090912754075
            ],
            [
              77.6723190106392,
              22.535678293432436
            ],
            [
              77.74964957755569,
              22.57363615732792
            ],
            [
              77.7539208272054,
              22.567159947060887
            ]
          ]
        ]
      }
    },
    {
      "type": "Feature",
      "properties": {
        "timestep_min": 60,
        "depth_band": "2.0 - 3.0",
        "min_depth": 2.0,
        "max_depth": 3.0,
        "max_depth_m": 10.4,
        "avg_depth_m": 5.7,
        "inundated_area_km2": 0.27,
        "hazard_level": "High",
        "zone": "downstream",
        "wave_front_km": 14.8
      },
      "geometry": {
        "type": "Polygon",
        "coordinates": [
          [
            [
              77.74288276689973,
              22.56297397305104
            ],
            [
              77.70916053897952,
              22.544837043200765
            ],
            [
              77.68650332999943,
              22.541223012362295
            ],
            [
              77.73993172168719,
              22.567448445599172
            ],
            [
              77.74288276689973,
              22.56297397305104
            ]
          ]
        ]
      }
    },
    {
      "type": "Feature",
      "properties": {
        "timestep_min": 60,
        "depth_band": "3.0 - 5.0",
        "min_depth": 3.0,
        "max_depth": 5.0,
        "max_depth_m": 10.4,
        "avg_depth_m": 5.7,
        "inundated_area_km2": 0.16,
        "hazard_level": "Critical",
        "zone": "downstream",
        "wave_front_km": 14.8
      },
      "geometry": {
        "type": "Polygon",
        "coordinates": [
          [
            [
              77.73249400425907,
              22.559034232806482
            ],
            [
              77.71297060914736,
              22.548533904998425
            ],
            [
              77.69985327763258,
              22.5464415713551
            ],
            [
              77.73078550439918,
              22.561624716913293
            ],
            [
              77.73249400425907,
              22.559034232806482
            ]
          ]
        ]
      }
    },
    {
      "type": "Feature",
      "properties": {
        "timestep_min": 60,
        "depth_band": "> 5.0",
        "min_depth": 5.0,
        "max_depth": 99.0,
        "max_depth_m": 10.4,
        "avg_depth_m": 5.7,
        "inundated_area_km2": 0.07,
        "hazard_level": "Critical",
        "zone": "downstream",
        "wave_front_km": 14.8
      },
      "geometry": {
        "type": "Polygon",
        "coordinates": [
          [
            [
              77.72470243227858,
              22.55607942762306
            ],
            [
              77.71582816177326,
              22.55130655134667
            ],
            [
              77.70986573835744,
              22.550355490599706
            ],
            [
              77.72392584143317,
              22.557256920398885
            ],
            [
              77.72470243227858,
              22.55607942762306
            ]
          ]
        ]
      }
    },
    {
      "type": "Feature",
      "properties": {
        "depth_band": "0.1 - 0.5",
        "min_depth": 0.1,
        "max_depth": 0.5,
        "max_depth_m": 8.7,
        "avg_depth_m": 4.3,
        "hazard_level": "Moderate",
        "zone": "reservoir",
        "timestep_min": 90
      },
      "geometry": {
        "type": "Polygon",
        "coordinates": [
          [
            [
              77.7675843694637,
              22.525759484552143
            ],
            [
              77.76752166613662,
              22.52600990013174
            ],
            [
              77.76737199963985,
              22.527019426220118
            ],
            [
              77.76732200002783,
              22.528038760817868
            ],
            [
              77.76737214877932,
              22.529058088089204
            ],
            [
              77.76752196297937,
              22.530067592268907
            ],
            [
              77.76776999996964,
              22.531057552184674
            ],
            [
              77.76811387124064,
              22.532018434868647
            ],
            [
              77.76855026543222,
              22.53294098735654
            ],
            [
              77.76907498022094,
              22.53381632579045
            ],
            [
              77.76968296278682,
              22.53463602096731
            ],
            [
              77.77036835847031,
              22.535392179509156
            ],
            [
              77.77112456715065,
              22.53607751987362
            ],
            [
              77.77194430680262,
              22.536685442472603
            ],
            [
              77.77281968362,
              22.537210093224033
            ],
            [
              77.77374226803008,
              22.537646419924606
            ],
            [
              77.77470317586759,
              22.53799022090076
            ],
            [
              77.77569315392599,
              22.53823818546929
            ],
            [
              77.77670266906273,
              22.538387925818107
            ],
            [
              77.777722,
              22.538438
            ],
            [
              77.782278,
              22.538438
            ],
            [
              77.78329733093727,
              22.538387925818107
            ],
            [
              77.78430684607402,
              22.53823818546929
            ],
            [
              77.78455649645015,
              22.538175654338144
            ],
            [
              77.78480606065102,
              22.53823816691619
            ],
            [
              77.78581562174057,
              22.53838792115739
            ],
            [
              77.786835,
              22.538438
            ],
            [
              77.78785437825942,
              22.53838792115739
            ],
            [
              77.78886393934896,
              22.538238166916194
            ],
            [
              77.78985396064344,
              22.537990179491615
            ],
            [
              77.79081490769659,
              22.537646347138118
            ],
            [
              77.79173752606299,
              22.537209981149225
            ],
            [
              77.7926129304234,
              22.536685283967948
            ],
            [
              77.7934326901553,
              22.536077308714972
            ],
            [
              77.79418891052434,
              22.53539191052434
            ],
            [
              77.79487430871497,
              22.5346356901553
            ],
            [
              77.79548228396794,
              22.533815930423405
            ],
            [
              77.79600698114922,
              22.53294052606299
            ],
            [
              77.79644334713811,
              22.5320179076966
            ],
            [
              77.79678717949162,
              22.531056960643447
            ],
            [
              77.79703516691619,
              22.530066939348966
            ],
            [
              77.7971453715582,
              22.529324
            ],
            [
              77.80075517895132,
              22.529324
            ],
            [
              77.80226608947565,
              22.53083491052433
            ],
            [
              77.803777,
              22.532345821048672
            ],
            [
              77.803777,
              22.54195817895131
            ],
            [
              77.80226608947565,
              22.543469089475657
            ],
            [
              77.79770908947566,
              22.548026089475666
            ],
            [
              77.79315208947565,
              22.552583089475657
            ],
            [
              77.78859508947566,
              22.557140089475656
            ],
            [
              77.78403808947566,
              22.561697089475665
            ],
            [
              77.77948108947567,
              22.566254089475656
            ],
            [
              77.77492408947566,
              22.570811089475665
            ],
            [
              77.77036728255072,
              22.57536889648915
            ],
            [
              77.76968205783379,
              22.57612508178283
            ],
            [
              77.7690742405376,
              22.57694478126772
            ],
            [
              77.76854968264072,
              22.577820102993655
            ],
            [
              77.76811343451205,
              22.57874261948744
            ],
            [
              77.76776969628656,
              22.579703448891348
            ],
            [
              77.76752177742706,
              22.580693340476408
            ],
            [
              77.7673720648611,
              22.581702763707106
            ],
            [
              77.767322,
              22.582722
            ],
            [
              77.767322,
              22.587278
            ],
            [
              77.76737207884261,
              22.58829737825943
            ],
            [
              77.7675218330838,
              22.58930693934897
            ],
            [
              77.76776982050838,
              22.590296960643446
            ],
            [
              77.76811365286189,
              22.591257907696598
            ],
            [
              77.76855001885077,
              22.592180526062993
            ],
            [
              77.76907471603205,
              22.593055930423404
            ],
            [
              77.76968269128503,
              22.593875690155304
            ],
            [
              77.77036808947565,
              22.594631910524342
            ],
            [
              77.7711243098447,
              22.595317308714975
            ],
            [
              77.77194406957659,
              22.595925283967947
            ],
            [
              77.772819473937,
              22.596449981149224
            ],
            [
              77.7737420923034,
              22.596886347138117
            ],
            [
              77.77470303935655,
              22.597230179491618
            ],
            [
              77.77569306065102,
              22.597478166916193
            ],
            [
              77.77670262174057,
              22.597627921157393
            ],
            [
              77.777722,
              22.597678000000002
            ],
            [
              77.77874137825943,
              22.597627921157393
            ],
            [
              77.77975093934897,
              22.597478166916193
            ],
            [
              77.78074096064344,
              22.597230179491618
            ],
            [
              77.7817019076966,
              22.596886347138117
            ],
            [
              77.78262452606299,
              22.596449981149224
            ],
            [
              77.7834999304234,
              22.595925283967947
            ],
            [
              77.7843196901553,
              22.595317308714975
            ],
            [
              77.78507591052434,
              22.594631910524342
            ],
            [
              77.78576130871497,
              22.593875690155304
            ],
            [
              77.78636928396794,
              22.593055930423404
            ],
            [
              77.78689398114922,
              22.592180526062993
            ],
            [
              77.78733034713811,
              22.591257907696598
            ],
            [
              77.78767417949162,
              22.590296960643446
            ],
            [
              77.78792216691619,
              22.58930693934897
            ],
            [
              77.78807192115738,
              22.58829737825943
            ],
            [
              77.788122,
              22.587278
            ],
            [
              77.788122,
              22.58702915254868
            ],
            [
              77.78963231400915,
              22.585518507039527
            ],
            [
              77.79418891052434,
              22.580961910524334
            ],
            [
              77.79874591052433,
              22.576404910524346
            ],
            [
              77.80330291052434,
              22.571847910524337
            ],
            [
              77.80785991052433,
              22.567290910524346
            ],
            [
              77.81241691052435,
              22.562733910524344
            ],
            [
              77.81697391052434,
              22.558176910524335
            ],
            [
              77.82153091052434,
              22.553619910524343
            ],
            [
              77.82221630871497,
              22.552863690155302
            ],
            [
              77.82282428396795,
              22.5520439304234
            ],
            [
              77.82334898114922,
              22.55116852606299
            ],
            [
              77.82378534713811,
              22.550245907696596
            ],
            [
              77.82412917949162,
              22.549284960643444
            ],
            [
              77.8243771669162,
              22.548294939348967
            ],
            [
              77.82452692115739,
              22.547285378259428
            ],
            [
              77.824577,
              22.546266
            ],
            [
              77.824577,
              22.528038
            ],
            [
              77.82452692115739,
              22.52701862174057
            ],
            [
              77.8243771669162,
              22.526009060651027
            ],
            [
              77.82412917949162,
              22.52501903935655
            ],
            [
              77.82378534713811,
              22.5240580923034
            ],
            [
              77.82334898114922,
              22.523135473937003
            ],
            [
              77.82282428396795,
              22.52226006957659
            ],
            [
              77.82221630871497,
              22.52144030984469
            ],
            [
              77.82153091052433,
              22.520684089475655
            ],
            [
              77.81697391052434,
              22.516127089475663
            ],
            [
              77.81241691052435,
              22.51157008947567
            ],
            [
              77.8116606901553,
              22.510884691285032
            ],
            [
              77.81084093042341,
              22.510276716032056
            ],
            [
              77.809965526063,
              22.50975201885078
            ],
            [
              77.80904290769661,
              22.509315652861883
            ],
            [
              77.80808196064345,
              22.508971820508386
            ],
            [
              77.80709193934898,
              22.508723833083806
            ],
            [
              77.80608237825943,
              22.508574078842607
            ],
            [
              77.805063,
              22.508523999999998
            ],
            [
              77.791392,
              22.508523999999998
            ],
            [
              77.79037262174057,
              22.508574078842607
            ],
            [
              77.78936306065103,
              22.508723833083806
            ],
            [
              77.78837303935656,
              22.508971820508382
            ],
            [
              77.7874120923034,
              22.509315652861883
            ],
            [
              77.78648947393701,
              22.509752018850776
            ],
            [
              77.7856140695766,
              22.510276716032052
            ],
            [
              77.7847943098447,
              22.510884691285025
            ],
            [
              77.78403808947566,
              22.511570089475654
            ],
            [
              77.78251549575977,
              22.513092683191537
            ],
            [
              77.78227742938661,
              22.513081000015653
            ],
            [
              77.78125798289356,
              22.513131141783457
            ],
            [
              77.78024836109428,
              22.513280972259235
            ],
            [
              77.78000002334704,
              22.51334319663248
            ],
            [
              77.7797520586352,
              22.513281055787523
            ],
            [
              77.77874251398477,
              22.51313119076471
            ],
            [
              77.7777231412268,
              22.513081000062616
            ],
            [
              77.77670375747819,
              22.513130967045136
            ],
            [
              77.77569417996169,
              22.513280610502914
            ],
            [
              77.77470413146068,
              22.51352848928765
            ],
            [
              77.77374314668344,
              22.513872216191142
            ],
            [
              77.77282048043871,
              22.51430848093541
            ],
            [
              77.77194501850678,
              22.514833082052476
            ],
            [
              77.77112519206466,
              22.515440967346812
            ],
            [
              77.77036889648915,
              22.516126282550726
            ],
            [
              77.76968341532005,
              22.516882427704175
            ],
            [
              77.76907535011576,
              22.517702120715978
            ],
            [
              77.76855055687659,
              22.518577467494342
            ],
            [
              77.76811408964832,
              22.51950003797128
            ],
            [
              77.76777015184895,
              22.520460947288772
            ],
            [
              77.76752205578752,
              22.5214509413648
            ],
            [
              77.7673721907647,
              22.522460486015227
            ],
            [
              77.7673220000626,
              22.5234798587732
            ],
            [
              77.76737196704514,
              22.52449924252181
            ],
            [
              77.76752161050291,
              22.525508820038304
            ],
            [
              77.7675843694637,
              22.525759484552143
            ]
          ]
        ]
      }
    },
    {
      "type": "Feature",
      "properties": {
        "depth_band": "0.5 - 1.0",
        "min_depth": 0.5,
        "max_depth": 1.0,
        "max_depth_m": 8.7,
        "avg_depth_m": 4.3,
        "hazard_level": "Moderate",
        "zone": "reservoir",
        "timestep_min": 90
      },
      "geometry": {
        "type": "Polygon",
        "coordinates": [
          [
            [
              77.77081461243957,
              22.525759493259073
            ],
            [
              77.77075529079745,
              22.525925332755197
            ],
            [
              77.77058176629563,
              22.52661833009222
            ],
            [
              77.7704769997479,
              22.527324998354082
            ],
            [
              77.77044200001947,
              22.52803853257251
            ],
            [
              77.77047710414551,
              22.528752061662445
            ],
            [
              77.77058197408556,
              22.529458714588234
            ],
            [
              77.77075559997876,
              22.530151686529273
            ],
            [
              77.77099630986845,
              22.530824304408053
            ],
            [
              77.77130178580256,
              22.53147009114958
            ],
            [
              77.77166908615466,
              22.532082828053316
            ],
            [
              77.77209467395078,
              22.532656614677116
            ],
            [
              77.77257445092921,
              22.533185925656408
            ],
            [
              77.77310379700545,
              22.53366566391153
            ],
            [
              77.77367761476184,
              22.53409120973082
            ],
            [
              77.77429037853399,
              22.534458465256822
            ],
            [
              77.77493618762105,
              22.534763893947225
            ],
            [
              77.7756088231073,
              22.535004554630532
            ],
            [
              77.77630180774818,
              22.535178129828502
            ],
            [
              77.77700846834391,
              22.535282948072673
            ],
            [
              77.777722,
              22.535318
            ],
            [
              77.782278,
              22.535318
            ],
            [
              77.7829915316561,
              22.535282948072673
            ],
            [
              77.78369819225182,
              22.535178129828502
            ],
            [
              77.7843911768927,
              22.535004554630532
            ],
            [
              77.78455649689715,
              22.534945405171353
            ],
            [
              77.78472172754958,
              22.535004525644126
            ],
            [
              77.78541474245571,
              22.535178116841333
            ],
            [
              77.78612143521839,
              22.535282944810174
            ],
            [
              77.786835,
              22.535318
            ],
            [
              77.78754856478159,
              22.535282944810174
            ],
            [
              77.78825525754426,
              22.535178116841333
            ],
            [
              77.78894827245041,
              22.53500452564413
            ],
            [
              77.78962093538762,
              22.534763842996682
            ],
            [
              77.79026676824408,
              22.534458386804456
            ],
            [
              77.79087955129637,
              22.534091098777562
            ],
            [
              77.7914533831087,
              22.53366551610048
            ],
            [
              77.79198273736704,
              22.533185737367038
            ],
            [
              77.79246251610047,
              22.532656383108712
            ],
            [
              77.79288809877755,
              22.532082551296384
            ],
            [
              77.79325538680445,
              22.531469768244094
            ],
            [
              77.79356084299668,
              22.530823935387616
            ],
            [
              77.79380152564413,
              22.53015127245041
            ],
            [
              77.79397511684134,
              22.529458257544277
            ],
            [
              77.79407994481016,
              22.528751564781597
            ],
            [
              77.79411499999999,
              22.528038
            ],
            [
              77.79411499999999,
              22.526496474734085
            ],
            [
              77.79440747473407,
              22.526204
            ],
            [
              77.80204752526593,
              22.526204
            ],
            [
              77.80447226263296,
              22.528628737367033
            ],
            [
              77.806897,
              22.53105347473409
            ],
            [
              77.806897,
              22.543250525265915
            ],
            [
              77.80447226263296,
              22.54567526263296
            ],
            [
              77.79991526263296,
              22.550232262632967
            ],
            [
              77.79535826263296,
              22.554789262632962
            ],
            [
              77.79080126263295,
              22.559346262632957
            ],
            [
              77.78624426263296,
              22.56390326263297
            ],
            [
              77.78168726263296,
              22.568460262632957
            ],
            [
              77.77713026263297,
              22.573017262632966
            ],
            [
              77.7725736977855,
              22.577574827542403
            ],
            [
              77.77209404048365,
              22.57810415724798
            ],
            [
              77.77166856837633,
              22.578677946887403
            ],
            [
              77.7713013778485,
              22.57929067209556
            ],
            [
              77.77099600415843,
              22.579936433641205
            ],
            [
              77.7707553874006,
              22.580609014223942
            ],
            [
              77.77058184419894,
              22.581301938333485
            ],
            [
              77.77047704540277,
              22.582008534594973
            ],
            [
              77.770442,
              22.582722
            ],
            [
              77.770442,
              22.587278
            ],
            [
              77.77047705518983,
              22.5879915647816
            ],
            [
              77.77058188315866,
              22.58869825754428
            ],
            [
              77.77075547435587,
              22.589391272450413
            ],
            [
              77.77099615700331,
              22.59006393538762
            ],
            [
              77.77130161319555,
              22.590709768244096
            ],
            [
              77.77166890122244,
              22.591322551296383
            ],
            [
              77.77209448389952,
              22.59189638310871
            ],
            [
              77.77257426263296,
              22.59242573736704
            ],
            [
              77.77310361689129,
              22.592905516100483
            ],
            [
              77.77367744870361,
              22.593331098777565
            ],
            [
              77.7742902317559,
              22.59369838680446
            ],
            [
              77.77493606461238,
              22.594003842996685
            ],
            [
              77.77560872754958,
              22.594244525644132
            ],
            [
              77.77630174245571,
              22.594418116841336
            ],
            [
              77.77700843521839,
              22.594522944810176
            ],
            [
              77.777722,
              22.594558000000003
            ],
            [
              77.7784355647816,
              22.594522944810176
            ],
            [
              77.77914225754428,
              22.594418116841336
            ],
            [
              77.77983527245041,
              22.594244525644132
            ],
            [
              77.78050793538762,
              22.594003842996685
            ],
            [
              77.7811537682441,
              22.59369838680446
            ],
            [
              77.78176655129639,
              22.593331098777565
            ],
            [
              77.7823403831087,
              22.592905516100483
            ],
            [
              77.78286973736704,
              22.59242573736704
            ],
            [
              77.78334951610047,
              22.59189638310871
            ],
            [
              77.78377509877755,
              22.591322551296383
            ],
            [
              77.78414238680445,
              22.590709768244096
            ],
            [
              77.78444784299668,
              22.59006393538762
            ],
            [
              77.78468852564413,
              22.589391272450413
            ],
            [
              77.78486211684134,
              22.58869825754428
            ],
            [
              77.78496694481017,
              22.5879915647816
            ],
            [
              77.78500199999999,
              22.587278
            ],
            [
              77.78500199999999,
              22.585737006784086
            ],
            [
              77.78742601983069,
              22.583312454903385
            ],
            [
              77.79198273736704,
              22.578755737367032
            ],
            [
              77.79653973736704,
              22.574198737367045
            ],
            [
              77.80109673736703,
              22.569641737367032
            ],
            [
              77.80565373736704,
              22.565084737367044
            ],
            [
              77.81021073736704,
              22.56052773736704
            ],
            [
              77.81476773736703,
              22.555970737367034
            ],
            [
              77.81932473736704,
              22.55141373736704
            ],
            [
              77.81980451610048,
              22.55088438310871
            ],
            [
              77.82023009877756,
              22.55031055129638
            ],
            [
              77.82059738680445,
              22.549697768244094
            ],
            [
              77.82090284299669,
              22.549051935387617
            ],
            [
              77.82114352564413,
              22.54837927245041
            ],
            [
              77.82131711684134,
              22.547686257544278
            ],
            [
              77.82142194481017,
              22.546979564781598
            ],
            [
              77.821457,
              22.546266
            ],
            [
              77.821457,
              22.528038
            ],
            [
              77.82142194481017,
              22.5273244352184
            ],
            [
              77.82131711684134,
              22.52661774245572
            ],
            [
              77.82114352564413,
              22.525924727549587
            ],
            [
              77.82090284299669,
              22.52525206461238
            ],
            [
              77.82059738680445,
              22.524606231755904
            ],
            [
              77.82023009877756,
              22.523993448703614
            ],
            [
              77.81980451610048,
              22.523419616891285
            ],
            [
              77.81932473736704,
              22.522890262632956
            ],
            [
              77.81476773736703,
              22.518333262632957
            ],
            [
              77.81021073736704,
              22.513776262632966
            ],
            [
              77.80968138310872,
              22.51329648389952
            ],
            [
              77.80910755129639,
              22.51287090122244
            ],
            [
              77.8084947682441,
              22.512503613195545
            ],
            [
              77.80784893538763,
              22.51219815700332
            ],
            [
              77.80717627245042,
              22.511957474355867
            ],
            [
              77.80648325754429,
              22.511783883158664
            ],
            [
              77.80577656478161,
              22.511679055189823
            ],
            [
              77.805063,
              22.511643999999997
            ],
            [
              77.791392,
              22.511643999999997
            ],
            [
              77.7906784352184,
              22.511679055189823
            ],
            [
              77.78997174245572,
              22.511783883158664
            ],
            [
              77.78927872754959,
              22.511957474355867
            ],
            [
              77.78860606461238,
              22.512198157003315
            ],
            [
              77.7879602317559,
              22.51250361319554
            ],
            [
              77.78734744870361,
              22.512870901222435
            ],
            [
              77.7867736168913,
              22.513296483899516
            ],
            [
              77.78624426263296,
              22.51377626263296
            ],
            [
              77.78368205905541,
              22.516338466210517
            ],
            [
              77.78299121696301,
              22.516236020941115
            ],
            [
              77.78227760057062,
              22.51620100001096
            ],
            [
              77.7815639880255,
              22.51623609924842
            ],
            [
              77.780857252766,
              22.516340980581464
            ],
            [
              77.78016420198924,
              22.51651463380451
            ],
            [
              77.78000001019541,
              22.516573397176007
            ],
            [
              77.77983603689786,
              22.51651470629427
            ],
            [
              77.77914304104463,
              22.516341039051266
            ],
            [
              77.77843635978934,
              22.516236133535298
            ],
            [
              77.77772279885876,
              22.516201000043832
            ],
            [
              77.77700923023473,
              22.516235976931593
            ],
            [
              77.77630252597318,
              22.51634072735204
            ],
            [
              77.77560949202248,
              22.516514242501355
            ],
            [
              77.77493680267841,
              22.5167548513338
            ],
            [
              77.7742909363071,
              22.517060236654785
            ],
            [
              77.77367811295476,
              22.517427457436735
            ],
            [
              77.77310423444527,
              22.51785297714277
            ],
            [
              77.7725748275424,
              22.518332697785507
            ],
            [
              77.77209499072403,
              22.51886199939292
            ],
            [
              77.77166934508102,
              22.519435784501184
            ],
            [
              77.77130198981361,
              22.52004852724604
            ],
            [
              77.77099646275383,
              22.520694326579896
            ],
            [
              77.77075570629427,
              22.52136696310214
            ],
            [
              77.77058203905126,
              22.52205995895536
            ],
            [
              77.7704771335353,
              22.52276664021066
            ],
            [
              77.77044200004383,
              22.52348020114124
            ],
            [
              77.77047697693159,
              22.524193769765265
            ],
            [
              77.77058172735204,
              22.524900474026815
            ],
            [
              77.77075524250135,
              22.52559350797752
            ],
            [
              77.77081461243957,
              22.525759493259073
            ]
          ]
        ]
      }
    },
    {
      "type": "Feature",
      "properties": {
        "depth_band": "1.0 - 2.0",
        "min_depth": 1.0,
        "max_depth": 2.0,
        "max_depth_m": 8.7,
        "avg_depth_m": 4.3,
        "hazard_level": "Moderate",
        "zone": "reservoir",
        "timestep_min": 90
      },
      "geometry": {
        "type": "Polygon",
        "coordinates": [
          [
            [
              77.77363799863924,
              22.52575949787959
            ],
            [
              77.77359439667595,
              22.525832259580245
            ],
            [
              77.7733980800327,
              22.526247436927548
            ],
            [
              77.77324340122694,
              22.526679856771196
            ],
            [
              77.77313184976148,
              22.52712535505928
            ],
            [
              77.77306449983793,
              22.52757964179905
            ],
            [
              77.77304200001252,
              22.52803834236804
            ],
            [
              77.7730645669507,
              22.52849703964014
            ],
            [
              77.77313198334072,
              22.528951316521006
            ],
            [
              77.77324359998634,
              22.529396798483102
            ],
            [
              77.77339834205829,
              22.52982919569089
            ],
            [
              77.7735947194445,
              22.530244344310443
            ],
            [
              77.77383084109943,
              22.5306382466057
            ],
            [
              77.77410443325407,
              22.531007109435286
            ],
            [
              77.77441286131165,
              22.53134738077912
            ],
            [
              77.7747531552178,
              22.531655783943126
            ],
            [
              77.77512203806117,
              22.53192934911267
            ],
            [
              77.775515957629,
              22.532165441950813
            ],
            [
              77.77593112061354,
              22.53236178896607
            ],
            [
              77.77636352914041,
              22.53251649940534
            ],
            [
              77.7768090192667,
              22.53262808346118
            ],
            [
              77.77726330107822,
              22.532695466618147
            ],
            [
              77.777722,
              22.532718
            ],
            [
              77.782278,
              22.532718
            ],
            [
              77.78273669892178,
              22.532695466618147
            ],
            [
              77.78319098073331,
              22.53262808346118
            ],
            [
              77.78363647085959,
              22.53251649940534
            ],
            [
              77.78406887938647,
              22.53236178896607
            ],
            [
              77.784484042371,
              22.532165441950813
            ],
            [
              77.78455649695903,
              22.532122016818583
            ],
            [
              77.78462886327165,
              22.532165391517147
            ],
            [
              77.78504404153652,
              22.53236175621215
            ],
            [
              77.78547646771044,
              22.532516480771225
            ],
            [
              77.78592197729296,
              22.532628075112285
            ],
            [
              77.78637627978325,
              22.532695464520824
            ],
            [
              77.786835,
              22.532718
            ],
            [
              77.78729372021674,
              22.532695464520824
            ],
            [
              77.78774802270704,
              22.532628075112285
            ],
            [
              77.78819353228954,
              22.532516480771225
            ],
            [
              77.78862595846346,
              22.532361756212154
            ],
            [
              77.78904113672834,
              22.53216539151715
            ],
            [
              77.78943506869052,
              22.531929277785576
            ],
            [
              77.78980396056988,
              22.531655688921738
            ],
            [
              77.79014425973595,
              22.531347259735952
            ],
            [
              77.79045268892173,
              22.531006960569886
            ],
            [
              77.79072627778557,
              22.530638068690532
            ],
            [
              77.79096239151714,
              22.530244136728346
            ],
            [
              77.79115875621216,
              22.52982895846347
            ],
            [
              77.79131348077122,
              22.52939653228955
            ],
            [
              77.79142507511229,
              22.528951022707034
            ],
            [
              77.79149246452083,
              22.52849672021674
            ],
            [
              77.79151499999999,
              22.528038
            ],
            [
              77.79151499999999,
              22.525419519471917
            ],
            [
              77.79333051947191,
              22.523604
            ],
            [
              77.8031244805281,
              22.523604
            ],
            [
              77.80631074026404,
              22.52679025973595
            ],
            [
              77.80949700000001,
              22.529976519471923
            ],
            [
              77.80949700000001,
              22.544327480528082
            ],
            [
              77.80631074026404,
              22.547513740264048
            ],
            [
              77.80175374026405,
              22.55207074026405
            ],
            [
              77.79719674026404,
              22.556627740264048
            ],
            [
              77.79263974026404,
              22.561184740264043
            ],
            [
              77.78808274026404,
              22.565741740264052
            ],
            [
              77.78352574026404,
              22.570298740264043
            ],
            [
              77.77896874026405,
              22.57485574026405
            ],
            [
              77.77441237714783,
              22.579413103420116
            ],
            [
              77.7741040260252,
              22.57975338680227
            ],
            [
              77.77383050824191,
              22.580122251570472
            ],
            [
              77.77359445718832,
              22.580516146347144
            ],
            [
              77.77339814553042,
              22.580931278769345
            ],
            [
              77.77324346332895,
              22.581363652001105
            ],
            [
              77.77313189984218,
              22.581809103214383
            ],
            [
              77.7730645291875,
              22.582263343668195
            ],
            [
              77.773042,
              22.582722
            ],
            [
              77.773042,
              22.587278
            ],
            [
              77.77306453547916,
              22.587736720216743
            ],
            [
              77.7731319248877,
              22.588191022707036
            ],
            [
              77.77324351922877,
              22.588636532289552
            ],
            [
              77.77339824378784,
              22.58906895846347
            ],
            [
              77.77359460848285,
              22.58948413672835
            ],
            [
              77.77383072221443,
              22.589878068690535
            ],
            [
              77.77410431107826,
              22.590246960569885
            ],
            [
              77.77441274026404,
              22.590587259735955
            ],
            [
              77.77475303943011,
              22.590895688921737
            ],
            [
              77.77512193130947,
              22.59116927778558
            ],
            [
              77.77551586327165,
              22.591405391517153
            ],
            [
              77.77593104153652,
              22.591601756212153
            ],
            [
              77.77636346771044,
              22.591756480771227
            ],
            [
              77.77680897729296,
              22.591868075112288
            ],
            [
              77.77726327978326,
              22.591935464520827
            ],
            [
              77.777722,
              22.591958
            ],
            [
              77.77818072021674,
              22.591935464520827
            ],
            [
              77.77863502270704,
              22.591868075112288
            ],
            [
              77.77908053228956,
              22.591756480771227
            ],
            [
              77.77951295846347,
              22.591601756212153
            ],
            [
              77.77992813672834,
              22.591405391517153
            ],
            [
              77.78032206869052,
              22.59116927778558
            ],
            [
              77.78069096056988,
              22.590895688921737
            ],
            [
              77.78103125973595,
              22.590587259735955
            ],
            [
              77.78133968892173,
              22.590246960569885
            ],
            [
              77.78161327778557,
              22.589878068690535
            ],
            [
              77.78184939151714,
              22.58948413672835
            ],
            [
              77.78204575621216,
              22.58906895846347
            ],
            [
              77.78220048077122,
              22.588636532289552
            ],
            [
              77.78231207511229,
              22.588191022707036
            ],
            [
              77.78237946452083,
              22.587736720216743
            ],
            [
              77.78240199999999,
              22.587278
            ],
            [
              77.78240199999999,
              22.584660218646913
            ],
            [
              77.78558744129198,
              22.58147407817993
            ],
            [
              77.79014425973595,
              22.57691725973595
            ],
            [
              77.79470125973596,
              22.57236025973596
            ],
            [
              77.79925825973595,
              22.56780325973595
            ],
            [
              77.80381525973596,
              22.56324625973596
            ],
            [
              77.80837225973596,
              22.558689259735953
            ],
            [
              77.81292925973595,
              22.55413225973595
            ],
            [
              77.81748625973596,
              22.549575259735953
            ],
            [
              77.81779468892174,
              22.549234960569883
            ],
            [
              77.81806827778557,
              22.54886606869053
            ],
            [
              77.81830439151715,
              22.548472136728343
            ],
            [
              77.81850075621216,
              22.548056958463466
            ],
            [
              77.81865548077123,
              22.54762453228955
            ],
            [
              77.81876707511229,
              22.547179022707034
            ],
            [
              77.81883446452083,
              22.54672472021674
            ],
            [
              77.818857,
              22.546266
            ],
            [
              77.818857,
              22.528038
            ],
            [
              77.81883446452083,
              22.527579279783257
            ],
            [
              77.81876707511229,
              22.527124977292964
            ],
            [
              77.81865548077123,
              22.526679467710448
            ],
            [
              77.81850075621216,
              22.52624704153653
            ],
            [
              77.81830439151715,
              22.52583186327165
            ],
            [
              77.81806827778557,
              22.525437931309465
            ],
            [
              77.81779468892174,
              22.525069039430115
            ],
            [
              77.81748625973596,
              22.52472874026404
            ],
            [
              77.81292925973595,
              22.520171740264043
            ],
            [
              77.80837225973596,
              22.51561474026405
            ],
            [
              77.80803196056989,
              22.515306311078263
            ],
            [
              77.80766306869054,
              22.515032722214425
            ],
            [
              77.80726913672835,
              22.51479660848285
            ],
            [
              77.80685395846348,
              22.514600243787847
            ],
            [
              77.80642153228956,
              22.514445519228772
            ],
            [
              77.80597602270704,
              22.514333924887712
            ],
            [
              77.80552172021675,
              22.514266535479173
            ],
            [
              77.805063,
              22.514243999999998
            ],
            [
              77.791392,
              22.514243999999998
            ],
            [
              77.79093327978326,
              22.514266535479173
            ],
            [
              77.79047897729296,
              22.514333924887712
            ],
            [
              77.79003346771044,
              22.514445519228772
            ],
            [
              77.78960104153653,
              22.514600243787847
            ],
            [
              77.78918586327165,
              22.51479660848285
            ],
            [
              77.78879193130948,
              22.515032722214425
            ],
            [
              77.78842303943011,
              22.515306311078263
            ],
            [
              77.78808274026404,
              22.515614740264045
            ],
            [
              77.78438891228409,
              22.519308568243996
            ],
            [
              77.78406883984775,
              22.51915719465751
            ],
            [
              77.78363637871418,
              22.519002472645067
            ],
            [
              77.78319083382466,
              22.518890887320712
            ],
            [
              77.78273649661908,
              22.518823513462145
            ],
            [
              77.78227774322397,
              22.518801000007045
            ],
            [
              77.7818189923021,
              22.518823563802556
            ],
            [
              77.78136466249244,
              22.518890987516656
            ],
            [
              77.78091912985023,
              22.51900262173147
            ],
            [
              77.78048668569743,
              22.519157391198387
            ],
            [
              77.78007149528904,
              22.51935380519475
            ],
            [
              77.78000000320556,
              22.519396664898295
            ],
            [
              77.77992858962754,
              22.519353850594467
            ],
            [
              77.77951343291292,
              22.519157440341743
            ],
            [
              77.77908102372005,
              22.519002668332032
            ],
            [
              77.77863552638584,
              22.518891025104384
            ],
            [
              77.77818123129315,
              22.51882358584412
            ],
            [
              77.77772251355206,
              22.518801000028176
            ],
            [
              77.77726379086518,
              22.518823485170312
            ],
            [
              77.77680948098276,
              22.518890824726313
            ],
            [
              77.77636395915731,
              22.519002370179443
            ],
            [
              77.77593151600755,
              22.519157047286015
            ],
            [
              77.77551631619741,
              22.519353366420933
            ],
            [
              77.77512235832805,
              22.519589436923614
            ],
            [
              77.7747534364291,
              22.519862985306066
            ],
            [
              77.77441310342012,
              22.520171377147825
            ],
            [
              77.77410463689402,
              22.52051164246688
            ],
            [
              77.77383100755209,
              22.52088050432219
            ],
            [
              77.77359485059446,
              22.521274410372456
            ],
            [
              77.77339844034174,
              22.521689567087076
            ],
            [
              77.77324366833203,
              22.522121976279948
            ],
            [
              77.77313202510439,
              22.52256747361416
            ],
            [
              77.77306458584411,
              22.523021768706855
            ],
            [
              77.77304200002817,
              22.52348048644794
            ],
            [
              77.77306448517031,
              22.523939209134813
            ],
            [
              77.7731318247263,
              22.524393519017238
            ],
            [
              77.77324337017944,
              22.52483904084269
            ],
            [
              77.77339804728601,
              22.525271483992448
            ],
            [
              77.77359436642094,
              22.52568668380258
            ],
            [
              77.77363799863924,
              22.52575949787959
            ]
          ]
        ]
      }
    },
    {
      "type": "Feature",
      "properties": {
        "depth_band": "2.0 - 3.0",
        "min_depth": 2.0,
        "max_depth": 3.0,
        "max_depth_m": 8.7,
        "avg_depth_m": 4.3,
        "hazard_level": "Moderate",
        "zone": "reservoir",
        "timestep_min": 90
      },
      "geometry": {
        "type": "Polygon",
        "coordinates": [
          [
            [
              77.77632344815603,
              22.5257595
            ],
            [
              77.77588332063767,
              22.526199724122286
            ],
            [
              77.77571199937724,
              22.52638878882598
            ],
            [
              77.77556003372003,
              22.526593734856654
            ],
            [
              77.7754288870422,
              22.526812588655694
            ],
            [
              77.77531982224039,
              22.52704324273753
            ],
            [
              77.77523388957052,
              22.527283475984
            ],
            [
              77.77517191653415,
              22.527530975032935
            ],
            [
              77.77513449990997,
              22.52778335655503
            ],
            [
              77.77512200000696,
              22.52803819020447
            ],
            [
              77.77513453719483,
              22.528293022022304
            ],
            [
              77.77517199074484,
              22.528545398067227
            ],
            [
              77.77523399999241,
              22.52879288804617
            ],
            [
              77.77531996781016,
              22.52903310871716
            ],
            [
              77.77542906635806,
              22.529263746839135
            ],
            [
              77.77556024505523,
              22.529482581447613
            ],
            [
              77.7757122406967,
              22.529687505241828
            ],
            [
              77.77588358961758,
              22.52987654487729
            ],
            [
              77.77607264178766,
              22.530047879968404
            ],
            [
              77.77627757670065,
              22.53019986061815
            ],
            [
              77.77649642090499,
              22.530331023306008
            ],
            [
              77.77672706700751,
              22.53044010498115
            ],
            [
              77.77696729396689,
              22.530526055225188
            ],
            [
              77.7772147884815,
              22.53058804636732
            ],
            [
              77.77746716726568,
              22.530625481454525
            ],
            [
              77.777722,
              22.530638
            ],
            [
              77.782278,
              22.530638
            ],
            [
              77.78253283273432,
              22.530625481454525
            ],
            [
              77.7827852115185,
              22.53058804636732
            ],
            [
              77.78303270603311,
              22.530526055225188
            ],
            [
              77.78327293299249,
              22.53044010498115
            ],
            [
              77.78350357909501,
              22.530331023306008
            ],
            [
              77.78372242329935,
              22.53019986061815
            ],
            [
              77.78392735821234,
              22.530047879968404
            ],
            [
              77.78411641038242,
              22.52987654487729
            ],
            [
              77.7842877593033,
              22.529687505241828
            ],
            [
              77.78443975494477,
              22.529482581447613
            ],
            [
              77.78450079615897,
              22.529380751421126
            ],
            [
              77.78499652236891,
              22.52987647763108
            ],
            [
              77.78518557746118,
              22.53004782717874
            ],
            [
              77.78539051739415,
              22.530199820991985
            ],
            [
              77.78560936848424,
              22.530330995287304
            ],
            [
              77.78584002307585,
              22.530440086784527
            ],
            [
              77.78608025983914,
              22.530526044872904
            ],
            [
              77.78632776516275,
              22.530588041729047
            ],
            [
              77.78658015543515,
              22.530625480289345
            ],
            [
              77.786835,
              22.530638
            ],
            [
              77.78708984456485,
              22.530625480289345
            ],
            [
              77.78734223483724,
              22.530588041729047
            ],
            [
              77.78758974016085,
              22.530526044872904
            ],
            [
              77.78782997692414,
              22.530440086784527
            ],
            [
              77.78806063151575,
              22.530330995287304
            ],
            [
              77.78827948260584,
              22.530199820991985
            ],
            [
              77.78848442253882,
              22.53004782717874
            ],
            [
              77.78867347763108,
              22.529876477631085
            ],
            [
              77.78884482717874,
              22.529687422538824
            ],
            [
              77.78899682099198,
              22.52948248260585
            ],
            [
              77.7891279952873,
              22.529263631515747
            ],
            [
              77.78923708678452,
              22.52903297692415
            ],
            [
              77.7893230448729,
              22.52879274016086
            ],
            [
              77.78938504172905,
              22.528545234837242
            ],
            [
              77.78942248028935,
              22.528292844564856
            ],
            [
              77.789435,
              22.528038
            ],
            [
              77.789435,
              22.524557955262168
            ],
            [
              77.79246895526217,
              22.521524
            ],
            [
              77.80398604473784,
              22.521524
            ],
            [
              77.80778152236891,
              22.525319477631083
            ],
            [
              77.811577,
              22.529114955262166
            ],
            [
              77.811577,
              22.545189044737832
            ],
            [
              77.80778152236891,
              22.548984522368915
            ],
            [
              77.80322452236892,
              22.553541522368917
            ],
            [
              77.79866752236892,
              22.558098522368915
            ],
            [
              77.79411052236891,
              22.562655522368914
            ],
            [
              77.78955352236892,
              22.56721252236892
            ],
            [
              77.78499652236891,
              22.571769522368914
            ],
            [
              77.78043952236892,
              22.576326522368916
            ],
            [
              77.77588332063767,
              22.580883724122288
            ],
            [
              77.77571201445845,
              22.581072770445708
            ],
            [
              77.7755600601344,
              22.58127769531693
            ],
            [
              77.77542892066018,
              22.581496525748417
            ],
            [
              77.77531985862801,
              22.58172715487186
            ],
            [
              77.77523392407164,
              22.581967362222837
            ],
            [
              77.77517194435677,
              22.582214835119103
            ],
            [
              77.77513451621527,
              22.582467190926778
            ],
            [
              77.775122,
              22.582722
            ],
            [
              77.775122,
              22.587278
            ],
            [
              77.77513451971065,
              22.58753284456486
            ],
            [
              77.77517195827095,
              22.587785234837245
            ],
            [
              77.77523395512709,
              22.588032740160862
            ],
            [
              77.77531991321547,
              22.588272976924152
            ],
            [
              77.77542900471269,
              22.58850363151575
            ],
            [
              77.77556017900801,
              22.588722482605853
            ],
            [
              77.77571217282126,
              22.588927422538827
            ],
            [
              77.77588352236891,
              22.589116477631087
            ],
            [
              77.77607257746118,
              22.589287827178744
            ],
            [
              77.77627751739415,
              22.589439820991988
            ],
            [
              77.77649636848425,
              22.589570995287307
            ],
            [
              77.77672702307585,
              22.58968008678453
            ],
            [
              77.77696725983914,
              22.589766044872906
            ],
            [
              77.77721476516275,
              22.58982804172905
            ],
            [
              77.77746715543515,
              22.589865480289347
            ],
            [
              77.777722,
              22.589878000000002
            ],
            [
              77.77797684456485,
              22.589865480289347
            ],
            [
              77.77822923483724,
              22.58982804172905
            ],
            [
              77.77847674016085,
              22.589766044872906
            ],
            [
              77.77871697692414,
              22.58968008678453
            ],
            [
              77.77894763151575,
              22.589570995287307
            ],
            [
              77.77916648260585,
              22.589439820991988
            ],
            [
              77.77937142253882,
              22.589287827178744
            ],
            [
              77.77956047763108,
              22.589116477631087
            ],
            [
              77.77973182717874,
              22.588927422538827
            ],
            [
              77.77988382099198,
              22.588722482605853
            ],
            [
              77.7800149952873,
              22.58850363151575
            ],
            [
              77.78012408678453,
              22.588272976924152
            ],
            [
              77.7802100448729,
              22.588032740160862
            ],
            [
              77.78027204172905,
              22.587785234837245
            ],
            [
              77.78030948028935,
              22.58753284456486
            ],
            [
              77.780322,
              22.587278
            ],
            [
              77.780322,
              22.583798788137173
            ],
            [
              77.78411657853871,
              22.580003376723454
            ],
            [
              77.78867347763108,
              22.575446477631083
            ],
            [
              77.79323047763108,
              22.570889477631088
            ],
            [
              77.79778747763108,
              22.566332477631082
            ],
            [
              77.80234447763108,
              22.561775477631087
            ],
            [
              77.80690147763109,
              22.557218477631086
            ],
            [
              77.81145847763108,
              22.552661477631084
            ],
            [
              77.81601547763108,
              22.548104477631085
            ],
            [
              77.81618682717874,
              22.547915422538825
            ],
            [
              77.81633882099199,
              22.54771048260585
            ],
            [
              77.8164699952873,
              22.547491631515747
            ],
            [
              77.81657908678453,
              22.54726097692415
            ],
            [
              77.8166650448729,
              22.54702074016086
            ],
            [
              77.81672704172905,
              22.546773234837243
            ],
            [
              77.81676448028935,
              22.546520844564856
            ],
            [
              77.816777,
              22.546266
            ],
            [
              77.816777,
              22.528038
            ],
            [
              77.81676448028935,
              22.52778315543514
            ],
            [
              77.81672704172905,
              22.527530765162755
            ],
            [
              77.8166650448729,
              22.527283259839137
            ],
            [
              77.81657908678453,
              22.527043023075848
            ],
            [
              77.8164699952873,
              22.52681236848425
            ],
            [
              77.81633882099199,
              22.526593517394147
            ],
            [
              77.81618682717874,
              22.526388577461173
            ],
            [
              77.81601547763108,
              22.526199522368913
            ],
            [
              77.81145847763108,
              22.521642522368914
            ],
            [
              77.80690147763109,
              22.517085522368916
            ],
            [
              77.80671242253882,
              22.516914172821256
            ],
            [
              77.80650748260585,
              22.516762179008012
            ],
            [
              77.80628863151576,
              22.516631004712693
            ],
            [
              77.80605797692415,
              22.51652191321547
            ],
            [
              77.80581774016086,
              22.516435955127093
            ],
            [
              77.80557023483725,
              22.51637395827095
            ],
            [
              77.80531784456485,
              22.516336519710652
            ],
            [
              77.805063,
              22.516323999999997
            ],
            [
              77.791392,
              22.516323999999997
            ],
            [
              77.79113715543515,
              22.516336519710652
            ],
            [
              77.79088476516276,
              22.51637395827095
            ],
            [
              77.79063725983914,
              22.516435955127093
            ],
            [
              77.79039702307585,
              22.516521913215467
            ],
            [
              77.79016636848425,
              22.516631004712693
            ],
            [
              77.78994751739415,
              22.516762179008012
            ],
            [
              77.78974257746118,
              22.516914172821252
            ],
            [
              77.78955352236892,
              22.517085522368912
            ],
            [
              77.78499652236891,
              22.521642522368914
            ],
            [
              77.78482517282126,
              22.521831577461175
            ],
            [
              77.78467317900801,
              22.52203651739415
            ],
            [
              77.78461220374189,
              22.522138248479713
            ],
            [
              77.78411647763109,
              22.521642522368918
            ],
            [
              77.78392740875472,
              22.521471161509012
            ],
            [
              77.78372245295274,
              22.52131915919473
            ],
            [
              77.78350358433711,
              22.521187979495807
            ],
            [
              77.78327291102653,
              22.521078885920836
            ],
            [
              77.78303265484121,
              22.520992929247257
            ],
            [
              77.78278512990259,
              22.520930937400394
            ],
            [
              77.78253272034394,
              22.52089350747897
            ],
            [
              77.78227785734666,
              22.520881000003914
            ],
            [
              77.7820229957234,
              22.520893535445865
            ],
            [
              77.78177059027357,
              22.52093099306481
            ],
            [
              77.78152307213901,
              22.52099301207304
            ],
            [
              77.78128282538746,
              22.521078995110216
            ],
            [
              77.78105216404947,
              22.521188113997084
            ],
            [
              77.78083330982994,
              22.5213193177124
            ],
            [
              77.78062837070891,
              22.521471342516257
            ],
            [
              77.78043932063768,
              22.521642724122287
            ],
            [
              77.78,
              22.522082141186797
            ],
            [
              77.77956067936232,
              22.521642724122287
            ],
            [
              77.77937164307396,
              22.521471353830012
            ],
            [
              77.779166719821,
              22.52131933752894
            ],
            [
              77.7789478831264,
              22.52118813921915
            ],
            [
              77.77871724050718,
              22.52107902241208
            ],
            [
              77.7784770131778,
              22.52099303796224
            ],
            [
              77.7782295146588,
              22.520931013946882
            ],
            [
              77.77797712849619,
              22.520893547691177
            ],
            [
              77.7777222853067,
              22.520881000015653
            ],
            [
              77.77746743936954,
              22.520893491761285
            ],
            [
              77.77721504499043,
              22.52093090262573
            ],
            [
              77.77696753286517,
              22.520992872321912
            ],
            [
              77.77672728667086,
              22.521078804047786
            ],
            [
              77.77649662010967,
              22.521187870233852
            ],
            [
              77.77627775462669,
              22.52131902051312
            ],
            [
              77.77607279801616,
              22.521470991836704
            ],
            [
              77.77588372412228,
              22.52164232063768
            ],
            [
              77.77571235383,
              22.521831356926043
            ],
            [
              77.77556033752893,
              22.522036280178995
            ],
            [
              77.77542913921914,
              22.522255116873588
            ],
            [
              77.77532002241207,
              22.52248575949282
            ],
            [
              77.77523403796224,
              22.522725986822195
            ],
            [
              77.77517201394687,
              22.5229734853412
            ],
            [
              77.77513454769118,
              22.523225871503808
            ],
            [
              77.77512200001566,
              22.5234807146933
            ],
            [
              77.77513449176128,
              22.523735560630453
            ],
            [
              77.77517190262573,
              22.523987955009577
            ],
            [
              77.7752338723219,
              22.52423546713483
            ],
            [
              77.77531980404778,
              22.52447571332914
            ],
            [
              77.77542887023385,
              22.524706379890322
            ],
            [
              77.77556002051311,
              22.524925245373304
            ],
            [
              77.7757119918367,
              22.525130201983835
            ],
            [
              77.77588332063767,
              22.525319275877713
            ],
            [
              77.77632344815603,
              22.5257595
            ]
          ]
        ]
      }
    },
    {
      "type": "Feature",
      "properties": {
        "timestep_min": 90,
        "depth_band": "0.1 - 0.5",
        "min_depth": 0.1,
        "max_depth": 0.5,
        "max_depth_m": 6.3,
        "avg_depth_m": 3.5,
        "inundated_area_km2": 1.59,
        "hazard_level": "Moderate",
        "zone": "downstream",
        "wave_front_km": 25.0
      },
      "geometry": {
        "type": "Polygon",
        "coordinates": [
          [
            [
              77.7830942008098,
              22.578308729319804
            ],
            [
              77.60813850213466,
              22.450654647500475
            ],
            [
              77.60033126014231,
              22.463248629833366
            ],
            [
              77.77427971886628,
              22.59167353895227
            ],
            [
              77.7830942008098,
              22.578308729319804
            ]
          ]
        ]
      }
    },
    {
      "type": "Feature",
      "properties": {
        "timestep_min": 90,
        "depth_band": "0.5 - 1.0",
        "min_depth": 0.5,
        "max_depth": 1.0,
        "max_depth_m": 6.3,
        "avg_depth_m": 3.5,
        "inundated_area_km2": 1.19,
        "hazard_level": "Moderate",
        "zone": "downstream",
        "wave_front_km": 25.0
      },
      "geometry": {
        "type": "Polygon",
        "coordinates": [
          [
            [
              77.76047388735677,
              22.564184980503573
            ],
            [
              77.6292571133504,
              22.468444419139075
            ],
            [
              77.62340168185615,
              22.47788990588874
            ],
            [
              77.75386302589912,
              22.57420858772792
            ],
            [
              77.76047388735677,
              22.564184980503573
            ]
          ]
        ]
      }
    },
    {
      "type": "Feature",
      "properties": {
        "timestep_min": 90,
        "depth_band": "1.0 - 2.0",
        "min_depth": 1.0,
        "max_depth": 2.0,
        "max_depth_m": 6.3,
        "avg_depth_m": 3.5,
        "inundated_area_km2": 0.88,
        "hazard_level": "High",
        "zone": "downstream",
        "wave_front_km": 25.0
      },
      "geometry": {
        "type": "Polygon",
        "coordinates": [
          [
            [
              77.74237763659434,
              22.552885981450586
            ],
            [
              77.646152002323,
              22.482676236449954
            ],
            [
              77.64185801922721,
              22.489602926733042
            ],
            [
              77.73752967152541,
              22.56023662674844
            ],
            [
              77.74237763659434,
              22.552885981450586
            ]
          ]
        ]
      }
    },
    {
      "type": "Feature",
      "properties": {
        "timestep_min": 90,
        "depth_band": "2.0 - 3.0",
        "min_depth": 2.0,
        "max_depth": 3.0,
        "max_depth_m": 6.3,
        "avg_depth_m": 3.5,
        "inundated_area_km2": 0.6,
        "hazard_level": "High",
        "zone": "downstream",
        "wave_front_km": 25.0
      },
      "geometry": {
        "type": "Polygon",
        "coordinates": [
          [
            [
              77.72699582344626,
              22.543281832255545
            ],
            [
              77.66051265794971,
              22.4947732811642
            ],
            [
              77.65754590599262,
              22.499558994450698
            ],
            [
              77.72364632030772,
              22.548360459915884
            ],
            [
              77.72699582344626,
              22.543281832255545
            ]
          ]
        ]
      }
    },
    {
      "type": "Feature",
      "properties": {
        "timestep_min": 90,
        "depth_band": "3.0 - 5.0",
        "min_depth": 3.0,
        "max_depth": 5.0,
        "max_depth_m": 6.3,
        "avg_depth_m": 3.5,
        "inundated_area_km2": 0.35,
        "hazard_level": "Critical",
        "zone": "downstream",
        "wave_front_km": 25.0
      },
      "geometry": {
        "type": "Polygon",
        "coordinates": [
          [
            [
              77.71251882283633,
              22.534242633013157
            ],
            [
              77.67402856912778,
              22.506158735012903
            ],
            [
              77.67231097588947,
              22.50892941112614
            ],
            [
              77.71057963680875,
              22.537182891132296
            ],
            [
              77.71251882283633,
              22.534242633013157
            ]
          ]
        ]
      }
    },
    {
      "type": "Feature",
      "properties": {
        "timestep_min": 90,
        "depth_band": "> 5.0",
        "min_depth": 5.0,
        "max_depth": 99.0,
        "max_depth_m": 6.3,
        "avg_depth_m": 3.5,
        "inundated_area_km2": 0.16,
        "hazard_level": "Critical",
        "zone": "downstream",
        "wave_front_km": 25.0
      },
      "geometry": {
        "type": "Polygon",
        "coordinates": [
          [
            [
              77.70166107237887,
              22.52746323358136
            ],
            [
              77.68416550251136,
              22.51469782539943
            ],
            [
              77.68338477831213,
              22.515957223632718
            ],
            [
              77.70077962418452,
              22.528799714544608
            ],
            [
              77.70166107237887,
              22.52746323358136
            ]
          ]
        ]
      }
    },
    {
      "type": "Feature",
      "properties": {
        "depth_band": "0.1 - 0.5",
        "min_depth": 0.1,
        "max_depth": 0.5,
        "max_depth_m": 8.7,
        "avg_depth_m": 4.3,
        "hazard_level": "Moderate",
        "zone": "reservoir",
        "timestep_min": 120
      },
      "geometry": {
        "type": "Polygon",
        "coordinates": [
          [
            [
              77.7675843694637,
              22.525759484552143
            ],
            [
              77.76752166613662,
              22.52600990013174
            ],
            [
              77.76737199963985,
              22.527019426220118
            ],
            [
              77.76732200002783,
              22.528038760817868
            ],
            [
              77.76737214877932,
              22.529058088089204
            ],
            [
              77.76752196297937,
              22.530067592268907
            ],
            [
              77.76776999996964,
              22.531057552184674
            ],
            [
              77.76811387124064,
              22.532018434868647
            ],
            [
              77.76855026543222,
              22.53294098735654
            ],
            [
              77.76907498022094,
              22.53381632579045
            ],
            [
              77.76968296278682,
              22.53463602096731
            ],
            [
              77.77036835847031,
              22.535392179509156
            ],
            [
              77.77112456715065,
              22.53607751987362
            ],
            [
              77.77194430680262,
              22.536685442472603
            ],
            [
              77.77281968362,
              22.537210093224033
            ],
            [
              77.77374226803008,
              22.537646419924606
            ],
            [
              77.77470317586759,
              22.53799022090076
            ],
            [
              77.77569315392599,
              22.53823818546929
            ],
            [
              77.77670266906273,
              22.538387925818107
            ],
            [
              77.777722,
              22.538438
            ],
            [
              77.782278,
              22.538438
            ],
            [
              77.78329733093727,
              22.538387925818107
            ],
            [
              77.78430684607402,
              22.53823818546929
            ],
            [
              77.78455649645015,
              22.538175654338144
            ],
            [
              77.78480606065102,
              22.53823816691619
            ],
            [
              77.78581562174057,
              22.53838792115739
            ],
            [
              77.786835,
              22.538438
            ],
            [
              77.78785437825942,
              22.53838792115739
            ],
            [
              77.78886393934896,
              22.538238166916194
            ],
            [
              77.78985396064344,
              22.537990179491615
            ],
            [
              77.79081490769659,
              22.537646347138118
            ],
            [
              77.79173752606299,
              22.537209981149225
            ],
            [
              77.7926129304234,
              22.536685283967948
            ],
            [
              77.7934326901553,
              22.536077308714972
            ],
            [
              77.79418891052434,
              22.53539191052434
            ],
            [
              77.79487430871497,
              22.5346356901553
            ],
            [
              77.79548228396794,
              22.533815930423405
            ],
            [
              77.79600698114922,
              22.53294052606299
            ],
            [
              77.79644334713811,
              22.5320179076966
            ],
            [
              77.79678717949162,
              22.531056960643447
            ],
            [
              77.79703516691619,
              22.530066939348966
            ],
            [
              77.7971453715582,
              22.529324
            ],
            [
              77.80075517895132,
              22.529324
            ],
            [
              77.80226608947565,
              22.53083491052433
            ],
            [
              77.803777,
              22.532345821048672
            ],
            [
              77.803777,
              22.54195817895131
            ],
            [
              77.80226608947565,
              22.543469089475657
            ],
            [
              77.79770908947566,
              22.548026089475666
            ],
            [
              77.79315208947565,
              22.552583089475657
            ],
            [
              77.78859508947566,
              22.557140089475656
            ],
            [
              77.78403808947566,
              22.561697089475665
            ],
            [
              77.77948108947567,
              22.566254089475656
            ],
            [
              77.77492408947566,
              22.570811089475665
            ],
            [
              77.77036728255072,
              22.57536889648915
            ],
            [
              77.76968205783379,
              22.57612508178283
            ],
            [
              77.7690742405376,
              22.57694478126772
            ],
            [
              77.76854968264072,
              22.577820102993655
            ],
            [
              77.76811343451205,
              22.57874261948744
            ],
            [
              77.76776969628656,
              22.579703448891348
            ],
            [
              77.76752177742706,
              22.580693340476408
            ],
            [
              77.7673720648611,
              22.581702763707106
            ],
            [
              77.767322,
              22.582722
            ],
            [
              77.767322,
              22.587278
            ],
            [
              77.76737207884261,
              22.58829737825943
            ],
            [
              77.7675218330838,
              22.58930693934897
            ],
            [
              77.76776982050838,
              22.590296960643446
            ],
            [
              77.76811365286189,
              22.591257907696598
            ],
            [
              77.76855001885077,
              22.592180526062993
            ],
            [
              77.76907471603205,
              22.593055930423404
            ],
            [
              77.76968269128503,
              22.593875690155304
            ],
            [
              77.77036808947565,
              22.594631910524342
            ],
            [
              77.7711243098447,
              22.595317308714975
            ],
            [
              77.77194406957659,
              22.595925283967947
            ],
            [
              77.772819473937,
              22.596449981149224
            ],
            [
              77.7737420923034,
              22.596886347138117
            ],
            [
              77.77470303935655,
              22.597230179491618
            ],
            [
              77.77569306065102,
              22.597478166916193
            ],
            [
              77.77670262174057,
              22.597627921157393
            ],
            [
              77.777722,
              22.597678000000002
            ],
            [
              77.77874137825943,
              22.597627921157393
            ],
            [
              77.77975093934897,
              22.597478166916193
            ],
            [
              77.78074096064344,
              22.597230179491618
            ],
            [
              77.7817019076966,
              22.596886347138117
            ],
            [
              77.78262452606299,
              22.596449981149224
            ],
            [
              77.7834999304234,
              22.595925283967947
            ],
            [
              77.7843196901553,
              22.595317308714975
            ],
            [
              77.78507591052434,
              22.594631910524342
            ],
            [
              77.78576130871497,
              22.593875690155304
            ],
            [
              77.78636928396794,
              22.593055930423404
            ],
            [
              77.78689398114922,
              22.592180526062993
            ],
            [
              77.78733034713811,
              22.591257907696598
            ],
            [
              77.78767417949162,
              22.590296960643446
            ],
            [
              77.78792216691619,
              22.58930693934897
            ],
            [
              77.78807192115738,
              22.58829737825943
            ],
            [
              77.788122,
              22.587278
            ],
            [
              77.788122,
              22.58702915254868
            ],
            [
              77.78963231400915,
              22.585518507039527
            ],
            [
              77.79418891052434,
              22.580961910524334
            ],
            [
              77.79874591052433,
              22.576404910524346
            ],
            [
              77.80330291052434,
              22.571847910524337
            ],
            [
              77.80785991052433,
              22.567290910524346
            ],
            [
              77.81241691052435,
              22.562733910524344
            ],
            [
              77.81697391052434,
              22.558176910524335
            ],
            [
              77.82153091052434,
              22.553619910524343
            ],
            [
              77.82221630871497,
              22.552863690155302
            ],
            [
              77.82282428396795,
              22.5520439304234
            ],
            [
              77.82334898114922,
              22.55116852606299
            ],
            [
              77.82378534713811,
              22.550245907696596
            ],
            [
              77.82412917949162,
              22.549284960643444
            ],
            [
              77.8243771669162,
              22.548294939348967
            ],
            [
              77.82452692115739,
              22.547285378259428
            ],
            [
              77.824577,
              22.546266
            ],
            [
              77.824577,
              22.528038
            ],
            [
              77.82452692115739,
              22.52701862174057
            ],
            [
              77.8243771669162,
              22.526009060651027
            ],
            [
              77.82412917949162,
              22.52501903935655
            ],
            [
              77.82378534713811,
              22.5240580923034
            ],
            [
              77.82334898114922,
              22.523135473937003
            ],
            [
              77.82282428396795,
              22.52226006957659
            ],
            [
              77.82221630871497,
              22.52144030984469
            ],
            [
              77.82153091052433,
              22.520684089475655
            ],
            [
              77.81697391052434,
              22.516127089475663
            ],
            [
              77.81241691052435,
              22.51157008947567
            ],
            [
              77.8116606901553,
              22.510884691285032
            ],
            [
              77.81084093042341,
              22.510276716032056
            ],
            [
              77.809965526063,
              22.50975201885078
            ],
            [
              77.80904290769661,
              22.509315652861883
            ],
            [
              77.80808196064345,
              22.508971820508386
            ],
            [
              77.80709193934898,
              22.508723833083806
            ],
            [
              77.80608237825943,
              22.508574078842607
            ],
            [
              77.805063,
              22.508523999999998
            ],
            [
              77.791392,
              22.508523999999998
            ],
            [
              77.79037262174057,
              22.508574078842607
            ],
            [
              77.78936306065103,
              22.508723833083806
            ],
            [
              77.78837303935656,
              22.508971820508382
            ],
            [
              77.7874120923034,
              22.509315652861883
            ],
            [
              77.78648947393701,
              22.509752018850776
            ],
            [
              77.7856140695766,
              22.510276716032052
            ],
            [
              77.7847943098447,
              22.510884691285025
            ],
            [
              77.78403808947566,
              22.511570089475654
            ],
            [
              77.78251549575977,
              22.513092683191537
            ],
            [
              77.78227742938661,
              22.513081000015653
            ],
            [
              77.78125798289356,
              22.513131141783457
            ],
            [
              77.78024836109428,
              22.513280972259235
            ],
            [
              77.78000002334704,
              22.51334319663248
            ],
            [
              77.7797520586352,
              22.513281055787523
            ],
            [
              77.77874251398477,
              22.51313119076471
            ],
            [
              77.7777231412268,
              22.513081000062616
            ],
            [
              77.77670375747819,
              22.513130967045136
            ],
            [
              77.77569417996169,
              22.513280610502914
            ],
            [
              77.77470413146068,
              22.51352848928765
            ],
            [
              77.77374314668344,
              22.513872216191142
            ],
            [
              77.77282048043871,
              22.51430848093541
            ],
            [
              77.77194501850678,
              22.514833082052476
            ],
            [
              77.77112519206466,
              22.515440967346812
            ],
            [
              77.77036889648915,
              22.516126282550726
            ],
            [
              77.76968341532005,
              22.516882427704175
            ],
            [
              77.76907535011576,
              22.517702120715978
            ],
            [
              77.76855055687659,
              22.518577467494342
            ],
            [
              77.76811408964832,
              22.51950003797128
            ],
            [
              77.76777015184895,
              22.520460947288772
            ],
            [
              77.76752205578752,
              22.5214509413648
            ],
            [
              77.7673721907647,
              22.522460486015227
            ],
            [
              77.7673220000626,
              22.5234798587732
            ],
            [
              77.76737196704514,
              22.52449924252181
            ],
            [
              77.76752161050291,
              22.525508820038304
            ],
            [
              77.7675843694637,
              22.525759484552143
            ]
          ]
        ]
      }
    },
    {
      "type": "Feature",
      "properties": {
        "depth_band": "0.5 - 1.0",
        "min_depth": 0.5,
        "max_depth": 1.0,
        "max_depth_m": 8.7,
        "avg_depth_m": 4.3,
        "hazard_level": "Moderate",
        "zone": "reservoir",
        "timestep_min": 120
      },
      "geometry": {
        "type": "Polygon",
        "coordinates": [
          [
            [
              77.77081461243957,
              22.525759493259073
            ],
            [
              77.77075529079745,
              22.525925332755197
            ],
            [
              77.77058176629563,
              22.52661833009222
            ],
            [
              77.7704769997479,
              22.527324998354082
            ],
            [
              77.77044200001947,
              22.52803853257251
            ],
            [
              77.77047710414551,
              22.528752061662445
            ],
            [
              77.77058197408556,
              22.529458714588234
            ],
            [
              77.77075559997876,
              22.530151686529273
            ],
            [
              77.77099630986845,
              22.530824304408053
            ],
            [
              77.77130178580256,
              22.53147009114958
            ],
            [
              77.77166908615466,
              22.532082828053316
            ],
            [
              77.77209467395078,
              22.532656614677116
            ],
            [
              77.77257445092921,
              22.533185925656408
            ],
            [
              77.77310379700545,
              22.53366566391153
            ],
            [
              77.77367761476184,
              22.53409120973082
            ],
            [
              77.77429037853399,
              22.534458465256822
            ],
            [
              77.77493618762105,
              22.534763893947225
            ],
            [
              77.7756088231073,
              22.535004554630532
            ],
            [
              77.77630180774818,
              22.535178129828502
            ],
            [
              77.77700846834391,
              22.535282948072673
            ],
            [
              77.777722,
              22.535318
            ],
            [
              77.782278,
              22.535318
            ],
            [
              77.7829915316561,
              22.535282948072673
            ],
            [
              77.78369819225182,
              22.535178129828502
            ],
            [
              77.7843911768927,
              22.535004554630532
            ],
            [
              77.78455649689715,
              22.534945405171353
            ],
            [
              77.78472172754958,
              22.535004525644126
            ],
            [
              77.78541474245571,
              22.535178116841333
            ],
            [
              77.78612143521839,
              22.535282944810174
            ],
            [
              77.786835,
              22.535318
            ],
            [
              77.78754856478159,
              22.535282944810174
            ],
            [
              77.78825525754426,
              22.535178116841333
            ],
            [
              77.78894827245041,
              22.53500452564413
            ],
            [
              77.78962093538762,
              22.534763842996682
            ],
            [
              77.79026676824408,
              22.534458386804456
            ],
            [
              77.79087955129637,
              22.534091098777562
            ],
            [
              77.7914533831087,
              22.53366551610048
            ],
            [
              77.79198273736704,
              22.533185737367038
            ],
            [
              77.79246251610047,
              22.532656383108712
            ],
            [
              77.79288809877755,
              22.532082551296384
            ],
            [
              77.79325538680445,
              22.531469768244094
            ],
            [
              77.79356084299668,
              22.530823935387616
            ],
            [
              77.79380152564413,
              22.53015127245041
            ],
            [
              77.79397511684134,
              22.529458257544277
            ],
            [
              77.79407994481016,
              22.528751564781597
            ],
            [
              77.79411499999999,
              22.528038
            ],
            [
              77.79411499999999,
              22.526496474734085
            ],
            [
              77.79440747473407,
              22.526204
            ],
            [
              77.80204752526593,
              22.526204
            ],
            [
              77.80447226263296,
              22.528628737367033
            ],
            [
              77.806897,
              22.53105347473409
            ],
            [
              77.806897,
              22.543250525265915
            ],
            [
              77.80447226263296,
              22.54567526263296
            ],
            [
              77.79991526263296,
              22.550232262632967
            ],
            [
              77.79535826263296,
              22.554789262632962
            ],
            [
              77.79080126263295,
              22.559346262632957
            ],
            [
              77.78624426263296,
              22.56390326263297
            ],
            [
              77.78168726263296,
              22.568460262632957
            ],
            [
              77.77713026263297,
              22.573017262632966
            ],
            [
              77.7725736977855,
              22.577574827542403
            ],
            [
              77.77209404048365,
              22.57810415724798
            ],
            [
              77.77166856837633,
              22.578677946887403
            ],
            [
              77.7713013778485,
              22.57929067209556
            ],
            [
              77.77099600415843,
              22.579936433641205
            ],
            [
              77.7707553874006,
              22.580609014223942
            ],
            [
              77.77058184419894,
              22.581301938333485
            ],
            [
              77.77047704540277,
              22.582008534594973
            ],
            [
              77.770442,
              22.582722
            ],
            [
              77.770442,
              22.587278
            ],
            [
              77.77047705518983,
              22.5879915647816
            ],
            [
              77.77058188315866,
              22.58869825754428
            ],
            [
              77.77075547435587,
              22.589391272450413
            ],
            [
              77.77099615700331,
              22.59006393538762
            ],
            [
              77.77130161319555,
              22.590709768244096
            ],
            [
              77.77166890122244,
              22.591322551296383
            ],
            [
              77.77209448389952,
              22.59189638310871
            ],
            [
              77.77257426263296,
              22.59242573736704
            ],
            [
              77.77310361689129,
              22.592905516100483
            ],
            [
              77.77367744870361,
              22.593331098777565
            ],
            [
              77.7742902317559,
              22.59369838680446
            ],
            [
              77.77493606461238,
              22.594003842996685
            ],
            [
              77.77560872754958,
              22.594244525644132
            ],
            [
              77.77630174245571,
              22.594418116841336
            ],
            [
              77.77700843521839,
              22.594522944810176
            ],
            [
              77.777722,
              22.594558000000003
            ],
            [
              77.7784355647816,
              22.594522944810176
            ],
            [
              77.77914225754428,
              22.594418116841336
            ],
            [
              77.77983527245041,
              22.594244525644132
            ],
            [
              77.78050793538762,
              22.594003842996685
            ],
            [
              77.7811537682441,
              22.59369838680446
            ],
            [
              77.78176655129639,
              22.593331098777565
            ],
            [
              77.7823403831087,
              22.592905516100483
            ],
            [
              77.78286973736704,
              22.59242573736704
            ],
            [
              77.78334951610047,
              22.59189638310871
            ],
            [
              77.78377509877755,
              22.591322551296383
            ],
            [
              77.78414238680445,
              22.590709768244096
            ],
            [
              77.78444784299668,
              22.59006393538762
            ],
            [
              77.78468852564413,
              22.589391272450413
            ],
            [
              77.78486211684134,
              22.58869825754428
            ],
            [
              77.78496694481017,
              22.5879915647816
            ],
            [
              77.78500199999999,
              22.587278
            ],
            [
              77.78500199999999,
              22.585737006784086
            ],
            [
              77.78742601983069,
              22.583312454903385
            ],
            [
              77.79198273736704,
              22.578755737367032
            ],
            [
              77.79653973736704,
              22.574198737367045
            ],
            [
              77.80109673736703,
              22.569641737367032
            ],
            [
              77.80565373736704,
              22.565084737367044
            ],
            [
              77.81021073736704,
              22.56052773736704
            ],
            [
              77.81476773736703,
              22.555970737367034
            ],
            [
              77.81932473736704,
              22.55141373736704
            ],
            [
              77.81980451610048,
              22.55088438310871
            ],
            [
              77.82023009877756,
              22.55031055129638
            ],
            [
              77.82059738680445,
              22.549697768244094
            ],
            [
              77.82090284299669,
              22.549051935387617
            ],
            [
              77.82114352564413,
              22.54837927245041
            ],
            [
              77.82131711684134,
              22.547686257544278
            ],
            [
              77.82142194481017,
              22.546979564781598
            ],
            [
              77.821457,
              22.546266
            ],
            [
              77.821457,
              22.528038
            ],
            [
              77.82142194481017,
              22.5273244352184
            ],
            [
              77.82131711684134,
              22.52661774245572
            ],
            [
              77.82114352564413,
              22.525924727549587
            ],
            [
              77.82090284299669,
              22.52525206461238
            ],
            [
              77.82059738680445,
              22.524606231755904
            ],
            [
              77.82023009877756,
              22.523993448703614
            ],
            [
              77.81980451610048,
              22.523419616891285
            ],
            [
              77.81932473736704,
              22.522890262632956
            ],
            [
              77.81476773736703,
              22.518333262632957
            ],
            [
              77.81021073736704,
              22.513776262632966
            ],
            [
              77.80968138310872,
              22.51329648389952
            ],
            [
              77.80910755129639,
              22.51287090122244
            ],
            [
              77.8084947682441,
              22.512503613195545
            ],
            [
              77.80784893538763,
              22.51219815700332
            ],
            [
              77.80717627245042,
              22.511957474355867
            ],
            [
              77.80648325754429,
              22.511783883158664
            ],
            [
              77.80577656478161,
              22.511679055189823
            ],
            [
              77.805063,
              22.511643999999997
            ],
            [
              77.791392,
              22.511643999999997
            ],
            [
              77.7906784352184,
              22.511679055189823
            ],
            [
              77.78997174245572,
              22.511783883158664
            ],
            [
              77.78927872754959,
              22.511957474355867
            ],
            [
              77.78860606461238,
              22.512198157003315
            ],
            [
              77.7879602317559,
              22.51250361319554
            ],
            [
              77.78734744870361,
              22.512870901222435
            ],
            [
              77.7867736168913,
              22.513296483899516
            ],
            [
              77.78624426263296,
              22.51377626263296
            ],
            [
              77.78368205905541,
              22.516338466210517
            ],
            [
              77.78299121696301,
              22.516236020941115
            ],
            [
              77.78227760057062,
              22.51620100001096
            ],
            [
              77.7815639880255,
              22.51623609924842
            ],
            [
              77.780857252766,
              22.516340980581464
            ],
            [
              77.78016420198924,
              22.51651463380451
            ],
            [
              77.78000001019541,
              22.516573397176007
            ],
            [
              77.77983603689786,
              22.51651470629427
            ],
            [
              77.77914304104463,
              22.516341039051266
            ],
            [
              77.77843635978934,
              22.516236133535298
            ],
            [
              77.77772279885876,
              22.516201000043832
            ],
            [
              77.77700923023473,
              22.516235976931593
            ],
            [
              77.77630252597318,
              22.51634072735204
            ],
            [
              77.77560949202248,
              22.516514242501355
            ],
            [
              77.77493680267841,
              22.5167548513338
            ],
            [
              77.7742909363071,
              22.517060236654785
            ],
            [
              77.77367811295476,
              22.517427457436735
            ],
            [
              77.77310423444527,
              22.51785297714277
            ],
            [
              77.7725748275424,
              22.518332697785507
            ],
            [
              77.77209499072403,
              22.51886199939292
            ],
            [
              77.77166934508102,
              22.519435784501184
            ],
            [
              77.77130198981361,
              22.52004852724604
            ],
            [
              77.77099646275383,
              22.520694326579896
            ],
            [
              77.77075570629427,
              22.52136696310214
            ],
            [
              77.77058203905126,
              22.52205995895536
            ],
            [
              77.7704771335353,
              22.52276664021066
            ],
            [
              77.77044200004383,
              22.52348020114124
            ],
            [
              77.77047697693159,
              22.524193769765265
            ],
            [
              77.77058172735204,
              22.524900474026815
            ],
            [
              77.77075524250135,
              22.52559350797752
            ],
            [
              77.77081461243957,
              22.525759493259073
            ]
          ]
        ]
      }
    },
    {
      "type": "Feature",
      "properties": {
        "depth_band": "1.0 - 2.0",
        "min_depth": 1.0,
        "max_depth": 2.0,
        "max_depth_m": 8.7,
        "avg_depth_m": 4.3,
        "hazard_level": "Moderate",
        "zone": "reservoir",
        "timestep_min": 120
      },
      "geometry": {
        "type": "Polygon",
        "coordinates": [
          [
            [
              77.77363799863924,
              22.52575949787959
            ],
            [
              77.77359439667595,
              22.525832259580245
            ],
            [
              77.7733980800327,
              22.526247436927548
            ],
            [
              77.77324340122694,
              22.526679856771196
            ],
            [
              77.77313184976148,
              22.52712535505928
            ],
            [
              77.77306449983793,
              22.52757964179905
            ],
            [
              77.77304200001252,
              22.52803834236804
            ],
            [
              77.7730645669507,
              22.52849703964014
            ],
            [
              77.77313198334072,
              22.528951316521006
            ],
            [
              77.77324359998634,
              22.529396798483102
            ],
            [
              77.77339834205829,
              22.52982919569089
            ],
            [
              77.7735947194445,
              22.530244344310443
            ],
            [
              77.77383084109943,
              22.5306382466057
            ],
            [
              77.77410443325407,
              22.531007109435286
            ],
            [
              77.77441286131165,
              22.53134738077912
            ],
            [
              77.7747531552178,
              22.531655783943126
            ],
            [
              77.77512203806117,
              22.53192934911267
            ],
            [
              77.775515957629,
              22.532165441950813
            ],
            [
              77.77593112061354,
              22.53236178896607
            ],
            [
              77.77636352914041,
              22.53251649940534
            ],
            [
              77.7768090192667,
              22.53262808346118
            ],
            [
              77.77726330107822,
              22.532695466618147
            ],
            [
              77.777722,
              22.532718
            ],
            [
              77.782278,
              22.532718
            ],
            [
              77.78273669892178,
              22.532695466618147
            ],
            [
              77.78319098073331,
              22.53262808346118
            ],
            [
              77.78363647085959,
              22.53251649940534
            ],
            [
              77.78406887938647,
              22.53236178896607
            ],
            [
              77.784484042371,
              22.532165441950813
            ],
            [
              77.78455649695903,
              22.532122016818583
            ],
            [
              77.78462886327165,
              22.532165391517147
            ],
            [
              77.78504404153652,
              22.53236175621215
            ],
            [
              77.78547646771044,
              22.532516480771225
            ],
            [
              77.78592197729296,
              22.532628075112285
            ],
            [
              77.78637627978325,
              22.532695464520824
            ],
            [
              77.786835,
              22.532718
            ],
            [
              77.78729372021674,
              22.532695464520824
            ],
            [
              77.78774802270704,
              22.532628075112285
            ],
            [
              77.78819353228954,
              22.532516480771225
            ],
            [
              77.78862595846346,
              22.532361756212154
            ],
            [
              77.78904113672834,
              22.53216539151715
            ],
            [
              77.78943506869052,
              22.531929277785576
            ],
            [
              77.78980396056988,
              22.531655688921738
            ],
            [
              77.79014425973595,
              22.531347259735952
            ],
            [
              77.79045268892173,
              22.531006960569886
            ],
            [
              77.79072627778557,
              22.530638068690532
            ],
            [
              77.79096239151714,
              22.530244136728346
            ],
            [
              77.79115875621216,
              22.52982895846347
            ],
            [
              77.79131348077122,
              22.52939653228955
            ],
            [
              77.79142507511229,
              22.528951022707034
            ],
            [
              77.79149246452083,
              22.52849672021674
            ],
            [
              77.79151499999999,
              22.528038
            ],
            [
              77.79151499999999,
              22.525419519471917
            ],
            [
              77.79333051947191,
              22.523604
            ],
            [
              77.8031244805281,
              22.523604
            ],
            [
              77.80631074026404,
              22.52679025973595
            ],
            [
              77.80949700000001,
              22.529976519471923
            ],
            [
              77.80949700000001,
              22.544327480528082
            ],
            [
              77.80631074026404,
              22.547513740264048
            ],
            [
              77.80175374026405,
              22.55207074026405
            ],
            [
              77.79719674026404,
              22.556627740264048
            ],
            [
              77.79263974026404,
              22.561184740264043
            ],
            [
              77.78808274026404,
              22.565741740264052
            ],
            [
              77.78352574026404,
              22.570298740264043
            ],
            [
              77.77896874026405,
              22.57485574026405
            ],
            [
              77.77441237714783,
              22.579413103420116
            ],
            [
              77.7741040260252,
              22.57975338680227
            ],
            [
              77.77383050824191,
              22.580122251570472
            ],
            [
              77.77359445718832,
              22.580516146347144
            ],
            [
              77.77339814553042,
              22.580931278769345
            ],
            [
              77.77324346332895,
              22.581363652001105
            ],
            [
              77.77313189984218,
              22.581809103214383
            ],
            [
              77.7730645291875,
              22.582263343668195
            ],
            [
              77.773042,
              22.582722
            ],
            [
              77.773042,
              22.587278
            ],
            [
              77.77306453547916,
              22.587736720216743
            ],
            [
              77.7731319248877,
              22.588191022707036
            ],
            [
              77.77324351922877,
              22.588636532289552
            ],
            [
              77.77339824378784,
              22.58906895846347
            ],
            [
              77.77359460848285,
              22.58948413672835
            ],
            [
              77.77383072221443,
              22.589878068690535
            ],
            [
              77.77410431107826,
              22.590246960569885
            ],
            [
              77.77441274026404,
              22.590587259735955
            ],
            [
              77.77475303943011,
              22.590895688921737
            ],
            [
              77.77512193130947,
              22.59116927778558
            ],
            [
              77.77551586327165,
              22.591405391517153
            ],
            [
              77.77593104153652,
              22.591601756212153
            ],
            [
              77.77636346771044,
              22.591756480771227
            ],
            [
              77.77680897729296,
              22.591868075112288
            ],
            [
              77.77726327978326,
              22.591935464520827
            ],
            [
              77.777722,
              22.591958
            ],
            [
              77.77818072021674,
              22.591935464520827
            ],
            [
              77.77863502270704,
              22.591868075112288
            ],
            [
              77.77908053228956,
              22.591756480771227
            ],
            [
              77.77951295846347,
              22.591601756212153
            ],
            [
              77.77992813672834,
              22.591405391517153
            ],
            [
              77.78032206869052,
              22.59116927778558
            ],
            [
              77.78069096056988,
              22.590895688921737
            ],
            [
              77.78103125973595,
              22.590587259735955
            ],
            [
              77.78133968892173,
              22.590246960569885
            ],
            [
              77.78161327778557,
              22.589878068690535
            ],
            [
              77.78184939151714,
              22.58948413672835
            ],
            [
              77.78204575621216,
              22.58906895846347
            ],
            [
              77.78220048077122,
              22.588636532289552
            ],
            [
              77.78231207511229,
              22.588191022707036
            ],
            [
              77.78237946452083,
              22.587736720216743
            ],
            [
              77.78240199999999,
              22.587278
            ],
            [
              77.78240199999999,
              22.584660218646913
            ],
            [
              77.78558744129198,
              22.58147407817993
            ],
            [
              77.79014425973595,
              22.57691725973595
            ],
            [
              77.79470125973596,
              22.57236025973596
            ],
            [
              77.79925825973595,
              22.56780325973595
            ],
            [
              77.80381525973596,
              22.56324625973596
            ],
            [
              77.80837225973596,
              22.558689259735953
            ],
            [
              77.81292925973595,
              22.55413225973595
            ],
            [
              77.81748625973596,
              22.549575259735953
            ],
            [
              77.81779468892174,
              22.549234960569883
            ],
            [
              77.81806827778557,
              22.54886606869053
            ],
            [
              77.81830439151715,
              22.548472136728343
            ],
            [
              77.81850075621216,
              22.548056958463466
            ],
            [
              77.81865548077123,
              22.54762453228955
            ],
            [
              77.81876707511229,
              22.547179022707034
            ],
            [
              77.81883446452083,
              22.54672472021674
            ],
            [
              77.818857,
              22.546266
            ],
            [
              77.818857,
              22.528038
            ],
            [
              77.81883446452083,
              22.527579279783257
            ],
            [
              77.81876707511229,
              22.527124977292964
            ],
            [
              77.81865548077123,
              22.526679467710448
            ],
            [
              77.81850075621216,
              22.52624704153653
            ],
            [
              77.81830439151715,
              22.52583186327165
            ],
            [
              77.81806827778557,
              22.525437931309465
            ],
            [
              77.81779468892174,
              22.525069039430115
            ],
            [
              77.81748625973596,
              22.52472874026404
            ],
            [
              77.81292925973595,
              22.520171740264043
            ],
            [
              77.80837225973596,
              22.51561474026405
            ],
            [
              77.80803196056989,
              22.515306311078263
            ],
            [
              77.80766306869054,
              22.515032722214425
            ],
            [
              77.80726913672835,
              22.51479660848285
            ],
            [
              77.80685395846348,
              22.514600243787847
            ],
            [
              77.80642153228956,
              22.514445519228772
            ],
            [
              77.80597602270704,
              22.514333924887712
            ],
            [
              77.80552172021675,
              22.514266535479173
            ],
            [
              77.805063,
              22.514243999999998
            ],
            [
              77.791392,
              22.514243999999998
            ],
            [
              77.79093327978326,
              22.514266535479173
            ],
            [
              77.79047897729296,
              22.514333924887712
            ],
            [
              77.79003346771044,
              22.514445519228772
            ],
            [
              77.78960104153653,
              22.514600243787847
            ],
            [
              77.78918586327165,
              22.51479660848285
            ],
            [
              77.78879193130948,
              22.515032722214425
            ],
            [
              77.78842303943011,
              22.515306311078263
            ],
            [
              77.78808274026404,
              22.515614740264045
            ],
            [
              77.78438891228409,
              22.519308568243996
            ],
            [
              77.78406883984775,
              22.51915719465751
            ],
            [
              77.78363637871418,
              22.519002472645067
            ],
            [
              77.78319083382466,
              22.518890887320712
            ],
            [
              77.78273649661908,
              22.518823513462145
            ],
            [
              77.78227774322397,
              22.518801000007045
            ],
            [
              77.7818189923021,
              22.518823563802556
            ],
            [
              77.78136466249244,
              22.518890987516656
            ],
            [
              77.78091912985023,
              22.51900262173147
            ],
            [
              77.78048668569743,
              22.519157391198387
            ],
            [
              77.78007149528904,
              22.51935380519475
            ],
            [
              77.78000000320556,
              22.519396664898295
            ],
            [
              77.77992858962754,
              22.519353850594467
            ],
            [
              77.77951343291292,
              22.519157440341743
            ],
            [
              77.77908102372005,
              22.519002668332032
            ],
            [
              77.77863552638584,
              22.518891025104384
            ],
            [
              77.77818123129315,
              22.51882358584412
            ],
            [
              77.77772251355206,
              22.518801000028176
            ],
            [
              77.77726379086518,
              22.518823485170312
            ],
            [
              77.77680948098276,
              22.518890824726313
            ],
            [
              77.77636395915731,
              22.519002370179443
            ],
            [
              77.77593151600755,
              22.519157047286015
            ],
            [
              77.77551631619741,
              22.519353366420933
            ],
            [
              77.77512235832805,
              22.519589436923614
            ],
            [
              77.7747534364291,
              22.519862985306066
            ],
            [
              77.77441310342012,
              22.520171377147825
            ],
            [
              77.77410463689402,
              22.52051164246688
            ],
            [
              77.77383100755209,
              22.52088050432219
            ],
            [
              77.77359485059446,
              22.521274410372456
            ],
            [
              77.77339844034174,
              22.521689567087076
            ],
            [
              77.77324366833203,
              22.522121976279948
            ],
            [
              77.77313202510439,
              22.52256747361416
            ],
            [
              77.77306458584411,
              22.523021768706855
            ],
            [
              77.77304200002817,
              22.52348048644794
            ],
            [
              77.77306448517031,
              22.523939209134813
            ],
            [
              77.7731318247263,
              22.524393519017238
            ],
            [
              77.77324337017944,
              22.52483904084269
            ],
            [
              77.77339804728601,
              22.525271483992448
            ],
            [
              77.77359436642094,
              22.52568668380258
            ],
            [
              77.77363799863924,
              22.52575949787959
            ]
          ]
        ]
      }
    },
    {
      "type": "Feature",
      "properties": {
        "depth_band": "2.0 - 3.0",
        "min_depth": 2.0,
        "max_depth": 3.0,
        "max_depth_m": 8.7,
        "avg_depth_m": 4.3,
        "hazard_level": "Moderate",
        "zone": "reservoir",
        "timestep_min": 120
      },
      "geometry": {
        "type": "Polygon",
        "coordinates": [
          [
            [
              77.77632344815603,
              22.5257595
            ],
            [
              77.77588332063767,
              22.526199724122286
            ],
            [
              77.77571199937724,
              22.52638878882598
            ],
            [
              77.77556003372003,
              22.526593734856654
            ],
            [
              77.7754288870422,
              22.526812588655694
            ],
            [
              77.77531982224039,
              22.52704324273753
            ],
            [
              77.77523388957052,
              22.527283475984
            ],
            [
              77.77517191653415,
              22.527530975032935
            ],
            [
              77.77513449990997,
              22.52778335655503
            ],
            [
              77.77512200000696,
              22.52803819020447
            ],
            [
              77.77513453719483,
              22.528293022022304
            ],
            [
              77.77517199074484,
              22.528545398067227
            ],
            [
              77.77523399999241,
              22.52879288804617
            ],
            [
              77.77531996781016,
              22.52903310871716
            ],
            [
              77.77542906635806,
              22.529263746839135
            ],
            [
              77.77556024505523,
              22.529482581447613
            ],
            [
              77.7757122406967,
              22.529687505241828
            ],
            [
              77.77588358961758,
              22.52987654487729
            ],
            [
              77.77607264178766,
              22.530047879968404
            ],
            [
              77.77627757670065,
              22.53019986061815
            ],
            [
              77.77649642090499,
              22.530331023306008
            ],
            [
              77.77672706700751,
              22.53044010498115
            ],
            [
              77.77696729396689,
              22.530526055225188
            ],
            [
              77.7772147884815,
              22.53058804636732
            ],
            [
              77.77746716726568,
              22.530625481454525
            ],
            [
              77.777722,
              22.530638
            ],
            [
              77.782278,
              22.530638
            ],
            [
              77.78253283273432,
              22.530625481454525
            ],
            [
              77.7827852115185,
              22.53058804636732
            ],
            [
              77.78303270603311,
              22.530526055225188
            ],
            [
              77.78327293299249,
              22.53044010498115
            ],
            [
              77.78350357909501,
              22.530331023306008
            ],
            [
              77.78372242329935,
              22.53019986061815
            ],
            [
              77.78392735821234,
              22.530047879968404
            ],
            [
              77.78411641038242,
              22.52987654487729
            ],
            [
              77.7842877593033,
              22.529687505241828
            ],
            [
              77.78443975494477,
              22.529482581447613
            ],
            [
              77.78450079615897,
              22.529380751421126
            ],
            [
              77.78499652236891,
              22.52987647763108
            ],
            [
              77.78518557746118,
              22.53004782717874
            ],
            [
              77.78539051739415,
              22.530199820991985
            ],
            [
              77.78560936848424,
              22.530330995287304
            ],
            [
              77.78584002307585,
              22.530440086784527
            ],
            [
              77.78608025983914,
              22.530526044872904
            ],
            [
              77.78632776516275,
              22.530588041729047
            ],
            [
              77.78658015543515,
              22.530625480289345
            ],
            [
              77.786835,
              22.530638
            ],
            [
              77.78708984456485,
              22.530625480289345
            ],
            [
              77.78734223483724,
              22.530588041729047
            ],
            [
              77.78758974016085,
              22.530526044872904
            ],
            [
              77.78782997692414,
              22.530440086784527
            ],
            [
              77.78806063151575,
              22.530330995287304
            ],
            [
              77.78827948260584,
              22.530199820991985
            ],
            [
              77.78848442253882,
              22.53004782717874
            ],
            [
              77.78867347763108,
              22.529876477631085
            ],
            [
              77.78884482717874,
              22.529687422538824
            ],
            [
              77.78899682099198,
              22.52948248260585
            ],
            [
              77.7891279952873,
              22.529263631515747
            ],
            [
              77.78923708678452,
              22.52903297692415
            ],
            [
              77.7893230448729,
              22.52879274016086
            ],
            [
              77.78938504172905,
              22.528545234837242
            ],
            [
              77.78942248028935,
              22.528292844564856
            ],
            [
              77.789435,
              22.528038
            ],
            [
              77.789435,
              22.524557955262168
            ],
            [
              77.79246895526217,
              22.521524
            ],
            [
              77.80398604473784,
              22.521524
            ],
            [
              77.80778152236891,
              22.525319477631083
            ],
            [
              77.811577,
              22.529114955262166
            ],
            [
              77.811577,
              22.545189044737832
            ],
            [
              77.80778152236891,
              22.548984522368915
            ],
            [
              77.80322452236892,
              22.553541522368917
            ],
            [
              77.79866752236892,
              22.558098522368915
            ],
            [
              77.79411052236891,
              22.562655522368914
            ],
            [
              77.78955352236892,
              22.56721252236892
            ],
            [
              77.78499652236891,
              22.571769522368914
            ],
            [
              77.78043952236892,
              22.576326522368916
            ],
            [
              77.77588332063767,
              22.580883724122288
            ],
            [
              77.77571201445845,
              22.581072770445708
            ],
            [
              77.7755600601344,
              22.58127769531693
            ],
            [
              77.77542892066018,
              22.581496525748417
            ],
            [
              77.77531985862801,
              22.58172715487186
            ],
            [
              77.77523392407164,
              22.581967362222837
            ],
            [
              77.77517194435677,
              22.582214835119103
            ],
            [
              77.77513451621527,
              22.582467190926778
            ],
            [
              77.775122,
              22.582722
            ],
            [
              77.775122,
              22.587278
            ],
            [
              77.77513451971065,
              22.58753284456486
            ],
            [
              77.77517195827095,
              22.587785234837245
            ],
            [
              77.77523395512709,
              22.588032740160862
            ],
            [
              77.77531991321547,
              22.588272976924152
            ],
            [
              77.77542900471269,
              22.58850363151575
            ],
            [
              77.77556017900801,
              22.588722482605853
            ],
            [
              77.77571217282126,
              22.588927422538827
            ],
            [
              77.77588352236891,
              22.589116477631087
            ],
            [
              77.77607257746118,
              22.589287827178744
            ],
            [
              77.77627751739415,
              22.589439820991988
            ],
            [
              77.77649636848425,
              22.589570995287307
            ],
            [
              77.77672702307585,
              22.58968008678453
            ],
            [
              77.77696725983914,
              22.589766044872906
            ],
            [
              77.77721476516275,
              22.58982804172905
            ],
            [
              77.77746715543515,
              22.589865480289347
            ],
            [
              77.777722,
              22.589878000000002
            ],
            [
              77.77797684456485,
              22.589865480289347
            ],
            [
              77.77822923483724,
              22.58982804172905
            ],
            [
              77.77847674016085,
              22.589766044872906
            ],
            [
              77.77871697692414,
              22.58968008678453
            ],
            [
              77.77894763151575,
              22.589570995287307
            ],
            [
              77.77916648260585,
              22.589439820991988
            ],
            [
              77.77937142253882,
              22.589287827178744
            ],
            [
              77.77956047763108,
              22.589116477631087
            ],
            [
              77.77973182717874,
              22.588927422538827
            ],
            [
              77.77988382099198,
              22.588722482605853
            ],
            [
              77.7800149952873,
              22.58850363151575
            ],
            [
              77.78012408678453,
              22.588272976924152
            ],
            [
              77.7802100448729,
              22.588032740160862
            ],
            [
              77.78027204172905,
              22.587785234837245
            ],
            [
              77.78030948028935,
              22.58753284456486
            ],
            [
              77.780322,
              22.587278
            ],
            [
              77.780322,
              22.583798788137173
            ],
            [
              77.78411657853871,
              22.580003376723454
            ],
            [
              77.78867347763108,
              22.575446477631083
            ],
            [
              77.79323047763108,
              22.570889477631088
            ],
            [
              77.79778747763108,
              22.566332477631082
            ],
            [
              77.80234447763108,
              22.561775477631087
            ],
            [
              77.80690147763109,
              22.557218477631086
            ],
            [
              77.81145847763108,
              22.552661477631084
            ],
            [
              77.81601547763108,
              22.548104477631085
            ],
            [
              77.81618682717874,
              22.547915422538825
            ],
            [
              77.81633882099199,
              22.54771048260585
            ],
            [
              77.8164699952873,
              22.547491631515747
            ],
            [
              77.81657908678453,
              22.54726097692415
            ],
            [
              77.8166650448729,
              22.54702074016086
            ],
            [
              77.81672704172905,
              22.546773234837243
            ],
            [
              77.81676448028935,
              22.546520844564856
            ],
            [
              77.816777,
              22.546266
            ],
            [
              77.816777,
              22.528038
            ],
            [
              77.81676448028935,
              22.52778315543514
            ],
            [
              77.81672704172905,
              22.527530765162755
            ],
            [
              77.8166650448729,
              22.527283259839137
            ],
            [
              77.81657908678453,
              22.527043023075848
            ],
            [
              77.8164699952873,
              22.52681236848425
            ],
            [
              77.81633882099199,
              22.526593517394147
            ],
            [
              77.81618682717874,
              22.526388577461173
            ],
            [
              77.81601547763108,
              22.526199522368913
            ],
            [
              77.81145847763108,
              22.521642522368914
            ],
            [
              77.80690147763109,
              22.517085522368916
            ],
            [
              77.80671242253882,
              22.516914172821256
            ],
            [
              77.80650748260585,
              22.516762179008012
            ],
            [
              77.80628863151576,
              22.516631004712693
            ],
            [
              77.80605797692415,
              22.51652191321547
            ],
            [
              77.80581774016086,
              22.516435955127093
            ],
            [
              77.80557023483725,
              22.51637395827095
            ],
            [
              77.80531784456485,
              22.516336519710652
            ],
            [
              77.805063,
              22.516323999999997
            ],
            [
              77.791392,
              22.516323999999997
            ],
            [
              77.79113715543515,
              22.516336519710652
            ],
            [
              77.79088476516276,
              22.51637395827095
            ],
            [
              77.79063725983914,
              22.516435955127093
            ],
            [
              77.79039702307585,
              22.516521913215467
            ],
            [
              77.79016636848425,
              22.516631004712693
            ],
            [
              77.78994751739415,
              22.516762179008012
            ],
            [
              77.78974257746118,
              22.516914172821252
            ],
            [
              77.78955352236892,
              22.517085522368912
            ],
            [
              77.78499652236891,
              22.521642522368914
            ],
            [
              77.78482517282126,
              22.521831577461175
            ],
            [
              77.78467317900801,
              22.52203651739415
            ],
            [
              77.78461220374189,
              22.522138248479713
            ],
            [
              77.78411647763109,
              22.521642522368918
            ],
            [
              77.78392740875472,
              22.521471161509012
            ],
            [
              77.78372245295274,
              22.52131915919473
            ],
            [
              77.78350358433711,
              22.521187979495807
            ],
            [
              77.78327291102653,
              22.521078885920836
            ],
            [
              77.78303265484121,
              22.520992929247257
            ],
            [
              77.78278512990259,
              22.520930937400394
            ],
            [
              77.78253272034394,
              22.52089350747897
            ],
            [
              77.78227785734666,
              22.520881000003914
            ],
            [
              77.7820229957234,
              22.520893535445865
            ],
            [
              77.78177059027357,
              22.52093099306481
            ],
            [
              77.78152307213901,
              22.52099301207304
            ],
            [
              77.78128282538746,
              22.521078995110216
            ],
            [
              77.78105216404947,
              22.521188113997084
            ],
            [
              77.78083330982994,
              22.5213193177124
            ],
            [
              77.78062837070891,
              22.521471342516257
            ],
            [
              77.78043932063768,
              22.521642724122287
            ],
            [
              77.78,
              22.522082141186797
            ],
            [
              77.77956067936232,
              22.521642724122287
            ],
            [
              77.77937164307396,
              22.521471353830012
            ],
            [
              77.779166719821,
              22.52131933752894
            ],
            [
              77.7789478831264,
              22.52118813921915
            ],
            [
              77.77871724050718,
              22.52107902241208
            ],
            [
              77.7784770131778,
              22.52099303796224
            ],
            [
              77.7782295146588,
              22.520931013946882
            ],
            [
              77.77797712849619,
              22.520893547691177
            ],
            [
              77.7777222853067,
              22.520881000015653
            ],
            [
              77.77746743936954,
              22.520893491761285
            ],
            [
              77.77721504499043,
              22.52093090262573
            ],
            [
              77.77696753286517,
              22.520992872321912
            ],
            [
              77.77672728667086,
              22.521078804047786
            ],
            [
              77.77649662010967,
              22.521187870233852
            ],
            [
              77.77627775462669,
              22.52131902051312
            ],
            [
              77.77607279801616,
              22.521470991836704
            ],
            [
              77.77588372412228,
              22.52164232063768
            ],
            [
              77.77571235383,
              22.521831356926043
            ],
            [
              77.77556033752893,
              22.522036280178995
            ],
            [
              77.77542913921914,
              22.522255116873588
            ],
            [
              77.77532002241207,
              22.52248575949282
            ],
            [
              77.77523403796224,
              22.522725986822195
            ],
            [
              77.77517201394687,
              22.5229734853412
            ],
            [
              77.77513454769118,
              22.523225871503808
            ],
            [
              77.77512200001566,
              22.5234807146933
            ],
            [
              77.77513449176128,
              22.523735560630453
            ],
            [
              77.77517190262573,
              22.523987955009577
            ],
            [
              77.7752338723219,
              22.52423546713483
            ],
            [
              77.77531980404778,
              22.52447571332914
            ],
            [
              77.77542887023385,
              22.524706379890322
            ],
            [
              77.77556002051311,
              22.524925245373304
            ],
            [
              77.7757119918367,
              22.525130201983835
            ],
            [
              77.77588332063767,
              22.525319275877713
            ],
            [
              77.77632344815603,
              22.5257595
            ]
          ]
        ]
      }
    },
    {
      "type": "Feature",
      "properties": {
        "timestep_min": 120,
        "depth_band": "0.1 - 0.5",
        "min_depth": 0.1,
        "max_depth": 0.5,
        "max_depth_m": 4.0,
        "avg_depth_m": 2.2,
        "inundated_area_km2": 0.35,
        "hazard_level": "Moderate",
        "zone": "downstream",
        "wave_front_km": 35.9
      },
      "geometry": {
        "type": "Polygon",
        "coordinates": [
          [
            [
              77.78553200112486,
              22.57461245569402
            ],
            [
              77.60541691719821,
              22.453831376583615
            ],
            [
              77.60028588090513,
              22.45363424015832
            ],
            [
              77.77331099887513,
              22.593142344305978
            ],
            [
              77.78553200112486,
              22.57461245569402
            ]
          ]
        ]
      }
    },
    {
      "type": "Feature",
      "properties": {
        "timestep_min": 120,
        "depth_band": "0.5 - 1.0",
        "min_depth": 0.5,
        "max_depth": 1.0,
        "max_depth_m": 4.0,
        "avg_depth_m": 2.2,
        "inundated_area_km2": 0.26,
        "hazard_level": "Moderate",
        "zone": "downstream",
        "wave_front_km": 35.9
      },
      "geometry": {
        "type": "Polygon",
        "coordinates": [
          [
            [
              77.7675889535108,
              22.56484087253722
            ],
            [
              77.6325026405658,
              22.474255063204417
            ],
            [
              77.628654363346,
              22.474107210885446
            ],
            [
              77.75842320182349,
              22.578738288996192
            ],
            [
              77.7675889535108,
              22.56484087253722
            ]
          ]
        ]
      }
    },
    {
      "type": "Feature",
      "properties": {
        "timestep_min": 120,
        "depth_band": "1.0 - 2.0",
        "min_depth": 1.0,
        "max_depth": 2.0,
        "max_depth_m": 4.0,
        "avg_depth_m": 2.2,
        "inundated_area_km2": 0.19,
        "hazard_level": "High",
        "zone": "downstream",
        "wave_front_km": 35.9
      },
      "geometry": {
        "type": "Polygon",
        "coordinates": [
          [
            [
              77.75323451541954,
              22.557023606011786
            ],
            [
              77.65417121925988,
              22.490594012501063
            ],
            [
              77.65134914929868,
              22.490485587467152
            ],
            [
              77.74651296418219,
              22.567215044748366
            ],
            [
              77.75323451541954,
              22.557023606011786
            ]
          ]
        ]
      }
    },
    {
      "type": "Feature",
      "properties": {
        "timestep_min": 120,
        "depth_band": "2.0 - 3.0",
        "min_depth": 2.0,
        "max_depth": 3.0,
        "max_depth_m": 4.0,
        "avg_depth_m": 2.2,
        "inundated_area_km2": 0.13,
        "hazard_level": "High",
        "zone": "downstream",
        "wave_front_km": 35.9
      },
      "geometry": {
        "type": "Polygon",
        "coordinates": [
          [
            [
              77.74103324304198,
              22.550378929465165
            ],
            [
              77.67258951114985,
              22.50448211940321
            ],
            [
              77.67063971735848,
              22.5044072075616
            ],
            [
              77.73638926218709,
              22.55742028713771
            ],
            [
              77.74103324304198,
              22.550378929465165
            ]
          ]
        ]
      }
    },
    {
      "type": "Feature",
      "properties": {
        "timestep_min": 120,
        "depth_band": "3.0 - 5.0",
        "min_depth": 3.0,
        "max_depth": 5.0,
        "max_depth_m": 4.0,
        "avg_depth_m": 2.2,
        "inundated_area_km2": 0.08,
        "hazard_level": "Critical",
        "zone": "downstream",
        "wave_front_km": 35.9
      },
      "geometry": {
        "type": "Polygon",
        "coordinates": [
          [
            [
              77.72954969256898,
              22.544125116244814
            ],
            [
              77.68992437410512,
              22.517553278840523
            ],
            [
              77.68879554612063,
              22.51750990882696
            ],
            [
              77.72686107207403,
              22.548201691739443
            ],
            [
              77.72954969256898,
              22.544125116244814
            ]
          ]
        ]
      }
    },
    {
      "type": "Feature",
      "properties": {
        "depth_band": "0.1 - 0.5",
        "min_depth": 0.1,
        "max_depth": 0.5,
        "max_depth_m": 8.7,
        "avg_depth_m": 4.3,
        "hazard_level": "Moderate",
        "zone": "reservoir",
        "timestep_min": 150
      },
      "geometry": {
        "type": "Polygon",
        "coordinates": [
          [
            [
              77.7675843694637,
              22.525759484552143
            ],
            [
              77.76752166613662,
              22.52600990013174
            ],
            [
              77.76737199963985,
              22.527019426220118
            ],
            [
              77.76732200002783,
              22.528038760817868
            ],
            [
              77.76737214877932,
              22.529058088089204
            ],
            [
              77.76752196297937,
              22.530067592268907
            ],
            [
              77.76776999996964,
              22.531057552184674
            ],
            [
              77.76811387124064,
              22.532018434868647
            ],
            [
              77.76855026543222,
              22.53294098735654
            ],
            [
              77.76907498022094,
              22.53381632579045
            ],
            [
              77.76968296278682,
              22.53463602096731
            ],
            [
              77.77036835847031,
              22.535392179509156
            ],
            [
              77.77112456715065,
              22.53607751987362
            ],
            [
              77.77194430680262,
              22.536685442472603
            ],
            [
              77.77281968362,
              22.537210093224033
            ],
            [
              77.77374226803008,
              22.537646419924606
            ],
            [
              77.77470317586759,
              22.53799022090076
            ],
            [
              77.77569315392599,
              22.53823818546929
            ],
            [
              77.77670266906273,
              22.538387925818107
            ],
            [
              77.777722,
              22.538438
            ],
            [
              77.782278,
              22.538438
            ],
            [
              77.78329733093727,
              22.538387925818107
            ],
            [
              77.78430684607402,
              22.53823818546929
            ],
            [
              77.78455649645015,
              22.538175654338144
            ],
            [
              77.78480606065102,
              22.53823816691619
            ],
            [
              77.78581562174057,
              22.53838792115739
            ],
            [
              77.786835,
              22.538438
            ],
            [
              77.78785437825942,
              22.53838792115739
            ],
            [
              77.78886393934896,
              22.538238166916194
            ],
            [
              77.78985396064344,
              22.537990179491615
            ],
            [
              77.79081490769659,
              22.537646347138118
            ],
            [
              77.79173752606299,
              22.537209981149225
            ],
            [
              77.7926129304234,
              22.536685283967948
            ],
            [
              77.7934326901553,
              22.536077308714972
            ],
            [
              77.79418891052434,
              22.53539191052434
            ],
            [
              77.79487430871497,
              22.5346356901553
            ],
            [
              77.79548228396794,
              22.533815930423405
            ],
            [
              77.79600698114922,
              22.53294052606299
            ],
            [
              77.79644334713811,
              22.5320179076966
            ],
            [
              77.79678717949162,
              22.531056960643447
            ],
            [
              77.79703516691619,
              22.530066939348966
            ],
            [
              77.7971453715582,
              22.529324
            ],
            [
              77.80075517895132,
              22.529324
            ],
            [
              77.80226608947565,
              22.53083491052433
            ],
            [
              77.803777,
              22.532345821048672
            ],
            [
              77.803777,
              22.54195817895131
            ],
            [
              77.80226608947565,
              22.543469089475657
            ],
            [
              77.79770908947566,
              22.548026089475666
            ],
            [
              77.79315208947565,
              22.552583089475657
            ],
            [
              77.78859508947566,
              22.557140089475656
            ],
            [
              77.78403808947566,
              22.561697089475665
            ],
            [
              77.77948108947567,
              22.566254089475656
            ],
            [
              77.77492408947566,
              22.570811089475665
            ],
            [
              77.77036728255072,
              22.57536889648915
            ],
            [
              77.76968205783379,
              22.57612508178283
            ],
            [
              77.7690742405376,
              22.57694478126772
            ],
            [
              77.76854968264072,
              22.577820102993655
            ],
            [
              77.76811343451205,
              22.57874261948744
            ],
            [
              77.76776969628656,
              22.579703448891348
            ],
            [
              77.76752177742706,
              22.580693340476408
            ],
            [
              77.7673720648611,
              22.581702763707106
            ],
            [
              77.767322,
              22.582722
            ],
            [
              77.767322,
              22.587278
            ],
            [
              77.76737207884261,
              22.58829737825943
            ],
            [
              77.7675218330838,
              22.58930693934897
            ],
            [
              77.76776982050838,
              22.590296960643446
            ],
            [
              77.76811365286189,
              22.591257907696598
            ],
            [
              77.76855001885077,
              22.592180526062993
            ],
            [
              77.76907471603205,
              22.593055930423404
            ],
            [
              77.76968269128503,
              22.593875690155304
            ],
            [
              77.77036808947565,
              22.594631910524342
            ],
            [
              77.7711243098447,
              22.595317308714975
            ],
            [
              77.77194406957659,
              22.595925283967947
            ],
            [
              77.772819473937,
              22.596449981149224
            ],
            [
              77.7737420923034,
              22.596886347138117
            ],
            [
              77.77470303935655,
              22.597230179491618
            ],
            [
              77.77569306065102,
              22.597478166916193
            ],
            [
              77.77670262174057,
              22.597627921157393
            ],
            [
              77.777722,
              22.597678000000002
            ],
            [
              77.77874137825943,
              22.597627921157393
            ],
            [
              77.77975093934897,
              22.597478166916193
            ],
            [
              77.78074096064344,
              22.597230179491618
            ],
            [
              77.7817019076966,
              22.596886347138117
            ],
            [
              77.78262452606299,
              22.596449981149224
            ],
            [
              77.7834999304234,
              22.595925283967947
            ],
            [
              77.7843196901553,
              22.595317308714975
            ],
            [
              77.78507591052434,
              22.594631910524342
            ],
            [
              77.78576130871497,
              22.593875690155304
            ],
            [
              77.78636928396794,
              22.593055930423404
            ],
            [
              77.78689398114922,
              22.592180526062993
            ],
            [
              77.78733034713811,
              22.591257907696598
            ],
            [
              77.78767417949162,
              22.590296960643446
            ],
            [
              77.78792216691619,
              22.58930693934897
            ],
            [
              77.78807192115738,
              22.58829737825943
            ],
            [
              77.788122,
              22.587278
            ],
            [
              77.788122,
              22.58702915254868
            ],
            [
              77.78963231400915,
              22.585518507039527
            ],
            [
              77.79418891052434,
              22.580961910524334
            ],
            [
              77.79874591052433,
              22.576404910524346
            ],
            [
              77.80330291052434,
              22.571847910524337
            ],
            [
              77.80785991052433,
              22.567290910524346
            ],
            [
              77.81241691052435,
              22.562733910524344
            ],
            [
              77.81697391052434,
              22.558176910524335
            ],
            [
              77.82153091052434,
              22.553619910524343
            ],
            [
              77.82221630871497,
              22.552863690155302
            ],
            [
              77.82282428396795,
              22.5520439304234
            ],
            [
              77.82334898114922,
              22.55116852606299
            ],
            [
              77.82378534713811,
              22.550245907696596
            ],
            [
              77.82412917949162,
              22.549284960643444
            ],
            [
              77.8243771669162,
              22.548294939348967
            ],
            [
              77.82452692115739,
              22.547285378259428
            ],
            [
              77.824577,
              22.546266
            ],
            [
              77.824577,
              22.528038
            ],
            [
              77.82452692115739,
              22.52701862174057
            ],
            [
              77.8243771669162,
              22.526009060651027
            ],
            [
              77.82412917949162,
              22.52501903935655
            ],
            [
              77.82378534713811,
              22.5240580923034
            ],
            [
              77.82334898114922,
              22.523135473937003
            ],
            [
              77.82282428396795,
              22.52226006957659
            ],
            [
              77.82221630871497,
              22.52144030984469
            ],
            [
              77.82153091052433,
              22.520684089475655
            ],
            [
              77.81697391052434,
              22.516127089475663
            ],
            [
              77.81241691052435,
              22.51157008947567
            ],
            [
              77.8116606901553,
              22.510884691285032
            ],
            [
              77.81084093042341,
              22.510276716032056
            ],
            [
              77.809965526063,
              22.50975201885078
            ],
            [
              77.80904290769661,
              22.509315652861883
            ],
            [
              77.80808196064345,
              22.508971820508386
            ],
            [
              77.80709193934898,
              22.508723833083806
            ],
            [
              77.80608237825943,
              22.508574078842607
            ],
            [
              77.805063,
              22.508523999999998
            ],
            [
              77.791392,
              22.508523999999998
            ],
            [
              77.79037262174057,
              22.508574078842607
            ],
            [
              77.78936306065103,
              22.508723833083806
            ],
            [
              77.78837303935656,
              22.508971820508382
            ],
            [
              77.7874120923034,
              22.509315652861883
            ],
            [
              77.78648947393701,
              22.509752018850776
            ],
            [
              77.7856140695766,
              22.510276716032052
            ],
            [
              77.7847943098447,
              22.510884691285025
            ],
            [
              77.78403808947566,
              22.511570089475654
            ],
            [
              77.78251549575977,
              22.513092683191537
            ],
            [
              77.78227742938661,
              22.513081000015653
            ],
            [
              77.78125798289356,
              22.513131141783457
            ],
            [
              77.78024836109428,
              22.513280972259235
            ],
            [
              77.78000002334704,
              22.51334319663248
            ],
            [
              77.7797520586352,
              22.513281055787523
            ],
            [
              77.77874251398477,
              22.51313119076471
            ],
            [
              77.7777231412268,
              22.513081000062616
            ],
            [
              77.77670375747819,
              22.513130967045136
            ],
            [
              77.77569417996169,
              22.513280610502914
            ],
            [
              77.77470413146068,
              22.51352848928765
            ],
            [
              77.77374314668344,
              22.513872216191142
            ],
            [
              77.77282048043871,
              22.51430848093541
            ],
            [
              77.77194501850678,
              22.514833082052476
            ],
            [
              77.77112519206466,
              22.515440967346812
            ],
            [
              77.77036889648915,
              22.516126282550726
            ],
            [
              77.76968341532005,
              22.516882427704175
            ],
            [
              77.76907535011576,
              22.517702120715978
            ],
            [
              77.76855055687659,
              22.518577467494342
            ],
            [
              77.76811408964832,
              22.51950003797128
            ],
            [
              77.76777015184895,
              22.520460947288772
            ],
            [
              77.76752205578752,
              22.5214509413648
            ],
            [
              77.7673721907647,
              22.522460486015227
            ],
            [
              77.7673220000626,
              22.5234798587732
            ],
            [
              77.76737196704514,
              22.52449924252181
            ],
            [
              77.76752161050291,
              22.525508820038304
            ],
            [
              77.7675843694637,
              22.525759484552143
            ]
          ]
        ]
      }
    },
    {
      "type": "Feature",
      "properties": {
        "depth_band": "0.5 - 1.0",
        "min_depth": 0.5,
        "max_depth": 1.0,
        "max_depth_m": 8.7,
        "avg_depth_m": 4.3,
        "hazard_level": "Moderate",
        "zone": "reservoir",
        "timestep_min": 150
      },
      "geometry": {
        "type": "Polygon",
        "coordinates": [
          [
            [
              77.77081461243957,
              22.525759493259073
            ],
            [
              77.77075529079745,
              22.525925332755197
            ],
            [
              77.77058176629563,
              22.52661833009222
            ],
            [
              77.7704769997479,
              22.527324998354082
            ],
            [
              77.77044200001947,
              22.52803853257251
            ],
            [
              77.77047710414551,
              22.528752061662445
            ],
            [
              77.77058197408556,
              22.529458714588234
            ],
            [
              77.77075559997876,
              22.530151686529273
            ],
            [
              77.77099630986845,
              22.530824304408053
            ],
            [
              77.77130178580256,
              22.53147009114958
            ],
            [
              77.77166908615466,
              22.532082828053316
            ],
            [
              77.77209467395078,
              22.532656614677116
            ],
            [
              77.77257445092921,
              22.533185925656408
            ],
            [
              77.77310379700545,
              22.53366566391153
            ],
            [
              77.77367761476184,
              22.53409120973082
            ],
            [
              77.77429037853399,
              22.534458465256822
            ],
            [
              77.77493618762105,
              22.534763893947225
            ],
            [
              77.7756088231073,
              22.535004554630532
            ],
            [
              77.77630180774818,
              22.535178129828502
            ],
            [
              77.77700846834391,
              22.535282948072673
            ],
            [
              77.777722,
              22.535318
            ],
            [
              77.782278,
              22.535318
            ],
            [
              77.7829915316561,
              22.535282948072673
            ],
            [
              77.78369819225182,
              22.535178129828502
            ],
            [
              77.7843911768927,
              22.535004554630532
            ],
            [
              77.78455649689715,
              22.534945405171353
            ],
            [
              77.78472172754958,
              22.535004525644126
            ],
            [
              77.78541474245571,
              22.535178116841333
            ],
            [
              77.78612143521839,
              22.535282944810174
            ],
            [
              77.786835,
              22.535318
            ],
            [
              77.78754856478159,
              22.535282944810174
            ],
            [
              77.78825525754426,
              22.535178116841333
            ],
            [
              77.78894827245041,
              22.53500452564413
            ],
            [
              77.78962093538762,
              22.534763842996682
            ],
            [
              77.79026676824408,
              22.534458386804456
            ],
            [
              77.79087955129637,
              22.534091098777562
            ],
            [
              77.7914533831087,
              22.53366551610048
            ],
            [
              77.79198273736704,
              22.533185737367038
            ],
            [
              77.79246251610047,
              22.532656383108712
            ],
            [
              77.79288809877755,
              22.532082551296384
            ],
            [
              77.79325538680445,
              22.531469768244094
            ],
            [
              77.79356084299668,
              22.530823935387616
            ],
            [
              77.79380152564413,
              22.53015127245041
            ],
            [
              77.79397511684134,
              22.529458257544277
            ],
            [
              77.79407994481016,
              22.528751564781597
            ],
            [
              77.79411499999999,
              22.528038
            ],
            [
              77.79411499999999,
              22.526496474734085
            ],
            [
              77.79440747473407,
              22.526204
            ],
            [
              77.80204752526593,
              22.526204
            ],
            [
              77.80447226263296,
              22.528628737367033
            ],
            [
              77.806897,
              22.53105347473409
            ],
            [
              77.806897,
              22.543250525265915
            ],
            [
              77.80447226263296,
              22.54567526263296
            ],
            [
              77.79991526263296,
              22.550232262632967
            ],
            [
              77.79535826263296,
              22.554789262632962
            ],
            [
              77.79080126263295,
              22.559346262632957
            ],
            [
              77.78624426263296,
              22.56390326263297
            ],
            [
              77.78168726263296,
              22.568460262632957
            ],
            [
              77.77713026263297,
              22.573017262632966
            ],
            [
              77.7725736977855,
              22.577574827542403
            ],
            [
              77.77209404048365,
              22.57810415724798
            ],
            [
              77.77166856837633,
              22.578677946887403
            ],
            [
              77.7713013778485,
              22.57929067209556
            ],
            [
              77.77099600415843,
              22.579936433641205
            ],
            [
              77.7707553874006,
              22.580609014223942
            ],
            [
              77.77058184419894,
              22.581301938333485
            ],
            [
              77.77047704540277,
              22.582008534594973
            ],
            [
              77.770442,
              22.582722
            ],
            [
              77.770442,
              22.587278
            ],
            [
              77.77047705518983,
              22.5879915647816
            ],
            [
              77.77058188315866,
              22.58869825754428
            ],
            [
              77.77075547435587,
              22.589391272450413
            ],
            [
              77.77099615700331,
              22.59006393538762
            ],
            [
              77.77130161319555,
              22.590709768244096
            ],
            [
              77.77166890122244,
              22.591322551296383
            ],
            [
              77.77209448389952,
              22.59189638310871
            ],
            [
              77.77257426263296,
              22.59242573736704
            ],
            [
              77.77310361689129,
              22.592905516100483
            ],
            [
              77.77367744870361,
              22.593331098777565
            ],
            [
              77.7742902317559,
              22.59369838680446
            ],
            [
              77.77493606461238,
              22.594003842996685
            ],
            [
              77.77560872754958,
              22.594244525644132
            ],
            [
              77.77630174245571,
              22.594418116841336
            ],
            [
              77.77700843521839,
              22.594522944810176
            ],
            [
              77.777722,
              22.594558000000003
            ],
            [
              77.7784355647816,
              22.594522944810176
            ],
            [
              77.77914225754428,
              22.594418116841336
            ],
            [
              77.77983527245041,
              22.594244525644132
            ],
            [
              77.78050793538762,
              22.594003842996685
            ],
            [
              77.7811537682441,
              22.59369838680446
            ],
            [
              77.78176655129639,
              22.593331098777565
            ],
            [
              77.7823403831087,
              22.592905516100483
            ],
            [
              77.78286973736704,
              22.59242573736704
            ],
            [
              77.78334951610047,
              22.59189638310871
            ],
            [
              77.78377509877755,
              22.591322551296383
            ],
            [
              77.78414238680445,
              22.590709768244096
            ],
            [
              77.78444784299668,
              22.59006393538762
            ],
            [
              77.78468852564413,
              22.589391272450413
            ],
            [
              77.78486211684134,
              22.58869825754428
            ],
            [
              77.78496694481017,
              22.5879915647816
            ],
            [
              77.78500199999999,
              22.587278
            ],
            [
              77.78500199999999,
              22.585737006784086
            ],
            [
              77.78742601983069,
              22.583312454903385
            ],
            [
              77.79198273736704,
              22.578755737367032
            ],
            [
              77.79653973736704,
              22.574198737367045
            ],
            [
              77.80109673736703,
              22.569641737367032
            ],
            [
              77.80565373736704,
              22.565084737367044
            ],
            [
              77.81021073736704,
              22.56052773736704
            ],
            [
              77.81476773736703,
              22.555970737367034
            ],
            [
              77.81932473736704,
              22.55141373736704
            ],
            [
              77.81980451610048,
              22.55088438310871
            ],
            [
              77.82023009877756,
              22.55031055129638
            ],
            [
              77.82059738680445,
              22.549697768244094
            ],
            [
              77.82090284299669,
              22.549051935387617
            ],
            [
              77.82114352564413,
              22.54837927245041
            ],
            [
              77.82131711684134,
              22.547686257544278
            ],
            [
              77.82142194481017,
              22.546979564781598
            ],
            [
              77.821457,
              22.546266
            ],
            [
              77.821457,
              22.528038
            ],
            [
              77.82142194481017,
              22.5273244352184
            ],
            [
              77.82131711684134,
              22.52661774245572
            ],
            [
              77.82114352564413,
              22.525924727549587
            ],
            [
              77.82090284299669,
              22.52525206461238
            ],
            [
              77.82059738680445,
              22.524606231755904
            ],
            [
              77.82023009877756,
              22.523993448703614
            ],
            [
              77.81980451610048,
              22.523419616891285
            ],
            [
              77.81932473736704,
              22.522890262632956
            ],
            [
              77.81476773736703,
              22.518333262632957
            ],
            [
              77.81021073736704,
              22.513776262632966
            ],
            [
              77.80968138310872,
              22.51329648389952
            ],
            [
              77.80910755129639,
              22.51287090122244
            ],
            [
              77.8084947682441,
              22.512503613195545
            ],
            [
              77.80784893538763,
              22.51219815700332
            ],
            [
              77.80717627245042,
              22.511957474355867
            ],
            [
              77.80648325754429,
              22.511783883158664
            ],
            [
              77.80577656478161,
              22.511679055189823
            ],
            [
              77.805063,
              22.511643999999997
            ],
            [
              77.791392,
              22.511643999999997
            ],
            [
              77.7906784352184,
              22.511679055189823
            ],
            [
              77.78997174245572,
              22.511783883158664
            ],
            [
              77.78927872754959,
              22.511957474355867
            ],
            [
              77.78860606461238,
              22.512198157003315
            ],
            [
              77.7879602317559,
              22.51250361319554
            ],
            [
              77.78734744870361,
              22.512870901222435
            ],
            [
              77.7867736168913,
              22.513296483899516
            ],
            [
              77.78624426263296,
              22.51377626263296
            ],
            [
              77.78368205905541,
              22.516338466210517
            ],
            [
              77.78299121696301,
              22.516236020941115
            ],
            [
              77.78227760057062,
              22.51620100001096
            ],
            [
              77.7815639880255,
              22.51623609924842
            ],
            [
              77.780857252766,
              22.516340980581464
            ],
            [
              77.78016420198924,
              22.51651463380451
            ],
            [
              77.78000001019541,
              22.516573397176007
            ],
            [
              77.77983603689786,
              22.51651470629427
            ],
            [
              77.77914304104463,
              22.516341039051266
            ],
            [
              77.77843635978934,
              22.516236133535298
            ],
            [
              77.77772279885876,
              22.516201000043832
            ],
            [
              77.77700923023473,
              22.516235976931593
            ],
            [
              77.77630252597318,
              22.51634072735204
            ],
            [
              77.77560949202248,
              22.516514242501355
            ],
            [
              77.77493680267841,
              22.5167548513338
            ],
            [
              77.7742909363071,
              22.517060236654785
            ],
            [
              77.77367811295476,
              22.517427457436735
            ],
            [
              77.77310423444527,
              22.51785297714277
            ],
            [
              77.7725748275424,
              22.518332697785507
            ],
            [
              77.77209499072403,
              22.51886199939292
            ],
            [
              77.77166934508102,
              22.519435784501184
            ],
            [
              77.77130198981361,
              22.52004852724604
            ],
            [
              77.77099646275383,
              22.520694326579896
            ],
            [
              77.77075570629427,
              22.52136696310214
            ],
            [
              77.77058203905126,
              22.52205995895536
            ],
            [
              77.7704771335353,
              22.52276664021066
            ],
            [
              77.77044200004383,
              22.52348020114124
            ],
            [
              77.77047697693159,
              22.524193769765265
            ],
            [
              77.77058172735204,
              22.524900474026815
            ],
            [
              77.77075524250135,
              22.52559350797752
            ],
            [
              77.77081461243957,
              22.525759493259073
            ]
          ]
        ]
      }
    },
    {
      "type": "Feature",
      "properties": {
        "depth_band": "1.0 - 2.0",
        "min_depth": 1.0,
        "max_depth": 2.0,
        "max_depth_m": 8.7,
        "avg_depth_m": 4.3,
        "hazard_level": "Moderate",
        "zone": "reservoir",
        "timestep_min": 150
      },
      "geometry": {
        "type": "Polygon",
        "coordinates": [
          [
            [
              77.77363799863924,
              22.52575949787959
            ],
            [
              77.77359439667595,
              22.525832259580245
            ],
            [
              77.7733980800327,
              22.526247436927548
            ],
            [
              77.77324340122694,
              22.526679856771196
            ],
            [
              77.77313184976148,
              22.52712535505928
            ],
            [
              77.77306449983793,
              22.52757964179905
            ],
            [
              77.77304200001252,
              22.52803834236804
            ],
            [
              77.7730645669507,
              22.52849703964014
            ],
            [
              77.77313198334072,
              22.528951316521006
            ],
            [
              77.77324359998634,
              22.529396798483102
            ],
            [
              77.77339834205829,
              22.52982919569089
            ],
            [
              77.7735947194445,
              22.530244344310443
            ],
            [
              77.77383084109943,
              22.5306382466057
            ],
            [
              77.77410443325407,
              22.531007109435286
            ],
            [
              77.77441286131165,
              22.53134738077912
            ],
            [
              77.7747531552178,
              22.531655783943126
            ],
            [
              77.77512203806117,
              22.53192934911267
            ],
            [
              77.775515957629,
              22.532165441950813
            ],
            [
              77.77593112061354,
              22.53236178896607
            ],
            [
              77.77636352914041,
              22.53251649940534
            ],
            [
              77.7768090192667,
              22.53262808346118
            ],
            [
              77.77726330107822,
              22.532695466618147
            ],
            [
              77.777722,
              22.532718
            ],
            [
              77.782278,
              22.532718
            ],
            [
              77.78273669892178,
              22.532695466618147
            ],
            [
              77.78319098073331,
              22.53262808346118
            ],
            [
              77.78363647085959,
              22.53251649940534
            ],
            [
              77.78406887938647,
              22.53236178896607
            ],
            [
              77.784484042371,
              22.532165441950813
            ],
            [
              77.78455649695903,
              22.532122016818583
            ],
            [
              77.78462886327165,
              22.532165391517147
            ],
            [
              77.78504404153652,
              22.53236175621215
            ],
            [
              77.78547646771044,
              22.532516480771225
            ],
            [
              77.78592197729296,
              22.532628075112285
            ],
            [
              77.78637627978325,
              22.532695464520824
            ],
            [
              77.786835,
              22.532718
            ],
            [
              77.78729372021674,
              22.532695464520824
            ],
            [
              77.78774802270704,
              22.532628075112285
            ],
            [
              77.78819353228954,
              22.532516480771225
            ],
            [
              77.78862595846346,
              22.532361756212154
            ],
            [
              77.78904113672834,
              22.53216539151715
            ],
            [
              77.78943506869052,
              22.531929277785576
            ],
            [
              77.78980396056988,
              22.531655688921738
            ],
            [
              77.79014425973595,
              22.531347259735952
            ],
            [
              77.79045268892173,
              22.531006960569886
            ],
            [
              77.79072627778557,
              22.530638068690532
            ],
            [
              77.79096239151714,
              22.530244136728346
            ],
            [
              77.79115875621216,
              22.52982895846347
            ],
            [
              77.79131348077122,
              22.52939653228955
            ],
            [
              77.79142507511229,
              22.528951022707034
            ],
            [
              77.79149246452083,
              22.52849672021674
            ],
            [
              77.79151499999999,
              22.528038
            ],
            [
              77.79151499999999,
              22.525419519471917
            ],
            [
              77.79333051947191,
              22.523604
            ],
            [
              77.8031244805281,
              22.523604
            ],
            [
              77.80631074026404,
              22.52679025973595
            ],
            [
              77.80949700000001,
              22.529976519471923
            ],
            [
              77.80949700000001,
              22.544327480528082
            ],
            [
              77.80631074026404,
              22.547513740264048
            ],
            [
              77.80175374026405,
              22.55207074026405
            ],
            [
              77.79719674026404,
              22.556627740264048
            ],
            [
              77.79263974026404,
              22.561184740264043
            ],
            [
              77.78808274026404,
              22.565741740264052
            ],
            [
              77.78352574026404,
              22.570298740264043
            ],
            [
              77.77896874026405,
              22.57485574026405
            ],
            [
              77.77441237714783,
              22.579413103420116
            ],
            [
              77.7741040260252,
              22.57975338680227
            ],
            [
              77.77383050824191,
              22.580122251570472
            ],
            [
              77.77359445718832,
              22.580516146347144
            ],
            [
              77.77339814553042,
              22.580931278769345
            ],
            [
              77.77324346332895,
              22.581363652001105
            ],
            [
              77.77313189984218,
              22.581809103214383
            ],
            [
              77.7730645291875,
              22.582263343668195
            ],
            [
              77.773042,
              22.582722
            ],
            [
              77.773042,
              22.587278
            ],
            [
              77.77306453547916,
              22.587736720216743
            ],
            [
              77.7731319248877,
              22.588191022707036
            ],
            [
              77.77324351922877,
              22.588636532289552
            ],
            [
              77.77339824378784,
              22.58906895846347
            ],
            [
              77.77359460848285,
              22.58948413672835
            ],
            [
              77.77383072221443,
              22.589878068690535
            ],
            [
              77.77410431107826,
              22.590246960569885
            ],
            [
              77.77441274026404,
              22.590587259735955
            ],
            [
              77.77475303943011,
              22.590895688921737
            ],
            [
              77.77512193130947,
              22.59116927778558
            ],
            [
              77.77551586327165,
              22.591405391517153
            ],
            [
              77.77593104153652,
              22.591601756212153
            ],
            [
              77.77636346771044,
              22.591756480771227
            ],
            [
              77.77680897729296,
              22.591868075112288
            ],
            [
              77.77726327978326,
              22.591935464520827
            ],
            [
              77.777722,
              22.591958
            ],
            [
              77.77818072021674,
              22.591935464520827
            ],
            [
              77.77863502270704,
              22.591868075112288
            ],
            [
              77.77908053228956,
              22.591756480771227
            ],
            [
              77.77951295846347,
              22.591601756212153
            ],
            [
              77.77992813672834,
              22.591405391517153
            ],
            [
              77.78032206869052,
              22.59116927778558
            ],
            [
              77.78069096056988,
              22.590895688921737
            ],
            [
              77.78103125973595,
              22.590587259735955
            ],
            [
              77.78133968892173,
              22.590246960569885
            ],
            [
              77.78161327778557,
              22.589878068690535
            ],
            [
              77.78184939151714,
              22.58948413672835
            ],
            [
              77.78204575621216,
              22.58906895846347
            ],
            [
              77.78220048077122,
              22.588636532289552
            ],
            [
              77.78231207511229,
              22.588191022707036
            ],
            [
              77.78237946452083,
              22.587736720216743
            ],
            [
              77.78240199999999,
              22.587278
            ],
            [
              77.78240199999999,
              22.584660218646913
            ],
            [
              77.78558744129198,
              22.58147407817993
            ],
            [
              77.79014425973595,
              22.57691725973595
            ],
            [
              77.79470125973596,
              22.57236025973596
            ],
            [
              77.79925825973595,
              22.56780325973595
            ],
            [
              77.80381525973596,
              22.56324625973596
            ],
            [
              77.80837225973596,
              22.558689259735953
            ],
            [
              77.81292925973595,
              22.55413225973595
            ],
            [
              77.81748625973596,
              22.549575259735953
            ],
            [
              77.81779468892174,
              22.549234960569883
            ],
            [
              77.81806827778557,
              22.54886606869053
            ],
            [
              77.81830439151715,
              22.548472136728343
            ],
            [
              77.81850075621216,
              22.548056958463466
            ],
            [
              77.81865548077123,
              22.54762453228955
            ],
            [
              77.81876707511229,
              22.547179022707034
            ],
            [
              77.81883446452083,
              22.54672472021674
            ],
            [
              77.818857,
              22.546266
            ],
            [
              77.818857,
              22.528038
            ],
            [
              77.81883446452083,
              22.527579279783257
            ],
            [
              77.81876707511229,
              22.527124977292964
            ],
            [
              77.81865548077123,
              22.526679467710448
            ],
            [
              77.81850075621216,
              22.52624704153653
            ],
            [
              77.81830439151715,
              22.52583186327165
            ],
            [
              77.81806827778557,
              22.525437931309465
            ],
            [
              77.81779468892174,
              22.525069039430115
            ],
            [
              77.81748625973596,
              22.52472874026404
            ],
            [
              77.81292925973595,
              22.520171740264043
            ],
            [
              77.80837225973596,
              22.51561474026405
            ],
            [
              77.80803196056989,
              22.515306311078263
            ],
            [
              77.80766306869054,
              22.515032722214425
            ],
            [
              77.80726913672835,
              22.51479660848285
            ],
            [
              77.80685395846348,
              22.514600243787847
            ],
            [
              77.80642153228956,
              22.514445519228772
            ],
            [
              77.80597602270704,
              22.514333924887712
            ],
            [
              77.80552172021675,
              22.514266535479173
            ],
            [
              77.805063,
              22.514243999999998
            ],
            [
              77.791392,
              22.514243999999998
            ],
            [
              77.79093327978326,
              22.514266535479173
            ],
            [
              77.79047897729296,
              22.514333924887712
            ],
            [
              77.79003346771044,
              22.514445519228772
            ],
            [
              77.78960104153653,
              22.514600243787847
            ],
            [
              77.78918586327165,
              22.51479660848285
            ],
            [
              77.78879193130948,
              22.515032722214425
            ],
            [
              77.78842303943011,
              22.515306311078263
            ],
            [
              77.78808274026404,
              22.515614740264045
            ],
            [
              77.78438891228409,
              22.519308568243996
            ],
            [
              77.78406883984775,
              22.51915719465751
            ],
            [
              77.78363637871418,
              22.519002472645067
            ],
            [
              77.78319083382466,
              22.518890887320712
            ],
            [
              77.78273649661908,
              22.518823513462145
            ],
            [
              77.78227774322397,
              22.518801000007045
            ],
            [
              77.7818189923021,
              22.518823563802556
            ],
            [
              77.78136466249244,
              22.518890987516656
            ],
            [
              77.78091912985023,
              22.51900262173147
            ],
            [
              77.78048668569743,
              22.519157391198387
            ],
            [
              77.78007149528904,
              22.51935380519475
            ],
            [
              77.78000000320556,
              22.519396664898295
            ],
            [
              77.77992858962754,
              22.519353850594467
            ],
            [
              77.77951343291292,
              22.519157440341743
            ],
            [
              77.77908102372005,
              22.519002668332032
            ],
            [
              77.77863552638584,
              22.518891025104384
            ],
            [
              77.77818123129315,
              22.51882358584412
            ],
            [
              77.77772251355206,
              22.518801000028176
            ],
            [
              77.77726379086518,
              22.518823485170312
            ],
            [
              77.77680948098276,
              22.518890824726313
            ],
            [
              77.77636395915731,
              22.519002370179443
            ],
            [
              77.77593151600755,
              22.519157047286015
            ],
            [
              77.77551631619741,
              22.519353366420933
            ],
            [
              77.77512235832805,
              22.519589436923614
            ],
            [
              77.7747534364291,
              22.519862985306066
            ],
            [
              77.77441310342012,
              22.520171377147825
            ],
            [
              77.77410463689402,
              22.52051164246688
            ],
            [
              77.77383100755209,
              22.52088050432219
            ],
            [
              77.77359485059446,
              22.521274410372456
            ],
            [
              77.77339844034174,
              22.521689567087076
            ],
            [
              77.77324366833203,
              22.522121976279948
            ],
            [
              77.77313202510439,
              22.52256747361416
            ],
            [
              77.77306458584411,
              22.523021768706855
            ],
            [
              77.77304200002817,
              22.52348048644794
            ],
            [
              77.77306448517031,
              22.523939209134813
            ],
            [
              77.7731318247263,
              22.524393519017238
            ],
            [
              77.77324337017944,
              22.52483904084269
            ],
            [
              77.77339804728601,
              22.525271483992448
            ],
            [
              77.77359436642094,
              22.52568668380258
            ],
            [
              77.77363799863924,
              22.52575949787959
            ]
          ]
        ]
      }
    },
    {
      "type": "Feature",
      "properties": {
        "depth_band": "2.0 - 3.0",
        "min_depth": 2.0,
        "max_depth": 3.0,
        "max_depth_m": 8.7,
        "avg_depth_m": 4.3,
        "hazard_level": "Moderate",
        "zone": "reservoir",
        "timestep_min": 150
      },
      "geometry": {
        "type": "Polygon",
        "coordinates": [
          [
            [
              77.77632344815603,
              22.5257595
            ],
            [
              77.77588332063767,
              22.526199724122286
            ],
            [
              77.77571199937724,
              22.52638878882598
            ],
            [
              77.77556003372003,
              22.526593734856654
            ],
            [
              77.7754288870422,
              22.526812588655694
            ],
            [
              77.77531982224039,
              22.52704324273753
            ],
            [
              77.77523388957052,
              22.527283475984
            ],
            [
              77.77517191653415,
              22.527530975032935
            ],
            [
              77.77513449990997,
              22.52778335655503
            ],
            [
              77.77512200000696,
              22.52803819020447
            ],
            [
              77.77513453719483,
              22.528293022022304
            ],
            [
              77.77517199074484,
              22.528545398067227
            ],
            [
              77.77523399999241,
              22.52879288804617
            ],
            [
              77.77531996781016,
              22.52903310871716
            ],
            [
              77.77542906635806,
              22.529263746839135
            ],
            [
              77.77556024505523,
              22.529482581447613
            ],
            [
              77.7757122406967,
              22.529687505241828
            ],
            [
              77.77588358961758,
              22.52987654487729
            ],
            [
              77.77607264178766,
              22.530047879968404
            ],
            [
              77.77627757670065,
              22.53019986061815
            ],
            [
              77.77649642090499,
              22.530331023306008
            ],
            [
              77.77672706700751,
              22.53044010498115
            ],
            [
              77.77696729396689,
              22.530526055225188
            ],
            [
              77.7772147884815,
              22.53058804636732
            ],
            [
              77.77746716726568,
              22.530625481454525
            ],
            [
              77.777722,
              22.530638
            ],
            [
              77.782278,
              22.530638
            ],
            [
              77.78253283273432,
              22.530625481454525
            ],
            [
              77.7827852115185,
              22.53058804636732
            ],
            [
              77.78303270603311,
              22.530526055225188
            ],
            [
              77.78327293299249,
              22.53044010498115
            ],
            [
              77.78350357909501,
              22.530331023306008
            ],
            [
              77.78372242329935,
              22.53019986061815
            ],
            [
              77.78392735821234,
              22.530047879968404
            ],
            [
              77.78411641038242,
              22.52987654487729
            ],
            [
              77.7842877593033,
              22.529687505241828
            ],
            [
              77.78443975494477,
              22.529482581447613
            ],
            [
              77.78450079615897,
              22.529380751421126
            ],
            [
              77.78499652236891,
              22.52987647763108
            ],
            [
              77.78518557746118,
              22.53004782717874
            ],
            [
              77.78539051739415,
              22.530199820991985
            ],
            [
              77.78560936848424,
              22.530330995287304
            ],
            [
              77.78584002307585,
              22.530440086784527
            ],
            [
              77.78608025983914,
              22.530526044872904
            ],
            [
              77.78632776516275,
              22.530588041729047
            ],
            [
              77.78658015543515,
              22.530625480289345
            ],
            [
              77.786835,
              22.530638
            ],
            [
              77.78708984456485,
              22.530625480289345
            ],
            [
              77.78734223483724,
              22.530588041729047
            ],
            [
              77.78758974016085,
              22.530526044872904
            ],
            [
              77.78782997692414,
              22.530440086784527
            ],
            [
              77.78806063151575,
              22.530330995287304
            ],
            [
              77.78827948260584,
              22.530199820991985
            ],
            [
              77.78848442253882,
              22.53004782717874
            ],
            [
              77.78867347763108,
              22.529876477631085
            ],
            [
              77.78884482717874,
              22.529687422538824
            ],
            [
              77.78899682099198,
              22.52948248260585
            ],
            [
              77.7891279952873,
              22.529263631515747
            ],
            [
              77.78923708678452,
              22.52903297692415
            ],
            [
              77.7893230448729,
              22.52879274016086
            ],
            [
              77.78938504172905,
              22.528545234837242
            ],
            [
              77.78942248028935,
              22.528292844564856
            ],
            [
              77.789435,
              22.528038
            ],
            [
              77.789435,
              22.524557955262168
            ],
            [
              77.79246895526217,
              22.521524
            ],
            [
              77.80398604473784,
              22.521524
            ],
            [
              77.80778152236891,
              22.525319477631083
            ],
            [
              77.811577,
              22.529114955262166
            ],
            [
              77.811577,
              22.545189044737832
            ],
            [
              77.80778152236891,
              22.548984522368915
            ],
            [
              77.80322452236892,
              22.553541522368917
            ],
            [
              77.79866752236892,
              22.558098522368915
            ],
            [
              77.79411052236891,
              22.562655522368914
            ],
            [
              77.78955352236892,
              22.56721252236892
            ],
            [
              77.78499652236891,
              22.571769522368914
            ],
            [
              77.78043952236892,
              22.576326522368916
            ],
            [
              77.77588332063767,
              22.580883724122288
            ],
            [
              77.77571201445845,
              22.581072770445708
            ],
            [
              77.7755600601344,
              22.58127769531693
            ],
            [
              77.77542892066018,
              22.581496525748417
            ],
            [
              77.77531985862801,
              22.58172715487186
            ],
            [
              77.77523392407164,
              22.581967362222837
            ],
            [
              77.77517194435677,
              22.582214835119103
            ],
            [
              77.77513451621527,
              22.582467190926778
            ],
            [
              77.775122,
              22.582722
            ],
            [
              77.775122,
              22.587278
            ],
            [
              77.77513451971065,
              22.58753284456486
            ],
            [
              77.77517195827095,
              22.587785234837245
            ],
            [
              77.77523395512709,
              22.588032740160862
            ],
            [
              77.77531991321547,
              22.588272976924152
            ],
            [
              77.77542900471269,
              22.58850363151575
            ],
            [
              77.77556017900801,
              22.588722482605853
            ],
            [
              77.77571217282126,
              22.588927422538827
            ],
            [
              77.77588352236891,
              22.589116477631087
            ],
            [
              77.77607257746118,
              22.589287827178744
            ],
            [
              77.77627751739415,
              22.589439820991988
            ],
            [
              77.77649636848425,
              22.589570995287307
            ],
            [
              77.77672702307585,
              22.58968008678453
            ],
            [
              77.77696725983914,
              22.589766044872906
            ],
            [
              77.77721476516275,
              22.58982804172905
            ],
            [
              77.77746715543515,
              22.589865480289347
            ],
            [
              77.777722,
              22.589878000000002
            ],
            [
              77.77797684456485,
              22.589865480289347
            ],
            [
              77.77822923483724,
              22.58982804172905
            ],
            [
              77.77847674016085,
              22.589766044872906
            ],
            [
              77.77871697692414,
              22.58968008678453
            ],
            [
              77.77894763151575,
              22.589570995287307
            ],
            [
              77.77916648260585,
              22.589439820991988
            ],
            [
              77.77937142253882,
              22.589287827178744
            ],
            [
              77.77956047763108,
              22.589116477631087
            ],
            [
              77.77973182717874,
              22.588927422538827
            ],
            [
              77.77988382099198,
              22.588722482605853
            ],
            [
              77.7800149952873,
              22.58850363151575
            ],
            [
              77.78012408678453,
              22.588272976924152
            ],
            [
              77.7802100448729,
              22.588032740160862
            ],
            [
              77.78027204172905,
              22.587785234837245
            ],
            [
              77.78030948028935,
              22.58753284456486
            ],
            [
              77.780322,
              22.587278
            ],
            [
              77.780322,
              22.583798788137173
            ],
            [
              77.78411657853871,
              22.580003376723454
            ],
            [
              77.78867347763108,
              22.575446477631083
            ],
            [
              77.79323047763108,
              22.570889477631088
            ],
            [
              77.79778747763108,
              22.566332477631082
            ],
            [
              77.80234447763108,
              22.561775477631087
            ],
            [
              77.80690147763109,
              22.557218477631086
            ],
            [
              77.81145847763108,
              22.552661477631084
            ],
            [
              77.81601547763108,
              22.548104477631085
            ],
            [
              77.81618682717874,
              22.547915422538825
            ],
            [
              77.81633882099199,
              22.54771048260585
            ],
            [
              77.8164699952873,
              22.547491631515747
            ],
            [
              77.81657908678453,
              22.54726097692415
            ],
            [
              77.8166650448729,
              22.54702074016086
            ],
            [
              77.81672704172905,
              22.546773234837243
            ],
            [
              77.81676448028935,
              22.546520844564856
            ],
            [
              77.816777,
              22.546266
            ],
            [
              77.816777,
              22.528038
            ],
            [
              77.81676448028935,
              22.52778315543514
            ],
            [
              77.81672704172905,
              22.527530765162755
            ],
            [
              77.8166650448729,
              22.527283259839137
            ],
            [
              77.81657908678453,
              22.527043023075848
            ],
            [
              77.8164699952873,
              22.52681236848425
            ],
            [
              77.81633882099199,
              22.526593517394147
            ],
            [
              77.81618682717874,
              22.526388577461173
            ],
            [
              77.81601547763108,
              22.526199522368913
            ],
            [
              77.81145847763108,
              22.521642522368914
            ],
            [
              77.80690147763109,
              22.517085522368916
            ],
            [
              77.80671242253882,
              22.516914172821256
            ],
            [
              77.80650748260585,
              22.516762179008012
            ],
            [
              77.80628863151576,
              22.516631004712693
            ],
            [
              77.80605797692415,
              22.51652191321547
            ],
            [
              77.80581774016086,
              22.516435955127093
            ],
            [
              77.80557023483725,
              22.51637395827095
            ],
            [
              77.80531784456485,
              22.516336519710652
            ],
            [
              77.805063,
              22.516323999999997
            ],
            [
              77.791392,
              22.516323999999997
            ],
            [
              77.79113715543515,
              22.516336519710652
            ],
            [
              77.79088476516276,
              22.51637395827095
            ],
            [
              77.79063725983914,
              22.516435955127093
            ],
            [
              77.79039702307585,
              22.516521913215467
            ],
            [
              77.79016636848425,
              22.516631004712693
            ],
            [
              77.78994751739415,
              22.516762179008012
            ],
            [
              77.78974257746118,
              22.516914172821252
            ],
            [
              77.78955352236892,
              22.517085522368912
            ],
            [
              77.78499652236891,
              22.521642522368914
            ],
            [
              77.78482517282126,
              22.521831577461175
            ],
            [
              77.78467317900801,
              22.52203651739415
            ],
            [
              77.78461220374189,
              22.522138248479713
            ],
            [
              77.78411647763109,
              22.521642522368918
            ],
            [
              77.78392740875472,
              22.521471161509012
            ],
            [
              77.78372245295274,
              22.52131915919473
            ],
            [
              77.78350358433711,
              22.521187979495807
            ],
            [
              77.78327291102653,
              22.521078885920836
            ],
            [
              77.78303265484121,
              22.520992929247257
            ],
            [
              77.78278512990259,
              22.520930937400394
            ],
            [
              77.78253272034394,
              22.52089350747897
            ],
            [
              77.78227785734666,
              22.520881000003914
            ],
            [
              77.7820229957234,
              22.520893535445865
            ],
            [
              77.78177059027357,
              22.52093099306481
            ],
            [
              77.78152307213901,
              22.52099301207304
            ],
            [
              77.78128282538746,
              22.521078995110216
            ],
            [
              77.78105216404947,
              22.521188113997084
            ],
            [
              77.78083330982994,
              22.5213193177124
            ],
            [
              77.78062837070891,
              22.521471342516257
            ],
            [
              77.78043932063768,
              22.521642724122287
            ],
            [
              77.78,
              22.522082141186797
            ],
            [
              77.77956067936232,
              22.521642724122287
            ],
            [
              77.77937164307396,
              22.521471353830012
            ],
            [
              77.779166719821,
              22.52131933752894
            ],
            [
              77.7789478831264,
              22.52118813921915
            ],
            [
              77.77871724050718,
              22.52107902241208
            ],
            [
              77.7784770131778,
              22.52099303796224
            ],
            [
              77.7782295146588,
              22.520931013946882
            ],
            [
              77.77797712849619,
              22.520893547691177
            ],
            [
              77.7777222853067,
              22.520881000015653
            ],
            [
              77.77746743936954,
              22.520893491761285
            ],
            [
              77.77721504499043,
              22.52093090262573
            ],
            [
              77.77696753286517,
              22.520992872321912
            ],
            [
              77.77672728667086,
              22.521078804047786
            ],
            [
              77.77649662010967,
              22.521187870233852
            ],
            [
              77.77627775462669,
              22.52131902051312
            ],
            [
              77.77607279801616,
              22.521470991836704
            ],
            [
              77.77588372412228,
              22.52164232063768
            ],
            [
              77.77571235383,
              22.521831356926043
            ],
            [
              77.77556033752893,
              22.522036280178995
            ],
            [
              77.77542913921914,
              22.522255116873588
            ],
            [
              77.77532002241207,
              22.52248575949282
            ],
            [
              77.77523403796224,
              22.522725986822195
            ],
            [
              77.77517201394687,
              22.5229734853412
            ],
            [
              77.77513454769118,
              22.523225871503808
            ],
            [
              77.77512200001566,
              22.5234807146933
            ],
            [
              77.77513449176128,
              22.523735560630453
            ],
            [
              77.77517190262573,
              22.523987955009577
            ],
            [
              77.7752338723219,
              22.52423546713483
            ],
            [
              77.77531980404778,
              22.52447571332914
            ],
            [
              77.77542887023385,
              22.524706379890322
            ],
            [
              77.77556002051311,
              22.524925245373304
            ],
            [
              77.7757119918367,
              22.525130201983835
            ],
            [
              77.77588332063767,
              22.525319275877713
            ],
            [
              77.77632344815603,
              22.5257595
            ]
          ]
        ]
      }
    },
    {
      "type": "Feature",
      "properties": {
        "timestep_min": 150,
        "depth_band": "0.1 - 0.5",
        "min_depth": 0.1,
        "max_depth": 0.5,
        "max_depth_m": 3.7,
        "avg_depth_m": 2.0,
        "inundated_area_km2": 0.27,
        "hazard_level": "Moderate",
        "zone": "downstream",
        "wave_front_km": 46.5
      },
      "geometry": {
        "type": "Polygon",
        "coordinates": [
          [
            [
              77.7829896842672,
              22.578467200765328
            ],
            [
              77.60453702051551,
              22.453797570608224
            ],
            [
              77.6002315835704,
              22.45363215403344
            ],
            [
              77.77378146680344,
              22.5924290052419
            ],
            [
              77.7829896842672,
              22.578467200765328
            ]
          ]
        ]
      }
    },
    {
      "type": "Feature",
      "properties": {
        "timestep_min": 150,
        "depth_band": "0.5 - 1.0",
        "min_depth": 0.5,
        "max_depth": 1.0,
        "max_depth_m": 3.7,
        "avg_depth_m": 2.0,
        "inundated_area_km2": 0.2,
        "hazard_level": "Moderate",
        "zone": "downstream",
        "wave_front_km": 46.5
      },
      "geometry": {
        "type": "Polygon",
        "coordinates": [
          [
            [
              77.76529256414526,
              22.567835320519528
            ],
            [
              77.63145306633147,
              22.4743330979017
            ],
            [
              77.62822398862265,
              22.47420903547061
            ],
            [
              77.75838640104743,
              22.57830667387696
            ],
            [
              77.76529256414526,
              22.567835320519528
            ]
          ]
        ]
      }
    },
    {
      "type": "Feature",
      "properties": {
        "timestep_min": 150,
        "depth_band": "1.0 - 2.0",
        "min_depth": 1.0,
        "max_depth": 2.0,
        "max_depth_m": 3.7,
        "avg_depth_m": 2.0,
        "inundated_area_km2": 0.15,
        "hazard_level": "High",
        "zone": "downstream",
        "wave_front_km": 46.5
      },
      "geometry": {
        "type": "Polygon",
        "coordinates": [
          [
            [
              77.75113486804769,
              22.559329816322894
            ],
            [
              77.65298590298426,
              22.490761519736488
            ],
            [
              77.65061791266444,
              22.490670540620354
            ],
            [
              77.74607034844261,
              22.56700880878501
            ],
            [
              77.75113486804769,
              22.559329816322894
            ]
          ]
        ]
      }
    },
    {
      "type": "Feature",
      "properties": {
        "timestep_min": 150,
        "depth_band": "2.0 - 3.0",
        "min_depth": 2.0,
        "max_depth": 3.0,
        "max_depth_m": 3.7,
        "avg_depth_m": 2.0,
        "inundated_area_km2": 0.1,
        "hazard_level": "High",
        "zone": "downstream",
        "wave_front_km": 46.5
      },
      "geometry": {
        "type": "Polygon",
        "coordinates": [
          [
            [
              77.73910082636476,
              22.55210013775575
            ],
            [
              77.67128881413912,
              22.50472567829605
            ],
            [
              77.66965274809998,
              22.504662819997634
            ],
            [
              77.73560170372852,
              22.557405623456848
            ],
            [
              77.73910082636476,
              22.55210013775575
            ]
          ]
        ]
      }
    },
    {
      "type": "Feature",
      "properties": {
        "timestep_min": 150,
        "depth_band": "3.0 - 5.0",
        "min_depth": 3.0,
        "max_depth": 5.0,
        "max_depth_m": 3.7,
        "avg_depth_m": 2.0,
        "inundated_area_km2": 0.06,
        "hazard_level": "Critical",
        "zone": "downstream",
        "wave_front_km": 46.5
      },
      "geometry": {
        "type": "Polygon",
        "coordinates": [
          [
            [
              77.7277746694867,
              22.54529573439844
            ],
            [
              77.68851508346134,
              22.51786841576388
            ],
            [
              77.68756788733342,
              22.517832024117425
            ],
            [
              77.72574886164468,
              22.548367331383286
            ],
            [
              77.7277746694867,
              22.54529573439844
            ]
          ]
        ]
      }
    },
    {
      "type": "Feature",
      "properties": {
        "depth_band": "0.1 - 0.5",
        "min_depth": 0.1,
        "max_depth": 0.5,
        "max_depth_m": 8.7,
        "avg_depth_m": 4.3,
        "hazard_level": "Moderate",
        "zone": "reservoir",
        "timestep_min": 180
      },
      "geometry": {
        "type": "Polygon",
        "coordinates": [
          [
            [
              77.7675843694637,
              22.525759484552143
            ],
            [
              77.76752166613662,
              22.52600990013174
            ],
            [
              77.76737199963985,
              22.527019426220118
            ],
            [
              77.76732200002783,
              22.528038760817868
            ],
            [
              77.76737214877932,
              22.529058088089204
            ],
            [
              77.76752196297937,
              22.530067592268907
            ],
            [
              77.76776999996964,
              22.531057552184674
            ],
            [
              77.76811387124064,
              22.532018434868647
            ],
            [
              77.76855026543222,
              22.53294098735654
            ],
            [
              77.76907498022094,
              22.53381632579045
            ],
            [
              77.76968296278682,
              22.53463602096731
            ],
            [
              77.77036835847031,
              22.535392179509156
            ],
            [
              77.77112456715065,
              22.53607751987362
            ],
            [
              77.77194430680262,
              22.536685442472603
            ],
            [
              77.77281968362,
              22.537210093224033
            ],
            [
              77.77374226803008,
              22.537646419924606
            ],
            [
              77.77470317586759,
              22.53799022090076
            ],
            [
              77.77569315392599,
              22.53823818546929
            ],
            [
              77.77670266906273,
              22.538387925818107
            ],
            [
              77.777722,
              22.538438
            ],
            [
              77.782278,
              22.538438
            ],
            [
              77.78329733093727,
              22.538387925818107
            ],
            [
              77.78430684607402,
              22.53823818546929
            ],
            [
              77.78455649645015,
              22.538175654338144
            ],
            [
              77.78480606065102,
              22.53823816691619
            ],
            [
              77.78581562174057,
              22.53838792115739
            ],
            [
              77.786835,
              22.538438
            ],
            [
              77.78785437825942,
              22.53838792115739
            ],
            [
              77.78886393934896,
              22.538238166916194
            ],
            [
              77.78985396064344,
              22.537990179491615
            ],
            [
              77.79081490769659,
              22.537646347138118
            ],
            [
              77.79173752606299,
              22.537209981149225
            ],
            [
              77.7926129304234,
              22.536685283967948
            ],
            [
              77.7934326901553,
              22.536077308714972
            ],
            [
              77.79418891052434,
              22.53539191052434
            ],
            [
              77.79487430871497,
              22.5346356901553
            ],
            [
              77.79548228396794,
              22.533815930423405
            ],
            [
              77.79600698114922,
              22.53294052606299
            ],
            [
              77.79644334713811,
              22.5320179076966
            ],
            [
              77.79678717949162,
              22.531056960643447
            ],
            [
              77.79703516691619,
              22.530066939348966
            ],
            [
              77.7971453715582,
              22.529324
            ],
            [
              77.80075517895132,
              22.529324
            ],
            [
              77.80226608947565,
              22.53083491052433
            ],
            [
              77.803777,
              22.532345821048672
            ],
            [
              77.803777,
              22.54195817895131
            ],
            [
              77.80226608947565,
              22.543469089475657
            ],
            [
              77.79770908947566,
              22.548026089475666
            ],
            [
              77.79315208947565,
              22.552583089475657
            ],
            [
              77.78859508947566,
              22.557140089475656
            ],
            [
              77.78403808947566,
              22.561697089475665
            ],
            [
              77.77948108947567,
              22.566254089475656
            ],
            [
              77.77492408947566,
              22.570811089475665
            ],
            [
              77.77036728255072,
              22.57536889648915
            ],
            [
              77.76968205783379,
              22.57612508178283
            ],
            [
              77.7690742405376,
              22.57694478126772
            ],
            [
              77.76854968264072,
              22.577820102993655
            ],
            [
              77.76811343451205,
              22.57874261948744
            ],
            [
              77.76776969628656,
              22.579703448891348
            ],
            [
              77.76752177742706,
              22.580693340476408
            ],
            [
              77.7673720648611,
              22.581702763707106
            ],
            [
              77.767322,
              22.582722
            ],
            [
              77.767322,
              22.587278
            ],
            [
              77.76737207884261,
              22.58829737825943
            ],
            [
              77.7675218330838,
              22.58930693934897
            ],
            [
              77.76776982050838,
              22.590296960643446
            ],
            [
              77.76811365286189,
              22.591257907696598
            ],
            [
              77.76855001885077,
              22.592180526062993
            ],
            [
              77.76907471603205,
              22.593055930423404
            ],
            [
              77.76968269128503,
              22.593875690155304
            ],
            [
              77.77036808947565,
              22.594631910524342
            ],
            [
              77.7711243098447,
              22.595317308714975
            ],
            [
              77.77194406957659,
              22.595925283967947
            ],
            [
              77.772819473937,
              22.596449981149224
            ],
            [
              77.7737420923034,
              22.596886347138117
            ],
            [
              77.77470303935655,
              22.597230179491618
            ],
            [
              77.77569306065102,
              22.597478166916193
            ],
            [
              77.77670262174057,
              22.597627921157393
            ],
            [
              77.777722,
              22.597678000000002
            ],
            [
              77.77874137825943,
              22.597627921157393
            ],
            [
              77.77975093934897,
              22.597478166916193
            ],
            [
              77.78074096064344,
              22.597230179491618
            ],
            [
              77.7817019076966,
              22.596886347138117
            ],
            [
              77.78262452606299,
              22.596449981149224
            ],
            [
              77.7834999304234,
              22.595925283967947
            ],
            [
              77.7843196901553,
              22.595317308714975
            ],
            [
              77.78507591052434,
              22.594631910524342
            ],
            [
              77.78576130871497,
              22.593875690155304
            ],
            [
              77.78636928396794,
              22.593055930423404
            ],
            [
              77.78689398114922,
              22.592180526062993
            ],
            [
              77.78733034713811,
              22.591257907696598
            ],
            [
              77.78767417949162,
              22.590296960643446
            ],
            [
              77.78792216691619,
              22.58930693934897
            ],
            [
              77.78807192115738,
              22.58829737825943
            ],
            [
              77.788122,
              22.587278
            ],
            [
              77.788122,
              22.58702915254868
            ],
            [
              77.78963231400915,
              22.585518507039527
            ],
            [
              77.79418891052434,
              22.580961910524334
            ],
            [
              77.79874591052433,
              22.576404910524346
            ],
            [
              77.80330291052434,
              22.571847910524337
            ],
            [
              77.80785991052433,
              22.567290910524346
            ],
            [
              77.81241691052435,
              22.562733910524344
            ],
            [
              77.81697391052434,
              22.558176910524335
            ],
            [
              77.82153091052434,
              22.553619910524343
            ],
            [
              77.82221630871497,
              22.552863690155302
            ],
            [
              77.82282428396795,
              22.5520439304234
            ],
            [
              77.82334898114922,
              22.55116852606299
            ],
            [
              77.82378534713811,
              22.550245907696596
            ],
            [
              77.82412917949162,
              22.549284960643444
            ],
            [
              77.8243771669162,
              22.548294939348967
            ],
            [
              77.82452692115739,
              22.547285378259428
            ],
            [
              77.824577,
              22.546266
            ],
            [
              77.824577,
              22.528038
            ],
            [
              77.82452692115739,
              22.52701862174057
            ],
            [
              77.8243771669162,
              22.526009060651027
            ],
            [
              77.82412917949162,
              22.52501903935655
            ],
            [
              77.82378534713811,
              22.5240580923034
            ],
            [
              77.82334898114922,
              22.523135473937003
            ],
            [
              77.82282428396795,
              22.52226006957659
            ],
            [
              77.82221630871497,
              22.52144030984469
            ],
            [
              77.82153091052433,
              22.520684089475655
            ],
            [
              77.81697391052434,
              22.516127089475663
            ],
            [
              77.81241691052435,
              22.51157008947567
            ],
            [
              77.8116606901553,
              22.510884691285032
            ],
            [
              77.81084093042341,
              22.510276716032056
            ],
            [
              77.809965526063,
              22.50975201885078
            ],
            [
              77.80904290769661,
              22.509315652861883
            ],
            [
              77.80808196064345,
              22.508971820508386
            ],
            [
              77.80709193934898,
              22.508723833083806
            ],
            [
              77.80608237825943,
              22.508574078842607
            ],
            [
              77.805063,
              22.508523999999998
            ],
            [
              77.791392,
              22.508523999999998
            ],
            [
              77.79037262174057,
              22.508574078842607
            ],
            [
              77.78936306065103,
              22.508723833083806
            ],
            [
              77.78837303935656,
              22.508971820508382
            ],
            [
              77.7874120923034,
              22.509315652861883
            ],
            [
              77.78648947393701,
              22.509752018850776
            ],
            [
              77.7856140695766,
              22.510276716032052
            ],
            [
              77.7847943098447,
              22.510884691285025
            ],
            [
              77.78403808947566,
              22.511570089475654
            ],
            [
              77.78251549575977,
              22.513092683191537
            ],
            [
              77.78227742938661,
              22.513081000015653
            ],
            [
              77.78125798289356,
              22.513131141783457
            ],
            [
              77.78024836109428,
              22.513280972259235
            ],
            [
              77.78000002334704,
              22.51334319663248
            ],
            [
              77.7797520586352,
              22.513281055787523
            ],
            [
              77.77874251398477,
              22.51313119076471
            ],
            [
              77.7777231412268,
              22.513081000062616
            ],
            [
              77.77670375747819,
              22.513130967045136
            ],
            [
              77.77569417996169,
              22.513280610502914
            ],
            [
              77.77470413146068,
              22.51352848928765
            ],
            [
              77.77374314668344,
              22.513872216191142
            ],
            [
              77.77282048043871,
              22.51430848093541
            ],
            [
              77.77194501850678,
              22.514833082052476
            ],
            [
              77.77112519206466,
              22.515440967346812
            ],
            [
              77.77036889648915,
              22.516126282550726
            ],
            [
              77.76968341532005,
              22.516882427704175
            ],
            [
              77.76907535011576,
              22.517702120715978
            ],
            [
              77.76855055687659,
              22.518577467494342
            ],
            [
              77.76811408964832,
              22.51950003797128
            ],
            [
              77.76777015184895,
              22.520460947288772
            ],
            [
              77.76752205578752,
              22.5214509413648
            ],
            [
              77.7673721907647,
              22.522460486015227
            ],
            [
              77.7673220000626,
              22.5234798587732
            ],
            [
              77.76737196704514,
              22.52449924252181
            ],
            [
              77.76752161050291,
              22.525508820038304
            ],
            [
              77.7675843694637,
              22.525759484552143
            ]
          ]
        ]
      }
    },
    {
      "type": "Feature",
      "properties": {
        "depth_band": "0.5 - 1.0",
        "min_depth": 0.5,
        "max_depth": 1.0,
        "max_depth_m": 8.7,
        "avg_depth_m": 4.3,
        "hazard_level": "Moderate",
        "zone": "reservoir",
        "timestep_min": 180
      },
      "geometry": {
        "type": "Polygon",
        "coordinates": [
          [
            [
              77.77081461243957,
              22.525759493259073
            ],
            [
              77.77075529079745,
              22.525925332755197
            ],
            [
              77.77058176629563,
              22.52661833009222
            ],
            [
              77.7704769997479,
              22.527324998354082
            ],
            [
              77.77044200001947,
              22.52803853257251
            ],
            [
              77.77047710414551,
              22.528752061662445
            ],
            [
              77.77058197408556,
              22.529458714588234
            ],
            [
              77.77075559997876,
              22.530151686529273
            ],
            [
              77.77099630986845,
              22.530824304408053
            ],
            [
              77.77130178580256,
              22.53147009114958
            ],
            [
              77.77166908615466,
              22.532082828053316
            ],
            [
              77.77209467395078,
              22.532656614677116
            ],
            [
              77.77257445092921,
              22.533185925656408
            ],
            [
              77.77310379700545,
              22.53366566391153
            ],
            [
              77.77367761476184,
              22.53409120973082
            ],
            [
              77.77429037853399,
              22.534458465256822
            ],
            [
              77.77493618762105,
              22.534763893947225
            ],
            [
              77.7756088231073,
              22.535004554630532
            ],
            [
              77.77630180774818,
              22.535178129828502
            ],
            [
              77.77700846834391,
              22.535282948072673
            ],
            [
              77.777722,
              22.535318
            ],
            [
              77.782278,
              22.535318
            ],
            [
              77.7829915316561,
              22.535282948072673
            ],
            [
              77.78369819225182,
              22.535178129828502
            ],
            [
              77.7843911768927,
              22.535004554630532
            ],
            [
              77.78455649689715,
              22.534945405171353
            ],
            [
              77.78472172754958,
              22.535004525644126
            ],
            [
              77.78541474245571,
              22.535178116841333
            ],
            [
              77.78612143521839,
              22.535282944810174
            ],
            [
              77.786835,
              22.535318
            ],
            [
              77.78754856478159,
              22.535282944810174
            ],
            [
              77.78825525754426,
              22.535178116841333
            ],
            [
              77.78894827245041,
              22.53500452564413
            ],
            [
              77.78962093538762,
              22.534763842996682
            ],
            [
              77.79026676824408,
              22.534458386804456
            ],
            [
              77.79087955129637,
              22.534091098777562
            ],
            [
              77.7914533831087,
              22.53366551610048
            ],
            [
              77.79198273736704,
              22.533185737367038
            ],
            [
              77.79246251610047,
              22.532656383108712
            ],
            [
              77.79288809877755,
              22.532082551296384
            ],
            [
              77.79325538680445,
              22.531469768244094
            ],
            [
              77.79356084299668,
              22.530823935387616
            ],
            [
              77.79380152564413,
              22.53015127245041
            ],
            [
              77.79397511684134,
              22.529458257544277
            ],
            [
              77.79407994481016,
              22.528751564781597
            ],
            [
              77.79411499999999,
              22.528038
            ],
            [
              77.79411499999999,
              22.526496474734085
            ],
            [
              77.79440747473407,
              22.526204
            ],
            [
              77.80204752526593,
              22.526204
            ],
            [
              77.80447226263296,
              22.528628737367033
            ],
            [
              77.806897,
              22.53105347473409
            ],
            [
              77.806897,
              22.543250525265915
            ],
            [
              77.80447226263296,
              22.54567526263296
            ],
            [
              77.79991526263296,
              22.550232262632967
            ],
            [
              77.79535826263296,
              22.554789262632962
            ],
            [
              77.79080126263295,
              22.559346262632957
            ],
            [
              77.78624426263296,
              22.56390326263297
            ],
            [
              77.78168726263296,
              22.568460262632957
            ],
            [
              77.77713026263297,
              22.573017262632966
            ],
            [
              77.7725736977855,
              22.577574827542403
            ],
            [
              77.77209404048365,
              22.57810415724798
            ],
            [
              77.77166856837633,
              22.578677946887403
            ],
            [
              77.7713013778485,
              22.57929067209556
            ],
            [
              77.77099600415843,
              22.579936433641205
            ],
            [
              77.7707553874006,
              22.580609014223942
            ],
            [
              77.77058184419894,
              22.581301938333485
            ],
            [
              77.77047704540277,
              22.582008534594973
            ],
            [
              77.770442,
              22.582722
            ],
            [
              77.770442,
              22.587278
            ],
            [
              77.77047705518983,
              22.5879915647816
            ],
            [
              77.77058188315866,
              22.58869825754428
            ],
            [
              77.77075547435587,
              22.589391272450413
            ],
            [
              77.77099615700331,
              22.59006393538762
            ],
            [
              77.77130161319555,
              22.590709768244096
            ],
            [
              77.77166890122244,
              22.591322551296383
            ],
            [
              77.77209448389952,
              22.59189638310871
            ],
            [
              77.77257426263296,
              22.59242573736704
            ],
            [
              77.77310361689129,
              22.592905516100483
            ],
            [
              77.77367744870361,
              22.593331098777565
            ],
            [
              77.7742902317559,
              22.59369838680446
            ],
            [
              77.77493606461238,
              22.594003842996685
            ],
            [
              77.77560872754958,
              22.594244525644132
            ],
            [
              77.77630174245571,
              22.594418116841336
            ],
            [
              77.77700843521839,
              22.594522944810176
            ],
            [
              77.777722,
              22.594558000000003
            ],
            [
              77.7784355647816,
              22.594522944810176
            ],
            [
              77.77914225754428,
              22.594418116841336
            ],
            [
              77.77983527245041,
              22.594244525644132
            ],
            [
              77.78050793538762,
              22.594003842996685
            ],
            [
              77.7811537682441,
              22.59369838680446
            ],
            [
              77.78176655129639,
              22.593331098777565
            ],
            [
              77.7823403831087,
              22.592905516100483
            ],
            [
              77.78286973736704,
              22.59242573736704
            ],
            [
              77.78334951610047,
              22.59189638310871
            ],
            [
              77.78377509877755,
              22.591322551296383
            ],
            [
              77.78414238680445,
              22.590709768244096
            ],
            [
              77.78444784299668,
              22.59006393538762
            ],
            [
              77.78468852564413,
              22.589391272450413
            ],
            [
              77.78486211684134,
              22.58869825754428
            ],
            [
              77.78496694481017,
              22.5879915647816
            ],
            [
              77.78500199999999,
              22.587278
            ],
            [
              77.78500199999999,
              22.585737006784086
            ],
            [
              77.78742601983069,
              22.583312454903385
            ],
            [
              77.79198273736704,
              22.578755737367032
            ],
            [
              77.79653973736704,
              22.574198737367045
            ],
            [
              77.80109673736703,
              22.569641737367032
            ],
            [
              77.80565373736704,
              22.565084737367044
            ],
            [
              77.81021073736704,
              22.56052773736704
            ],
            [
              77.81476773736703,
              22.555970737367034
            ],
            [
              77.81932473736704,
              22.55141373736704
            ],
            [
              77.81980451610048,
              22.55088438310871
            ],
            [
              77.82023009877756,
              22.55031055129638
            ],
            [
              77.82059738680445,
              22.549697768244094
            ],
            [
              77.82090284299669,
              22.549051935387617
            ],
            [
              77.82114352564413,
              22.54837927245041
            ],
            [
              77.82131711684134,
              22.547686257544278
            ],
            [
              77.82142194481017,
              22.546979564781598
            ],
            [
              77.821457,
              22.546266
            ],
            [
              77.821457,
              22.528038
            ],
            [
              77.82142194481017,
              22.5273244352184
            ],
            [
              77.82131711684134,
              22.52661774245572
            ],
            [
              77.82114352564413,
              22.525924727549587
            ],
            [
              77.82090284299669,
              22.52525206461238
            ],
            [
              77.82059738680445,
              22.524606231755904
            ],
            [
              77.82023009877756,
              22.523993448703614
            ],
            [
              77.81980451610048,
              22.523419616891285
            ],
            [
              77.81932473736704,
              22.522890262632956
            ],
            [
              77.81476773736703,
              22.518333262632957
            ],
            [
              77.81021073736704,
              22.513776262632966
            ],
            [
              77.80968138310872,
              22.51329648389952
            ],
            [
              77.80910755129639,
              22.51287090122244
            ],
            [
              77.8084947682441,
              22.512503613195545
            ],
            [
              77.80784893538763,
              22.51219815700332
            ],
            [
              77.80717627245042,
              22.511957474355867
            ],
            [
              77.80648325754429,
              22.511783883158664
            ],
            [
              77.80577656478161,
              22.511679055189823
            ],
            [
              77.805063,
              22.511643999999997
            ],
            [
              77.791392,
              22.511643999999997
            ],
            [
              77.7906784352184,
              22.511679055189823
            ],
            [
              77.78997174245572,
              22.511783883158664
            ],
            [
              77.78927872754959,
              22.511957474355867
            ],
            [
              77.78860606461238,
              22.512198157003315
            ],
            [
              77.7879602317559,
              22.51250361319554
            ],
            [
              77.78734744870361,
              22.512870901222435
            ],
            [
              77.7867736168913,
              22.513296483899516
            ],
            [
              77.78624426263296,
              22.51377626263296
            ],
            [
              77.78368205905541,
              22.516338466210517
            ],
            [
              77.78299121696301,
              22.516236020941115
            ],
            [
              77.78227760057062,
              22.51620100001096
            ],
            [
              77.7815639880255,
              22.51623609924842
            ],
            [
              77.780857252766,
              22.516340980581464
            ],
            [
              77.78016420198924,
              22.51651463380451
            ],
            [
              77.78000001019541,
              22.516573397176007
            ],
            [
              77.77983603689786,
              22.51651470629427
            ],
            [
              77.77914304104463,
              22.516341039051266
            ],
            [
              77.77843635978934,
              22.516236133535298
            ],
            [
              77.77772279885876,
              22.516201000043832
            ],
            [
              77.77700923023473,
              22.516235976931593
            ],
            [
              77.77630252597318,
              22.51634072735204
            ],
            [
              77.77560949202248,
              22.516514242501355
            ],
            [
              77.77493680267841,
              22.5167548513338
            ],
            [
              77.7742909363071,
              22.517060236654785
            ],
            [
              77.77367811295476,
              22.517427457436735
            ],
            [
              77.77310423444527,
              22.51785297714277
            ],
            [
              77.7725748275424,
              22.518332697785507
            ],
            [
              77.77209499072403,
              22.51886199939292
            ],
            [
              77.77166934508102,
              22.519435784501184
            ],
            [
              77.77130198981361,
              22.52004852724604
            ],
            [
              77.77099646275383,
              22.520694326579896
            ],
            [
              77.77075570629427,
              22.52136696310214
            ],
            [
              77.77058203905126,
              22.52205995895536
            ],
            [
              77.7704771335353,
              22.52276664021066
            ],
            [
              77.77044200004383,
              22.52348020114124
            ],
            [
              77.77047697693159,
              22.524193769765265
            ],
            [
              77.77058172735204,
              22.524900474026815
            ],
            [
              77.77075524250135,
              22.52559350797752
            ],
            [
              77.77081461243957,
              22.525759493259073
            ]
          ]
        ]
      }
    },
    {
      "type": "Feature",
      "properties": {
        "depth_band": "1.0 - 2.0",
        "min_depth": 1.0,
        "max_depth": 2.0,
        "max_depth_m": 8.7,
        "avg_depth_m": 4.3,
        "hazard_level": "Moderate",
        "zone": "reservoir",
        "timestep_min": 180
      },
      "geometry": {
        "type": "Polygon",
        "coordinates": [
          [
            [
              77.77363799863924,
              22.52575949787959
            ],
            [
              77.77359439667595,
              22.525832259580245
            ],
            [
              77.7733980800327,
              22.526247436927548
            ],
            [
              77.77324340122694,
              22.526679856771196
            ],
            [
              77.77313184976148,
              22.52712535505928
            ],
            [
              77.77306449983793,
              22.52757964179905
            ],
            [
              77.77304200001252,
              22.52803834236804
            ],
            [
              77.7730645669507,
              22.52849703964014
            ],
            [
              77.77313198334072,
              22.528951316521006
            ],
            [
              77.77324359998634,
              22.529396798483102
            ],
            [
              77.77339834205829,
              22.52982919569089
            ],
            [
              77.7735947194445,
              22.530244344310443
            ],
            [
              77.77383084109943,
              22.5306382466057
            ],
            [
              77.77410443325407,
              22.531007109435286
            ],
            [
              77.77441286131165,
              22.53134738077912
            ],
            [
              77.7747531552178,
              22.531655783943126
            ],
            [
              77.77512203806117,
              22.53192934911267
            ],
            [
              77.775515957629,
              22.532165441950813
            ],
            [
              77.77593112061354,
              22.53236178896607
            ],
            [
              77.77636352914041,
              22.53251649940534
            ],
            [
              77.7768090192667,
              22.53262808346118
            ],
            [
              77.77726330107822,
              22.532695466618147
            ],
            [
              77.777722,
              22.532718
            ],
            [
              77.782278,
              22.532718
            ],
            [
              77.78273669892178,
              22.532695466618147
            ],
            [
              77.78319098073331,
              22.53262808346118
            ],
            [
              77.78363647085959,
              22.53251649940534
            ],
            [
              77.78406887938647,
              22.53236178896607
            ],
            [
              77.784484042371,
              22.532165441950813
            ],
            [
              77.78455649695903,
              22.532122016818583
            ],
            [
              77.78462886327165,
              22.532165391517147
            ],
            [
              77.78504404153652,
              22.53236175621215
            ],
            [
              77.78547646771044,
              22.532516480771225
            ],
            [
              77.78592197729296,
              22.532628075112285
            ],
            [
              77.78637627978325,
              22.532695464520824
            ],
            [
              77.786835,
              22.532718
            ],
            [
              77.78729372021674,
              22.532695464520824
            ],
            [
              77.78774802270704,
              22.532628075112285
            ],
            [
              77.78819353228954,
              22.532516480771225
            ],
            [
              77.78862595846346,
              22.532361756212154
            ],
            [
              77.78904113672834,
              22.53216539151715
            ],
            [
              77.78943506869052,
              22.531929277785576
            ],
            [
              77.78980396056988,
              22.531655688921738
            ],
            [
              77.79014425973595,
              22.531347259735952
            ],
            [
              77.79045268892173,
              22.531006960569886
            ],
            [
              77.79072627778557,
              22.530638068690532
            ],
            [
              77.79096239151714,
              22.530244136728346
            ],
            [
              77.79115875621216,
              22.52982895846347
            ],
            [
              77.79131348077122,
              22.52939653228955
            ],
            [
              77.79142507511229,
              22.528951022707034
            ],
            [
              77.79149246452083,
              22.52849672021674
            ],
            [
              77.79151499999999,
              22.528038
            ],
            [
              77.79151499999999,
              22.525419519471917
            ],
            [
              77.79333051947191,
              22.523604
            ],
            [
              77.8031244805281,
              22.523604
            ],
            [
              77.80631074026404,
              22.52679025973595
            ],
            [
              77.80949700000001,
              22.529976519471923
            ],
            [
              77.80949700000001,
              22.544327480528082
            ],
            [
              77.80631074026404,
              22.547513740264048
            ],
            [
              77.80175374026405,
              22.55207074026405
            ],
            [
              77.79719674026404,
              22.556627740264048
            ],
            [
              77.79263974026404,
              22.561184740264043
            ],
            [
              77.78808274026404,
              22.565741740264052
            ],
            [
              77.78352574026404,
              22.570298740264043
            ],
            [
              77.77896874026405,
              22.57485574026405
            ],
            [
              77.77441237714783,
              22.579413103420116
            ],
            [
              77.7741040260252,
              22.57975338680227
            ],
            [
              77.77383050824191,
              22.580122251570472
            ],
            [
              77.77359445718832,
              22.580516146347144
            ],
            [
              77.77339814553042,
              22.580931278769345
            ],
            [
              77.77324346332895,
              22.581363652001105
            ],
            [
              77.77313189984218,
              22.581809103214383
            ],
            [
              77.7730645291875,
              22.582263343668195
            ],
            [
              77.773042,
              22.582722
            ],
            [
              77.773042,
              22.587278
            ],
            [
              77.77306453547916,
              22.587736720216743
            ],
            [
              77.7731319248877,
              22.588191022707036
            ],
            [
              77.77324351922877,
              22.588636532289552
            ],
            [
              77.77339824378784,
              22.58906895846347
            ],
            [
              77.77359460848285,
              22.58948413672835
            ],
            [
              77.77383072221443,
              22.589878068690535
            ],
            [
              77.77410431107826,
              22.590246960569885
            ],
            [
              77.77441274026404,
              22.590587259735955
            ],
            [
              77.77475303943011,
              22.590895688921737
            ],
            [
              77.77512193130947,
              22.59116927778558
            ],
            [
              77.77551586327165,
              22.591405391517153
            ],
            [
              77.77593104153652,
              22.591601756212153
            ],
            [
              77.77636346771044,
              22.591756480771227
            ],
            [
              77.77680897729296,
              22.591868075112288
            ],
            [
              77.77726327978326,
              22.591935464520827
            ],
            [
              77.777722,
              22.591958
            ],
            [
              77.77818072021674,
              22.591935464520827
            ],
            [
              77.77863502270704,
              22.591868075112288
            ],
            [
              77.77908053228956,
              22.591756480771227
            ],
            [
              77.77951295846347,
              22.591601756212153
            ],
            [
              77.77992813672834,
              22.591405391517153
            ],
            [
              77.78032206869052,
              22.59116927778558
            ],
            [
              77.78069096056988,
              22.590895688921737
            ],
            [
              77.78103125973595,
              22.590587259735955
            ],
            [
              77.78133968892173,
              22.590246960569885
            ],
            [
              77.78161327778557,
              22.589878068690535
            ],
            [
              77.78184939151714,
              22.58948413672835
            ],
            [
              77.78204575621216,
              22.58906895846347
            ],
            [
              77.78220048077122,
              22.588636532289552
            ],
            [
              77.78231207511229,
              22.588191022707036
            ],
            [
              77.78237946452083,
              22.587736720216743
            ],
            [
              77.78240199999999,
              22.587278
            ],
            [
              77.78240199999999,
              22.584660218646913
            ],
            [
              77.78558744129198,
              22.58147407817993
            ],
            [
              77.79014425973595,
              22.57691725973595
            ],
            [
              77.79470125973596,
              22.57236025973596
            ],
            [
              77.79925825973595,
              22.56780325973595
            ],
            [
              77.80381525973596,
              22.56324625973596
            ],
            [
              77.80837225973596,
              22.558689259735953
            ],
            [
              77.81292925973595,
              22.55413225973595
            ],
            [
              77.81748625973596,
              22.549575259735953
            ],
            [
              77.81779468892174,
              22.549234960569883
            ],
            [
              77.81806827778557,
              22.54886606869053
            ],
            [
              77.81830439151715,
              22.548472136728343
            ],
            [
              77.81850075621216,
              22.548056958463466
            ],
            [
              77.81865548077123,
              22.54762453228955
            ],
            [
              77.81876707511229,
              22.547179022707034
            ],
            [
              77.81883446452083,
              22.54672472021674
            ],
            [
              77.818857,
              22.546266
            ],
            [
              77.818857,
              22.528038
            ],
            [
              77.81883446452083,
              22.527579279783257
            ],
            [
              77.81876707511229,
              22.527124977292964
            ],
            [
              77.81865548077123,
              22.526679467710448
            ],
            [
              77.81850075621216,
              22.52624704153653
            ],
            [
              77.81830439151715,
              22.52583186327165
            ],
            [
              77.81806827778557,
              22.525437931309465
            ],
            [
              77.81779468892174,
              22.525069039430115
            ],
            [
              77.81748625973596,
              22.52472874026404
            ],
            [
              77.81292925973595,
              22.520171740264043
            ],
            [
              77.80837225973596,
              22.51561474026405
            ],
            [
              77.80803196056989,
              22.515306311078263
            ],
            [
              77.80766306869054,
              22.515032722214425
            ],
            [
              77.80726913672835,
              22.51479660848285
            ],
            [
              77.80685395846348,
              22.514600243787847
            ],
            [
              77.80642153228956,
              22.514445519228772
            ],
            [
              77.80597602270704,
              22.514333924887712
            ],
            [
              77.80552172021675,
              22.514266535479173
            ],
            [
              77.805063,
              22.514243999999998
            ],
            [
              77.791392,
              22.514243999999998
            ],
            [
              77.79093327978326,
              22.514266535479173
            ],
            [
              77.79047897729296,
              22.514333924887712
            ],
            [
              77.79003346771044,
              22.514445519228772
            ],
            [
              77.78960104153653,
              22.514600243787847
            ],
            [
              77.78918586327165,
              22.51479660848285
            ],
            [
              77.78879193130948,
              22.515032722214425
            ],
            [
              77.78842303943011,
              22.515306311078263
            ],
            [
              77.78808274026404,
              22.515614740264045
            ],
            [
              77.78438891228409,
              22.519308568243996
            ],
            [
              77.78406883984775,
              22.51915719465751
            ],
            [
              77.78363637871418,
              22.519002472645067
            ],
            [
              77.78319083382466,
              22.518890887320712
            ],
            [
              77.78273649661908,
              22.518823513462145
            ],
            [
              77.78227774322397,
              22.518801000007045
            ],
            [
              77.7818189923021,
              22.518823563802556
            ],
            [
              77.78136466249244,
              22.518890987516656
            ],
            [
              77.78091912985023,
              22.51900262173147
            ],
            [
              77.78048668569743,
              22.519157391198387
            ],
            [
              77.78007149528904,
              22.51935380519475
            ],
            [
              77.78000000320556,
              22.519396664898295
            ],
            [
              77.77992858962754,
              22.519353850594467
            ],
            [
              77.77951343291292,
              22.519157440341743
            ],
            [
              77.77908102372005,
              22.519002668332032
            ],
            [
              77.77863552638584,
              22.518891025104384
            ],
            [
              77.77818123129315,
              22.51882358584412
            ],
            [
              77.77772251355206,
              22.518801000028176
            ],
            [
              77.77726379086518,
              22.518823485170312
            ],
            [
              77.77680948098276,
              22.518890824726313
            ],
            [
              77.77636395915731,
              22.519002370179443
            ],
            [
              77.77593151600755,
              22.519157047286015
            ],
            [
              77.77551631619741,
              22.519353366420933
            ],
            [
              77.77512235832805,
              22.519589436923614
            ],
            [
              77.7747534364291,
              22.519862985306066
            ],
            [
              77.77441310342012,
              22.520171377147825
            ],
            [
              77.77410463689402,
              22.52051164246688
            ],
            [
              77.77383100755209,
              22.52088050432219
            ],
            [
              77.77359485059446,
              22.521274410372456
            ],
            [
              77.77339844034174,
              22.521689567087076
            ],
            [
              77.77324366833203,
              22.522121976279948
            ],
            [
              77.77313202510439,
              22.52256747361416
            ],
            [
              77.77306458584411,
              22.523021768706855
            ],
            [
              77.77304200002817,
              22.52348048644794
            ],
            [
              77.77306448517031,
              22.523939209134813
            ],
            [
              77.7731318247263,
              22.524393519017238
            ],
            [
              77.77324337017944,
              22.52483904084269
            ],
            [
              77.77339804728601,
              22.525271483992448
            ],
            [
              77.77359436642094,
              22.52568668380258
            ],
            [
              77.77363799863924,
              22.52575949787959
            ]
          ]
        ]
      }
    },
    {
      "type": "Feature",
      "properties": {
        "depth_band": "2.0 - 3.0",
        "min_depth": 2.0,
        "max_depth": 3.0,
        "max_depth_m": 8.7,
        "avg_depth_m": 4.3,
        "hazard_level": "Moderate",
        "zone": "reservoir",
        "timestep_min": 180
      },
      "geometry": {
        "type": "Polygon",
        "coordinates": [
          [
            [
              77.77632344815603,
              22.5257595
            ],
            [
              77.77588332063767,
              22.526199724122286
            ],
            [
              77.77571199937724,
              22.52638878882598
            ],
            [
              77.77556003372003,
              22.526593734856654
            ],
            [
              77.7754288870422,
              22.526812588655694
            ],
            [
              77.77531982224039,
              22.52704324273753
            ],
            [
              77.77523388957052,
              22.527283475984
            ],
            [
              77.77517191653415,
              22.527530975032935
            ],
            [
              77.77513449990997,
              22.52778335655503
            ],
            [
              77.77512200000696,
              22.52803819020447
            ],
            [
              77.77513453719483,
              22.528293022022304
            ],
            [
              77.77517199074484,
              22.528545398067227
            ],
            [
              77.77523399999241,
              22.52879288804617
            ],
            [
              77.77531996781016,
              22.52903310871716
            ],
            [
              77.77542906635806,
              22.529263746839135
            ],
            [
              77.77556024505523,
              22.529482581447613
            ],
            [
              77.7757122406967,
              22.529687505241828
            ],
            [
              77.77588358961758,
              22.52987654487729
            ],
            [
              77.77607264178766,
              22.530047879968404
            ],
            [
              77.77627757670065,
              22.53019986061815
            ],
            [
              77.77649642090499,
              22.530331023306008
            ],
            [
              77.77672706700751,
              22.53044010498115
            ],
            [
              77.77696729396689,
              22.530526055225188
            ],
            [
              77.7772147884815,
              22.53058804636732
            ],
            [
              77.77746716726568,
              22.530625481454525
            ],
            [
              77.777722,
              22.530638
            ],
            [
              77.782278,
              22.530638
            ],
            [
              77.78253283273432,
              22.530625481454525
            ],
            [
              77.7827852115185,
              22.53058804636732
            ],
            [
              77.78303270603311,
              22.530526055225188
            ],
            [
              77.78327293299249,
              22.53044010498115
            ],
            [
              77.78350357909501,
              22.530331023306008
            ],
            [
              77.78372242329935,
              22.53019986061815
            ],
            [
              77.78392735821234,
              22.530047879968404
            ],
            [
              77.78411641038242,
              22.52987654487729
            ],
            [
              77.7842877593033,
              22.529687505241828
            ],
            [
              77.78443975494477,
              22.529482581447613
            ],
            [
              77.78450079615897,
              22.529380751421126
            ],
            [
              77.78499652236891,
              22.52987647763108
            ],
            [
              77.78518557746118,
              22.53004782717874
            ],
            [
              77.78539051739415,
              22.530199820991985
            ],
            [
              77.78560936848424,
              22.530330995287304
            ],
            [
              77.78584002307585,
              22.530440086784527
            ],
            [
              77.78608025983914,
              22.530526044872904
            ],
            [
              77.78632776516275,
              22.530588041729047
            ],
            [
              77.78658015543515,
              22.530625480289345
            ],
            [
              77.786835,
              22.530638
            ],
            [
              77.78708984456485,
              22.530625480289345
            ],
            [
              77.78734223483724,
              22.530588041729047
            ],
            [
              77.78758974016085,
              22.530526044872904
            ],
            [
              77.78782997692414,
              22.530440086784527
            ],
            [
              77.78806063151575,
              22.530330995287304
            ],
            [
              77.78827948260584,
              22.530199820991985
            ],
            [
              77.78848442253882,
              22.53004782717874
            ],
            [
              77.78867347763108,
              22.529876477631085
            ],
            [
              77.78884482717874,
              22.529687422538824
            ],
            [
              77.78899682099198,
              22.52948248260585
            ],
            [
              77.7891279952873,
              22.529263631515747
            ],
            [
              77.78923708678452,
              22.52903297692415
            ],
            [
              77.7893230448729,
              22.52879274016086
            ],
            [
              77.78938504172905,
              22.528545234837242
            ],
            [
              77.78942248028935,
              22.528292844564856
            ],
            [
              77.789435,
              22.528038
            ],
            [
              77.789435,
              22.524557955262168
            ],
            [
              77.79246895526217,
              22.521524
            ],
            [
              77.80398604473784,
              22.521524
            ],
            [
              77.80778152236891,
              22.525319477631083
            ],
            [
              77.811577,
              22.529114955262166
            ],
            [
              77.811577,
              22.545189044737832
            ],
            [
              77.80778152236891,
              22.548984522368915
            ],
            [
              77.80322452236892,
              22.553541522368917
            ],
            [
              77.79866752236892,
              22.558098522368915
            ],
            [
              77.79411052236891,
              22.562655522368914
            ],
            [
              77.78955352236892,
              22.56721252236892
            ],
            [
              77.78499652236891,
              22.571769522368914
            ],
            [
              77.78043952236892,
              22.576326522368916
            ],
            [
              77.77588332063767,
              22.580883724122288
            ],
            [
              77.77571201445845,
              22.581072770445708
            ],
            [
              77.7755600601344,
              22.58127769531693
            ],
            [
              77.77542892066018,
              22.581496525748417
            ],
            [
              77.77531985862801,
              22.58172715487186
            ],
            [
              77.77523392407164,
              22.581967362222837
            ],
            [
              77.77517194435677,
              22.582214835119103
            ],
            [
              77.77513451621527,
              22.582467190926778
            ],
            [
              77.775122,
              22.582722
            ],
            [
              77.775122,
              22.587278
            ],
            [
              77.77513451971065,
              22.58753284456486
            ],
            [
              77.77517195827095,
              22.587785234837245
            ],
            [
              77.77523395512709,
              22.588032740160862
            ],
            [
              77.77531991321547,
              22.588272976924152
            ],
            [
              77.77542900471269,
              22.58850363151575
            ],
            [
              77.77556017900801,
              22.588722482605853
            ],
            [
              77.77571217282126,
              22.588927422538827
            ],
            [
              77.77588352236891,
              22.589116477631087
            ],
            [
              77.77607257746118,
              22.589287827178744
            ],
            [
              77.77627751739415,
              22.589439820991988
            ],
            [
              77.77649636848425,
              22.589570995287307
            ],
            [
              77.77672702307585,
              22.58968008678453
            ],
            [
              77.77696725983914,
              22.589766044872906
            ],
            [
              77.77721476516275,
              22.58982804172905
            ],
            [
              77.77746715543515,
              22.589865480289347
            ],
            [
              77.777722,
              22.589878000000002
            ],
            [
              77.77797684456485,
              22.589865480289347
            ],
            [
              77.77822923483724,
              22.58982804172905
            ],
            [
              77.77847674016085,
              22.589766044872906
            ],
            [
              77.77871697692414,
              22.58968008678453
            ],
            [
              77.77894763151575,
              22.589570995287307
            ],
            [
              77.77916648260585,
              22.589439820991988
            ],
            [
              77.77937142253882,
              22.589287827178744
            ],
            [
              77.77956047763108,
              22.589116477631087
            ],
            [
              77.77973182717874,
              22.588927422538827
            ],
            [
              77.77988382099198,
              22.588722482605853
            ],
            [
              77.7800149952873,
              22.58850363151575
            ],
            [
              77.78012408678453,
              22.588272976924152
            ],
            [
              77.7802100448729,
              22.588032740160862
            ],
            [
              77.78027204172905,
              22.587785234837245
            ],
            [
              77.78030948028935,
              22.58753284456486
            ],
            [
              77.780322,
              22.587278
            ],
            [
              77.780322,
              22.583798788137173
            ],
            [
              77.78411657853871,
              22.580003376723454
            ],
            [
              77.78867347763108,
              22.575446477631083
            ],
            [
              77.79323047763108,
              22.570889477631088
            ],
            [
              77.79778747763108,
              22.566332477631082
            ],
            [
              77.80234447763108,
              22.561775477631087
            ],
            [
              77.80690147763109,
              22.557218477631086
            ],
            [
              77.81145847763108,
              22.552661477631084
            ],
            [
              77.81601547763108,
              22.548104477631085
            ],
            [
              77.81618682717874,
              22.547915422538825
            ],
            [
              77.81633882099199,
              22.54771048260585
            ],
            [
              77.8164699952873,
              22.547491631515747
            ],
            [
              77.81657908678453,
              22.54726097692415
            ],
            [
              77.8166650448729,
              22.54702074016086
            ],
            [
              77.81672704172905,
              22.546773234837243
            ],
            [
              77.81676448028935,
              22.546520844564856
            ],
            [
              77.816777,
              22.546266
            ],
            [
              77.816777,
              22.528038
            ],
            [
              77.81676448028935,
              22.52778315543514
            ],
            [
              77.81672704172905,
              22.527530765162755
            ],
            [
              77.8166650448729,
              22.527283259839137
            ],
            [
              77.81657908678453,
              22.527043023075848
            ],
            [
              77.8164699952873,
              22.52681236848425
            ],
            [
              77.81633882099199,
              22.526593517394147
            ],
            [
              77.81618682717874,
              22.526388577461173
            ],
            [
              77.81601547763108,
              22.526199522368913
            ],
            [
              77.81145847763108,
              22.521642522368914
            ],
            [
              77.80690147763109,
              22.517085522368916
            ],
            [
              77.80671242253882,
              22.516914172821256
            ],
            [
              77.80650748260585,
              22.516762179008012
            ],
            [
              77.80628863151576,
              22.516631004712693
            ],
            [
              77.80605797692415,
              22.51652191321547
            ],
            [
              77.80581774016086,
              22.516435955127093
            ],
            [
              77.80557023483725,
              22.51637395827095
            ],
            [
              77.80531784456485,
              22.516336519710652
            ],
            [
              77.805063,
              22.516323999999997
            ],
            [
              77.791392,
              22.516323999999997
            ],
            [
              77.79113715543515,
              22.516336519710652
            ],
            [
              77.79088476516276,
              22.51637395827095
            ],
            [
              77.79063725983914,
              22.516435955127093
            ],
            [
              77.79039702307585,
              22.516521913215467
            ],
            [
              77.79016636848425,
              22.516631004712693
            ],
            [
              77.78994751739415,
              22.516762179008012
            ],
            [
              77.78974257746118,
              22.516914172821252
            ],
            [
              77.78955352236892,
              22.517085522368912
            ],
            [
              77.78499652236891,
              22.521642522368914
            ],
            [
              77.78482517282126,
              22.521831577461175
            ],
            [
              77.78467317900801,
              22.52203651739415
            ],
            [
              77.78461220374189,
              22.522138248479713
            ],
            [
              77.78411647763109,
              22.521642522368918
            ],
            [
              77.78392740875472,
              22.521471161509012
            ],
            [
              77.78372245295274,
              22.52131915919473
            ],
            [
              77.78350358433711,
              22.521187979495807
            ],
            [
              77.78327291102653,
              22.521078885920836
            ],
            [
              77.78303265484121,
              22.520992929247257
            ],
            [
              77.78278512990259,
              22.520930937400394
            ],
            [
              77.78253272034394,
              22.52089350747897
            ],
            [
              77.78227785734666,
              22.520881000003914
            ],
            [
              77.7820229957234,
              22.520893535445865
            ],
            [
              77.78177059027357,
              22.52093099306481
            ],
            [
              77.78152307213901,
              22.52099301207304
            ],
            [
              77.78128282538746,
              22.521078995110216
            ],
            [
              77.78105216404947,
              22.521188113997084
            ],
            [
              77.78083330982994,
              22.5213193177124
            ],
            [
              77.78062837070891,
              22.521471342516257
            ],
            [
              77.78043932063768,
              22.521642724122287
            ],
            [
              77.78,
              22.522082141186797
            ],
            [
              77.77956067936232,
              22.521642724122287
            ],
            [
              77.77937164307396,
              22.521471353830012
            ],
            [
              77.779166719821,
              22.52131933752894
            ],
            [
              77.7789478831264,
              22.52118813921915
            ],
            [
              77.77871724050718,
              22.52107902241208
            ],
            [
              77.7784770131778,
              22.52099303796224
            ],
            [
              77.7782295146588,
              22.520931013946882
            ],
            [
              77.77797712849619,
              22.520893547691177
            ],
            [
              77.7777222853067,
              22.520881000015653
            ],
            [
              77.77746743936954,
              22.520893491761285
            ],
            [
              77.77721504499043,
              22.52093090262573
            ],
            [
              77.77696753286517,
              22.520992872321912
            ],
            [
              77.77672728667086,
              22.521078804047786
            ],
            [
              77.77649662010967,
              22.521187870233852
            ],
            [
              77.77627775462669,
              22.52131902051312
            ],
            [
              77.77607279801616,
              22.521470991836704
            ],
            [
              77.77588372412228,
              22.52164232063768
            ],
            [
              77.77571235383,
              22.521831356926043
            ],
            [
              77.77556033752893,
              22.522036280178995
            ],
            [
              77.77542913921914,
              22.522255116873588
            ],
            [
              77.77532002241207,
              22.52248575949282
            ],
            [
              77.77523403796224,
              22.522725986822195
            ],
            [
              77.77517201394687,
              22.5229734853412
            ],
            [
              77.77513454769118,
              22.523225871503808
            ],
            [
              77.77512200001566,
              22.5234807146933
            ],
            [
              77.77513449176128,
              22.523735560630453
            ],
            [
              77.77517190262573,
              22.523987955009577
            ],
            [
              77.7752338723219,
              22.52423546713483
            ],
            [
              77.77531980404778,
              22.52447571332914
            ],
            [
              77.77542887023385,
              22.524706379890322
            ],
            [
              77.77556002051311,
              22.524925245373304
            ],
            [
              77.7757119918367,
              22.525130201983835
            ],
            [
              77.77588332063767,
              22.525319275877713
            ],
            [
              77.77632344815603,
              22.5257595
            ]
          ]
        ]
      }
    },
    {
      "type": "Feature",
      "properties": {
        "timestep_min": 180,
        "depth_band": "0.1 - 0.5",
        "min_depth": 0.1,
        "max_depth": 0.5,
        "max_depth_m": 3.4,
        "avg_depth_m": 1.9,
        "inundated_area_km2": 0.25,
        "hazard_level": "Moderate",
        "zone": "downstream",
        "wave_front_km": 56.3
      },
      "geometry": {
        "type": "Polygon",
        "coordinates": [
          [
            [
              77.7830942008098,
              22.578308729319804
            ],
            [
              77.6036051603166,
              22.453761768174175
            ],
            [
              77.60007258305744,
              22.453626045171415
            ],
            [
              77.77427971886628,
              22.59167353895227
            ],
            [
              77.7830942008098,
              22.578308729319804
            ]
          ]
        ]
      }
    },
    {
      "type": "Feature",
      "properties": {
        "timestep_min": 180,
        "depth_band": "0.5 - 1.0",
        "min_depth": 0.5,
        "max_depth": 1.0,
        "max_depth_m": 3.4,
        "avg_depth_m": 1.9,
        "inundated_area_km2": 0.19,
        "hazard_level": "Moderate",
        "zone": "downstream",
        "wave_front_km": 56.3
      },
      "geometry": {
        "type": "Polygon",
        "coordinates": [
          [
            [
              77.76561538946896,
              22.567826265431
            ],
            [
              77.63099860909907,
              22.474416044571775
            ],
            [
              77.62834917615467,
              22.474314252319704
            ],
            [
              77.7590045280113,
              22.577849872655346
            ],
            [
              77.76561538946896,
              22.567826265431
            ]
          ]
        ]
      }
    },
    {
      "type": "Feature",
      "properties": {
        "timestep_min": 180,
        "depth_band": "1.0 - 2.0",
        "min_depth": 1.0,
        "max_depth": 2.0,
        "max_depth_m": 3.4,
        "avg_depth_m": 1.9,
        "inundated_area_km2": 0.14,
        "hazard_level": "High",
        "zone": "downstream",
        "wave_front_km": 56.3
      },
      "geometry": {
        "type": "Polygon",
        "coordinates": [
          [
            [
              77.75163234039627,
              22.559440294319952
            ],
            [
              77.65291336812501,
              22.490939465689856
            ],
            [
              77.65097045063249,
              22.49086481803834
            ],
            [
              77.74678437532734,
              22.56679093961781
            ],
            [
              77.75163234039627,
              22.559440294319952
            ]
          ]
        ]
      }
    },
    {
      "type": "Feature",
      "properties": {
        "timestep_min": 180,
        "depth_band": "2.0 - 3.0",
        "min_depth": 2.0,
        "max_depth": 3.0,
        "max_depth_m": 3.4,
        "avg_depth_m": 1.9,
        "inundated_area_km2": 0.09,
        "hazard_level": "High",
        "zone": "downstream",
        "wave_front_km": 56.3
      },
      "geometry": {
        "type": "Polygon",
        "coordinates": [
          [
            [
              77.7397467486845,
              22.552312218875564
            ],
            [
              77.67154091329708,
              22.504984373640223
            ],
            [
              77.6701985339386,
              22.504932798899176
            ],
            [
              77.73639724554596,
              22.557390846535903
            ],
            [
              77.7397467486845,
              22.552312218875564
            ]
          ]
        ]
      }
    },
    {
      "type": "Feature",
      "properties": {
        "timestep_min": 180,
        "depth_band": "3.0 - 5.0",
        "min_depth": 3.0,
        "max_depth": 5.0,
        "max_depth_m": 3.4,
        "avg_depth_m": 1.9,
        "inundated_area_km2": 0.05,
        "hazard_level": "Critical",
        "zone": "downstream",
        "wave_front_km": 56.3
      },
      "geometry": {
        "type": "Polygon",
        "coordinates": [
          [
            [
              77.72856030942636,
              22.545603441986728
            ],
            [
              77.68907272051786,
              22.51820311053469
            ],
            [
              77.68829555352085,
              22.51817325147408
            ],
            [
              77.72662112339879,
              22.548543700105867
            ],
            [
              77.72856030942636,
              22.545603441986728
            ]
          ]
        ]
      }
    },
    {
      "type": "Feature",
      "properties": {
        "depth_band": "0.1 - 0.5",
        "min_depth": 0.1,
        "max_depth": 0.5,
        "max_depth_m": 8.7,
        "avg_depth_m": 4.3,
        "hazard_level": "Moderate",
        "zone": "reservoir",
        "timestep_min": 210
      },
      "geometry": {
        "type": "Polygon",
        "coordinates": [
          [
            [
              77.7675843694637,
              22.525759484552143
            ],
            [
              77.76752166613662,
              22.52600990013174
            ],
            [
              77.76737199963985,
              22.527019426220118
            ],
            [
              77.76732200002783,
              22.528038760817868
            ],
            [
              77.76737214877932,
              22.529058088089204
            ],
            [
              77.76752196297937,
              22.530067592268907
            ],
            [
              77.76776999996964,
              22.531057552184674
            ],
            [
              77.76811387124064,
              22.532018434868647
            ],
            [
              77.76855026543222,
              22.53294098735654
            ],
            [
              77.76907498022094,
              22.53381632579045
            ],
            [
              77.76968296278682,
              22.53463602096731
            ],
            [
              77.77036835847031,
              22.535392179509156
            ],
            [
              77.77112456715065,
              22.53607751987362
            ],
            [
              77.77194430680262,
              22.536685442472603
            ],
            [
              77.77281968362,
              22.537210093224033
            ],
            [
              77.77374226803008,
              22.537646419924606
            ],
            [
              77.77470317586759,
              22.53799022090076
            ],
            [
              77.77569315392599,
              22.53823818546929
            ],
            [
              77.77670266906273,
              22.538387925818107
            ],
            [
              77.777722,
              22.538438
            ],
            [
              77.782278,
              22.538438
            ],
            [
              77.78329733093727,
              22.538387925818107
            ],
            [
              77.78430684607402,
              22.53823818546929
            ],
            [
              77.78455649645015,
              22.538175654338144
            ],
            [
              77.78480606065102,
              22.53823816691619
            ],
            [
              77.78581562174057,
              22.53838792115739
            ],
            [
              77.786835,
              22.538438
            ],
            [
              77.78785437825942,
              22.53838792115739
            ],
            [
              77.78886393934896,
              22.538238166916194
            ],
            [
              77.78985396064344,
              22.537990179491615
            ],
            [
              77.79081490769659,
              22.537646347138118
            ],
            [
              77.79173752606299,
              22.537209981149225
            ],
            [
              77.7926129304234,
              22.536685283967948
            ],
            [
              77.7934326901553,
              22.536077308714972
            ],
            [
              77.79418891052434,
              22.53539191052434
            ],
            [
              77.79487430871497,
              22.5346356901553
            ],
            [
              77.79548228396794,
              22.533815930423405
            ],
            [
              77.79600698114922,
              22.53294052606299
            ],
            [
              77.79644334713811,
              22.5320179076966
            ],
            [
              77.79678717949162,
              22.531056960643447
            ],
            [
              77.79703516691619,
              22.530066939348966
            ],
            [
              77.7971453715582,
              22.529324
            ],
            [
              77.80075517895132,
              22.529324
            ],
            [
              77.80226608947565,
              22.53083491052433
            ],
            [
              77.803777,
              22.532345821048672
            ],
            [
              77.803777,
              22.54195817895131
            ],
            [
              77.80226608947565,
              22.543469089475657
            ],
            [
              77.79770908947566,
              22.548026089475666
            ],
            [
              77.79315208947565,
              22.552583089475657
            ],
            [
              77.78859508947566,
              22.557140089475656
            ],
            [
              77.78403808947566,
              22.561697089475665
            ],
            [
              77.77948108947567,
              22.566254089475656
            ],
            [
              77.77492408947566,
              22.570811089475665
            ],
            [
              77.77036728255072,
              22.57536889648915
            ],
            [
              77.76968205783379,
              22.57612508178283
            ],
            [
              77.7690742405376,
              22.57694478126772
            ],
            [
              77.76854968264072,
              22.577820102993655
            ],
            [
              77.76811343451205,
              22.57874261948744
            ],
            [
              77.76776969628656,
              22.579703448891348
            ],
            [
              77.76752177742706,
              22.580693340476408
            ],
            [
              77.7673720648611,
              22.581702763707106
            ],
            [
              77.767322,
              22.582722
            ],
            [
              77.767322,
              22.587278
            ],
            [
              77.76737207884261,
              22.58829737825943
            ],
            [
              77.7675218330838,
              22.58930693934897
            ],
            [
              77.76776982050838,
              22.590296960643446
            ],
            [
              77.76811365286189,
              22.591257907696598
            ],
            [
              77.76855001885077,
              22.592180526062993
            ],
            [
              77.76907471603205,
              22.593055930423404
            ],
            [
              77.76968269128503,
              22.593875690155304
            ],
            [
              77.77036808947565,
              22.594631910524342
            ],
            [
              77.7711243098447,
              22.595317308714975
            ],
            [
              77.77194406957659,
              22.595925283967947
            ],
            [
              77.772819473937,
              22.596449981149224
            ],
            [
              77.7737420923034,
              22.596886347138117
            ],
            [
              77.77470303935655,
              22.597230179491618
            ],
            [
              77.77569306065102,
              22.597478166916193
            ],
            [
              77.77670262174057,
              22.597627921157393
            ],
            [
              77.777722,
              22.597678000000002
            ],
            [
              77.77874137825943,
              22.597627921157393
            ],
            [
              77.77975093934897,
              22.597478166916193
            ],
            [
              77.78074096064344,
              22.597230179491618
            ],
            [
              77.7817019076966,
              22.596886347138117
            ],
            [
              77.78262452606299,
              22.596449981149224
            ],
            [
              77.7834999304234,
              22.595925283967947
            ],
            [
              77.7843196901553,
              22.595317308714975
            ],
            [
              77.78507591052434,
              22.594631910524342
            ],
            [
              77.78576130871497,
              22.593875690155304
            ],
            [
              77.78636928396794,
              22.593055930423404
            ],
            [
              77.78689398114922,
              22.592180526062993
            ],
            [
              77.78733034713811,
              22.591257907696598
            ],
            [
              77.78767417949162,
              22.590296960643446
            ],
            [
              77.78792216691619,
              22.58930693934897
            ],
            [
              77.78807192115738,
              22.58829737825943
            ],
            [
              77.788122,
              22.587278
            ],
            [
              77.788122,
              22.58702915254868
            ],
            [
              77.78963231400915,
              22.585518507039527
            ],
            [
              77.79418891052434,
              22.580961910524334
            ],
            [
              77.79874591052433,
              22.576404910524346
            ],
            [
              77.80330291052434,
              22.571847910524337
            ],
            [
              77.80785991052433,
              22.567290910524346
            ],
            [
              77.81241691052435,
              22.562733910524344
            ],
            [
              77.81697391052434,
              22.558176910524335
            ],
            [
              77.82153091052434,
              22.553619910524343
            ],
            [
              77.82221630871497,
              22.552863690155302
            ],
            [
              77.82282428396795,
              22.5520439304234
            ],
            [
              77.82334898114922,
              22.55116852606299
            ],
            [
              77.82378534713811,
              22.550245907696596
            ],
            [
              77.82412917949162,
              22.549284960643444
            ],
            [
              77.8243771669162,
              22.548294939348967
            ],
            [
              77.82452692115739,
              22.547285378259428
            ],
            [
              77.824577,
              22.546266
            ],
            [
              77.824577,
              22.528038
            ],
            [
              77.82452692115739,
              22.52701862174057
            ],
            [
              77.8243771669162,
              22.526009060651027
            ],
            [
              77.82412917949162,
              22.52501903935655
            ],
            [
              77.82378534713811,
              22.5240580923034
            ],
            [
              77.82334898114922,
              22.523135473937003
            ],
            [
              77.82282428396795,
              22.52226006957659
            ],
            [
              77.82221630871497,
              22.52144030984469
            ],
            [
              77.82153091052433,
              22.520684089475655
            ],
            [
              77.81697391052434,
              22.516127089475663
            ],
            [
              77.81241691052435,
              22.51157008947567
            ],
            [
              77.8116606901553,
              22.510884691285032
            ],
            [
              77.81084093042341,
              22.510276716032056
            ],
            [
              77.809965526063,
              22.50975201885078
            ],
            [
              77.80904290769661,
              22.509315652861883
            ],
            [
              77.80808196064345,
              22.508971820508386
            ],
            [
              77.80709193934898,
              22.508723833083806
            ],
            [
              77.80608237825943,
              22.508574078842607
            ],
            [
              77.805063,
              22.508523999999998
            ],
            [
              77.791392,
              22.508523999999998
            ],
            [
              77.79037262174057,
              22.508574078842607
            ],
            [
              77.78936306065103,
              22.508723833083806
            ],
            [
              77.78837303935656,
              22.508971820508382
            ],
            [
              77.7874120923034,
              22.509315652861883
            ],
            [
              77.78648947393701,
              22.509752018850776
            ],
            [
              77.7856140695766,
              22.510276716032052
            ],
            [
              77.7847943098447,
              22.510884691285025
            ],
            [
              77.78403808947566,
              22.511570089475654
            ],
            [
              77.78251549575977,
              22.513092683191537
            ],
            [
              77.78227742938661,
              22.513081000015653
            ],
            [
              77.78125798289356,
              22.513131141783457
            ],
            [
              77.78024836109428,
              22.513280972259235
            ],
            [
              77.78000002334704,
              22.51334319663248
            ],
            [
              77.7797520586352,
              22.513281055787523
            ],
            [
              77.77874251398477,
              22.51313119076471
            ],
            [
              77.7777231412268,
              22.513081000062616
            ],
            [
              77.77670375747819,
              22.513130967045136
            ],
            [
              77.77569417996169,
              22.513280610502914
            ],
            [
              77.77470413146068,
              22.51352848928765
            ],
            [
              77.77374314668344,
              22.513872216191142
            ],
            [
              77.77282048043871,
              22.51430848093541
            ],
            [
              77.77194501850678,
              22.514833082052476
            ],
            [
              77.77112519206466,
              22.515440967346812
            ],
            [
              77.77036889648915,
              22.516126282550726
            ],
            [
              77.76968341532005,
              22.516882427704175
            ],
            [
              77.76907535011576,
              22.517702120715978
            ],
            [
              77.76855055687659,
              22.518577467494342
            ],
            [
              77.76811408964832,
              22.51950003797128
            ],
            [
              77.76777015184895,
              22.520460947288772
            ],
            [
              77.76752205578752,
              22.5214509413648
            ],
            [
              77.7673721907647,
              22.522460486015227
            ],
            [
              77.7673220000626,
              22.5234798587732
            ],
            [
              77.76737196704514,
              22.52449924252181
            ],
            [
              77.76752161050291,
              22.525508820038304
            ],
            [
              77.7675843694637,
              22.525759484552143
            ]
          ]
        ]
      }
    },
    {
      "type": "Feature",
      "properties": {
        "depth_band": "0.5 - 1.0",
        "min_depth": 0.5,
        "max_depth": 1.0,
        "max_depth_m": 8.7,
        "avg_depth_m": 4.3,
        "hazard_level": "Moderate",
        "zone": "reservoir",
        "timestep_min": 210
      },
      "geometry": {
        "type": "Polygon",
        "coordinates": [
          [
            [
              77.77081461243957,
              22.525759493259073
            ],
            [
              77.77075529079745,
              22.525925332755197
            ],
            [
              77.77058176629563,
              22.52661833009222
            ],
            [
              77.7704769997479,
              22.527324998354082
            ],
            [
              77.77044200001947,
              22.52803853257251
            ],
            [
              77.77047710414551,
              22.528752061662445
            ],
            [
              77.77058197408556,
              22.529458714588234
            ],
            [
              77.77075559997876,
              22.530151686529273
            ],
            [
              77.77099630986845,
              22.530824304408053
            ],
            [
              77.77130178580256,
              22.53147009114958
            ],
            [
              77.77166908615466,
              22.532082828053316
            ],
            [
              77.77209467395078,
              22.532656614677116
            ],
            [
              77.77257445092921,
              22.533185925656408
            ],
            [
              77.77310379700545,
              22.53366566391153
            ],
            [
              77.77367761476184,
              22.53409120973082
            ],
            [
              77.77429037853399,
              22.534458465256822
            ],
            [
              77.77493618762105,
              22.534763893947225
            ],
            [
              77.7756088231073,
              22.535004554630532
            ],
            [
              77.77630180774818,
              22.535178129828502
            ],
            [
              77.77700846834391,
              22.535282948072673
            ],
            [
              77.777722,
              22.535318
            ],
            [
              77.782278,
              22.535318
            ],
            [
              77.7829915316561,
              22.535282948072673
            ],
            [
              77.78369819225182,
              22.535178129828502
            ],
            [
              77.7843911768927,
              22.535004554630532
            ],
            [
              77.78455649689715,
              22.534945405171353
            ],
            [
              77.78472172754958,
              22.535004525644126
            ],
            [
              77.78541474245571,
              22.535178116841333
            ],
            [
              77.78612143521839,
              22.535282944810174
            ],
            [
              77.786835,
              22.535318
            ],
            [
              77.78754856478159,
              22.535282944810174
            ],
            [
              77.78825525754426,
              22.535178116841333
            ],
            [
              77.78894827245041,
              22.53500452564413
            ],
            [
              77.78962093538762,
              22.534763842996682
            ],
            [
              77.79026676824408,
              22.534458386804456
            ],
            [
              77.79087955129637,
              22.534091098777562
            ],
            [
              77.7914533831087,
              22.53366551610048
            ],
            [
              77.79198273736704,
              22.533185737367038
            ],
            [
              77.79246251610047,
              22.532656383108712
            ],
            [
              77.79288809877755,
              22.532082551296384
            ],
            [
              77.79325538680445,
              22.531469768244094
            ],
            [
              77.79356084299668,
              22.530823935387616
            ],
            [
              77.79380152564413,
              22.53015127245041
            ],
            [
              77.79397511684134,
              22.529458257544277
            ],
            [
              77.79407994481016,
              22.528751564781597
            ],
            [
              77.79411499999999,
              22.528038
            ],
            [
              77.79411499999999,
              22.526496474734085
            ],
            [
              77.79440747473407,
              22.526204
            ],
            [
              77.80204752526593,
              22.526204
            ],
            [
              77.80447226263296,
              22.528628737367033
            ],
            [
              77.806897,
              22.53105347473409
            ],
            [
              77.806897,
              22.543250525265915
            ],
            [
              77.80447226263296,
              22.54567526263296
            ],
            [
              77.79991526263296,
              22.550232262632967
            ],
            [
              77.79535826263296,
              22.554789262632962
            ],
            [
              77.79080126263295,
              22.559346262632957
            ],
            [
              77.78624426263296,
              22.56390326263297
            ],
            [
              77.78168726263296,
              22.568460262632957
            ],
            [
              77.77713026263297,
              22.573017262632966
            ],
            [
              77.7725736977855,
              22.577574827542403
            ],
            [
              77.77209404048365,
              22.57810415724798
            ],
            [
              77.77166856837633,
              22.578677946887403
            ],
            [
              77.7713013778485,
              22.57929067209556
            ],
            [
              77.77099600415843,
              22.579936433641205
            ],
            [
              77.7707553874006,
              22.580609014223942
            ],
            [
              77.77058184419894,
              22.581301938333485
            ],
            [
              77.77047704540277,
              22.582008534594973
            ],
            [
              77.770442,
              22.582722
            ],
            [
              77.770442,
              22.587278
            ],
            [
              77.77047705518983,
              22.5879915647816
            ],
            [
              77.77058188315866,
              22.58869825754428
            ],
            [
              77.77075547435587,
              22.589391272450413
            ],
            [
              77.77099615700331,
              22.59006393538762
            ],
            [
              77.77130161319555,
              22.590709768244096
            ],
            [
              77.77166890122244,
              22.591322551296383
            ],
            [
              77.77209448389952,
              22.59189638310871
            ],
            [
              77.77257426263296,
              22.59242573736704
            ],
            [
              77.77310361689129,
              22.592905516100483
            ],
            [
              77.77367744870361,
              22.593331098777565
            ],
            [
              77.7742902317559,
              22.59369838680446
            ],
            [
              77.77493606461238,
              22.594003842996685
            ],
            [
              77.77560872754958,
              22.594244525644132
            ],
            [
              77.77630174245571,
              22.594418116841336
            ],
            [
              77.77700843521839,
              22.594522944810176
            ],
            [
              77.777722,
              22.594558000000003
            ],
            [
              77.7784355647816,
              22.594522944810176
            ],
            [
              77.77914225754428,
              22.594418116841336
            ],
            [
              77.77983527245041,
              22.594244525644132
            ],
            [
              77.78050793538762,
              22.594003842996685
            ],
            [
              77.7811537682441,
              22.59369838680446
            ],
            [
              77.78176655129639,
              22.593331098777565
            ],
            [
              77.7823403831087,
              22.592905516100483
            ],
            [
              77.78286973736704,
              22.59242573736704
            ],
            [
              77.78334951610047,
              22.59189638310871
            ],
            [
              77.78377509877755,
              22.591322551296383
            ],
            [
              77.78414238680445,
              22.590709768244096
            ],
            [
              77.78444784299668,
              22.59006393538762
            ],
            [
              77.78468852564413,
              22.589391272450413
            ],
            [
              77.78486211684134,
              22.58869825754428
            ],
            [
              77.78496694481017,
              22.5879915647816
            ],
            [
              77.78500199999999,
              22.587278
            ],
            [
              77.78500199999999,
              22.585737006784086
            ],
            [
              77.78742601983069,
              22.583312454903385
            ],
            [
              77.79198273736704,
              22.578755737367032
            ],
            [
              77.79653973736704,
              22.574198737367045
            ],
            [
              77.80109673736703,
              22.569641737367032
            ],
            [
              77.80565373736704,
              22.565084737367044
            ],
            [
              77.81021073736704,
              22.56052773736704
            ],
            [
              77.81476773736703,
              22.555970737367034
            ],
            [
              77.81932473736704,
              22.55141373736704
            ],
            [
              77.81980451610048,
              22.55088438310871
            ],
            [
              77.82023009877756,
              22.55031055129638
            ],
            [
              77.82059738680445,
              22.549697768244094
            ],
            [
              77.82090284299669,
              22.549051935387617
            ],
            [
              77.82114352564413,
              22.54837927245041
            ],
            [
              77.82131711684134,
              22.547686257544278
            ],
            [
              77.82142194481017,
              22.546979564781598
            ],
            [
              77.821457,
              22.546266
            ],
            [
              77.821457,
              22.528038
            ],
            [
              77.82142194481017,
              22.5273244352184
            ],
            [
              77.82131711684134,
              22.52661774245572
            ],
            [
              77.82114352564413,
              22.525924727549587
            ],
            [
              77.82090284299669,
              22.52525206461238
            ],
            [
              77.82059738680445,
              22.524606231755904
            ],
            [
              77.82023009877756,
              22.523993448703614
            ],
            [
              77.81980451610048,
              22.523419616891285
            ],
            [
              77.81932473736704,
              22.522890262632956
            ],
            [
              77.81476773736703,
              22.518333262632957
            ],
            [
              77.81021073736704,
              22.513776262632966
            ],
            [
              77.80968138310872,
              22.51329648389952
            ],
            [
              77.80910755129639,
              22.51287090122244
            ],
            [
              77.8084947682441,
              22.512503613195545
            ],
            [
              77.80784893538763,
              22.51219815700332
            ],
            [
              77.80717627245042,
              22.511957474355867
            ],
            [
              77.80648325754429,
              22.511783883158664
            ],
            [
              77.80577656478161,
              22.511679055189823
            ],
            [
              77.805063,
              22.511643999999997
            ],
            [
              77.791392,
              22.511643999999997
            ],
            [
              77.7906784352184,
              22.511679055189823
            ],
            [
              77.78997174245572,
              22.511783883158664
            ],
            [
              77.78927872754959,
              22.511957474355867
            ],
            [
              77.78860606461238,
              22.512198157003315
            ],
            [
              77.7879602317559,
              22.51250361319554
            ],
            [
              77.78734744870361,
              22.512870901222435
            ],
            [
              77.7867736168913,
              22.513296483899516
            ],
            [
              77.78624426263296,
              22.51377626263296
            ],
            [
              77.78368205905541,
              22.516338466210517
            ],
            [
              77.78299121696301,
              22.516236020941115
            ],
            [
              77.78227760057062,
              22.51620100001096
            ],
            [
              77.7815639880255,
              22.51623609924842
            ],
            [
              77.780857252766,
              22.516340980581464
            ],
            [
              77.78016420198924,
              22.51651463380451
            ],
            [
              77.78000001019541,
              22.516573397176007
            ],
            [
              77.77983603689786,
              22.51651470629427
            ],
            [
              77.77914304104463,
              22.516341039051266
            ],
            [
              77.77843635978934,
              22.516236133535298
            ],
            [
              77.77772279885876,
              22.516201000043832
            ],
            [
              77.77700923023473,
              22.516235976931593
            ],
            [
              77.77630252597318,
              22.51634072735204
            ],
            [
              77.77560949202248,
              22.516514242501355
            ],
            [
              77.77493680267841,
              22.5167548513338
            ],
            [
              77.7742909363071,
              22.517060236654785
            ],
            [
              77.77367811295476,
              22.517427457436735
            ],
            [
              77.77310423444527,
              22.51785297714277
            ],
            [
              77.7725748275424,
              22.518332697785507
            ],
            [
              77.77209499072403,
              22.51886199939292
            ],
            [
              77.77166934508102,
              22.519435784501184
            ],
            [
              77.77130198981361,
              22.52004852724604
            ],
            [
              77.77099646275383,
              22.520694326579896
            ],
            [
              77.77075570629427,
              22.52136696310214
            ],
            [
              77.77058203905126,
              22.52205995895536
            ],
            [
              77.7704771335353,
              22.52276664021066
            ],
            [
              77.77044200004383,
              22.52348020114124
            ],
            [
              77.77047697693159,
              22.524193769765265
            ],
            [
              77.77058172735204,
              22.524900474026815
            ],
            [
              77.77075524250135,
              22.52559350797752
            ],
            [
              77.77081461243957,
              22.525759493259073
            ]
          ]
        ]
      }
    },
    {
      "type": "Feature",
      "properties": {
        "depth_band": "1.0 - 2.0",
        "min_depth": 1.0,
        "max_depth": 2.0,
        "max_depth_m": 8.7,
        "avg_depth_m": 4.3,
        "hazard_level": "Moderate",
        "zone": "reservoir",
        "timestep_min": 210
      },
      "geometry": {
        "type": "Polygon",
        "coordinates": [
          [
            [
              77.77363799863924,
              22.52575949787959
            ],
            [
              77.77359439667595,
              22.525832259580245
            ],
            [
              77.7733980800327,
              22.526247436927548
            ],
            [
              77.77324340122694,
              22.526679856771196
            ],
            [
              77.77313184976148,
              22.52712535505928
            ],
            [
              77.77306449983793,
              22.52757964179905
            ],
            [
              77.77304200001252,
              22.52803834236804
            ],
            [
              77.7730645669507,
              22.52849703964014
            ],
            [
              77.77313198334072,
              22.528951316521006
            ],
            [
              77.77324359998634,
              22.529396798483102
            ],
            [
              77.77339834205829,
              22.52982919569089
            ],
            [
              77.7735947194445,
              22.530244344310443
            ],
            [
              77.77383084109943,
              22.5306382466057
            ],
            [
              77.77410443325407,
              22.531007109435286
            ],
            [
              77.77441286131165,
              22.53134738077912
            ],
            [
              77.7747531552178,
              22.531655783943126
            ],
            [
              77.77512203806117,
              22.53192934911267
            ],
            [
              77.775515957629,
              22.532165441950813
            ],
            [
              77.77593112061354,
              22.53236178896607
            ],
            [
              77.77636352914041,
              22.53251649940534
            ],
            [
              77.7768090192667,
              22.53262808346118
            ],
            [
              77.77726330107822,
              22.532695466618147
            ],
            [
              77.777722,
              22.532718
            ],
            [
              77.782278,
              22.532718
            ],
            [
              77.78273669892178,
              22.532695466618147
            ],
            [
              77.78319098073331,
              22.53262808346118
            ],
            [
              77.78363647085959,
              22.53251649940534
            ],
            [
              77.78406887938647,
              22.53236178896607
            ],
            [
              77.784484042371,
              22.532165441950813
            ],
            [
              77.78455649695903,
              22.532122016818583
            ],
            [
              77.78462886327165,
              22.532165391517147
            ],
            [
              77.78504404153652,
              22.53236175621215
            ],
            [
              77.78547646771044,
              22.532516480771225
            ],
            [
              77.78592197729296,
              22.532628075112285
            ],
            [
              77.78637627978325,
              22.532695464520824
            ],
            [
              77.786835,
              22.532718
            ],
            [
              77.78729372021674,
              22.532695464520824
            ],
            [
              77.78774802270704,
              22.532628075112285
            ],
            [
              77.78819353228954,
              22.532516480771225
            ],
            [
              77.78862595846346,
              22.532361756212154
            ],
            [
              77.78904113672834,
              22.53216539151715
            ],
            [
              77.78943506869052,
              22.531929277785576
            ],
            [
              77.78980396056988,
              22.531655688921738
            ],
            [
              77.79014425973595,
              22.531347259735952
            ],
            [
              77.79045268892173,
              22.531006960569886
            ],
            [
              77.79072627778557,
              22.530638068690532
            ],
            [
              77.79096239151714,
              22.530244136728346
            ],
            [
              77.79115875621216,
              22.52982895846347
            ],
            [
              77.79131348077122,
              22.52939653228955
            ],
            [
              77.79142507511229,
              22.528951022707034
            ],
            [
              77.79149246452083,
              22.52849672021674
            ],
            [
              77.79151499999999,
              22.528038
            ],
            [
              77.79151499999999,
              22.525419519471917
            ],
            [
              77.79333051947191,
              22.523604
            ],
            [
              77.8031244805281,
              22.523604
            ],
            [
              77.80631074026404,
              22.52679025973595
            ],
            [
              77.80949700000001,
              22.529976519471923
            ],
            [
              77.80949700000001,
              22.544327480528082
            ],
            [
              77.80631074026404,
              22.547513740264048
            ],
            [
              77.80175374026405,
              22.55207074026405
            ],
            [
              77.79719674026404,
              22.556627740264048
            ],
            [
              77.79263974026404,
              22.561184740264043
            ],
            [
              77.78808274026404,
              22.565741740264052
            ],
            [
              77.78352574026404,
              22.570298740264043
            ],
            [
              77.77896874026405,
              22.57485574026405
            ],
            [
              77.77441237714783,
              22.579413103420116
            ],
            [
              77.7741040260252,
              22.57975338680227
            ],
            [
              77.77383050824191,
              22.580122251570472
            ],
            [
              77.77359445718832,
              22.580516146347144
            ],
            [
              77.77339814553042,
              22.580931278769345
            ],
            [
              77.77324346332895,
              22.581363652001105
            ],
            [
              77.77313189984218,
              22.581809103214383
            ],
            [
              77.7730645291875,
              22.582263343668195
            ],
            [
              77.773042,
              22.582722
            ],
            [
              77.773042,
              22.587278
            ],
            [
              77.77306453547916,
              22.587736720216743
            ],
            [
              77.7731319248877,
              22.588191022707036
            ],
            [
              77.77324351922877,
              22.588636532289552
            ],
            [
              77.77339824378784,
              22.58906895846347
            ],
            [
              77.77359460848285,
              22.58948413672835
            ],
            [
              77.77383072221443,
              22.589878068690535
            ],
            [
              77.77410431107826,
              22.590246960569885
            ],
            [
              77.77441274026404,
              22.590587259735955
            ],
            [
              77.77475303943011,
              22.590895688921737
            ],
            [
              77.77512193130947,
              22.59116927778558
            ],
            [
              77.77551586327165,
              22.591405391517153
            ],
            [
              77.77593104153652,
              22.591601756212153
            ],
            [
              77.77636346771044,
              22.591756480771227
            ],
            [
              77.77680897729296,
              22.591868075112288
            ],
            [
              77.77726327978326,
              22.591935464520827
            ],
            [
              77.777722,
              22.591958
            ],
            [
              77.77818072021674,
              22.591935464520827
            ],
            [
              77.77863502270704,
              22.591868075112288
            ],
            [
              77.77908053228956,
              22.591756480771227
            ],
            [
              77.77951295846347,
              22.591601756212153
            ],
            [
              77.77992813672834,
              22.591405391517153
            ],
            [
              77.78032206869052,
              22.59116927778558
            ],
            [
              77.78069096056988,
              22.590895688921737
            ],
            [
              77.78103125973595,
              22.590587259735955
            ],
            [
              77.78133968892173,
              22.590246960569885
            ],
            [
              77.78161327778557,
              22.589878068690535
            ],
            [
              77.78184939151714,
              22.58948413672835
            ],
            [
              77.78204575621216,
              22.58906895846347
            ],
            [
              77.78220048077122,
              22.588636532289552
            ],
            [
              77.78231207511229,
              22.588191022707036
            ],
            [
              77.78237946452083,
              22.587736720216743
            ],
            [
              77.78240199999999,
              22.587278
            ],
            [
              77.78240199999999,
              22.584660218646913
            ],
            [
              77.78558744129198,
              22.58147407817993
            ],
            [
              77.79014425973595,
              22.57691725973595
            ],
            [
              77.79470125973596,
              22.57236025973596
            ],
            [
              77.79925825973595,
              22.56780325973595
            ],
            [
              77.80381525973596,
              22.56324625973596
            ],
            [
              77.80837225973596,
              22.558689259735953
            ],
            [
              77.81292925973595,
              22.55413225973595
            ],
            [
              77.81748625973596,
              22.549575259735953
            ],
            [
              77.81779468892174,
              22.549234960569883
            ],
            [
              77.81806827778557,
              22.54886606869053
            ],
            [
              77.81830439151715,
              22.548472136728343
            ],
            [
              77.81850075621216,
              22.548056958463466
            ],
            [
              77.81865548077123,
              22.54762453228955
            ],
            [
              77.81876707511229,
              22.547179022707034
            ],
            [
              77.81883446452083,
              22.54672472021674
            ],
            [
              77.818857,
              22.546266
            ],
            [
              77.818857,
              22.528038
            ],
            [
              77.81883446452083,
              22.527579279783257
            ],
            [
              77.81876707511229,
              22.527124977292964
            ],
            [
              77.81865548077123,
              22.526679467710448
            ],
            [
              77.81850075621216,
              22.52624704153653
            ],
            [
              77.81830439151715,
              22.52583186327165
            ],
            [
              77.81806827778557,
              22.525437931309465
            ],
            [
              77.81779468892174,
              22.525069039430115
            ],
            [
              77.81748625973596,
              22.52472874026404
            ],
            [
              77.81292925973595,
              22.520171740264043
            ],
            [
              77.80837225973596,
              22.51561474026405
            ],
            [
              77.80803196056989,
              22.515306311078263
            ],
            [
              77.80766306869054,
              22.515032722214425
            ],
            [
              77.80726913672835,
              22.51479660848285
            ],
            [
              77.80685395846348,
              22.514600243787847
            ],
            [
              77.80642153228956,
              22.514445519228772
            ],
            [
              77.80597602270704,
              22.514333924887712
            ],
            [
              77.80552172021675,
              22.514266535479173
            ],
            [
              77.805063,
              22.514243999999998
            ],
            [
              77.791392,
              22.514243999999998
            ],
            [
              77.79093327978326,
              22.514266535479173
            ],
            [
              77.79047897729296,
              22.514333924887712
            ],
            [
              77.79003346771044,
              22.514445519228772
            ],
            [
              77.78960104153653,
              22.514600243787847
            ],
            [
              77.78918586327165,
              22.51479660848285
            ],
            [
              77.78879193130948,
              22.515032722214425
            ],
            [
              77.78842303943011,
              22.515306311078263
            ],
            [
              77.78808274026404,
              22.515614740264045
            ],
            [
              77.78438891228409,
              22.519308568243996
            ],
            [
              77.78406883984775,
              22.51915719465751
            ],
            [
              77.78363637871418,
              22.519002472645067
            ],
            [
              77.78319083382466,
              22.518890887320712
            ],
            [
              77.78273649661908,
              22.518823513462145
            ],
            [
              77.78227774322397,
              22.518801000007045
            ],
            [
              77.7818189923021,
              22.518823563802556
            ],
            [
              77.78136466249244,
              22.518890987516656
            ],
            [
              77.78091912985023,
              22.51900262173147
            ],
            [
              77.78048668569743,
              22.519157391198387
            ],
            [
              77.78007149528904,
              22.51935380519475
            ],
            [
              77.78000000320556,
              22.519396664898295
            ],
            [
              77.77992858962754,
              22.519353850594467
            ],
            [
              77.77951343291292,
              22.519157440341743
            ],
            [
              77.77908102372005,
              22.519002668332032
            ],
            [
              77.77863552638584,
              22.518891025104384
            ],
            [
              77.77818123129315,
              22.51882358584412
            ],
            [
              77.77772251355206,
              22.518801000028176
            ],
            [
              77.77726379086518,
              22.518823485170312
            ],
            [
              77.77680948098276,
              22.518890824726313
            ],
            [
              77.77636395915731,
              22.519002370179443
            ],
            [
              77.77593151600755,
              22.519157047286015
            ],
            [
              77.77551631619741,
              22.519353366420933
            ],
            [
              77.77512235832805,
              22.519589436923614
            ],
            [
              77.7747534364291,
              22.519862985306066
            ],
            [
              77.77441310342012,
              22.520171377147825
            ],
            [
              77.77410463689402,
              22.52051164246688
            ],
            [
              77.77383100755209,
              22.52088050432219
            ],
            [
              77.77359485059446,
              22.521274410372456
            ],
            [
              77.77339844034174,
              22.521689567087076
            ],
            [
              77.77324366833203,
              22.522121976279948
            ],
            [
              77.77313202510439,
              22.52256747361416
            ],
            [
              77.77306458584411,
              22.523021768706855
            ],
            [
              77.77304200002817,
              22.52348048644794
            ],
            [
              77.77306448517031,
              22.523939209134813
            ],
            [
              77.7731318247263,
              22.524393519017238
            ],
            [
              77.77324337017944,
              22.52483904084269
            ],
            [
              77.77339804728601,
              22.525271483992448
            ],
            [
              77.77359436642094,
              22.52568668380258
            ],
            [
              77.77363799863924,
              22.52575949787959
            ]
          ]
        ]
      }
    },
    {
      "type": "Feature",
      "properties": {
        "depth_band": "2.0 - 3.0",
        "min_depth": 2.0,
        "max_depth": 3.0,
        "max_depth_m": 8.7,
        "avg_depth_m": 4.3,
        "hazard_level": "Moderate",
        "zone": "reservoir",
        "timestep_min": 210
      },
      "geometry": {
        "type": "Polygon",
        "coordinates": [
          [
            [
              77.77632344815603,
              22.5257595
            ],
            [
              77.77588332063767,
              22.526199724122286
            ],
            [
              77.77571199937724,
              22.52638878882598
            ],
            [
              77.77556003372003,
              22.526593734856654
            ],
            [
              77.7754288870422,
              22.526812588655694
            ],
            [
              77.77531982224039,
              22.52704324273753
            ],
            [
              77.77523388957052,
              22.527283475984
            ],
            [
              77.77517191653415,
              22.527530975032935
            ],
            [
              77.77513449990997,
              22.52778335655503
            ],
            [
              77.77512200000696,
              22.52803819020447
            ],
            [
              77.77513453719483,
              22.528293022022304
            ],
            [
              77.77517199074484,
              22.528545398067227
            ],
            [
              77.77523399999241,
              22.52879288804617
            ],
            [
              77.77531996781016,
              22.52903310871716
            ],
            [
              77.77542906635806,
              22.529263746839135
            ],
            [
              77.77556024505523,
              22.529482581447613
            ],
            [
              77.7757122406967,
              22.529687505241828
            ],
            [
              77.77588358961758,
              22.52987654487729
            ],
            [
              77.77607264178766,
              22.530047879968404
            ],
            [
              77.77627757670065,
              22.53019986061815
            ],
            [
              77.77649642090499,
              22.530331023306008
            ],
            [
              77.77672706700751,
              22.53044010498115
            ],
            [
              77.77696729396689,
              22.530526055225188
            ],
            [
              77.7772147884815,
              22.53058804636732
            ],
            [
              77.77746716726568,
              22.530625481454525
            ],
            [
              77.777722,
              22.530638
            ],
            [
              77.782278,
              22.530638
            ],
            [
              77.78253283273432,
              22.530625481454525
            ],
            [
              77.7827852115185,
              22.53058804636732
            ],
            [
              77.78303270603311,
              22.530526055225188
            ],
            [
              77.78327293299249,
              22.53044010498115
            ],
            [
              77.78350357909501,
              22.530331023306008
            ],
            [
              77.78372242329935,
              22.53019986061815
            ],
            [
              77.78392735821234,
              22.530047879968404
            ],
            [
              77.78411641038242,
              22.52987654487729
            ],
            [
              77.7842877593033,
              22.529687505241828
            ],
            [
              77.78443975494477,
              22.529482581447613
            ],
            [
              77.78450079615897,
              22.529380751421126
            ],
            [
              77.78499652236891,
              22.52987647763108
            ],
            [
              77.78518557746118,
              22.53004782717874
            ],
            [
              77.78539051739415,
              22.530199820991985
            ],
            [
              77.78560936848424,
              22.530330995287304
            ],
            [
              77.78584002307585,
              22.530440086784527
            ],
            [
              77.78608025983914,
              22.530526044872904
            ],
            [
              77.78632776516275,
              22.530588041729047
            ],
            [
              77.78658015543515,
              22.530625480289345
            ],
            [
              77.786835,
              22.530638
            ],
            [
              77.78708984456485,
              22.530625480289345
            ],
            [
              77.78734223483724,
              22.530588041729047
            ],
            [
              77.78758974016085,
              22.530526044872904
            ],
            [
              77.78782997692414,
              22.530440086784527
            ],
            [
              77.78806063151575,
              22.530330995287304
            ],
            [
              77.78827948260584,
              22.530199820991985
            ],
            [
              77.78848442253882,
              22.53004782717874
            ],
            [
              77.78867347763108,
              22.529876477631085
            ],
            [
              77.78884482717874,
              22.529687422538824
            ],
            [
              77.78899682099198,
              22.52948248260585
            ],
            [
              77.7891279952873,
              22.529263631515747
            ],
            [
              77.78923708678452,
              22.52903297692415
            ],
            [
              77.7893230448729,
              22.52879274016086
            ],
            [
              77.78938504172905,
              22.528545234837242
            ],
            [
              77.78942248028935,
              22.528292844564856
            ],
            [
              77.789435,
              22.528038
            ],
            [
              77.789435,
              22.524557955262168
            ],
            [
              77.79246895526217,
              22.521524
            ],
            [
              77.80398604473784,
              22.521524
            ],
            [
              77.80778152236891,
              22.525319477631083
            ],
            [
              77.811577,
              22.529114955262166
            ],
            [
              77.811577,
              22.545189044737832
            ],
            [
              77.80778152236891,
              22.548984522368915
            ],
            [
              77.80322452236892,
              22.553541522368917
            ],
            [
              77.79866752236892,
              22.558098522368915
            ],
            [
              77.79411052236891,
              22.562655522368914
            ],
            [
              77.78955352236892,
              22.56721252236892
            ],
            [
              77.78499652236891,
              22.571769522368914
            ],
            [
              77.78043952236892,
              22.576326522368916
            ],
            [
              77.77588332063767,
              22.580883724122288
            ],
            [
              77.77571201445845,
              22.581072770445708
            ],
            [
              77.7755600601344,
              22.58127769531693
            ],
            [
              77.77542892066018,
              22.581496525748417
            ],
            [
              77.77531985862801,
              22.58172715487186
            ],
            [
              77.77523392407164,
              22.581967362222837
            ],
            [
              77.77517194435677,
              22.582214835119103
            ],
            [
              77.77513451621527,
              22.582467190926778
            ],
            [
              77.775122,
              22.582722
            ],
            [
              77.775122,
              22.587278
            ],
            [
              77.77513451971065,
              22.58753284456486
            ],
            [
              77.77517195827095,
              22.587785234837245
            ],
            [
              77.77523395512709,
              22.588032740160862
            ],
            [
              77.77531991321547,
              22.588272976924152
            ],
            [
              77.77542900471269,
              22.58850363151575
            ],
            [
              77.77556017900801,
              22.588722482605853
            ],
            [
              77.77571217282126,
              22.588927422538827
            ],
            [
              77.77588352236891,
              22.589116477631087
            ],
            [
              77.77607257746118,
              22.589287827178744
            ],
            [
              77.77627751739415,
              22.589439820991988
            ],
            [
              77.77649636848425,
              22.589570995287307
            ],
            [
              77.77672702307585,
              22.58968008678453
            ],
            [
              77.77696725983914,
              22.589766044872906
            ],
            [
              77.77721476516275,
              22.58982804172905
            ],
            [
              77.77746715543515,
              22.589865480289347
            ],
            [
              77.777722,
              22.589878000000002
            ],
            [
              77.77797684456485,
              22.589865480289347
            ],
            [
              77.77822923483724,
              22.58982804172905
            ],
            [
              77.77847674016085,
              22.589766044872906
            ],
            [
              77.77871697692414,
              22.58968008678453
            ],
            [
              77.77894763151575,
              22.589570995287307
            ],
            [
              77.77916648260585,
              22.589439820991988
            ],
            [
              77.77937142253882,
              22.589287827178744
            ],
            [
              77.77956047763108,
              22.589116477631087
            ],
            [
              77.77973182717874,
              22.588927422538827
            ],
            [
              77.77988382099198,
              22.588722482605853
            ],
            [
              77.7800149952873,
              22.58850363151575
            ],
            [
              77.78012408678453,
              22.588272976924152
            ],
            [
              77.7802100448729,
              22.588032740160862
            ],
            [
              77.78027204172905,
              22.587785234837245
            ],
            [
              77.78030948028935,
              22.58753284456486
            ],
            [
              77.780322,
              22.587278
            ],
            [
              77.780322,
              22.583798788137173
            ],
            [
              77.78411657853871,
              22.580003376723454
            ],
            [
              77.78867347763108,
              22.575446477631083
            ],
            [
              77.79323047763108,
              22.570889477631088
            ],
            [
              77.79778747763108,
              22.566332477631082
            ],
            [
              77.80234447763108,
              22.561775477631087
            ],
            [
              77.80690147763109,
              22.557218477631086
            ],
            [
              77.81145847763108,
              22.552661477631084
            ],
            [
              77.81601547763108,
              22.548104477631085
            ],
            [
              77.81618682717874,
              22.547915422538825
            ],
            [
              77.81633882099199,
              22.54771048260585
            ],
            [
              77.8164699952873,
              22.547491631515747
            ],
            [
              77.81657908678453,
              22.54726097692415
            ],
            [
              77.8166650448729,
              22.54702074016086
            ],
            [
              77.81672704172905,
              22.546773234837243
            ],
            [
              77.81676448028935,
              22.546520844564856
            ],
            [
              77.816777,
              22.546266
            ],
            [
              77.816777,
              22.528038
            ],
            [
              77.81676448028935,
              22.52778315543514
            ],
            [
              77.81672704172905,
              22.527530765162755
            ],
            [
              77.8166650448729,
              22.527283259839137
            ],
            [
              77.81657908678453,
              22.527043023075848
            ],
            [
              77.8164699952873,
              22.52681236848425
            ],
            [
              77.81633882099199,
              22.526593517394147
            ],
            [
              77.81618682717874,
              22.526388577461173
            ],
            [
              77.81601547763108,
              22.526199522368913
            ],
            [
              77.81145847763108,
              22.521642522368914
            ],
            [
              77.80690147763109,
              22.517085522368916
            ],
            [
              77.80671242253882,
              22.516914172821256
            ],
            [
              77.80650748260585,
              22.516762179008012
            ],
            [
              77.80628863151576,
              22.516631004712693
            ],
            [
              77.80605797692415,
              22.51652191321547
            ],
            [
              77.80581774016086,
              22.516435955127093
            ],
            [
              77.80557023483725,
              22.51637395827095
            ],
            [
              77.80531784456485,
              22.516336519710652
            ],
            [
              77.805063,
              22.516323999999997
            ],
            [
              77.791392,
              22.516323999999997
            ],
            [
              77.79113715543515,
              22.516336519710652
            ],
            [
              77.79088476516276,
              22.51637395827095
            ],
            [
              77.79063725983914,
              22.516435955127093
            ],
            [
              77.79039702307585,
              22.516521913215467
            ],
            [
              77.79016636848425,
              22.516631004712693
            ],
            [
              77.78994751739415,
              22.516762179008012
            ],
            [
              77.78974257746118,
              22.516914172821252
            ],
            [
              77.78955352236892,
              22.517085522368912
            ],
            [
              77.78499652236891,
              22.521642522368914
            ],
            [
              77.78482517282126,
              22.521831577461175
            ],
            [
              77.78467317900801,
              22.52203651739415
            ],
            [
              77.78461220374189,
              22.522138248479713
            ],
            [
              77.78411647763109,
              22.521642522368918
            ],
            [
              77.78392740875472,
              22.521471161509012
            ],
            [
              77.78372245295274,
              22.52131915919473
            ],
            [
              77.78350358433711,
              22.521187979495807
            ],
            [
              77.78327291102653,
              22.521078885920836
            ],
            [
              77.78303265484121,
              22.520992929247257
            ],
            [
              77.78278512990259,
              22.520930937400394
            ],
            [
              77.78253272034394,
              22.52089350747897
            ],
            [
              77.78227785734666,
              22.520881000003914
            ],
            [
              77.7820229957234,
              22.520893535445865
            ],
            [
              77.78177059027357,
              22.52093099306481
            ],
            [
              77.78152307213901,
              22.52099301207304
            ],
            [
              77.78128282538746,
              22.521078995110216
            ],
            [
              77.78105216404947,
              22.521188113997084
            ],
            [
              77.78083330982994,
              22.5213193177124
            ],
            [
              77.78062837070891,
              22.521471342516257
            ],
            [
              77.78043932063768,
              22.521642724122287
            ],
            [
              77.78,
              22.522082141186797
            ],
            [
              77.77956067936232,
              22.521642724122287
            ],
            [
              77.77937164307396,
              22.521471353830012
            ],
            [
              77.779166719821,
              22.52131933752894
            ],
            [
              77.7789478831264,
              22.52118813921915
            ],
            [
              77.77871724050718,
              22.52107902241208
            ],
            [
              77.7784770131778,
              22.52099303796224
            ],
            [
              77.7782295146588,
              22.520931013946882
            ],
            [
              77.77797712849619,
              22.520893547691177
            ],
            [
              77.7777222853067,
              22.520881000015653
            ],
            [
              77.77746743936954,
              22.520893491761285
            ],
            [
              77.77721504499043,
              22.52093090262573
            ],
            [
              77.77696753286517,
              22.520992872321912
            ],
            [
              77.77672728667086,
              22.521078804047786
            ],
            [
              77.77649662010967,
              22.521187870233852
            ],
            [
              77.77627775462669,
              22.52131902051312
            ],
            [
              77.77607279801616,
              22.521470991836704
            ],
            [
              77.77588372412228,
              22.52164232063768
            ],
            [
              77.77571235383,
              22.521831356926043
            ],
            [
              77.77556033752893,
              22.522036280178995
            ],
            [
              77.77542913921914,
              22.522255116873588
            ],
            [
              77.77532002241207,
              22.52248575949282
            ],
            [
              77.77523403796224,
              22.522725986822195
            ],
            [
              77.77517201394687,
              22.5229734853412
            ],
            [
              77.77513454769118,
              22.523225871503808
            ],
            [
              77.77512200001566,
              22.5234807146933
            ],
            [
              77.77513449176128,
              22.523735560630453
            ],
            [
              77.77517190262573,
              22.523987955009577
            ],
            [
              77.7752338723219,
              22.52423546713483
            ],
            [
              77.77531980404778,
              22.52447571332914
            ],
            [
              77.77542887023385,
              22.524706379890322
            ],
            [
              77.77556002051311,
              22.524925245373304
            ],
            [
              77.7757119918367,
              22.525130201983835
            ],
            [
              77.77588332063767,
              22.525319275877713
            ],
            [
              77.77632344815603,
              22.5257595
            ]
          ]
        ]
      }
    },
    {
      "type": "Feature",
      "properties": {
        "timestep_min": 210,
        "depth_band": "0.1 - 0.5",
        "min_depth": 0.1,
        "max_depth": 0.5,
        "max_depth_m": 3.0,
        "avg_depth_m": 1.7,
        "inundated_area_km2": 0.22,
        "hazard_level": "Moderate",
        "zone": "downstream",
        "wave_front_km": 65.2
      },
      "geometry": {
        "type": "Polygon",
        "coordinates": [
          [
            [
              77.78308987196527,
              22.57831529285732
            ],
            [
              77.6026086847233,
              22.453723483191347
            ],
            [
              77.60014583194521,
              22.45362885942239
            ],
            [
              77.77481251983849,
              22.590865688461317
            ],
            [
              77.78308987196527,
              22.57831529285732
            ]
          ]
        ]
      }
    },
    {
      "type": "Feature",
      "properties": {
        "timestep_min": 210,
        "depth_band": "0.5 - 1.0",
        "min_depth": 0.5,
        "max_depth": 1.0,
        "max_depth_m": 3.0,
        "avg_depth_m": 1.7,
        "inundated_area_km2": 0.16,
        "hazard_level": "Moderate",
        "zone": "downstream",
        "wave_front_km": 65.2
      },
      "geometry": {
        "type": "Polygon",
        "coordinates": [
          [
            [
              77.76600536547173,
              22.568055254659555
            ],
            [
              77.63064447504024,
              22.47461139741008
            ],
            [
              77.62879733545668,
              22.47454042958336
            ],
            [
              77.75979735137665,
              22.577468051362555
            ],
            [
              77.76600536547173,
              22.568055254659555
            ]
          ]
        ]
      }
    },
    {
      "type": "Feature",
      "properties": {
        "timestep_min": 210,
        "depth_band": "1.0 - 2.0",
        "min_depth": 1.0,
        "max_depth": 2.0,
        "max_depth_m": 3.0,
        "avg_depth_m": 1.7,
        "inundated_area_km2": 0.12,
        "hazard_level": "High",
        "zone": "downstream",
        "wave_front_km": 65.2
      },
      "geometry": {
        "type": "Polygon",
        "coordinates": [
          [
            [
              77.7523377602769,
              22.55984722410135
            ],
            [
              77.6530731072938,
              22.491321728785067
            ],
            [
              77.65171853826587,
              22.49126968571214
            ],
            [
              77.74778521660716,
              22.566749941683547
            ],
            [
              77.7523377602769,
              22.55984722410135
            ]
          ]
        ]
      }
    },
    {
      "type": "Feature",
      "properties": {
        "timestep_min": 210,
        "depth_band": "2.0 - 3.0",
        "min_depth": 2.0,
        "max_depth": 3.0,
        "max_depth_m": 3.0,
        "avg_depth_m": 1.7,
        "inundated_area_km2": 0.08,
        "hazard_level": "High",
        "zone": "downstream",
        "wave_front_km": 65.2
      },
      "geometry": {
        "type": "Polygon",
        "coordinates": [
          [
            [
              77.74072029586128,
              22.55287039812687
            ],
            [
              77.67213744470932,
              22.5055255104538
            ],
            [
              77.67120156065366,
              22.5054895534216
            ],
            [
              77.7375749020531,
              22.557639548456393
            ],
            [
              77.74072029586128,
              22.55287039812687
            ]
          ]
        ]
      }
    },
    {
      "type": "Feature",
      "properties": {
        "timestep_min": 210,
        "depth_band": "3.0 - 5.0",
        "min_depth": 3.0,
        "max_depth": 5.0,
        "max_depth_m": 3.0,
        "avg_depth_m": 1.7,
        "inundated_area_km2": 0.05,
        "hazard_level": "Critical",
        "zone": "downstream",
        "wave_front_km": 65.2
      },
      "geometry": {
        "type": "Polygon",
        "coordinates": [
          [
            [
              77.72978621170542,
              22.54630397368031
            ],
            [
              77.69008035051218,
              22.518893775553796
            ],
            [
              77.689538522901,
              22.518872958324625
            ],
            [
              77.72796519423753,
              22.54906506071319
            ],
            [
              77.72978621170542,
              22.54630397368031
            ]
          ]
        ]
      }
    },
    {
      "type": "Feature",
      "properties": {
        "depth_band": "0.1 - 0.5",
        "min_depth": 0.1,
        "max_depth": 0.5,
        "max_depth_m": 8.7,
        "avg_depth_m": 4.3,
        "hazard_level": "Moderate",
        "zone": "reservoir",
        "timestep_min": 240
      },
      "geometry": {
        "type": "Polygon",
        "coordinates": [
          [
            [
              77.7675843694637,
              22.525759484552143
            ],
            [
              77.76752166613662,
              22.52600990013174
            ],
            [
              77.76737199963985,
              22.527019426220118
            ],
            [
              77.76732200002783,
              22.528038760817868
            ],
            [
              77.76737214877932,
              22.529058088089204
            ],
            [
              77.76752196297937,
              22.530067592268907
            ],
            [
              77.76776999996964,
              22.531057552184674
            ],
            [
              77.76811387124064,
              22.532018434868647
            ],
            [
              77.76855026543222,
              22.53294098735654
            ],
            [
              77.76907498022094,
              22.53381632579045
            ],
            [
              77.76968296278682,
              22.53463602096731
            ],
            [
              77.77036835847031,
              22.535392179509156
            ],
            [
              77.77112456715065,
              22.53607751987362
            ],
            [
              77.77194430680262,
              22.536685442472603
            ],
            [
              77.77281968362,
              22.537210093224033
            ],
            [
              77.77374226803008,
              22.537646419924606
            ],
            [
              77.77470317586759,
              22.53799022090076
            ],
            [
              77.77569315392599,
              22.53823818546929
            ],
            [
              77.77670266906273,
              22.538387925818107
            ],
            [
              77.777722,
              22.538438
            ],
            [
              77.782278,
              22.538438
            ],
            [
              77.78329733093727,
              22.538387925818107
            ],
            [
              77.78430684607402,
              22.53823818546929
            ],
            [
              77.78455649645015,
              22.538175654338144
            ],
            [
              77.78480606065102,
              22.53823816691619
            ],
            [
              77.78581562174057,
              22.53838792115739
            ],
            [
              77.786835,
              22.538438
            ],
            [
              77.78785437825942,
              22.53838792115739
            ],
            [
              77.78886393934896,
              22.538238166916194
            ],
            [
              77.78985396064344,
              22.537990179491615
            ],
            [
              77.79081490769659,
              22.537646347138118
            ],
            [
              77.79173752606299,
              22.537209981149225
            ],
            [
              77.7926129304234,
              22.536685283967948
            ],
            [
              77.7934326901553,
              22.536077308714972
            ],
            [
              77.79418891052434,
              22.53539191052434
            ],
            [
              77.79487430871497,
              22.5346356901553
            ],
            [
              77.79548228396794,
              22.533815930423405
            ],
            [
              77.79600698114922,
              22.53294052606299
            ],
            [
              77.79644334713811,
              22.5320179076966
            ],
            [
              77.79678717949162,
              22.531056960643447
            ],
            [
              77.79703516691619,
              22.530066939348966
            ],
            [
              77.7971453715582,
              22.529324
            ],
            [
              77.80075517895132,
              22.529324
            ],
            [
              77.80226608947565,
              22.53083491052433
            ],
            [
              77.803777,
              22.532345821048672
            ],
            [
              77.803777,
              22.54195817895131
            ],
            [
              77.80226608947565,
              22.543469089475657
            ],
            [
              77.79770908947566,
              22.548026089475666
            ],
            [
              77.79315208947565,
              22.552583089475657
            ],
            [
              77.78859508947566,
              22.557140089475656
            ],
            [
              77.78403808947566,
              22.561697089475665
            ],
            [
              77.77948108947567,
              22.566254089475656
            ],
            [
              77.77492408947566,
              22.570811089475665
            ],
            [
              77.77036728255072,
              22.57536889648915
            ],
            [
              77.76968205783379,
              22.57612508178283
            ],
            [
              77.7690742405376,
              22.57694478126772
            ],
            [
              77.76854968264072,
              22.577820102993655
            ],
            [
              77.76811343451205,
              22.57874261948744
            ],
            [
              77.76776969628656,
              22.579703448891348
            ],
            [
              77.76752177742706,
              22.580693340476408
            ],
            [
              77.7673720648611,
              22.581702763707106
            ],
            [
              77.767322,
              22.582722
            ],
            [
              77.767322,
              22.587278
            ],
            [
              77.76737207884261,
              22.58829737825943
            ],
            [
              77.7675218330838,
              22.58930693934897
            ],
            [
              77.76776982050838,
              22.590296960643446
            ],
            [
              77.76811365286189,
              22.591257907696598
            ],
            [
              77.76855001885077,
              22.592180526062993
            ],
            [
              77.76907471603205,
              22.593055930423404
            ],
            [
              77.76968269128503,
              22.593875690155304
            ],
            [
              77.77036808947565,
              22.594631910524342
            ],
            [
              77.7711243098447,
              22.595317308714975
            ],
            [
              77.77194406957659,
              22.595925283967947
            ],
            [
              77.772819473937,
              22.596449981149224
            ],
            [
              77.7737420923034,
              22.596886347138117
            ],
            [
              77.77470303935655,
              22.597230179491618
            ],
            [
              77.77569306065102,
              22.597478166916193
            ],
            [
              77.77670262174057,
              22.597627921157393
            ],
            [
              77.777722,
              22.597678000000002
            ],
            [
              77.77874137825943,
              22.597627921157393
            ],
            [
              77.77975093934897,
              22.597478166916193
            ],
            [
              77.78074096064344,
              22.597230179491618
            ],
            [
              77.7817019076966,
              22.596886347138117
            ],
            [
              77.78262452606299,
              22.596449981149224
            ],
            [
              77.7834999304234,
              22.595925283967947
            ],
            [
              77.7843196901553,
              22.595317308714975
            ],
            [
              77.78507591052434,
              22.594631910524342
            ],
            [
              77.78576130871497,
              22.593875690155304
            ],
            [
              77.78636928396794,
              22.593055930423404
            ],
            [
              77.78689398114922,
              22.592180526062993
            ],
            [
              77.78733034713811,
              22.591257907696598
            ],
            [
              77.78767417949162,
              22.590296960643446
            ],
            [
              77.78792216691619,
              22.58930693934897
            ],
            [
              77.78807192115738,
              22.58829737825943
            ],
            [
              77.788122,
              22.587278
            ],
            [
              77.788122,
              22.58702915254868
            ],
            [
              77.78963231400915,
              22.585518507039527
            ],
            [
              77.79418891052434,
              22.580961910524334
            ],
            [
              77.79874591052433,
              22.576404910524346
            ],
            [
              77.80330291052434,
              22.571847910524337
            ],
            [
              77.80785991052433,
              22.567290910524346
            ],
            [
              77.81241691052435,
              22.562733910524344
            ],
            [
              77.81697391052434,
              22.558176910524335
            ],
            [
              77.82153091052434,
              22.553619910524343
            ],
            [
              77.82221630871497,
              22.552863690155302
            ],
            [
              77.82282428396795,
              22.5520439304234
            ],
            [
              77.82334898114922,
              22.55116852606299
            ],
            [
              77.82378534713811,
              22.550245907696596
            ],
            [
              77.82412917949162,
              22.549284960643444
            ],
            [
              77.8243771669162,
              22.548294939348967
            ],
            [
              77.82452692115739,
              22.547285378259428
            ],
            [
              77.824577,
              22.546266
            ],
            [
              77.824577,
              22.528038
            ],
            [
              77.82452692115739,
              22.52701862174057
            ],
            [
              77.8243771669162,
              22.526009060651027
            ],
            [
              77.82412917949162,
              22.52501903935655
            ],
            [
              77.82378534713811,
              22.5240580923034
            ],
            [
              77.82334898114922,
              22.523135473937003
            ],
            [
              77.82282428396795,
              22.52226006957659
            ],
            [
              77.82221630871497,
              22.52144030984469
            ],
            [
              77.82153091052433,
              22.520684089475655
            ],
            [
              77.81697391052434,
              22.516127089475663
            ],
            [
              77.81241691052435,
              22.51157008947567
            ],
            [
              77.8116606901553,
              22.510884691285032
            ],
            [
              77.81084093042341,
              22.510276716032056
            ],
            [
              77.809965526063,
              22.50975201885078
            ],
            [
              77.80904290769661,
              22.509315652861883
            ],
            [
              77.80808196064345,
              22.508971820508386
            ],
            [
              77.80709193934898,
              22.508723833083806
            ],
            [
              77.80608237825943,
              22.508574078842607
            ],
            [
              77.805063,
              22.508523999999998
            ],
            [
              77.791392,
              22.508523999999998
            ],
            [
              77.79037262174057,
              22.508574078842607
            ],
            [
              77.78936306065103,
              22.508723833083806
            ],
            [
              77.78837303935656,
              22.508971820508382
            ],
            [
              77.7874120923034,
              22.509315652861883
            ],
            [
              77.78648947393701,
              22.509752018850776
            ],
            [
              77.7856140695766,
              22.510276716032052
            ],
            [
              77.7847943098447,
              22.510884691285025
            ],
            [
              77.78403808947566,
              22.511570089475654
            ],
            [
              77.78251549575977,
              22.513092683191537
            ],
            [
              77.78227742938661,
              22.513081000015653
            ],
            [
              77.78125798289356,
              22.513131141783457
            ],
            [
              77.78024836109428,
              22.513280972259235
            ],
            [
              77.78000002334704,
              22.51334319663248
            ],
            [
              77.7797520586352,
              22.513281055787523
            ],
            [
              77.77874251398477,
              22.51313119076471
            ],
            [
              77.7777231412268,
              22.513081000062616
            ],
            [
              77.77670375747819,
              22.513130967045136
            ],
            [
              77.77569417996169,
              22.513280610502914
            ],
            [
              77.77470413146068,
              22.51352848928765
            ],
            [
              77.77374314668344,
              22.513872216191142
            ],
            [
              77.77282048043871,
              22.51430848093541
            ],
            [
              77.77194501850678,
              22.514833082052476
            ],
            [
              77.77112519206466,
              22.515440967346812
            ],
            [
              77.77036889648915,
              22.516126282550726
            ],
            [
              77.76968341532005,
              22.516882427704175
            ],
            [
              77.76907535011576,
              22.517702120715978
            ],
            [
              77.76855055687659,
              22.518577467494342
            ],
            [
              77.76811408964832,
              22.51950003797128
            ],
            [
              77.76777015184895,
              22.520460947288772
            ],
            [
              77.76752205578752,
              22.5214509413648
            ],
            [
              77.7673721907647,
              22.522460486015227
            ],
            [
              77.7673220000626,
              22.5234798587732
            ],
            [
              77.76737196704514,
              22.52449924252181
            ],
            [
              77.76752161050291,
              22.525508820038304
            ],
            [
              77.7675843694637,
              22.525759484552143
            ]
          ]
        ]
      }
    },
    {
      "type": "Feature",
      "properties": {
        "depth_band": "0.5 - 1.0",
        "min_depth": 0.5,
        "max_depth": 1.0,
        "max_depth_m": 8.7,
        "avg_depth_m": 4.3,
        "hazard_level": "Moderate",
        "zone": "reservoir",
        "timestep_min": 240
      },
      "geometry": {
        "type": "Polygon",
        "coordinates": [
          [
            [
              77.77081461243957,
              22.525759493259073
            ],
            [
              77.77075529079745,
              22.525925332755197
            ],
            [
              77.77058176629563,
              22.52661833009222
            ],
            [
              77.7704769997479,
              22.527324998354082
            ],
            [
              77.77044200001947,
              22.52803853257251
            ],
            [
              77.77047710414551,
              22.528752061662445
            ],
            [
              77.77058197408556,
              22.529458714588234
            ],
            [
              77.77075559997876,
              22.530151686529273
            ],
            [
              77.77099630986845,
              22.530824304408053
            ],
            [
              77.77130178580256,
              22.53147009114958
            ],
            [
              77.77166908615466,
              22.532082828053316
            ],
            [
              77.77209467395078,
              22.532656614677116
            ],
            [
              77.77257445092921,
              22.533185925656408
            ],
            [
              77.77310379700545,
              22.53366566391153
            ],
            [
              77.77367761476184,
              22.53409120973082
            ],
            [
              77.77429037853399,
              22.534458465256822
            ],
            [
              77.77493618762105,
              22.534763893947225
            ],
            [
              77.7756088231073,
              22.535004554630532
            ],
            [
              77.77630180774818,
              22.535178129828502
            ],
            [
              77.77700846834391,
              22.535282948072673
            ],
            [
              77.777722,
              22.535318
            ],
            [
              77.782278,
              22.535318
            ],
            [
              77.7829915316561,
              22.535282948072673
            ],
            [
              77.78369819225182,
              22.535178129828502
            ],
            [
              77.7843911768927,
              22.535004554630532
            ],
            [
              77.78455649689715,
              22.534945405171353
            ],
            [
              77.78472172754958,
              22.535004525644126
            ],
            [
              77.78541474245571,
              22.535178116841333
            ],
            [
              77.78612143521839,
              22.535282944810174
            ],
            [
              77.786835,
              22.535318
            ],
            [
              77.78754856478159,
              22.535282944810174
            ],
            [
              77.78825525754426,
              22.535178116841333
            ],
            [
              77.78894827245041,
              22.53500452564413
            ],
            [
              77.78962093538762,
              22.534763842996682
            ],
            [
              77.79026676824408,
              22.534458386804456
            ],
            [
              77.79087955129637,
              22.534091098777562
            ],
            [
              77.7914533831087,
              22.53366551610048
            ],
            [
              77.79198273736704,
              22.533185737367038
            ],
            [
              77.79246251610047,
              22.532656383108712
            ],
            [
              77.79288809877755,
              22.532082551296384
            ],
            [
              77.79325538680445,
              22.531469768244094
            ],
            [
              77.79356084299668,
              22.530823935387616
            ],
            [
              77.79380152564413,
              22.53015127245041
            ],
            [
              77.79397511684134,
              22.529458257544277
            ],
            [
              77.79407994481016,
              22.528751564781597
            ],
            [
              77.79411499999999,
              22.528038
            ],
            [
              77.79411499999999,
              22.526496474734085
            ],
            [
              77.79440747473407,
              22.526204
            ],
            [
              77.80204752526593,
              22.526204
            ],
            [
              77.80447226263296,
              22.528628737367033
            ],
            [
              77.806897,
              22.53105347473409
            ],
            [
              77.806897,
              22.543250525265915
            ],
            [
              77.80447226263296,
              22.54567526263296
            ],
            [
              77.79991526263296,
              22.550232262632967
            ],
            [
              77.79535826263296,
              22.554789262632962
            ],
            [
              77.79080126263295,
              22.559346262632957
            ],
            [
              77.78624426263296,
              22.56390326263297
            ],
            [
              77.78168726263296,
              22.568460262632957
            ],
            [
              77.77713026263297,
              22.573017262632966
            ],
            [
              77.7725736977855,
              22.577574827542403
            ],
            [
              77.77209404048365,
              22.57810415724798
            ],
            [
              77.77166856837633,
              22.578677946887403
            ],
            [
              77.7713013778485,
              22.57929067209556
            ],
            [
              77.77099600415843,
              22.579936433641205
            ],
            [
              77.7707553874006,
              22.580609014223942
            ],
            [
              77.77058184419894,
              22.581301938333485
            ],
            [
              77.77047704540277,
              22.582008534594973
            ],
            [
              77.770442,
              22.582722
            ],
            [
              77.770442,
              22.587278
            ],
            [
              77.77047705518983,
              22.5879915647816
            ],
            [
              77.77058188315866,
              22.58869825754428
            ],
            [
              77.77075547435587,
              22.589391272450413
            ],
            [
              77.77099615700331,
              22.59006393538762
            ],
            [
              77.77130161319555,
              22.590709768244096
            ],
            [
              77.77166890122244,
              22.591322551296383
            ],
            [
              77.77209448389952,
              22.59189638310871
            ],
            [
              77.77257426263296,
              22.59242573736704
            ],
            [
              77.77310361689129,
              22.592905516100483
            ],
            [
              77.77367744870361,
              22.593331098777565
            ],
            [
              77.7742902317559,
              22.59369838680446
            ],
            [
              77.77493606461238,
              22.594003842996685
            ],
            [
              77.77560872754958,
              22.594244525644132
            ],
            [
              77.77630174245571,
              22.594418116841336
            ],
            [
              77.77700843521839,
              22.594522944810176
            ],
            [
              77.777722,
              22.594558000000003
            ],
            [
              77.7784355647816,
              22.594522944810176
            ],
            [
              77.77914225754428,
              22.594418116841336
            ],
            [
              77.77983527245041,
              22.594244525644132
            ],
            [
              77.78050793538762,
              22.594003842996685
            ],
            [
              77.7811537682441,
              22.59369838680446
            ],
            [
              77.78176655129639,
              22.593331098777565
            ],
            [
              77.7823403831087,
              22.592905516100483
            ],
            [
              77.78286973736704,
              22.59242573736704
            ],
            [
              77.78334951610047,
              22.59189638310871
            ],
            [
              77.78377509877755,
              22.591322551296383
            ],
            [
              77.78414238680445,
              22.590709768244096
            ],
            [
              77.78444784299668,
              22.59006393538762
            ],
            [
              77.78468852564413,
              22.589391272450413
            ],
            [
              77.78486211684134,
              22.58869825754428
            ],
            [
              77.78496694481017,
              22.5879915647816
            ],
            [
              77.78500199999999,
              22.587278
            ],
            [
              77.78500199999999,
              22.585737006784086
            ],
            [
              77.78742601983069,
              22.583312454903385
            ],
            [
              77.79198273736704,
              22.578755737367032
            ],
            [
              77.79653973736704,
              22.574198737367045
            ],
            [
              77.80109673736703,
              22.569641737367032
            ],
            [
              77.80565373736704,
              22.565084737367044
            ],
            [
              77.81021073736704,
              22.56052773736704
            ],
            [
              77.81476773736703,
              22.555970737367034
            ],
            [
              77.81932473736704,
              22.55141373736704
            ],
            [
              77.81980451610048,
              22.55088438310871
            ],
            [
              77.82023009877756,
              22.55031055129638
            ],
            [
              77.82059738680445,
              22.549697768244094
            ],
            [
              77.82090284299669,
              22.549051935387617
            ],
            [
              77.82114352564413,
              22.54837927245041
            ],
            [
              77.82131711684134,
              22.547686257544278
            ],
            [
              77.82142194481017,
              22.546979564781598
            ],
            [
              77.821457,
              22.546266
            ],
            [
              77.821457,
              22.528038
            ],
            [
              77.82142194481017,
              22.5273244352184
            ],
            [
              77.82131711684134,
              22.52661774245572
            ],
            [
              77.82114352564413,
              22.525924727549587
            ],
            [
              77.82090284299669,
              22.52525206461238
            ],
            [
              77.82059738680445,
              22.524606231755904
            ],
            [
              77.82023009877756,
              22.523993448703614
            ],
            [
              77.81980451610048,
              22.523419616891285
            ],
            [
              77.81932473736704,
              22.522890262632956
            ],
            [
              77.81476773736703,
              22.518333262632957
            ],
            [
              77.81021073736704,
              22.513776262632966
            ],
            [
              77.80968138310872,
              22.51329648389952
            ],
            [
              77.80910755129639,
              22.51287090122244
            ],
            [
              77.8084947682441,
              22.512503613195545
            ],
            [
              77.80784893538763,
              22.51219815700332
            ],
            [
              77.80717627245042,
              22.511957474355867
            ],
            [
              77.80648325754429,
              22.511783883158664
            ],
            [
              77.80577656478161,
              22.511679055189823
            ],
            [
              77.805063,
              22.511643999999997
            ],
            [
              77.791392,
              22.511643999999997
            ],
            [
              77.7906784352184,
              22.511679055189823
            ],
            [
              77.78997174245572,
              22.511783883158664
            ],
            [
              77.78927872754959,
              22.511957474355867
            ],
            [
              77.78860606461238,
              22.512198157003315
            ],
            [
              77.7879602317559,
              22.51250361319554
            ],
            [
              77.78734744870361,
              22.512870901222435
            ],
            [
              77.7867736168913,
              22.513296483899516
            ],
            [
              77.78624426263296,
              22.51377626263296
            ],
            [
              77.78368205905541,
              22.516338466210517
            ],
            [
              77.78299121696301,
              22.516236020941115
            ],
            [
              77.78227760057062,
              22.51620100001096
            ],
            [
              77.7815639880255,
              22.51623609924842
            ],
            [
              77.780857252766,
              22.516340980581464
            ],
            [
              77.78016420198924,
              22.51651463380451
            ],
            [
              77.78000001019541,
              22.516573397176007
            ],
            [
              77.77983603689786,
              22.51651470629427
            ],
            [
              77.77914304104463,
              22.516341039051266
            ],
            [
              77.77843635978934,
              22.516236133535298
            ],
            [
              77.77772279885876,
              22.516201000043832
            ],
            [
              77.77700923023473,
              22.516235976931593
            ],
            [
              77.77630252597318,
              22.51634072735204
            ],
            [
              77.77560949202248,
              22.516514242501355
            ],
            [
              77.77493680267841,
              22.5167548513338
            ],
            [
              77.7742909363071,
              22.517060236654785
            ],
            [
              77.77367811295476,
              22.517427457436735
            ],
            [
              77.77310423444527,
              22.51785297714277
            ],
            [
              77.7725748275424,
              22.518332697785507
            ],
            [
              77.77209499072403,
              22.51886199939292
            ],
            [
              77.77166934508102,
              22.519435784501184
            ],
            [
              77.77130198981361,
              22.52004852724604
            ],
            [
              77.77099646275383,
              22.520694326579896
            ],
            [
              77.77075570629427,
              22.52136696310214
            ],
            [
              77.77058203905126,
              22.52205995895536
            ],
            [
              77.7704771335353,
              22.52276664021066
            ],
            [
              77.77044200004383,
              22.52348020114124
            ],
            [
              77.77047697693159,
              22.524193769765265
            ],
            [
              77.77058172735204,
              22.524900474026815
            ],
            [
              77.77075524250135,
              22.52559350797752
            ],
            [
              77.77081461243957,
              22.525759493259073
            ]
          ]
        ]
      }
    },
    {
      "type": "Feature",
      "properties": {
        "depth_band": "1.0 - 2.0",
        "min_depth": 1.0,
        "max_depth": 2.0,
        "max_depth_m": 8.7,
        "avg_depth_m": 4.3,
        "hazard_level": "Moderate",
        "zone": "reservoir",
        "timestep_min": 240
      },
      "geometry": {
        "type": "Polygon",
        "coordinates": [
          [
            [
              77.77363799863924,
              22.52575949787959
            ],
            [
              77.77359439667595,
              22.525832259580245
            ],
            [
              77.7733980800327,
              22.526247436927548
            ],
            [
              77.77324340122694,
              22.526679856771196
            ],
            [
              77.77313184976148,
              22.52712535505928
            ],
            [
              77.77306449983793,
              22.52757964179905
            ],
            [
              77.77304200001252,
              22.52803834236804
            ],
            [
              77.7730645669507,
              22.52849703964014
            ],
            [
              77.77313198334072,
              22.528951316521006
            ],
            [
              77.77324359998634,
              22.529396798483102
            ],
            [
              77.77339834205829,
              22.52982919569089
            ],
            [
              77.7735947194445,
              22.530244344310443
            ],
            [
              77.77383084109943,
              22.5306382466057
            ],
            [
              77.77410443325407,
              22.531007109435286
            ],
            [
              77.77441286131165,
              22.53134738077912
            ],
            [
              77.7747531552178,
              22.531655783943126
            ],
            [
              77.77512203806117,
              22.53192934911267
            ],
            [
              77.775515957629,
              22.532165441950813
            ],
            [
              77.77593112061354,
              22.53236178896607
            ],
            [
              77.77636352914041,
              22.53251649940534
            ],
            [
              77.7768090192667,
              22.53262808346118
            ],
            [
              77.77726330107822,
              22.532695466618147
            ],
            [
              77.777722,
              22.532718
            ],
            [
              77.782278,
              22.532718
            ],
            [
              77.78273669892178,
              22.532695466618147
            ],
            [
              77.78319098073331,
              22.53262808346118
            ],
            [
              77.78363647085959,
              22.53251649940534
            ],
            [
              77.78406887938647,
              22.53236178896607
            ],
            [
              77.784484042371,
              22.532165441950813
            ],
            [
              77.78455649695903,
              22.532122016818583
            ],
            [
              77.78462886327165,
              22.532165391517147
            ],
            [
              77.78504404153652,
              22.53236175621215
            ],
            [
              77.78547646771044,
              22.532516480771225
            ],
            [
              77.78592197729296,
              22.532628075112285
            ],
            [
              77.78637627978325,
              22.532695464520824
            ],
            [
              77.786835,
              22.532718
            ],
            [
              77.78729372021674,
              22.532695464520824
            ],
            [
              77.78774802270704,
              22.532628075112285
            ],
            [
              77.78819353228954,
              22.532516480771225
            ],
            [
              77.78862595846346,
              22.532361756212154
            ],
            [
              77.78904113672834,
              22.53216539151715
            ],
            [
              77.78943506869052,
              22.531929277785576
            ],
            [
              77.78980396056988,
              22.531655688921738
            ],
            [
              77.79014425973595,
              22.531347259735952
            ],
            [
              77.79045268892173,
              22.531006960569886
            ],
            [
              77.79072627778557,
              22.530638068690532
            ],
            [
              77.79096239151714,
              22.530244136728346
            ],
            [
              77.79115875621216,
              22.52982895846347
            ],
            [
              77.79131348077122,
              22.52939653228955
            ],
            [
              77.79142507511229,
              22.528951022707034
            ],
            [
              77.79149246452083,
              22.52849672021674
            ],
            [
              77.79151499999999,
              22.528038
            ],
            [
              77.79151499999999,
              22.525419519471917
            ],
            [
              77.79333051947191,
              22.523604
            ],
            [
              77.8031244805281,
              22.523604
            ],
            [
              77.80631074026404,
              22.52679025973595
            ],
            [
              77.80949700000001,
              22.529976519471923
            ],
            [
              77.80949700000001,
              22.544327480528082
            ],
            [
              77.80631074026404,
              22.547513740264048
            ],
            [
              77.80175374026405,
              22.55207074026405
            ],
            [
              77.79719674026404,
              22.556627740264048
            ],
            [
              77.79263974026404,
              22.561184740264043
            ],
            [
              77.78808274026404,
              22.565741740264052
            ],
            [
              77.78352574026404,
              22.570298740264043
            ],
            [
              77.77896874026405,
              22.57485574026405
            ],
            [
              77.77441237714783,
              22.579413103420116
            ],
            [
              77.7741040260252,
              22.57975338680227
            ],
            [
              77.77383050824191,
              22.580122251570472
            ],
            [
              77.77359445718832,
              22.580516146347144
            ],
            [
              77.77339814553042,
              22.580931278769345
            ],
            [
              77.77324346332895,
              22.581363652001105
            ],
            [
              77.77313189984218,
              22.581809103214383
            ],
            [
              77.7730645291875,
              22.582263343668195
            ],
            [
              77.773042,
              22.582722
            ],
            [
              77.773042,
              22.587278
            ],
            [
              77.77306453547916,
              22.587736720216743
            ],
            [
              77.7731319248877,
              22.588191022707036
            ],
            [
              77.77324351922877,
              22.588636532289552
            ],
            [
              77.77339824378784,
              22.58906895846347
            ],
            [
              77.77359460848285,
              22.58948413672835
            ],
            [
              77.77383072221443,
              22.589878068690535
            ],
            [
              77.77410431107826,
              22.590246960569885
            ],
            [
              77.77441274026404,
              22.590587259735955
            ],
            [
              77.77475303943011,
              22.590895688921737
            ],
            [
              77.77512193130947,
              22.59116927778558
            ],
            [
              77.77551586327165,
              22.591405391517153
            ],
            [
              77.77593104153652,
              22.591601756212153
            ],
            [
              77.77636346771044,
              22.591756480771227
            ],
            [
              77.77680897729296,
              22.591868075112288
            ],
            [
              77.77726327978326,
              22.591935464520827
            ],
            [
              77.777722,
              22.591958
            ],
            [
              77.77818072021674,
              22.591935464520827
            ],
            [
              77.77863502270704,
              22.591868075112288
            ],
            [
              77.77908053228956,
              22.591756480771227
            ],
            [
              77.77951295846347,
              22.591601756212153
            ],
            [
              77.77992813672834,
              22.591405391517153
            ],
            [
              77.78032206869052,
              22.59116927778558
            ],
            [
              77.78069096056988,
              22.590895688921737
            ],
            [
              77.78103125973595,
              22.590587259735955
            ],
            [
              77.78133968892173,
              22.590246960569885
            ],
            [
              77.78161327778557,
              22.589878068690535
            ],
            [
              77.78184939151714,
              22.58948413672835
            ],
            [
              77.78204575621216,
              22.58906895846347
            ],
            [
              77.78220048077122,
              22.588636532289552
            ],
            [
              77.78231207511229,
              22.588191022707036
            ],
            [
              77.78237946452083,
              22.587736720216743
            ],
            [
              77.78240199999999,
              22.587278
            ],
            [
              77.78240199999999,
              22.584660218646913
            ],
            [
              77.78558744129198,
              22.58147407817993
            ],
            [
              77.79014425973595,
              22.57691725973595
            ],
            [
              77.79470125973596,
              22.57236025973596
            ],
            [
              77.79925825973595,
              22.56780325973595
            ],
            [
              77.80381525973596,
              22.56324625973596
            ],
            [
              77.80837225973596,
              22.558689259735953
            ],
            [
              77.81292925973595,
              22.55413225973595
            ],
            [
              77.81748625973596,
              22.549575259735953
            ],
            [
              77.81779468892174,
              22.549234960569883
            ],
            [
              77.81806827778557,
              22.54886606869053
            ],
            [
              77.81830439151715,
              22.548472136728343
            ],
            [
              77.81850075621216,
              22.548056958463466
            ],
            [
              77.81865548077123,
              22.54762453228955
            ],
            [
              77.81876707511229,
              22.547179022707034
            ],
            [
              77.81883446452083,
              22.54672472021674
            ],
            [
              77.818857,
              22.546266
            ],
            [
              77.818857,
              22.528038
            ],
            [
              77.81883446452083,
              22.527579279783257
            ],
            [
              77.81876707511229,
              22.527124977292964
            ],
            [
              77.81865548077123,
              22.526679467710448
            ],
            [
              77.81850075621216,
              22.52624704153653
            ],
            [
              77.81830439151715,
              22.52583186327165
            ],
            [
              77.81806827778557,
              22.525437931309465
            ],
            [
              77.81779468892174,
              22.525069039430115
            ],
            [
              77.81748625973596,
              22.52472874026404
            ],
            [
              77.81292925973595,
              22.520171740264043
            ],
            [
              77.80837225973596,
              22.51561474026405
            ],
            [
              77.80803196056989,
              22.515306311078263
            ],
            [
              77.80766306869054,
              22.515032722214425
            ],
            [
              77.80726913672835,
              22.51479660848285
            ],
            [
              77.80685395846348,
              22.514600243787847
            ],
            [
              77.80642153228956,
              22.514445519228772
            ],
            [
              77.80597602270704,
              22.514333924887712
            ],
            [
              77.80552172021675,
              22.514266535479173
            ],
            [
              77.805063,
              22.514243999999998
            ],
            [
              77.791392,
              22.514243999999998
            ],
            [
              77.79093327978326,
              22.514266535479173
            ],
            [
              77.79047897729296,
              22.514333924887712
            ],
            [
              77.79003346771044,
              22.514445519228772
            ],
            [
              77.78960104153653,
              22.514600243787847
            ],
            [
              77.78918586327165,
              22.51479660848285
            ],
            [
              77.78879193130948,
              22.515032722214425
            ],
            [
              77.78842303943011,
              22.515306311078263
            ],
            [
              77.78808274026404,
              22.515614740264045
            ],
            [
              77.78438891228409,
              22.519308568243996
            ],
            [
              77.78406883984775,
              22.51915719465751
            ],
            [
              77.78363637871418,
              22.519002472645067
            ],
            [
              77.78319083382466,
              22.518890887320712
            ],
            [
              77.78273649661908,
              22.518823513462145
            ],
            [
              77.78227774322397,
              22.518801000007045
            ],
            [
              77.7818189923021,
              22.518823563802556
            ],
            [
              77.78136466249244,
              22.518890987516656
            ],
            [
              77.78091912985023,
              22.51900262173147
            ],
            [
              77.78048668569743,
              22.519157391198387
            ],
            [
              77.78007149528904,
              22.51935380519475
            ],
            [
              77.78000000320556,
              22.519396664898295
            ],
            [
              77.77992858962754,
              22.519353850594467
            ],
            [
              77.77951343291292,
              22.519157440341743
            ],
            [
              77.77908102372005,
              22.519002668332032
            ],
            [
              77.77863552638584,
              22.518891025104384
            ],
            [
              77.77818123129315,
              22.51882358584412
            ],
            [
              77.77772251355206,
              22.518801000028176
            ],
            [
              77.77726379086518,
              22.518823485170312
            ],
            [
              77.77680948098276,
              22.518890824726313
            ],
            [
              77.77636395915731,
              22.519002370179443
            ],
            [
              77.77593151600755,
              22.519157047286015
            ],
            [
              77.77551631619741,
              22.519353366420933
            ],
            [
              77.77512235832805,
              22.519589436923614
            ],
            [
              77.7747534364291,
              22.519862985306066
            ],
            [
              77.77441310342012,
              22.520171377147825
            ],
            [
              77.77410463689402,
              22.52051164246688
            ],
            [
              77.77383100755209,
              22.52088050432219
            ],
            [
              77.77359485059446,
              22.521274410372456
            ],
            [
              77.77339844034174,
              22.521689567087076
            ],
            [
              77.77324366833203,
              22.522121976279948
            ],
            [
              77.77313202510439,
              22.52256747361416
            ],
            [
              77.77306458584411,
              22.523021768706855
            ],
            [
              77.77304200002817,
              22.52348048644794
            ],
            [
              77.77306448517031,
              22.523939209134813
            ],
            [
              77.7731318247263,
              22.524393519017238
            ],
            [
              77.77324337017944,
              22.52483904084269
            ],
            [
              77.77339804728601,
              22.525271483992448
            ],
            [
              77.77359436642094,
              22.52568668380258
            ],
            [
              77.77363799863924,
              22.52575949787959
            ]
          ]
        ]
      }
    },
    {
      "type": "Feature",
      "properties": {
        "depth_band": "2.0 - 3.0",
        "min_depth": 2.0,
        "max_depth": 3.0,
        "max_depth_m": 8.7,
        "avg_depth_m": 4.3,
        "hazard_level": "Moderate",
        "zone": "reservoir",
        "timestep_min": 240
      },
      "geometry": {
        "type": "Polygon",
        "coordinates": [
          [
            [
              77.77632344815603,
              22.5257595
            ],
            [
              77.77588332063767,
              22.526199724122286
            ],
            [
              77.77571199937724,
              22.52638878882598
            ],
            [
              77.77556003372003,
              22.526593734856654
            ],
            [
              77.7754288870422,
              22.526812588655694
            ],
            [
              77.77531982224039,
              22.52704324273753
            ],
            [
              77.77523388957052,
              22.527283475984
            ],
            [
              77.77517191653415,
              22.527530975032935
            ],
            [
              77.77513449990997,
              22.52778335655503
            ],
            [
              77.77512200000696,
              22.52803819020447
            ],
            [
              77.77513453719483,
              22.528293022022304
            ],
            [
              77.77517199074484,
              22.528545398067227
            ],
            [
              77.77523399999241,
              22.52879288804617
            ],
            [
              77.77531996781016,
              22.52903310871716
            ],
            [
              77.77542906635806,
              22.529263746839135
            ],
            [
              77.77556024505523,
              22.529482581447613
            ],
            [
              77.7757122406967,
              22.529687505241828
            ],
            [
              77.77588358961758,
              22.52987654487729
            ],
            [
              77.77607264178766,
              22.530047879968404
            ],
            [
              77.77627757670065,
              22.53019986061815
            ],
            [
              77.77649642090499,
              22.530331023306008
            ],
            [
              77.77672706700751,
              22.53044010498115
            ],
            [
              77.77696729396689,
              22.530526055225188
            ],
            [
              77.7772147884815,
              22.53058804636732
            ],
            [
              77.77746716726568,
              22.530625481454525
            ],
            [
              77.777722,
              22.530638
            ],
            [
              77.782278,
              22.530638
            ],
            [
              77.78253283273432,
              22.530625481454525
            ],
            [
              77.7827852115185,
              22.53058804636732
            ],
            [
              77.78303270603311,
              22.530526055225188
            ],
            [
              77.78327293299249,
              22.53044010498115
            ],
            [
              77.78350357909501,
              22.530331023306008
            ],
            [
              77.78372242329935,
              22.53019986061815
            ],
            [
              77.78392735821234,
              22.530047879968404
            ],
            [
              77.78411641038242,
              22.52987654487729
            ],
            [
              77.7842877593033,
              22.529687505241828
            ],
            [
              77.78443975494477,
              22.529482581447613
            ],
            [
              77.78450079615897,
              22.529380751421126
            ],
            [
              77.78499652236891,
              22.52987647763108
            ],
            [
              77.78518557746118,
              22.53004782717874
            ],
            [
              77.78539051739415,
              22.530199820991985
            ],
            [
              77.78560936848424,
              22.530330995287304
            ],
            [
              77.78584002307585,
              22.530440086784527
            ],
            [
              77.78608025983914,
              22.530526044872904
            ],
            [
              77.78632776516275,
              22.530588041729047
            ],
            [
              77.78658015543515,
              22.530625480289345
            ],
            [
              77.786835,
              22.530638
            ],
            [
              77.78708984456485,
              22.530625480289345
            ],
            [
              77.78734223483724,
              22.530588041729047
            ],
            [
              77.78758974016085,
              22.530526044872904
            ],
            [
              77.78782997692414,
              22.530440086784527
            ],
            [
              77.78806063151575,
              22.530330995287304
            ],
            [
              77.78827948260584,
              22.530199820991985
            ],
            [
              77.78848442253882,
              22.53004782717874
            ],
            [
              77.78867347763108,
              22.529876477631085
            ],
            [
              77.78884482717874,
              22.529687422538824
            ],
            [
              77.78899682099198,
              22.52948248260585
            ],
            [
              77.7891279952873,
              22.529263631515747
            ],
            [
              77.78923708678452,
              22.52903297692415
            ],
            [
              77.7893230448729,
              22.52879274016086
            ],
            [
              77.78938504172905,
              22.528545234837242
            ],
            [
              77.78942248028935,
              22.528292844564856
            ],
            [
              77.789435,
              22.528038
            ],
            [
              77.789435,
              22.524557955262168
            ],
            [
              77.79246895526217,
              22.521524
            ],
            [
              77.80398604473784,
              22.521524
            ],
            [
              77.80778152236891,
              22.525319477631083
            ],
            [
              77.811577,
              22.529114955262166
            ],
            [
              77.811577,
              22.545189044737832
            ],
            [
              77.80778152236891,
              22.548984522368915
            ],
            [
              77.80322452236892,
              22.553541522368917
            ],
            [
              77.79866752236892,
              22.558098522368915
            ],
            [
              77.79411052236891,
              22.562655522368914
            ],
            [
              77.78955352236892,
              22.56721252236892
            ],
            [
              77.78499652236891,
              22.571769522368914
            ],
            [
              77.78043952236892,
              22.576326522368916
            ],
            [
              77.77588332063767,
              22.580883724122288
            ],
            [
              77.77571201445845,
              22.581072770445708
            ],
            [
              77.7755600601344,
              22.58127769531693
            ],
            [
              77.77542892066018,
              22.581496525748417
            ],
            [
              77.77531985862801,
              22.58172715487186
            ],
            [
              77.77523392407164,
              22.581967362222837
            ],
            [
              77.77517194435677,
              22.582214835119103
            ],
            [
              77.77513451621527,
              22.582467190926778
            ],
            [
              77.775122,
              22.582722
            ],
            [
              77.775122,
              22.587278
            ],
            [
              77.77513451971065,
              22.58753284456486
            ],
            [
              77.77517195827095,
              22.587785234837245
            ],
            [
              77.77523395512709,
              22.588032740160862
            ],
            [
              77.77531991321547,
              22.588272976924152
            ],
            [
              77.77542900471269,
              22.58850363151575
            ],
            [
              77.77556017900801,
              22.588722482605853
            ],
            [
              77.77571217282126,
              22.588927422538827
            ],
            [
              77.77588352236891,
              22.589116477631087
            ],
            [
              77.77607257746118,
              22.589287827178744
            ],
            [
              77.77627751739415,
              22.589439820991988
            ],
            [
              77.77649636848425,
              22.589570995287307
            ],
            [
              77.77672702307585,
              22.58968008678453
            ],
            [
              77.77696725983914,
              22.589766044872906
            ],
            [
              77.77721476516275,
              22.58982804172905
            ],
            [
              77.77746715543515,
              22.589865480289347
            ],
            [
              77.777722,
              22.589878000000002
            ],
            [
              77.77797684456485,
              22.589865480289347
            ],
            [
              77.77822923483724,
              22.58982804172905
            ],
            [
              77.77847674016085,
              22.589766044872906
            ],
            [
              77.77871697692414,
              22.58968008678453
            ],
            [
              77.77894763151575,
              22.589570995287307
            ],
            [
              77.77916648260585,
              22.589439820991988
            ],
            [
              77.77937142253882,
              22.589287827178744
            ],
            [
              77.77956047763108,
              22.589116477631087
            ],
            [
              77.77973182717874,
              22.588927422538827
            ],
            [
              77.77988382099198,
              22.588722482605853
            ],
            [
              77.7800149952873,
              22.58850363151575
            ],
            [
              77.78012408678453,
              22.588272976924152
            ],
            [
              77.7802100448729,
              22.588032740160862
            ],
            [
              77.78027204172905,
              22.587785234837245
            ],
            [
              77.78030948028935,
              22.58753284456486
            ],
            [
              77.780322,
              22.587278
            ],
            [
              77.780322,
              22.583798788137173
            ],
            [
              77.78411657853871,
              22.580003376723454
            ],
            [
              77.78867347763108,
              22.575446477631083
            ],
            [
              77.79323047763108,
              22.570889477631088
            ],
            [
              77.79778747763108,
              22.566332477631082
            ],
            [
              77.80234447763108,
              22.561775477631087
            ],
            [
              77.80690147763109,
              22.557218477631086
            ],
            [
              77.81145847763108,
              22.552661477631084
            ],
            [
              77.81601547763108,
              22.548104477631085
            ],
            [
              77.81618682717874,
              22.547915422538825
            ],
            [
              77.81633882099199,
              22.54771048260585
            ],
            [
              77.8164699952873,
              22.547491631515747
            ],
            [
              77.81657908678453,
              22.54726097692415
            ],
            [
              77.8166650448729,
              22.54702074016086
            ],
            [
              77.81672704172905,
              22.546773234837243
            ],
            [
              77.81676448028935,
              22.546520844564856
            ],
            [
              77.816777,
              22.546266
            ],
            [
              77.816777,
              22.528038
            ],
            [
              77.81676448028935,
              22.52778315543514
            ],
            [
              77.81672704172905,
              22.527530765162755
            ],
            [
              77.8166650448729,
              22.527283259839137
            ],
            [
              77.81657908678453,
              22.527043023075848
            ],
            [
              77.8164699952873,
              22.52681236848425
            ],
            [
              77.81633882099199,
              22.526593517394147
            ],
            [
              77.81618682717874,
              22.526388577461173
            ],
            [
              77.81601547763108,
              22.526199522368913
            ],
            [
              77.81145847763108,
              22.521642522368914
            ],
            [
              77.80690147763109,
              22.517085522368916
            ],
            [
              77.80671242253882,
              22.516914172821256
            ],
            [
              77.80650748260585,
              22.516762179008012
            ],
            [
              77.80628863151576,
              22.516631004712693
            ],
            [
              77.80605797692415,
              22.51652191321547
            ],
            [
              77.80581774016086,
              22.516435955127093
            ],
            [
              77.80557023483725,
              22.51637395827095
            ],
            [
              77.80531784456485,
              22.516336519710652
            ],
            [
              77.805063,
              22.516323999999997
            ],
            [
              77.791392,
              22.516323999999997
            ],
            [
              77.79113715543515,
              22.516336519710652
            ],
            [
              77.79088476516276,
              22.51637395827095
            ],
            [
              77.79063725983914,
              22.516435955127093
            ],
            [
              77.79039702307585,
              22.516521913215467
            ],
            [
              77.79016636848425,
              22.516631004712693
            ],
            [
              77.78994751739415,
              22.516762179008012
            ],
            [
              77.78974257746118,
              22.516914172821252
            ],
            [
              77.78955352236892,
              22.517085522368912
            ],
            [
              77.78499652236891,
              22.521642522368914
            ],
            [
              77.78482517282126,
              22.521831577461175
            ],
            [
              77.78467317900801,
              22.52203651739415
            ],
            [
              77.78461220374189,
              22.522138248479713
            ],
            [
              77.78411647763109,
              22.521642522368918
            ],
            [
              77.78392740875472,
              22.521471161509012
            ],
            [
              77.78372245295274,
              22.52131915919473
            ],
            [
              77.78350358433711,
              22.521187979495807
            ],
            [
              77.78327291102653,
              22.521078885920836
            ],
            [
              77.78303265484121,
              22.520992929247257
            ],
            [
              77.78278512990259,
              22.520930937400394
            ],
            [
              77.78253272034394,
              22.52089350747897
            ],
            [
              77.78227785734666,
              22.520881000003914
            ],
            [
              77.7820229957234,
              22.520893535445865
            ],
            [
              77.78177059027357,
              22.52093099306481
            ],
            [
              77.78152307213901,
              22.52099301207304
            ],
            [
              77.78128282538746,
              22.521078995110216
            ],
            [
              77.78105216404947,
              22.521188113997084
            ],
            [
              77.78083330982994,
              22.5213193177124
            ],
            [
              77.78062837070891,
              22.521471342516257
            ],
            [
              77.78043932063768,
              22.521642724122287
            ],
            [
              77.78,
              22.522082141186797
            ],
            [
              77.77956067936232,
              22.521642724122287
            ],
            [
              77.77937164307396,
              22.521471353830012
            ],
            [
              77.779166719821,
              22.52131933752894
            ],
            [
              77.7789478831264,
              22.52118813921915
            ],
            [
              77.77871724050718,
              22.52107902241208
            ],
            [
              77.7784770131778,
              22.52099303796224
            ],
            [
              77.7782295146588,
              22.520931013946882
            ],
            [
              77.77797712849619,
              22.520893547691177
            ],
            [
              77.7777222853067,
              22.520881000015653
            ],
            [
              77.77746743936954,
              22.520893491761285
            ],
            [
              77.77721504499043,
              22.52093090262573
            ],
            [
              77.77696753286517,
              22.520992872321912
            ],
            [
              77.77672728667086,
              22.521078804047786
            ],
            [
              77.77649662010967,
              22.521187870233852
            ],
            [
              77.77627775462669,
              22.52131902051312
            ],
            [
              77.77607279801616,
              22.521470991836704
            ],
            [
              77.77588372412228,
              22.52164232063768
            ],
            [
              77.77571235383,
              22.521831356926043
            ],
            [
              77.77556033752893,
              22.522036280178995
            ],
            [
              77.77542913921914,
              22.522255116873588
            ],
            [
              77.77532002241207,
              22.52248575949282
            ],
            [
              77.77523403796224,
              22.522725986822195
            ],
            [
              77.77517201394687,
              22.5229734853412
            ],
            [
              77.77513454769118,
              22.523225871503808
            ],
            [
              77.77512200001566,
              22.5234807146933
            ],
            [
              77.77513449176128,
              22.523735560630453
            ],
            [
              77.77517190262573,
              22.523987955009577
            ],
            [
              77.7752338723219,
              22.52423546713483
            ],
            [
              77.77531980404778,
              22.52447571332914
            ],
            [
              77.77542887023385,
              22.524706379890322
            ],
            [
              77.77556002051311,
              22.524925245373304
            ],
            [
              77.7757119918367,
              22.525130201983835
            ],
            [
              77.77588332063767,
              22.525319275877713
            ],
            [
              77.77632344815603,
              22.5257595
            ]
          ]
        ]
      }
    },
    {
      "type": "Feature",
      "properties": {
        "timestep_min": 240,
        "depth_band": "0.1 - 0.5",
        "min_depth": 0.1,
        "max_depth": 0.5,
        "max_depth_m": 2.7,
        "avg_depth_m": 1.5,
        "inundated_area_km2": 0.19,
        "hazard_level": "Moderate",
        "zone": "downstream",
        "wave_front_km": 73.2
      },
      "geometry": {
        "type": "Polygon",
        "coordinates": [
          [
            [
              77.78313922213225,
              22.578240466498713
            ],
            [
              77.60176536170282,
              22.453691082390392
            ],
            [
              77.60017828788591,
              22.453630106392353
            ],
            [
              77.77537331367822,
              22.590015394256955
            ],
            [
              77.78313922213225,
              22.578240466498713
            ]
          ]
        ]
      }
    },
    {
      "type": "Feature",
      "properties": {
        "timestep_min": 240,
        "depth_band": "0.5 - 1.0",
        "min_depth": 0.5,
        "max_depth": 1.0,
        "max_depth_m": 2.7,
        "avg_depth_m": 1.5,
        "inundated_area_km2": 0.14,
        "hazard_level": "Moderate",
        "zone": "downstream",
        "wave_front_km": 73.2
      },
      "geometry": {
        "type": "Polygon",
        "coordinates": [
          [
            [
              77.76642935945914,
              22.568196788170578
            ],
            [
              77.63039896413707,
              22.474784750089338
            ],
            [
              77.62920865877439,
              22.47473901809081
            ],
            [
              77.76060492811862,
              22.57702798398926
            ],
            [
              77.76642935945914,
              22.568196788170578
            ]
          ]
        ]
      }
    },
    {
      "type": "Feature",
      "properties": {
        "timestep_min": 240,
        "depth_band": "1.0 - 2.0",
        "min_depth": 1.0,
        "max_depth": 2.0,
        "max_depth_m": 2.7,
        "avg_depth_m": 1.5,
        "inundated_area_km2": 0.1,
        "hazard_level": "High",
        "zone": "downstream",
        "wave_front_km": 73.2
      },
      "geometry": {
        "type": "Polygon",
        "coordinates": [
          [
            [
              77.75306146932064,
              22.56016184550807
            ],
            [
              77.65330584608446,
              22.491659684248496
            ],
            [
              77.65243295548515,
              22.491626147449573
            ],
            [
              77.74879021967092,
              22.5666380557751
            ],
            [
              77.75306146932064,
              22.56016184550807
            ]
          ]
        ]
      }
    },
    {
      "type": "Feature",
      "properties": {
        "timestep_min": 240,
        "depth_band": "2.0 - 3.0",
        "min_depth": 2.0,
        "max_depth": 3.0,
        "max_depth_m": 2.7,
        "avg_depth_m": 1.5,
        "inundated_area_km2": 0.07,
        "hazard_level": "High",
        "zone": "downstream",
        "wave_front_km": 73.2
      },
      "geometry": {
        "type": "Polygon",
        "coordinates": [
          [
            [
              77.74169876270294,
              22.55333214424494
            ],
            [
              77.67277669573976,
              22.50600337828378
            ],
            [
              77.67217360768933,
              22.505980207404523
            ],
            [
              77.73874771749041,
              22.557806616793073
            ],
            [
              77.74169876270294,
              22.55333214424494
            ]
          ]
        ]
      }
    },
    {
      "type": "Feature",
      "properties": {
        "depth_band": "0.1 - 0.5",
        "min_depth": 0.1,
        "max_depth": 0.5,
        "max_depth_m": 8.7,
        "avg_depth_m": 4.3,
        "hazard_level": "Moderate",
        "zone": "reservoir",
        "timestep_min": 270
      },
      "geometry": {
        "type": "Polygon",
        "coordinates": [
          [
            [
              77.7675843694637,
              22.525759484552143
            ],
            [
              77.76752166613662,
              22.52600990013174
            ],
            [
              77.76737199963985,
              22.527019426220118
            ],
            [
              77.76732200002783,
              22.528038760817868
            ],
            [
              77.76737214877932,
              22.529058088089204
            ],
            [
              77.76752196297937,
              22.530067592268907
            ],
            [
              77.76776999996964,
              22.531057552184674
            ],
            [
              77.76811387124064,
              22.532018434868647
            ],
            [
              77.76855026543222,
              22.53294098735654
            ],
            [
              77.76907498022094,
              22.53381632579045
            ],
            [
              77.76968296278682,
              22.53463602096731
            ],
            [
              77.77036835847031,
              22.535392179509156
            ],
            [
              77.77112456715065,
              22.53607751987362
            ],
            [
              77.77194430680262,
              22.536685442472603
            ],
            [
              77.77281968362,
              22.537210093224033
            ],
            [
              77.77374226803008,
              22.537646419924606
            ],
            [
              77.77470317586759,
              22.53799022090076
            ],
            [
              77.77569315392599,
              22.53823818546929
            ],
            [
              77.77670266906273,
              22.538387925818107
            ],
            [
              77.777722,
              22.538438
            ],
            [
              77.782278,
              22.538438
            ],
            [
              77.78329733093727,
              22.538387925818107
            ],
            [
              77.78430684607402,
              22.53823818546929
            ],
            [
              77.78455649645015,
              22.538175654338144
            ],
            [
              77.78480606065102,
              22.53823816691619
            ],
            [
              77.78581562174057,
              22.53838792115739
            ],
            [
              77.786835,
              22.538438
            ],
            [
              77.78785437825942,
              22.53838792115739
            ],
            [
              77.78886393934896,
              22.538238166916194
            ],
            [
              77.78985396064344,
              22.537990179491615
            ],
            [
              77.79081490769659,
              22.537646347138118
            ],
            [
              77.79173752606299,
              22.537209981149225
            ],
            [
              77.7926129304234,
              22.536685283967948
            ],
            [
              77.7934326901553,
              22.536077308714972
            ],
            [
              77.79418891052434,
              22.53539191052434
            ],
            [
              77.79487430871497,
              22.5346356901553
            ],
            [
              77.79548228396794,
              22.533815930423405
            ],
            [
              77.79600698114922,
              22.53294052606299
            ],
            [
              77.79644334713811,
              22.5320179076966
            ],
            [
              77.79678717949162,
              22.531056960643447
            ],
            [
              77.79703516691619,
              22.530066939348966
            ],
            [
              77.7971453715582,
              22.529324
            ],
            [
              77.80075517895132,
              22.529324
            ],
            [
              77.80226608947565,
              22.53083491052433
            ],
            [
              77.803777,
              22.532345821048672
            ],
            [
              77.803777,
              22.54195817895131
            ],
            [
              77.80226608947565,
              22.543469089475657
            ],
            [
              77.79770908947566,
              22.548026089475666
            ],
            [
              77.79315208947565,
              22.552583089475657
            ],
            [
              77.78859508947566,
              22.557140089475656
            ],
            [
              77.78403808947566,
              22.561697089475665
            ],
            [
              77.77948108947567,
              22.566254089475656
            ],
            [
              77.77492408947566,
              22.570811089475665
            ],
            [
              77.77036728255072,
              22.57536889648915
            ],
            [
              77.76968205783379,
              22.57612508178283
            ],
            [
              77.7690742405376,
              22.57694478126772
            ],
            [
              77.76854968264072,
              22.577820102993655
            ],
            [
              77.76811343451205,
              22.57874261948744
            ],
            [
              77.76776969628656,
              22.579703448891348
            ],
            [
              77.76752177742706,
              22.580693340476408
            ],
            [
              77.7673720648611,
              22.581702763707106
            ],
            [
              77.767322,
              22.582722
            ],
            [
              77.767322,
              22.587278
            ],
            [
              77.76737207884261,
              22.58829737825943
            ],
            [
              77.7675218330838,
              22.58930693934897
            ],
            [
              77.76776982050838,
              22.590296960643446
            ],
            [
              77.76811365286189,
              22.591257907696598
            ],
            [
              77.76855001885077,
              22.592180526062993
            ],
            [
              77.76907471603205,
              22.593055930423404
            ],
            [
              77.76968269128503,
              22.593875690155304
            ],
            [
              77.77036808947565,
              22.594631910524342
            ],
            [
              77.7711243098447,
              22.595317308714975
            ],
            [
              77.77194406957659,
              22.595925283967947
            ],
            [
              77.772819473937,
              22.596449981149224
            ],
            [
              77.7737420923034,
              22.596886347138117
            ],
            [
              77.77470303935655,
              22.597230179491618
            ],
            [
              77.77569306065102,
              22.597478166916193
            ],
            [
              77.77670262174057,
              22.597627921157393
            ],
            [
              77.777722,
              22.597678000000002
            ],
            [
              77.77874137825943,
              22.597627921157393
            ],
            [
              77.77975093934897,
              22.597478166916193
            ],
            [
              77.78074096064344,
              22.597230179491618
            ],
            [
              77.7817019076966,
              22.596886347138117
            ],
            [
              77.78262452606299,
              22.596449981149224
            ],
            [
              77.7834999304234,
              22.595925283967947
            ],
            [
              77.7843196901553,
              22.595317308714975
            ],
            [
              77.78507591052434,
              22.594631910524342
            ],
            [
              77.78576130871497,
              22.593875690155304
            ],
            [
              77.78636928396794,
              22.593055930423404
            ],
            [
              77.78689398114922,
              22.592180526062993
            ],
            [
              77.78733034713811,
              22.591257907696598
            ],
            [
              77.78767417949162,
              22.590296960643446
            ],
            [
              77.78792216691619,
              22.58930693934897
            ],
            [
              77.78807192115738,
              22.58829737825943
            ],
            [
              77.788122,
              22.587278
            ],
            [
              77.788122,
              22.58702915254868
            ],
            [
              77.78963231400915,
              22.585518507039527
            ],
            [
              77.79418891052434,
              22.580961910524334
            ],
            [
              77.79874591052433,
              22.576404910524346
            ],
            [
              77.80330291052434,
              22.571847910524337
            ],
            [
              77.80785991052433,
              22.567290910524346
            ],
            [
              77.81241691052435,
              22.562733910524344
            ],
            [
              77.81697391052434,
              22.558176910524335
            ],
            [
              77.82153091052434,
              22.553619910524343
            ],
            [
              77.82221630871497,
              22.552863690155302
            ],
            [
              77.82282428396795,
              22.5520439304234
            ],
            [
              77.82334898114922,
              22.55116852606299
            ],
            [
              77.82378534713811,
              22.550245907696596
            ],
            [
              77.82412917949162,
              22.549284960643444
            ],
            [
              77.8243771669162,
              22.548294939348967
            ],
            [
              77.82452692115739,
              22.547285378259428
            ],
            [
              77.824577,
              22.546266
            ],
            [
              77.824577,
              22.528038
            ],
            [
              77.82452692115739,
              22.52701862174057
            ],
            [
              77.8243771669162,
              22.526009060651027
            ],
            [
              77.82412917949162,
              22.52501903935655
            ],
            [
              77.82378534713811,
              22.5240580923034
            ],
            [
              77.82334898114922,
              22.523135473937003
            ],
            [
              77.82282428396795,
              22.52226006957659
            ],
            [
              77.82221630871497,
              22.52144030984469
            ],
            [
              77.82153091052433,
              22.520684089475655
            ],
            [
              77.81697391052434,
              22.516127089475663
            ],
            [
              77.81241691052435,
              22.51157008947567
            ],
            [
              77.8116606901553,
              22.510884691285032
            ],
            [
              77.81084093042341,
              22.510276716032056
            ],
            [
              77.809965526063,
              22.50975201885078
            ],
            [
              77.80904290769661,
              22.509315652861883
            ],
            [
              77.80808196064345,
              22.508971820508386
            ],
            [
              77.80709193934898,
              22.508723833083806
            ],
            [
              77.80608237825943,
              22.508574078842607
            ],
            [
              77.805063,
              22.508523999999998
            ],
            [
              77.791392,
              22.508523999999998
            ],
            [
              77.79037262174057,
              22.508574078842607
            ],
            [
              77.78936306065103,
              22.508723833083806
            ],
            [
              77.78837303935656,
              22.508971820508382
            ],
            [
              77.7874120923034,
              22.509315652861883
            ],
            [
              77.78648947393701,
              22.509752018850776
            ],
            [
              77.7856140695766,
              22.510276716032052
            ],
            [
              77.7847943098447,
              22.510884691285025
            ],
            [
              77.78403808947566,
              22.511570089475654
            ],
            [
              77.78251549575977,
              22.513092683191537
            ],
            [
              77.78227742938661,
              22.513081000015653
            ],
            [
              77.78125798289356,
              22.513131141783457
            ],
            [
              77.78024836109428,
              22.513280972259235
            ],
            [
              77.78000002334704,
              22.51334319663248
            ],
            [
              77.7797520586352,
              22.513281055787523
            ],
            [
              77.77874251398477,
              22.51313119076471
            ],
            [
              77.7777231412268,
              22.513081000062616
            ],
            [
              77.77670375747819,
              22.513130967045136
            ],
            [
              77.77569417996169,
              22.513280610502914
            ],
            [
              77.77470413146068,
              22.51352848928765
            ],
            [
              77.77374314668344,
              22.513872216191142
            ],
            [
              77.77282048043871,
              22.51430848093541
            ],
            [
              77.77194501850678,
              22.514833082052476
            ],
            [
              77.77112519206466,
              22.515440967346812
            ],
            [
              77.77036889648915,
              22.516126282550726
            ],
            [
              77.76968341532005,
              22.516882427704175
            ],
            [
              77.76907535011576,
              22.517702120715978
            ],
            [
              77.76855055687659,
              22.518577467494342
            ],
            [
              77.76811408964832,
              22.51950003797128
            ],
            [
              77.76777015184895,
              22.520460947288772
            ],
            [
              77.76752205578752,
              22.5214509413648
            ],
            [
              77.7673721907647,
              22.522460486015227
            ],
            [
              77.7673220000626,
              22.5234798587732
            ],
            [
              77.76737196704514,
              22.52449924252181
            ],
            [
              77.76752161050291,
              22.525508820038304
            ],
            [
              77.7675843694637,
              22.525759484552143
            ]
          ]
        ]
      }
    },
    {
      "type": "Feature",
      "properties": {
        "depth_band": "0.5 - 1.0",
        "min_depth": 0.5,
        "max_depth": 1.0,
        "max_depth_m": 8.7,
        "avg_depth_m": 4.3,
        "hazard_level": "Moderate",
        "zone": "reservoir",
        "timestep_min": 270
      },
      "geometry": {
        "type": "Polygon",
        "coordinates": [
          [
            [
              77.77081461243957,
              22.525759493259073
            ],
            [
              77.77075529079745,
              22.525925332755197
            ],
            [
              77.77058176629563,
              22.52661833009222
            ],
            [
              77.7704769997479,
              22.527324998354082
            ],
            [
              77.77044200001947,
              22.52803853257251
            ],
            [
              77.77047710414551,
              22.528752061662445
            ],
            [
              77.77058197408556,
              22.529458714588234
            ],
            [
              77.77075559997876,
              22.530151686529273
            ],
            [
              77.77099630986845,
              22.530824304408053
            ],
            [
              77.77130178580256,
              22.53147009114958
            ],
            [
              77.77166908615466,
              22.532082828053316
            ],
            [
              77.77209467395078,
              22.532656614677116
            ],
            [
              77.77257445092921,
              22.533185925656408
            ],
            [
              77.77310379700545,
              22.53366566391153
            ],
            [
              77.77367761476184,
              22.53409120973082
            ],
            [
              77.77429037853399,
              22.534458465256822
            ],
            [
              77.77493618762105,
              22.534763893947225
            ],
            [
              77.7756088231073,
              22.535004554630532
            ],
            [
              77.77630180774818,
              22.535178129828502
            ],
            [
              77.77700846834391,
              22.535282948072673
            ],
            [
              77.777722,
              22.535318
            ],
            [
              77.782278,
              22.535318
            ],
            [
              77.7829915316561,
              22.535282948072673
            ],
            [
              77.78369819225182,
              22.535178129828502
            ],
            [
              77.7843911768927,
              22.535004554630532
            ],
            [
              77.78455649689715,
              22.534945405171353
            ],
            [
              77.78472172754958,
              22.535004525644126
            ],
            [
              77.78541474245571,
              22.535178116841333
            ],
            [
              77.78612143521839,
              22.535282944810174
            ],
            [
              77.786835,
              22.535318
            ],
            [
              77.78754856478159,
              22.535282944810174
            ],
            [
              77.78825525754426,
              22.535178116841333
            ],
            [
              77.78894827245041,
              22.53500452564413
            ],
            [
              77.78962093538762,
              22.534763842996682
            ],
            [
              77.79026676824408,
              22.534458386804456
            ],
            [
              77.79087955129637,
              22.534091098777562
            ],
            [
              77.7914533831087,
              22.53366551610048
            ],
            [
              77.79198273736704,
              22.533185737367038
            ],
            [
              77.79246251610047,
              22.532656383108712
            ],
            [
              77.79288809877755,
              22.532082551296384
            ],
            [
              77.79325538680445,
              22.531469768244094
            ],
            [
              77.79356084299668,
              22.530823935387616
            ],
            [
              77.79380152564413,
              22.53015127245041
            ],
            [
              77.79397511684134,
              22.529458257544277
            ],
            [
              77.79407994481016,
              22.528751564781597
            ],
            [
              77.79411499999999,
              22.528038
            ],
            [
              77.79411499999999,
              22.526496474734085
            ],
            [
              77.79440747473407,
              22.526204
            ],
            [
              77.80204752526593,
              22.526204
            ],
            [
              77.80447226263296,
              22.528628737367033
            ],
            [
              77.806897,
              22.53105347473409
            ],
            [
              77.806897,
              22.543250525265915
            ],
            [
              77.80447226263296,
              22.54567526263296
            ],
            [
              77.79991526263296,
              22.550232262632967
            ],
            [
              77.79535826263296,
              22.554789262632962
            ],
            [
              77.79080126263295,
              22.559346262632957
            ],
            [
              77.78624426263296,
              22.56390326263297
            ],
            [
              77.78168726263296,
              22.568460262632957
            ],
            [
              77.77713026263297,
              22.573017262632966
            ],
            [
              77.7725736977855,
              22.577574827542403
            ],
            [
              77.77209404048365,
              22.57810415724798
            ],
            [
              77.77166856837633,
              22.578677946887403
            ],
            [
              77.7713013778485,
              22.57929067209556
            ],
            [
              77.77099600415843,
              22.579936433641205
            ],
            [
              77.7707553874006,
              22.580609014223942
            ],
            [
              77.77058184419894,
              22.581301938333485
            ],
            [
              77.77047704540277,
              22.582008534594973
            ],
            [
              77.770442,
              22.582722
            ],
            [
              77.770442,
              22.587278
            ],
            [
              77.77047705518983,
              22.5879915647816
            ],
            [
              77.77058188315866,
              22.58869825754428
            ],
            [
              77.77075547435587,
              22.589391272450413
            ],
            [
              77.77099615700331,
              22.59006393538762
            ],
            [
              77.77130161319555,
              22.590709768244096
            ],
            [
              77.77166890122244,
              22.591322551296383
            ],
            [
              77.77209448389952,
              22.59189638310871
            ],
            [
              77.77257426263296,
              22.59242573736704
            ],
            [
              77.77310361689129,
              22.592905516100483
            ],
            [
              77.77367744870361,
              22.593331098777565
            ],
            [
              77.7742902317559,
              22.59369838680446
            ],
            [
              77.77493606461238,
              22.594003842996685
            ],
            [
              77.77560872754958,
              22.594244525644132
            ],
            [
              77.77630174245571,
              22.594418116841336
            ],
            [
              77.77700843521839,
              22.594522944810176
            ],
            [
              77.777722,
              22.594558000000003
            ],
            [
              77.7784355647816,
              22.594522944810176
            ],
            [
              77.77914225754428,
              22.594418116841336
            ],
            [
              77.77983527245041,
              22.594244525644132
            ],
            [
              77.78050793538762,
              22.594003842996685
            ],
            [
              77.7811537682441,
              22.59369838680446
            ],
            [
              77.78176655129639,
              22.593331098777565
            ],
            [
              77.7823403831087,
              22.592905516100483
            ],
            [
              77.78286973736704,
              22.59242573736704
            ],
            [
              77.78334951610047,
              22.59189638310871
            ],
            [
              77.78377509877755,
              22.591322551296383
            ],
            [
              77.78414238680445,
              22.590709768244096
            ],
            [
              77.78444784299668,
              22.59006393538762
            ],
            [
              77.78468852564413,
              22.589391272450413
            ],
            [
              77.78486211684134,
              22.58869825754428
            ],
            [
              77.78496694481017,
              22.5879915647816
            ],
            [
              77.78500199999999,
              22.587278
            ],
            [
              77.78500199999999,
              22.585737006784086
            ],
            [
              77.78742601983069,
              22.583312454903385
            ],
            [
              77.79198273736704,
              22.578755737367032
            ],
            [
              77.79653973736704,
              22.574198737367045
            ],
            [
              77.80109673736703,
              22.569641737367032
            ],
            [
              77.80565373736704,
              22.565084737367044
            ],
            [
              77.81021073736704,
              22.56052773736704
            ],
            [
              77.81476773736703,
              22.555970737367034
            ],
            [
              77.81932473736704,
              22.55141373736704
            ],
            [
              77.81980451610048,
              22.55088438310871
            ],
            [
              77.82023009877756,
              22.55031055129638
            ],
            [
              77.82059738680445,
              22.549697768244094
            ],
            [
              77.82090284299669,
              22.549051935387617
            ],
            [
              77.82114352564413,
              22.54837927245041
            ],
            [
              77.82131711684134,
              22.547686257544278
            ],
            [
              77.82142194481017,
              22.546979564781598
            ],
            [
              77.821457,
              22.546266
            ],
            [
              77.821457,
              22.528038
            ],
            [
              77.82142194481017,
              22.5273244352184
            ],
            [
              77.82131711684134,
              22.52661774245572
            ],
            [
              77.82114352564413,
              22.525924727549587
            ],
            [
              77.82090284299669,
              22.52525206461238
            ],
            [
              77.82059738680445,
              22.524606231755904
            ],
            [
              77.82023009877756,
              22.523993448703614
            ],
            [
              77.81980451610048,
              22.523419616891285
            ],
            [
              77.81932473736704,
              22.522890262632956
            ],
            [
              77.81476773736703,
              22.518333262632957
            ],
            [
              77.81021073736704,
              22.513776262632966
            ],
            [
              77.80968138310872,
              22.51329648389952
            ],
            [
              77.80910755129639,
              22.51287090122244
            ],
            [
              77.8084947682441,
              22.512503613195545
            ],
            [
              77.80784893538763,
              22.51219815700332
            ],
            [
              77.80717627245042,
              22.511957474355867
            ],
            [
              77.80648325754429,
              22.511783883158664
            ],
            [
              77.80577656478161,
              22.511679055189823
            ],
            [
              77.805063,
              22.511643999999997
            ],
            [
              77.791392,
              22.511643999999997
            ],
            [
              77.7906784352184,
              22.511679055189823
            ],
            [
              77.78997174245572,
              22.511783883158664
            ],
            [
              77.78927872754959,
              22.511957474355867
            ],
            [
              77.78860606461238,
              22.512198157003315
            ],
            [
              77.7879602317559,
              22.51250361319554
            ],
            [
              77.78734744870361,
              22.512870901222435
            ],
            [
              77.7867736168913,
              22.513296483899516
            ],
            [
              77.78624426263296,
              22.51377626263296
            ],
            [
              77.78368205905541,
              22.516338466210517
            ],
            [
              77.78299121696301,
              22.516236020941115
            ],
            [
              77.78227760057062,
              22.51620100001096
            ],
            [
              77.7815639880255,
              22.51623609924842
            ],
            [
              77.780857252766,
              22.516340980581464
            ],
            [
              77.78016420198924,
              22.51651463380451
            ],
            [
              77.78000001019541,
              22.516573397176007
            ],
            [
              77.77983603689786,
              22.51651470629427
            ],
            [
              77.77914304104463,
              22.516341039051266
            ],
            [
              77.77843635978934,
              22.516236133535298
            ],
            [
              77.77772279885876,
              22.516201000043832
            ],
            [
              77.77700923023473,
              22.516235976931593
            ],
            [
              77.77630252597318,
              22.51634072735204
            ],
            [
              77.77560949202248,
              22.516514242501355
            ],
            [
              77.77493680267841,
              22.5167548513338
            ],
            [
              77.7742909363071,
              22.517060236654785
            ],
            [
              77.77367811295476,
              22.517427457436735
            ],
            [
              77.77310423444527,
              22.51785297714277
            ],
            [
              77.7725748275424,
              22.518332697785507
            ],
            [
              77.77209499072403,
              22.51886199939292
            ],
            [
              77.77166934508102,
              22.519435784501184
            ],
            [
              77.77130198981361,
              22.52004852724604
            ],
            [
              77.77099646275383,
              22.520694326579896
            ],
            [
              77.77075570629427,
              22.52136696310214
            ],
            [
              77.77058203905126,
              22.52205995895536
            ],
            [
              77.7704771335353,
              22.52276664021066
            ],
            [
              77.77044200004383,
              22.52348020114124
            ],
            [
              77.77047697693159,
              22.524193769765265
            ],
            [
              77.77058172735204,
              22.524900474026815
            ],
            [
              77.77075524250135,
              22.52559350797752
            ],
            [
              77.77081461243957,
              22.525759493259073
            ]
          ]
        ]
      }
    },
    {
      "type": "Feature",
      "properties": {
        "depth_band": "1.0 - 2.0",
        "min_depth": 1.0,
        "max_depth": 2.0,
        "max_depth_m": 8.7,
        "avg_depth_m": 4.3,
        "hazard_level": "Moderate",
        "zone": "reservoir",
        "timestep_min": 270
      },
      "geometry": {
        "type": "Polygon",
        "coordinates": [
          [
            [
              77.77363799863924,
              22.52575949787959
            ],
            [
              77.77359439667595,
              22.525832259580245
            ],
            [
              77.7733980800327,
              22.526247436927548
            ],
            [
              77.77324340122694,
              22.526679856771196
            ],
            [
              77.77313184976148,
              22.52712535505928
            ],
            [
              77.77306449983793,
              22.52757964179905
            ],
            [
              77.77304200001252,
              22.52803834236804
            ],
            [
              77.7730645669507,
              22.52849703964014
            ],
            [
              77.77313198334072,
              22.528951316521006
            ],
            [
              77.77324359998634,
              22.529396798483102
            ],
            [
              77.77339834205829,
              22.52982919569089
            ],
            [
              77.7735947194445,
              22.530244344310443
            ],
            [
              77.77383084109943,
              22.5306382466057
            ],
            [
              77.77410443325407,
              22.531007109435286
            ],
            [
              77.77441286131165,
              22.53134738077912
            ],
            [
              77.7747531552178,
              22.531655783943126
            ],
            [
              77.77512203806117,
              22.53192934911267
            ],
            [
              77.775515957629,
              22.532165441950813
            ],
            [
              77.77593112061354,
              22.53236178896607
            ],
            [
              77.77636352914041,
              22.53251649940534
            ],
            [
              77.7768090192667,
              22.53262808346118
            ],
            [
              77.77726330107822,
              22.532695466618147
            ],
            [
              77.777722,
              22.532718
            ],
            [
              77.782278,
              22.532718
            ],
            [
              77.78273669892178,
              22.532695466618147
            ],
            [
              77.78319098073331,
              22.53262808346118
            ],
            [
              77.78363647085959,
              22.53251649940534
            ],
            [
              77.78406887938647,
              22.53236178896607
            ],
            [
              77.784484042371,
              22.532165441950813
            ],
            [
              77.78455649695903,
              22.532122016818583
            ],
            [
              77.78462886327165,
              22.532165391517147
            ],
            [
              77.78504404153652,
              22.53236175621215
            ],
            [
              77.78547646771044,
              22.532516480771225
            ],
            [
              77.78592197729296,
              22.532628075112285
            ],
            [
              77.78637627978325,
              22.532695464520824
            ],
            [
              77.786835,
              22.532718
            ],
            [
              77.78729372021674,
              22.532695464520824
            ],
            [
              77.78774802270704,
              22.532628075112285
            ],
            [
              77.78819353228954,
              22.532516480771225
            ],
            [
              77.78862595846346,
              22.532361756212154
            ],
            [
              77.78904113672834,
              22.53216539151715
            ],
            [
              77.78943506869052,
              22.531929277785576
            ],
            [
              77.78980396056988,
              22.531655688921738
            ],
            [
              77.79014425973595,
              22.531347259735952
            ],
            [
              77.79045268892173,
              22.531006960569886
            ],
            [
              77.79072627778557,
              22.530638068690532
            ],
            [
              77.79096239151714,
              22.530244136728346
            ],
            [
              77.79115875621216,
              22.52982895846347
            ],
            [
              77.79131348077122,
              22.52939653228955
            ],
            [
              77.79142507511229,
              22.528951022707034
            ],
            [
              77.79149246452083,
              22.52849672021674
            ],
            [
              77.79151499999999,
              22.528038
            ],
            [
              77.79151499999999,
              22.525419519471917
            ],
            [
              77.79333051947191,
              22.523604
            ],
            [
              77.8031244805281,
              22.523604
            ],
            [
              77.80631074026404,
              22.52679025973595
            ],
            [
              77.80949700000001,
              22.529976519471923
            ],
            [
              77.80949700000001,
              22.544327480528082
            ],
            [
              77.80631074026404,
              22.547513740264048
            ],
            [
              77.80175374026405,
              22.55207074026405
            ],
            [
              77.79719674026404,
              22.556627740264048
            ],
            [
              77.79263974026404,
              22.561184740264043
            ],
            [
              77.78808274026404,
              22.565741740264052
            ],
            [
              77.78352574026404,
              22.570298740264043
            ],
            [
              77.77896874026405,
              22.57485574026405
            ],
            [
              77.77441237714783,
              22.579413103420116
            ],
            [
              77.7741040260252,
              22.57975338680227
            ],
            [
              77.77383050824191,
              22.580122251570472
            ],
            [
              77.77359445718832,
              22.580516146347144
            ],
            [
              77.77339814553042,
              22.580931278769345
            ],
            [
              77.77324346332895,
              22.581363652001105
            ],
            [
              77.77313189984218,
              22.581809103214383
            ],
            [
              77.7730645291875,
              22.582263343668195
            ],
            [
              77.773042,
              22.582722
            ],
            [
              77.773042,
              22.587278
            ],
            [
              77.77306453547916,
              22.587736720216743
            ],
            [
              77.7731319248877,
              22.588191022707036
            ],
            [
              77.77324351922877,
              22.588636532289552
            ],
            [
              77.77339824378784,
              22.58906895846347
            ],
            [
              77.77359460848285,
              22.58948413672835
            ],
            [
              77.77383072221443,
              22.589878068690535
            ],
            [
              77.77410431107826,
              22.590246960569885
            ],
            [
              77.77441274026404,
              22.590587259735955
            ],
            [
              77.77475303943011,
              22.590895688921737
            ],
            [
              77.77512193130947,
              22.59116927778558
            ],
            [
              77.77551586327165,
              22.591405391517153
            ],
            [
              77.77593104153652,
              22.591601756212153
            ],
            [
              77.77636346771044,
              22.591756480771227
            ],
            [
              77.77680897729296,
              22.591868075112288
            ],
            [
              77.77726327978326,
              22.591935464520827
            ],
            [
              77.777722,
              22.591958
            ],
            [
              77.77818072021674,
              22.591935464520827
            ],
            [
              77.77863502270704,
              22.591868075112288
            ],
            [
              77.77908053228956,
              22.591756480771227
            ],
            [
              77.77951295846347,
              22.591601756212153
            ],
            [
              77.77992813672834,
              22.591405391517153
            ],
            [
              77.78032206869052,
              22.59116927778558
            ],
            [
              77.78069096056988,
              22.590895688921737
            ],
            [
              77.78103125973595,
              22.590587259735955
            ],
            [
              77.78133968892173,
              22.590246960569885
            ],
            [
              77.78161327778557,
              22.589878068690535
            ],
            [
              77.78184939151714,
              22.58948413672835
            ],
            [
              77.78204575621216,
              22.58906895846347
            ],
            [
              77.78220048077122,
              22.588636532289552
            ],
            [
              77.78231207511229,
              22.588191022707036
            ],
            [
              77.78237946452083,
              22.587736720216743
            ],
            [
              77.78240199999999,
              22.587278
            ],
            [
              77.78240199999999,
              22.584660218646913
            ],
            [
              77.78558744129198,
              22.58147407817993
            ],
            [
              77.79014425973595,
              22.57691725973595
            ],
            [
              77.79470125973596,
              22.57236025973596
            ],
            [
              77.79925825973595,
              22.56780325973595
            ],
            [
              77.80381525973596,
              22.56324625973596
            ],
            [
              77.80837225973596,
              22.558689259735953
            ],
            [
              77.81292925973595,
              22.55413225973595
            ],
            [
              77.81748625973596,
              22.549575259735953
            ],
            [
              77.81779468892174,
              22.549234960569883
            ],
            [
              77.81806827778557,
              22.54886606869053
            ],
            [
              77.81830439151715,
              22.548472136728343
            ],
            [
              77.81850075621216,
              22.548056958463466
            ],
            [
              77.81865548077123,
              22.54762453228955
            ],
            [
              77.81876707511229,
              22.547179022707034
            ],
            [
              77.81883446452083,
              22.54672472021674
            ],
            [
              77.818857,
              22.546266
            ],
            [
              77.818857,
              22.528038
            ],
            [
              77.81883446452083,
              22.527579279783257
            ],
            [
              77.81876707511229,
              22.527124977292964
            ],
            [
              77.81865548077123,
              22.526679467710448
            ],
            [
              77.81850075621216,
              22.52624704153653
            ],
            [
              77.81830439151715,
              22.52583186327165
            ],
            [
              77.81806827778557,
              22.525437931309465
            ],
            [
              77.81779468892174,
              22.525069039430115
            ],
            [
              77.81748625973596,
              22.52472874026404
            ],
            [
              77.81292925973595,
              22.520171740264043
            ],
            [
              77.80837225973596,
              22.51561474026405
            ],
            [
              77.80803196056989,
              22.515306311078263
            ],
            [
              77.80766306869054,
              22.515032722214425
            ],
            [
              77.80726913672835,
              22.51479660848285
            ],
            [
              77.80685395846348,
              22.514600243787847
            ],
            [
              77.80642153228956,
              22.514445519228772
            ],
            [
              77.80597602270704,
              22.514333924887712
            ],
            [
              77.80552172021675,
              22.514266535479173
            ],
            [
              77.805063,
              22.514243999999998
            ],
            [
              77.791392,
              22.514243999999998
            ],
            [
              77.79093327978326,
              22.514266535479173
            ],
            [
              77.79047897729296,
              22.514333924887712
            ],
            [
              77.79003346771044,
              22.514445519228772
            ],
            [
              77.78960104153653,
              22.514600243787847
            ],
            [
              77.78918586327165,
              22.51479660848285
            ],
            [
              77.78879193130948,
              22.515032722214425
            ],
            [
              77.78842303943011,
              22.515306311078263
            ],
            [
              77.78808274026404,
              22.515614740264045
            ],
            [
              77.78438891228409,
              22.519308568243996
            ],
            [
              77.78406883984775,
              22.51915719465751
            ],
            [
              77.78363637871418,
              22.519002472645067
            ],
            [
              77.78319083382466,
              22.518890887320712
            ],
            [
              77.78273649661908,
              22.518823513462145
            ],
            [
              77.78227774322397,
              22.518801000007045
            ],
            [
              77.7818189923021,
              22.518823563802556
            ],
            [
              77.78136466249244,
              22.518890987516656
            ],
            [
              77.78091912985023,
              22.51900262173147
            ],
            [
              77.78048668569743,
              22.519157391198387
            ],
            [
              77.78007149528904,
              22.51935380519475
            ],
            [
              77.78000000320556,
              22.519396664898295
            ],
            [
              77.77992858962754,
              22.519353850594467
            ],
            [
              77.77951343291292,
              22.519157440341743
            ],
            [
              77.77908102372005,
              22.519002668332032
            ],
            [
              77.77863552638584,
              22.518891025104384
            ],
            [
              77.77818123129315,
              22.51882358584412
            ],
            [
              77.77772251355206,
              22.518801000028176
            ],
            [
              77.77726379086518,
              22.518823485170312
            ],
            [
              77.77680948098276,
              22.518890824726313
            ],
            [
              77.77636395915731,
              22.519002370179443
            ],
            [
              77.77593151600755,
              22.519157047286015
            ],
            [
              77.77551631619741,
              22.519353366420933
            ],
            [
              77.77512235832805,
              22.519589436923614
            ],
            [
              77.7747534364291,
              22.519862985306066
            ],
            [
              77.77441310342012,
              22.520171377147825
            ],
            [
              77.77410463689402,
              22.52051164246688
            ],
            [
              77.77383100755209,
              22.52088050432219
            ],
            [
              77.77359485059446,
              22.521274410372456
            ],
            [
              77.77339844034174,
              22.521689567087076
            ],
            [
              77.77324366833203,
              22.522121976279948
            ],
            [
              77.77313202510439,
              22.52256747361416
            ],
            [
              77.77306458584411,
              22.523021768706855
            ],
            [
              77.77304200002817,
              22.52348048644794
            ],
            [
              77.77306448517031,
              22.523939209134813
            ],
            [
              77.7731318247263,
              22.524393519017238
            ],
            [
              77.77324337017944,
              22.52483904084269
            ],
            [
              77.77339804728601,
              22.525271483992448
            ],
            [
              77.77359436642094,
              22.52568668380258
            ],
            [
              77.77363799863924,
              22.52575949787959
            ]
          ]
        ]
      }
    },
    {
      "type": "Feature",
      "properties": {
        "depth_band": "2.0 - 3.0",
        "min_depth": 2.0,
        "max_depth": 3.0,
        "max_depth_m": 8.7,
        "avg_depth_m": 4.3,
        "hazard_level": "Moderate",
        "zone": "reservoir",
        "timestep_min": 270
      },
      "geometry": {
        "type": "Polygon",
        "coordinates": [
          [
            [
              77.77632344815603,
              22.5257595
            ],
            [
              77.77588332063767,
              22.526199724122286
            ],
            [
              77.77571199937724,
              22.52638878882598
            ],
            [
              77.77556003372003,
              22.526593734856654
            ],
            [
              77.7754288870422,
              22.526812588655694
            ],
            [
              77.77531982224039,
              22.52704324273753
            ],
            [
              77.77523388957052,
              22.527283475984
            ],
            [
              77.77517191653415,
              22.527530975032935
            ],
            [
              77.77513449990997,
              22.52778335655503
            ],
            [
              77.77512200000696,
              22.52803819020447
            ],
            [
              77.77513453719483,
              22.528293022022304
            ],
            [
              77.77517199074484,
              22.528545398067227
            ],
            [
              77.77523399999241,
              22.52879288804617
            ],
            [
              77.77531996781016,
              22.52903310871716
            ],
            [
              77.77542906635806,
              22.529263746839135
            ],
            [
              77.77556024505523,
              22.529482581447613
            ],
            [
              77.7757122406967,
              22.529687505241828
            ],
            [
              77.77588358961758,
              22.52987654487729
            ],
            [
              77.77607264178766,
              22.530047879968404
            ],
            [
              77.77627757670065,
              22.53019986061815
            ],
            [
              77.77649642090499,
              22.530331023306008
            ],
            [
              77.77672706700751,
              22.53044010498115
            ],
            [
              77.77696729396689,
              22.530526055225188
            ],
            [
              77.7772147884815,
              22.53058804636732
            ],
            [
              77.77746716726568,
              22.530625481454525
            ],
            [
              77.777722,
              22.530638
            ],
            [
              77.782278,
              22.530638
            ],
            [
              77.78253283273432,
              22.530625481454525
            ],
            [
              77.7827852115185,
              22.53058804636732
            ],
            [
              77.78303270603311,
              22.530526055225188
            ],
            [
              77.78327293299249,
              22.53044010498115
            ],
            [
              77.78350357909501,
              22.530331023306008
            ],
            [
              77.78372242329935,
              22.53019986061815
            ],
            [
              77.78392735821234,
              22.530047879968404
            ],
            [
              77.78411641038242,
              22.52987654487729
            ],
            [
              77.7842877593033,
              22.529687505241828
            ],
            [
              77.78443975494477,
              22.529482581447613
            ],
            [
              77.78450079615897,
              22.529380751421126
            ],
            [
              77.78499652236891,
              22.52987647763108
            ],
            [
              77.78518557746118,
              22.53004782717874
            ],
            [
              77.78539051739415,
              22.530199820991985
            ],
            [
              77.78560936848424,
              22.530330995287304
            ],
            [
              77.78584002307585,
              22.530440086784527
            ],
            [
              77.78608025983914,
              22.530526044872904
            ],
            [
              77.78632776516275,
              22.530588041729047
            ],
            [
              77.78658015543515,
              22.530625480289345
            ],
            [
              77.786835,
              22.530638
            ],
            [
              77.78708984456485,
              22.530625480289345
            ],
            [
              77.78734223483724,
              22.530588041729047
            ],
            [
              77.78758974016085,
              22.530526044872904
            ],
            [
              77.78782997692414,
              22.530440086784527
            ],
            [
              77.78806063151575,
              22.530330995287304
            ],
            [
              77.78827948260584,
              22.530199820991985
            ],
            [
              77.78848442253882,
              22.53004782717874
            ],
            [
              77.78867347763108,
              22.529876477631085
            ],
            [
              77.78884482717874,
              22.529687422538824
            ],
            [
              77.78899682099198,
              22.52948248260585
            ],
            [
              77.7891279952873,
              22.529263631515747
            ],
            [
              77.78923708678452,
              22.52903297692415
            ],
            [
              77.7893230448729,
              22.52879274016086
            ],
            [
              77.78938504172905,
              22.528545234837242
            ],
            [
              77.78942248028935,
              22.528292844564856
            ],
            [
              77.789435,
              22.528038
            ],
            [
              77.789435,
              22.524557955262168
            ],
            [
              77.79246895526217,
              22.521524
            ],
            [
              77.80398604473784,
              22.521524
            ],
            [
              77.80778152236891,
              22.525319477631083
            ],
            [
              77.811577,
              22.529114955262166
            ],
            [
              77.811577,
              22.545189044737832
            ],
            [
              77.80778152236891,
              22.548984522368915
            ],
            [
              77.80322452236892,
              22.553541522368917
            ],
            [
              77.79866752236892,
              22.558098522368915
            ],
            [
              77.79411052236891,
              22.562655522368914
            ],
            [
              77.78955352236892,
              22.56721252236892
            ],
            [
              77.78499652236891,
              22.571769522368914
            ],
            [
              77.78043952236892,
              22.576326522368916
            ],
            [
              77.77588332063767,
              22.580883724122288
            ],
            [
              77.77571201445845,
              22.581072770445708
            ],
            [
              77.7755600601344,
              22.58127769531693
            ],
            [
              77.77542892066018,
              22.581496525748417
            ],
            [
              77.77531985862801,
              22.58172715487186
            ],
            [
              77.77523392407164,
              22.581967362222837
            ],
            [
              77.77517194435677,
              22.582214835119103
            ],
            [
              77.77513451621527,
              22.582467190926778
            ],
            [
              77.775122,
              22.582722
            ],
            [
              77.775122,
              22.587278
            ],
            [
              77.77513451971065,
              22.58753284456486
            ],
            [
              77.77517195827095,
              22.587785234837245
            ],
            [
              77.77523395512709,
              22.588032740160862
            ],
            [
              77.77531991321547,
              22.588272976924152
            ],
            [
              77.77542900471269,
              22.58850363151575
            ],
            [
              77.77556017900801,
              22.588722482605853
            ],
            [
              77.77571217282126,
              22.588927422538827
            ],
            [
              77.77588352236891,
              22.589116477631087
            ],
            [
              77.77607257746118,
              22.589287827178744
            ],
            [
              77.77627751739415,
              22.589439820991988
            ],
            [
              77.77649636848425,
              22.589570995287307
            ],
            [
              77.77672702307585,
              22.58968008678453
            ],
            [
              77.77696725983914,
              22.589766044872906
            ],
            [
              77.77721476516275,
              22.58982804172905
            ],
            [
              77.77746715543515,
              22.589865480289347
            ],
            [
              77.777722,
              22.589878000000002
            ],
            [
              77.77797684456485,
              22.589865480289347
            ],
            [
              77.77822923483724,
              22.58982804172905
            ],
            [
              77.77847674016085,
              22.589766044872906
            ],
            [
              77.77871697692414,
              22.58968008678453
            ],
            [
              77.77894763151575,
              22.589570995287307
            ],
            [
              77.77916648260585,
              22.589439820991988
            ],
            [
              77.77937142253882,
              22.589287827178744
            ],
            [
              77.77956047763108,
              22.589116477631087
            ],
            [
              77.77973182717874,
              22.588927422538827
            ],
            [
              77.77988382099198,
              22.588722482605853
            ],
            [
              77.7800149952873,
              22.58850363151575
            ],
            [
              77.78012408678453,
              22.588272976924152
            ],
            [
              77.7802100448729,
              22.588032740160862
            ],
            [
              77.78027204172905,
              22.587785234837245
            ],
            [
              77.78030948028935,
              22.58753284456486
            ],
            [
              77.780322,
              22.587278
            ],
            [
              77.780322,
              22.583798788137173
            ],
            [
              77.78411657853871,
              22.580003376723454
            ],
            [
              77.78867347763108,
              22.575446477631083
            ],
            [
              77.79323047763108,
              22.570889477631088
            ],
            [
              77.79778747763108,
              22.566332477631082
            ],
            [
              77.80234447763108,
              22.561775477631087
            ],
            [
              77.80690147763109,
              22.557218477631086
            ],
            [
              77.81145847763108,
              22.552661477631084
            ],
            [
              77.81601547763108,
              22.548104477631085
            ],
            [
              77.81618682717874,
              22.547915422538825
            ],
            [
              77.81633882099199,
              22.54771048260585
            ],
            [
              77.8164699952873,
              22.547491631515747
            ],
            [
              77.81657908678453,
              22.54726097692415
            ],
            [
              77.8166650448729,
              22.54702074016086
            ],
            [
              77.81672704172905,
              22.546773234837243
            ],
            [
              77.81676448028935,
              22.546520844564856
            ],
            [
              77.816777,
              22.546266
            ],
            [
              77.816777,
              22.528038
            ],
            [
              77.81676448028935,
              22.52778315543514
            ],
            [
              77.81672704172905,
              22.527530765162755
            ],
            [
              77.8166650448729,
              22.527283259839137
            ],
            [
              77.81657908678453,
              22.527043023075848
            ],
            [
              77.8164699952873,
              22.52681236848425
            ],
            [
              77.81633882099199,
              22.526593517394147
            ],
            [
              77.81618682717874,
              22.526388577461173
            ],
            [
              77.81601547763108,
              22.526199522368913
            ],
            [
              77.81145847763108,
              22.521642522368914
            ],
            [
              77.80690147763109,
              22.517085522368916
            ],
            [
              77.80671242253882,
              22.516914172821256
            ],
            [
              77.80650748260585,
              22.516762179008012
            ],
            [
              77.80628863151576,
              22.516631004712693
            ],
            [
              77.80605797692415,
              22.51652191321547
            ],
            [
              77.80581774016086,
              22.516435955127093
            ],
            [
              77.80557023483725,
              22.51637395827095
            ],
            [
              77.80531784456485,
              22.516336519710652
            ],
            [
              77.805063,
              22.516323999999997
            ],
            [
              77.791392,
              22.516323999999997
            ],
            [
              77.79113715543515,
              22.516336519710652
            ],
            [
              77.79088476516276,
              22.51637395827095
            ],
            [
              77.79063725983914,
              22.516435955127093
            ],
            [
              77.79039702307585,
              22.516521913215467
            ],
            [
              77.79016636848425,
              22.516631004712693
            ],
            [
              77.78994751739415,
              22.516762179008012
            ],
            [
              77.78974257746118,
              22.516914172821252
            ],
            [
              77.78955352236892,
              22.517085522368912
            ],
            [
              77.78499652236891,
              22.521642522368914
            ],
            [
              77.78482517282126,
              22.521831577461175
            ],
            [
              77.78467317900801,
              22.52203651739415
            ],
            [
              77.78461220374189,
              22.522138248479713
            ],
            [
              77.78411647763109,
              22.521642522368918
            ],
            [
              77.78392740875472,
              22.521471161509012
            ],
            [
              77.78372245295274,
              22.52131915919473
            ],
            [
              77.78350358433711,
              22.521187979495807
            ],
            [
              77.78327291102653,
              22.521078885920836
            ],
            [
              77.78303265484121,
              22.520992929247257
            ],
            [
              77.78278512990259,
              22.520930937400394
            ],
            [
              77.78253272034394,
              22.52089350747897
            ],
            [
              77.78227785734666,
              22.520881000003914
            ],
            [
              77.7820229957234,
              22.520893535445865
            ],
            [
              77.78177059027357,
              22.52093099306481
            ],
            [
              77.78152307213901,
              22.52099301207304
            ],
            [
              77.78128282538746,
              22.521078995110216
            ],
            [
              77.78105216404947,
              22.521188113997084
            ],
            [
              77.78083330982994,
              22.5213193177124
            ],
            [
              77.78062837070891,
              22.521471342516257
            ],
            [
              77.78043932063768,
              22.521642724122287
            ],
            [
              77.78,
              22.522082141186797
            ],
            [
              77.77956067936232,
              22.521642724122287
            ],
            [
              77.77937164307396,
              22.521471353830012
            ],
            [
              77.779166719821,
              22.52131933752894
            ],
            [
              77.7789478831264,
              22.52118813921915
            ],
            [
              77.77871724050718,
              22.52107902241208
            ],
            [
              77.7784770131778,
              22.52099303796224
            ],
            [
              77.7782295146588,
              22.520931013946882
            ],
            [
              77.77797712849619,
              22.520893547691177
            ],
            [
              77.7777222853067,
              22.520881000015653
            ],
            [
              77.77746743936954,
              22.520893491761285
            ],
            [
              77.77721504499043,
              22.52093090262573
            ],
            [
              77.77696753286517,
              22.520992872321912
            ],
            [
              77.77672728667086,
              22.521078804047786
            ],
            [
              77.77649662010967,
              22.521187870233852
            ],
            [
              77.77627775462669,
              22.52131902051312
            ],
            [
              77.77607279801616,
              22.521470991836704
            ],
            [
              77.77588372412228,
              22.52164232063768
            ],
            [
              77.77571235383,
              22.521831356926043
            ],
            [
              77.77556033752893,
              22.522036280178995
            ],
            [
              77.77542913921914,
              22.522255116873588
            ],
            [
              77.77532002241207,
              22.52248575949282
            ],
            [
              77.77523403796224,
              22.522725986822195
            ],
            [
              77.77517201394687,
              22.5229734853412
            ],
            [
              77.77513454769118,
              22.523225871503808
            ],
            [
              77.77512200001566,
              22.5234807146933
            ],
            [
              77.77513449176128,
              22.523735560630453
            ],
            [
              77.77517190262573,
              22.523987955009577
            ],
            [
              77.7752338723219,
              22.52423546713483
            ],
            [
              77.77531980404778,
              22.52447571332914
            ],
            [
              77.77542887023385,
              22.524706379890322
            ],
            [
              77.77556002051311,
              22.524925245373304
            ],
            [
              77.7757119918367,
              22.525130201983835
            ],
            [
              77.77588332063767,
              22.525319275877713
            ],
            [
              77.77632344815603,
              22.5257595
            ]
          ]
        ]
      }
    },
    {
      "type": "Feature",
      "properties": {
        "timestep_min": 270,
        "depth_band": "0.1 - 0.5",
        "min_depth": 0.1,
        "max_depth": 0.5,
        "max_depth_m": 2.2,
        "avg_depth_m": 1.2,
        "inundated_area_km2": 0.19,
        "hazard_level": "Moderate",
        "zone": "downstream",
        "wave_front_km": 80.4
      },
      "geometry": {
        "type": "Polygon",
        "coordinates": [
          [
            [
              77.78313922213225,
              22.578240466498713
            ],
            [
              77.60176536170282,
              22.453691082390392
            ],
            [
              77.60017828788591,
              22.453630106392353
            ],
            [
              77.77537331367822,
              22.590015394256955
            ],
            [
              77.78313922213225,
              22.578240466498713
            ]
          ]
        ]
      }
    },
    {
      "type": "Feature",
      "properties": {
        "timestep_min": 270,
        "depth_band": "0.5 - 1.0",
        "min_depth": 0.5,
        "max_depth": 1.0,
        "max_depth_m": 2.2,
        "avg_depth_m": 1.2,
        "inundated_area_km2": 0.14,
        "hazard_level": "Moderate",
        "zone": "downstream",
        "wave_front_km": 80.4
      },
      "geometry": {
        "type": "Polygon",
        "coordinates": [
          [
            [
              77.76642935945914,
              22.568196788170578
            ],
            [
              77.63039896413707,
              22.474784750089338
            ],
            [
              77.62920865877439,
              22.47473901809081
            ],
            [
              77.76060492811862,
              22.57702798398926
            ],
            [
              77.76642935945914,
              22.568196788170578
            ]
          ]
        ]
      }
    },
    {
      "type": "Feature",
      "properties": {
        "timestep_min": 270,
        "depth_band": "1.0 - 2.0",
        "min_depth": 1.0,
        "max_depth": 2.0,
        "max_depth_m": 2.2,
        "avg_depth_m": 1.2,
        "inundated_area_km2": 0.1,
        "hazard_level": "High",
        "zone": "downstream",
        "wave_front_km": 80.4
      },
      "geometry": {
        "type": "Polygon",
        "coordinates": [
          [
            [
              77.75306146932064,
              22.56016184550807
            ],
            [
              77.65330584608446,
              22.491659684248496
            ],
            [
              77.65243295548515,
              22.491626147449573
            ],
            [
              77.74879021967092,
              22.5666380557751
            ],
            [
              77.75306146932064,
              22.56016184550807
            ]
          ]
        ]
      }
    },
    {
      "type": "Feature",
      "properties": {
        "timestep_min": 270,
        "depth_band": "2.0 - 3.0",
        "min_depth": 2.0,
        "max_depth": 3.0,
        "max_depth_m": 2.2,
        "avg_depth_m": 1.2,
        "inundated_area_km2": 0.07,
        "hazard_level": "High",
        "zone": "downstream",
        "wave_front_km": 80.4
      },
      "geometry": {
        "type": "Polygon",
        "coordinates": [
          [
            [
              77.74169876270294,
              22.55333214424494
            ],
            [
              77.67277669573976,
              22.50600337828378
            ],
            [
              77.67217360768933,
              22.505980207404523
            ],
            [
              77.73874771749041,
              22.557806616793073
            ],
            [
              77.74169876270294,
              22.55333214424494
            ]
          ]
        ]
      }
    },
    {
      "type": "Feature",
      "properties": {
        "depth_band": "0.1 - 0.5",
        "min_depth": 0.1,
        "max_depth": 0.5,
        "max_depth_m": 8.7,
        "avg_depth_m": 4.3,
        "hazard_level": "Moderate",
        "zone": "reservoir",
        "timestep_min": 300
      },
      "geometry": {
        "type": "Polygon",
        "coordinates": [
          [
            [
              77.7675843694637,
              22.525759484552143
            ],
            [
              77.76752166613662,
              22.52600990013174
            ],
            [
              77.76737199963985,
              22.527019426220118
            ],
            [
              77.76732200002783,
              22.528038760817868
            ],
            [
              77.76737214877932,
              22.529058088089204
            ],
            [
              77.76752196297937,
              22.530067592268907
            ],
            [
              77.76776999996964,
              22.531057552184674
            ],
            [
              77.76811387124064,
              22.532018434868647
            ],
            [
              77.76855026543222,
              22.53294098735654
            ],
            [
              77.76907498022094,
              22.53381632579045
            ],
            [
              77.76968296278682,
              22.53463602096731
            ],
            [
              77.77036835847031,
              22.535392179509156
            ],
            [
              77.77112456715065,
              22.53607751987362
            ],
            [
              77.77194430680262,
              22.536685442472603
            ],
            [
              77.77281968362,
              22.537210093224033
            ],
            [
              77.77374226803008,
              22.537646419924606
            ],
            [
              77.77470317586759,
              22.53799022090076
            ],
            [
              77.77569315392599,
              22.53823818546929
            ],
            [
              77.77670266906273,
              22.538387925818107
            ],
            [
              77.777722,
              22.538438
            ],
            [
              77.782278,
              22.538438
            ],
            [
              77.78329733093727,
              22.538387925818107
            ],
            [
              77.78430684607402,
              22.53823818546929
            ],
            [
              77.78455649645015,
              22.538175654338144
            ],
            [
              77.78480606065102,
              22.53823816691619
            ],
            [
              77.78581562174057,
              22.53838792115739
            ],
            [
              77.786835,
              22.538438
            ],
            [
              77.78785437825942,
              22.53838792115739
            ],
            [
              77.78886393934896,
              22.538238166916194
            ],
            [
              77.78985396064344,
              22.537990179491615
            ],
            [
              77.79081490769659,
              22.537646347138118
            ],
            [
              77.79173752606299,
              22.537209981149225
            ],
            [
              77.7926129304234,
              22.536685283967948
            ],
            [
              77.7934326901553,
              22.536077308714972
            ],
            [
              77.79418891052434,
              22.53539191052434
            ],
            [
              77.79487430871497,
              22.5346356901553
            ],
            [
              77.79548228396794,
              22.533815930423405
            ],
            [
              77.79600698114922,
              22.53294052606299
            ],
            [
              77.79644334713811,
              22.5320179076966
            ],
            [
              77.79678717949162,
              22.531056960643447
            ],
            [
              77.79703516691619,
              22.530066939348966
            ],
            [
              77.7971453715582,
              22.529324
            ],
            [
              77.80075517895132,
              22.529324
            ],
            [
              77.80226608947565,
              22.53083491052433
            ],
            [
              77.803777,
              22.532345821048672
            ],
            [
              77.803777,
              22.54195817895131
            ],
            [
              77.80226608947565,
              22.543469089475657
            ],
            [
              77.79770908947566,
              22.548026089475666
            ],
            [
              77.79315208947565,
              22.552583089475657
            ],
            [
              77.78859508947566,
              22.557140089475656
            ],
            [
              77.78403808947566,
              22.561697089475665
            ],
            [
              77.77948108947567,
              22.566254089475656
            ],
            [
              77.77492408947566,
              22.570811089475665
            ],
            [
              77.77036728255072,
              22.57536889648915
            ],
            [
              77.76968205783379,
              22.57612508178283
            ],
            [
              77.7690742405376,
              22.57694478126772
            ],
            [
              77.76854968264072,
              22.577820102993655
            ],
            [
              77.76811343451205,
              22.57874261948744
            ],
            [
              77.76776969628656,
              22.579703448891348
            ],
            [
              77.76752177742706,
              22.580693340476408
            ],
            [
              77.7673720648611,
              22.581702763707106
            ],
            [
              77.767322,
              22.582722
            ],
            [
              77.767322,
              22.587278
            ],
            [
              77.76737207884261,
              22.58829737825943
            ],
            [
              77.7675218330838,
              22.58930693934897
            ],
            [
              77.76776982050838,
              22.590296960643446
            ],
            [
              77.76811365286189,
              22.591257907696598
            ],
            [
              77.76855001885077,
              22.592180526062993
            ],
            [
              77.76907471603205,
              22.593055930423404
            ],
            [
              77.76968269128503,
              22.593875690155304
            ],
            [
              77.77036808947565,
              22.594631910524342
            ],
            [
              77.7711243098447,
              22.595317308714975
            ],
            [
              77.77194406957659,
              22.595925283967947
            ],
            [
              77.772819473937,
              22.596449981149224
            ],
            [
              77.7737420923034,
              22.596886347138117
            ],
            [
              77.77470303935655,
              22.597230179491618
            ],
            [
              77.77569306065102,
              22.597478166916193
            ],
            [
              77.77670262174057,
              22.597627921157393
            ],
            [
              77.777722,
              22.597678000000002
            ],
            [
              77.77874137825943,
              22.597627921157393
            ],
            [
              77.77975093934897,
              22.597478166916193
            ],
            [
              77.78074096064344,
              22.597230179491618
            ],
            [
              77.7817019076966,
              22.596886347138117
            ],
            [
              77.78262452606299,
              22.596449981149224
            ],
            [
              77.7834999304234,
              22.595925283967947
            ],
            [
              77.7843196901553,
              22.595317308714975
            ],
            [
              77.78507591052434,
              22.594631910524342
            ],
            [
              77.78576130871497,
              22.593875690155304
            ],
            [
              77.78636928396794,
              22.593055930423404
            ],
            [
              77.78689398114922,
              22.592180526062993
            ],
            [
              77.78733034713811,
              22.591257907696598
            ],
            [
              77.78767417949162,
              22.590296960643446
            ],
            [
              77.78792216691619,
              22.58930693934897
            ],
            [
              77.78807192115738,
              22.58829737825943
            ],
            [
              77.788122,
              22.587278
            ],
            [
              77.788122,
              22.58702915254868
            ],
            [
              77.78963231400915,
              22.585518507039527
            ],
            [
              77.79418891052434,
              22.580961910524334
            ],
            [
              77.79874591052433,
              22.576404910524346
            ],
            [
              77.80330291052434,
              22.571847910524337
            ],
            [
              77.80785991052433,
              22.567290910524346
            ],
            [
              77.81241691052435,
              22.562733910524344
            ],
            [
              77.81697391052434,
              22.558176910524335
            ],
            [
              77.82153091052434,
              22.553619910524343
            ],
            [
              77.82221630871497,
              22.552863690155302
            ],
            [
              77.82282428396795,
              22.5520439304234
            ],
            [
              77.82334898114922,
              22.55116852606299
            ],
            [
              77.82378534713811,
              22.550245907696596
            ],
            [
              77.82412917949162,
              22.549284960643444
            ],
            [
              77.8243771669162,
              22.548294939348967
            ],
            [
              77.82452692115739,
              22.547285378259428
            ],
            [
              77.824577,
              22.546266
            ],
            [
              77.824577,
              22.528038
            ],
            [
              77.82452692115739,
              22.52701862174057
            ],
            [
              77.8243771669162,
              22.526009060651027
            ],
            [
              77.82412917949162,
              22.52501903935655
            ],
            [
              77.82378534713811,
              22.5240580923034
            ],
            [
              77.82334898114922,
              22.523135473937003
            ],
            [
              77.82282428396795,
              22.52226006957659
            ],
            [
              77.82221630871497,
              22.52144030984469
            ],
            [
              77.82153091052433,
              22.520684089475655
            ],
            [
              77.81697391052434,
              22.516127089475663
            ],
            [
              77.81241691052435,
              22.51157008947567
            ],
            [
              77.8116606901553,
              22.510884691285032
            ],
            [
              77.81084093042341,
              22.510276716032056
            ],
            [
              77.809965526063,
              22.50975201885078
            ],
            [
              77.80904290769661,
              22.509315652861883
            ],
            [
              77.80808196064345,
              22.508971820508386
            ],
            [
              77.80709193934898,
              22.508723833083806
            ],
            [
              77.80608237825943,
              22.508574078842607
            ],
            [
              77.805063,
              22.508523999999998
            ],
            [
              77.791392,
              22.508523999999998
            ],
            [
              77.79037262174057,
              22.508574078842607
            ],
            [
              77.78936306065103,
              22.508723833083806
            ],
            [
              77.78837303935656,
              22.508971820508382
            ],
            [
              77.7874120923034,
              22.509315652861883
            ],
            [
              77.78648947393701,
              22.509752018850776
            ],
            [
              77.7856140695766,
              22.510276716032052
            ],
            [
              77.7847943098447,
              22.510884691285025
            ],
            [
              77.78403808947566,
              22.511570089475654
            ],
            [
              77.78251549575977,
              22.513092683191537
            ],
            [
              77.78227742938661,
              22.513081000015653
            ],
            [
              77.78125798289356,
              22.513131141783457
            ],
            [
              77.78024836109428,
              22.513280972259235
            ],
            [
              77.78000002334704,
              22.51334319663248
            ],
            [
              77.7797520586352,
              22.513281055787523
            ],
            [
              77.77874251398477,
              22.51313119076471
            ],
            [
              77.7777231412268,
              22.513081000062616
            ],
            [
              77.77670375747819,
              22.513130967045136
            ],
            [
              77.77569417996169,
              22.513280610502914
            ],
            [
              77.77470413146068,
              22.51352848928765
            ],
            [
              77.77374314668344,
              22.513872216191142
            ],
            [
              77.77282048043871,
              22.51430848093541
            ],
            [
              77.77194501850678,
              22.514833082052476
            ],
            [
              77.77112519206466,
              22.515440967346812
            ],
            [
              77.77036889648915,
              22.516126282550726
            ],
            [
              77.76968341532005,
              22.516882427704175
            ],
            [
              77.76907535011576,
              22.517702120715978
            ],
            [
              77.76855055687659,
              22.518577467494342
            ],
            [
              77.76811408964832,
              22.51950003797128
            ],
            [
              77.76777015184895,
              22.520460947288772
            ],
            [
              77.76752205578752,
              22.5214509413648
            ],
            [
              77.7673721907647,
              22.522460486015227
            ],
            [
              77.7673220000626,
              22.5234798587732
            ],
            [
              77.76737196704514,
              22.52449924252181
            ],
            [
              77.76752161050291,
              22.525508820038304
            ],
            [
              77.7675843694637,
              22.525759484552143
            ]
          ]
        ]
      }
    },
    {
      "type": "Feature",
      "properties": {
        "depth_band": "0.5 - 1.0",
        "min_depth": 0.5,
        "max_depth": 1.0,
        "max_depth_m": 8.7,
        "avg_depth_m": 4.3,
        "hazard_level": "Moderate",
        "zone": "reservoir",
        "timestep_min": 300
      },
      "geometry": {
        "type": "Polygon",
        "coordinates": [
          [
            [
              77.77081461243957,
              22.525759493259073
            ],
            [
              77.77075529079745,
              22.525925332755197
            ],
            [
              77.77058176629563,
              22.52661833009222
            ],
            [
              77.7704769997479,
              22.527324998354082
            ],
            [
              77.77044200001947,
              22.52803853257251
            ],
            [
              77.77047710414551,
              22.528752061662445
            ],
            [
              77.77058197408556,
              22.529458714588234
            ],
            [
              77.77075559997876,
              22.530151686529273
            ],
            [
              77.77099630986845,
              22.530824304408053
            ],
            [
              77.77130178580256,
              22.53147009114958
            ],
            [
              77.77166908615466,
              22.532082828053316
            ],
            [
              77.77209467395078,
              22.532656614677116
            ],
            [
              77.77257445092921,
              22.533185925656408
            ],
            [
              77.77310379700545,
              22.53366566391153
            ],
            [
              77.77367761476184,
              22.53409120973082
            ],
            [
              77.77429037853399,
              22.534458465256822
            ],
            [
              77.77493618762105,
              22.534763893947225
            ],
            [
              77.7756088231073,
              22.535004554630532
            ],
            [
              77.77630180774818,
              22.535178129828502
            ],
            [
              77.77700846834391,
              22.535282948072673
            ],
            [
              77.777722,
              22.535318
            ],
            [
              77.782278,
              22.535318
            ],
            [
              77.7829915316561,
              22.535282948072673
            ],
            [
              77.78369819225182,
              22.535178129828502
            ],
            [
              77.7843911768927,
              22.535004554630532
            ],
            [
              77.78455649689715,
              22.534945405171353
            ],
            [
              77.78472172754958,
              22.535004525644126
            ],
            [
              77.78541474245571,
              22.535178116841333
            ],
            [
              77.78612143521839,
              22.535282944810174
            ],
            [
              77.786835,
              22.535318
            ],
            [
              77.78754856478159,
              22.535282944810174
            ],
            [
              77.78825525754426,
              22.535178116841333
            ],
            [
              77.78894827245041,
              22.53500452564413
            ],
            [
              77.78962093538762,
              22.534763842996682
            ],
            [
              77.79026676824408,
              22.534458386804456
            ],
            [
              77.79087955129637,
              22.534091098777562
            ],
            [
              77.7914533831087,
              22.53366551610048
            ],
            [
              77.79198273736704,
              22.533185737367038
            ],
            [
              77.79246251610047,
              22.532656383108712
            ],
            [
              77.79288809877755,
              22.532082551296384
            ],
            [
              77.79325538680445,
              22.531469768244094
            ],
            [
              77.79356084299668,
              22.530823935387616
            ],
            [
              77.79380152564413,
              22.53015127245041
            ],
            [
              77.79397511684134,
              22.529458257544277
            ],
            [
              77.79407994481016,
              22.528751564781597
            ],
            [
              77.79411499999999,
              22.528038
            ],
            [
              77.79411499999999,
              22.526496474734085
            ],
            [
              77.79440747473407,
              22.526204
            ],
            [
              77.80204752526593,
              22.526204
            ],
            [
              77.80447226263296,
              22.528628737367033
            ],
            [
              77.806897,
              22.53105347473409
            ],
            [
              77.806897,
              22.543250525265915
            ],
            [
              77.80447226263296,
              22.54567526263296
            ],
            [
              77.79991526263296,
              22.550232262632967
            ],
            [
              77.79535826263296,
              22.554789262632962
            ],
            [
              77.79080126263295,
              22.559346262632957
            ],
            [
              77.78624426263296,
              22.56390326263297
            ],
            [
              77.78168726263296,
              22.568460262632957
            ],
            [
              77.77713026263297,
              22.573017262632966
            ],
            [
              77.7725736977855,
              22.577574827542403
            ],
            [
              77.77209404048365,
              22.57810415724798
            ],
            [
              77.77166856837633,
              22.578677946887403
            ],
            [
              77.7713013778485,
              22.57929067209556
            ],
            [
              77.77099600415843,
              22.579936433641205
            ],
            [
              77.7707553874006,
              22.580609014223942
            ],
            [
              77.77058184419894,
              22.581301938333485
            ],
            [
              77.77047704540277,
              22.582008534594973
            ],
            [
              77.770442,
              22.582722
            ],
            [
              77.770442,
              22.587278
            ],
            [
              77.77047705518983,
              22.5879915647816
            ],
            [
              77.77058188315866,
              22.58869825754428
            ],
            [
              77.77075547435587,
              22.589391272450413
            ],
            [
              77.77099615700331,
              22.59006393538762
            ],
            [
              77.77130161319555,
              22.590709768244096
            ],
            [
              77.77166890122244,
              22.591322551296383
            ],
            [
              77.77209448389952,
              22.59189638310871
            ],
            [
              77.77257426263296,
              22.59242573736704
            ],
            [
              77.77310361689129,
              22.592905516100483
            ],
            [
              77.77367744870361,
              22.593331098777565
            ],
            [
              77.7742902317559,
              22.59369838680446
            ],
            [
              77.77493606461238,
              22.594003842996685
            ],
            [
              77.77560872754958,
              22.594244525644132
            ],
            [
              77.77630174245571,
              22.594418116841336
            ],
            [
              77.77700843521839,
              22.594522944810176
            ],
            [
              77.777722,
              22.594558000000003
            ],
            [
              77.7784355647816,
              22.594522944810176
            ],
            [
              77.77914225754428,
              22.594418116841336
            ],
            [
              77.77983527245041,
              22.594244525644132
            ],
            [
              77.78050793538762,
              22.594003842996685
            ],
            [
              77.7811537682441,
              22.59369838680446
            ],
            [
              77.78176655129639,
              22.593331098777565
            ],
            [
              77.7823403831087,
              22.592905516100483
            ],
            [
              77.78286973736704,
              22.59242573736704
            ],
            [
              77.78334951610047,
              22.59189638310871
            ],
            [
              77.78377509877755,
              22.591322551296383
            ],
            [
              77.78414238680445,
              22.590709768244096
            ],
            [
              77.78444784299668,
              22.59006393538762
            ],
            [
              77.78468852564413,
              22.589391272450413
            ],
            [
              77.78486211684134,
              22.58869825754428
            ],
            [
              77.78496694481017,
              22.5879915647816
            ],
            [
              77.78500199999999,
              22.587278
            ],
            [
              77.78500199999999,
              22.585737006784086
            ],
            [
              77.78742601983069,
              22.583312454903385
            ],
            [
              77.79198273736704,
              22.578755737367032
            ],
            [
              77.79653973736704,
              22.574198737367045
            ],
            [
              77.80109673736703,
              22.569641737367032
            ],
            [
              77.80565373736704,
              22.565084737367044
            ],
            [
              77.81021073736704,
              22.56052773736704
            ],
            [
              77.81476773736703,
              22.555970737367034
            ],
            [
              77.81932473736704,
              22.55141373736704
            ],
            [
              77.81980451610048,
              22.55088438310871
            ],
            [
              77.82023009877756,
              22.55031055129638
            ],
            [
              77.82059738680445,
              22.549697768244094
            ],
            [
              77.82090284299669,
              22.549051935387617
            ],
            [
              77.82114352564413,
              22.54837927245041
            ],
            [
              77.82131711684134,
              22.547686257544278
            ],
            [
              77.82142194481017,
              22.546979564781598
            ],
            [
              77.821457,
              22.546266
            ],
            [
              77.821457,
              22.528038
            ],
            [
              77.82142194481017,
              22.5273244352184
            ],
            [
              77.82131711684134,
              22.52661774245572
            ],
            [
              77.82114352564413,
              22.525924727549587
            ],
            [
              77.82090284299669,
              22.52525206461238
            ],
            [
              77.82059738680445,
              22.524606231755904
            ],
            [
              77.82023009877756,
              22.523993448703614
            ],
            [
              77.81980451610048,
              22.523419616891285
            ],
            [
              77.81932473736704,
              22.522890262632956
            ],
            [
              77.81476773736703,
              22.518333262632957
            ],
            [
              77.81021073736704,
              22.513776262632966
            ],
            [
              77.80968138310872,
              22.51329648389952
            ],
            [
              77.80910755129639,
              22.51287090122244
            ],
            [
              77.8084947682441,
              22.512503613195545
            ],
            [
              77.80784893538763,
              22.51219815700332
            ],
            [
              77.80717627245042,
              22.511957474355867
            ],
            [
              77.80648325754429,
              22.511783883158664
            ],
            [
              77.80577656478161,
              22.511679055189823
            ],
            [
              77.805063,
              22.511643999999997
            ],
            [
              77.791392,
              22.511643999999997
            ],
            [
              77.7906784352184,
              22.511679055189823
            ],
            [
              77.78997174245572,
              22.511783883158664
            ],
            [
              77.78927872754959,
              22.511957474355867
            ],
            [
              77.78860606461238,
              22.512198157003315
            ],
            [
              77.7879602317559,
              22.51250361319554
            ],
            [
              77.78734744870361,
              22.512870901222435
            ],
            [
              77.7867736168913,
              22.513296483899516
            ],
            [
              77.78624426263296,
              22.51377626263296
            ],
            [
              77.78368205905541,
              22.516338466210517
            ],
            [
              77.78299121696301,
              22.516236020941115
            ],
            [
              77.78227760057062,
              22.51620100001096
            ],
            [
              77.7815639880255,
              22.51623609924842
            ],
            [
              77.780857252766,
              22.516340980581464
            ],
            [
              77.78016420198924,
              22.51651463380451
            ],
            [
              77.78000001019541,
              22.516573397176007
            ],
            [
              77.77983603689786,
              22.51651470629427
            ],
            [
              77.77914304104463,
              22.516341039051266
            ],
            [
              77.77843635978934,
              22.516236133535298
            ],
            [
              77.77772279885876,
              22.516201000043832
            ],
            [
              77.77700923023473,
              22.516235976931593
            ],
            [
              77.77630252597318,
              22.51634072735204
            ],
            [
              77.77560949202248,
              22.516514242501355
            ],
            [
              77.77493680267841,
              22.5167548513338
            ],
            [
              77.7742909363071,
              22.517060236654785
            ],
            [
              77.77367811295476,
              22.517427457436735
            ],
            [
              77.77310423444527,
              22.51785297714277
            ],
            [
              77.7725748275424,
              22.518332697785507
            ],
            [
              77.77209499072403,
              22.51886199939292
            ],
            [
              77.77166934508102,
              22.519435784501184
            ],
            [
              77.77130198981361,
              22.52004852724604
            ],
            [
              77.77099646275383,
              22.520694326579896
            ],
            [
              77.77075570629427,
              22.52136696310214
            ],
            [
              77.77058203905126,
              22.52205995895536
            ],
            [
              77.7704771335353,
              22.52276664021066
            ],
            [
              77.77044200004383,
              22.52348020114124
            ],
            [
              77.77047697693159,
              22.524193769765265
            ],
            [
              77.77058172735204,
              22.524900474026815
            ],
            [
              77.77075524250135,
              22.52559350797752
            ],
            [
              77.77081461243957,
              22.525759493259073
            ]
          ]
        ]
      }
    },
    {
      "type": "Feature",
      "properties": {
        "depth_band": "1.0 - 2.0",
        "min_depth": 1.0,
        "max_depth": 2.0,
        "max_depth_m": 8.7,
        "avg_depth_m": 4.3,
        "hazard_level": "Moderate",
        "zone": "reservoir",
        "timestep_min": 300
      },
      "geometry": {
        "type": "Polygon",
        "coordinates": [
          [
            [
              77.77363799863924,
              22.52575949787959
            ],
            [
              77.77359439667595,
              22.525832259580245
            ],
            [
              77.7733980800327,
              22.526247436927548
            ],
            [
              77.77324340122694,
              22.526679856771196
            ],
            [
              77.77313184976148,
              22.52712535505928
            ],
            [
              77.77306449983793,
              22.52757964179905
            ],
            [
              77.77304200001252,
              22.52803834236804
            ],
            [
              77.7730645669507,
              22.52849703964014
            ],
            [
              77.77313198334072,
              22.528951316521006
            ],
            [
              77.77324359998634,
              22.529396798483102
            ],
            [
              77.77339834205829,
              22.52982919569089
            ],
            [
              77.7735947194445,
              22.530244344310443
            ],
            [
              77.77383084109943,
              22.5306382466057
            ],
            [
              77.77410443325407,
              22.531007109435286
            ],
            [
              77.77441286131165,
              22.53134738077912
            ],
            [
              77.7747531552178,
              22.531655783943126
            ],
            [
              77.77512203806117,
              22.53192934911267
            ],
            [
              77.775515957629,
              22.532165441950813
            ],
            [
              77.77593112061354,
              22.53236178896607
            ],
            [
              77.77636352914041,
              22.53251649940534
            ],
            [
              77.7768090192667,
              22.53262808346118
            ],
            [
              77.77726330107822,
              22.532695466618147
            ],
            [
              77.777722,
              22.532718
            ],
            [
              77.782278,
              22.532718
            ],
            [
              77.78273669892178,
              22.532695466618147
            ],
            [
              77.78319098073331,
              22.53262808346118
            ],
            [
              77.78363647085959,
              22.53251649940534
            ],
            [
              77.78406887938647,
              22.53236178896607
            ],
            [
              77.784484042371,
              22.532165441950813
            ],
            [
              77.78455649695903,
              22.532122016818583
            ],
            [
              77.78462886327165,
              22.532165391517147
            ],
            [
              77.78504404153652,
              22.53236175621215
            ],
            [
              77.78547646771044,
              22.532516480771225
            ],
            [
              77.78592197729296,
              22.532628075112285
            ],
            [
              77.78637627978325,
              22.532695464520824
            ],
            [
              77.786835,
              22.532718
            ],
            [
              77.78729372021674,
              22.532695464520824
            ],
            [
              77.78774802270704,
              22.532628075112285
            ],
            [
              77.78819353228954,
              22.532516480771225
            ],
            [
              77.78862595846346,
              22.532361756212154
            ],
            [
              77.78904113672834,
              22.53216539151715
            ],
            [
              77.78943506869052,
              22.531929277785576
            ],
            [
              77.78980396056988,
              22.531655688921738
            ],
            [
              77.79014425973595,
              22.531347259735952
            ],
            [
              77.79045268892173,
              22.531006960569886
            ],
            [
              77.79072627778557,
              22.530638068690532
            ],
            [
              77.79096239151714,
              22.530244136728346
            ],
            [
              77.79115875621216,
              22.52982895846347
            ],
            [
              77.79131348077122,
              22.52939653228955
            ],
            [
              77.79142507511229,
              22.528951022707034
            ],
            [
              77.79149246452083,
              22.52849672021674
            ],
            [
              77.79151499999999,
              22.528038
            ],
            [
              77.79151499999999,
              22.525419519471917
            ],
            [
              77.79333051947191,
              22.523604
            ],
            [
              77.8031244805281,
              22.523604
            ],
            [
              77.80631074026404,
              22.52679025973595
            ],
            [
              77.80949700000001,
              22.529976519471923
            ],
            [
              77.80949700000001,
              22.544327480528082
            ],
            [
              77.80631074026404,
              22.547513740264048
            ],
            [
              77.80175374026405,
              22.55207074026405
            ],
            [
              77.79719674026404,
              22.556627740264048
            ],
            [
              77.79263974026404,
              22.561184740264043
            ],
            [
              77.78808274026404,
              22.565741740264052
            ],
            [
              77.78352574026404,
              22.570298740264043
            ],
            [
              77.77896874026405,
              22.57485574026405
            ],
            [
              77.77441237714783,
              22.579413103420116
            ],
            [
              77.7741040260252,
              22.57975338680227
            ],
            [
              77.77383050824191,
              22.580122251570472
            ],
            [
              77.77359445718832,
              22.580516146347144
            ],
            [
              77.77339814553042,
              22.580931278769345
            ],
            [
              77.77324346332895,
              22.581363652001105
            ],
            [
              77.77313189984218,
              22.581809103214383
            ],
            [
              77.7730645291875,
              22.582263343668195
            ],
            [
              77.773042,
              22.582722
            ],
            [
              77.773042,
              22.587278
            ],
            [
              77.77306453547916,
              22.587736720216743
            ],
            [
              77.7731319248877,
              22.588191022707036
            ],
            [
              77.77324351922877,
              22.588636532289552
            ],
            [
              77.77339824378784,
              22.58906895846347
            ],
            [
              77.77359460848285,
              22.58948413672835
            ],
            [
              77.77383072221443,
              22.589878068690535
            ],
            [
              77.77410431107826,
              22.590246960569885
            ],
            [
              77.77441274026404,
              22.590587259735955
            ],
            [
              77.77475303943011,
              22.590895688921737
            ],
            [
              77.77512193130947,
              22.59116927778558
            ],
            [
              77.77551586327165,
              22.591405391517153
            ],
            [
              77.77593104153652,
              22.591601756212153
            ],
            [
              77.77636346771044,
              22.591756480771227
            ],
            [
              77.77680897729296,
              22.591868075112288
            ],
            [
              77.77726327978326,
              22.591935464520827
            ],
            [
              77.777722,
              22.591958
            ],
            [
              77.77818072021674,
              22.591935464520827
            ],
            [
              77.77863502270704,
              22.591868075112288
            ],
            [
              77.77908053228956,
              22.591756480771227
            ],
            [
              77.77951295846347,
              22.591601756212153
            ],
            [
              77.77992813672834,
              22.591405391517153
            ],
            [
              77.78032206869052,
              22.59116927778558
            ],
            [
              77.78069096056988,
              22.590895688921737
            ],
            [
              77.78103125973595,
              22.590587259735955
            ],
            [
              77.78133968892173,
              22.590246960569885
            ],
            [
              77.78161327778557,
              22.589878068690535
            ],
            [
              77.78184939151714,
              22.58948413672835
            ],
            [
              77.78204575621216,
              22.58906895846347
            ],
            [
              77.78220048077122,
              22.588636532289552
            ],
            [
              77.78231207511229,
              22.588191022707036
            ],
            [
              77.78237946452083,
              22.587736720216743
            ],
            [
              77.78240199999999,
              22.587278
            ],
            [
              77.78240199999999,
              22.584660218646913
            ],
            [
              77.78558744129198,
              22.58147407817993
            ],
            [
              77.79014425973595,
              22.57691725973595
            ],
            [
              77.79470125973596,
              22.57236025973596
            ],
            [
              77.79925825973595,
              22.56780325973595
            ],
            [
              77.80381525973596,
              22.56324625973596
            ],
            [
              77.80837225973596,
              22.558689259735953
            ],
            [
              77.81292925973595,
              22.55413225973595
            ],
            [
              77.81748625973596,
              22.549575259735953
            ],
            [
              77.81779468892174,
              22.549234960569883
            ],
            [
              77.81806827778557,
              22.54886606869053
            ],
            [
              77.81830439151715,
              22.548472136728343
            ],
            [
              77.81850075621216,
              22.548056958463466
            ],
            [
              77.81865548077123,
              22.54762453228955
            ],
            [
              77.81876707511229,
              22.547179022707034
            ],
            [
              77.81883446452083,
              22.54672472021674
            ],
            [
              77.818857,
              22.546266
            ],
            [
              77.818857,
              22.528038
            ],
            [
              77.81883446452083,
              22.527579279783257
            ],
            [
              77.81876707511229,
              22.527124977292964
            ],
            [
              77.81865548077123,
              22.526679467710448
            ],
            [
              77.81850075621216,
              22.52624704153653
            ],
            [
              77.81830439151715,
              22.52583186327165
            ],
            [
              77.81806827778557,
              22.525437931309465
            ],
            [
              77.81779468892174,
              22.525069039430115
            ],
            [
              77.81748625973596,
              22.52472874026404
            ],
            [
              77.81292925973595,
              22.520171740264043
            ],
            [
              77.80837225973596,
              22.51561474026405
            ],
            [
              77.80803196056989,
              22.515306311078263
            ],
            [
              77.80766306869054,
              22.515032722214425
            ],
            [
              77.80726913672835,
              22.51479660848285
            ],
            [
              77.80685395846348,
              22.514600243787847
            ],
            [
              77.80642153228956,
              22.514445519228772
            ],
            [
              77.80597602270704,
              22.514333924887712
            ],
            [
              77.80552172021675,
              22.514266535479173
            ],
            [
              77.805063,
              22.514243999999998
            ],
            [
              77.791392,
              22.514243999999998
            ],
            [
              77.79093327978326,
              22.514266535479173
            ],
            [
              77.79047897729296,
              22.514333924887712
            ],
            [
              77.79003346771044,
              22.514445519228772
            ],
            [
              77.78960104153653,
              22.514600243787847
            ],
            [
              77.78918586327165,
              22.51479660848285
            ],
            [
              77.78879193130948,
              22.515032722214425
            ],
            [
              77.78842303943011,
              22.515306311078263
            ],
            [
              77.78808274026404,
              22.515614740264045
            ],
            [
              77.78438891228409,
              22.519308568243996
            ],
            [
              77.78406883984775,
              22.51915719465751
            ],
            [
              77.78363637871418,
              22.519002472645067
            ],
            [
              77.78319083382466,
              22.518890887320712
            ],
            [
              77.78273649661908,
              22.518823513462145
            ],
            [
              77.78227774322397,
              22.518801000007045
            ],
            [
              77.7818189923021,
              22.518823563802556
            ],
            [
              77.78136466249244,
              22.518890987516656
            ],
            [
              77.78091912985023,
              22.51900262173147
            ],
            [
              77.78048668569743,
              22.519157391198387
            ],
            [
              77.78007149528904,
              22.51935380519475
            ],
            [
              77.78000000320556,
              22.519396664898295
            ],
            [
              77.77992858962754,
              22.519353850594467
            ],
            [
              77.77951343291292,
              22.519157440341743
            ],
            [
              77.77908102372005,
              22.519002668332032
            ],
            [
              77.77863552638584,
              22.518891025104384
            ],
            [
              77.77818123129315,
              22.51882358584412
            ],
            [
              77.77772251355206,
              22.518801000028176
            ],
            [
              77.77726379086518,
              22.518823485170312
            ],
            [
              77.77680948098276,
              22.518890824726313
            ],
            [
              77.77636395915731,
              22.519002370179443
            ],
            [
              77.77593151600755,
              22.519157047286015
            ],
            [
              77.77551631619741,
              22.519353366420933
            ],
            [
              77.77512235832805,
              22.519589436923614
            ],
            [
              77.7747534364291,
              22.519862985306066
            ],
            [
              77.77441310342012,
              22.520171377147825
            ],
            [
              77.77410463689402,
              22.52051164246688
            ],
            [
              77.77383100755209,
              22.52088050432219
            ],
            [
              77.77359485059446,
              22.521274410372456
            ],
            [
              77.77339844034174,
              22.521689567087076
            ],
            [
              77.77324366833203,
              22.522121976279948
            ],
            [
              77.77313202510439,
              22.52256747361416
            ],
            [
              77.77306458584411,
              22.523021768706855
            ],
            [
              77.77304200002817,
              22.52348048644794
            ],
            [
              77.77306448517031,
              22.523939209134813
            ],
            [
              77.7731318247263,
              22.524393519017238
            ],
            [
              77.77324337017944,
              22.52483904084269
            ],
            [
              77.77339804728601,
              22.525271483992448
            ],
            [
              77.77359436642094,
              22.52568668380258
            ],
            [
              77.77363799863924,
              22.52575949787959
            ]
          ]
        ]
      }
    },
    {
      "type": "Feature",
      "properties": {
        "depth_band": "2.0 - 3.0",
        "min_depth": 2.0,
        "max_depth": 3.0,
        "max_depth_m": 8.7,
        "avg_depth_m": 4.3,
        "hazard_level": "Moderate",
        "zone": "reservoir",
        "timestep_min": 300
      },
      "geometry": {
        "type": "Polygon",
        "coordinates": [
          [
            [
              77.77632344815603,
              22.5257595
            ],
            [
              77.77588332063767,
              22.526199724122286
            ],
            [
              77.77571199937724,
              22.52638878882598
            ],
            [
              77.77556003372003,
              22.526593734856654
            ],
            [
              77.7754288870422,
              22.526812588655694
            ],
            [
              77.77531982224039,
              22.52704324273753
            ],
            [
              77.77523388957052,
              22.527283475984
            ],
            [
              77.77517191653415,
              22.527530975032935
            ],
            [
              77.77513449990997,
              22.52778335655503
            ],
            [
              77.77512200000696,
              22.52803819020447
            ],
            [
              77.77513453719483,
              22.528293022022304
            ],
            [
              77.77517199074484,
              22.528545398067227
            ],
            [
              77.77523399999241,
              22.52879288804617
            ],
            [
              77.77531996781016,
              22.52903310871716
            ],
            [
              77.77542906635806,
              22.529263746839135
            ],
            [
              77.77556024505523,
              22.529482581447613
            ],
            [
              77.7757122406967,
              22.529687505241828
            ],
            [
              77.77588358961758,
              22.52987654487729
            ],
            [
              77.77607264178766,
              22.530047879968404
            ],
            [
              77.77627757670065,
              22.53019986061815
            ],
            [
              77.77649642090499,
              22.530331023306008
            ],
            [
              77.77672706700751,
              22.53044010498115
            ],
            [
              77.77696729396689,
              22.530526055225188
            ],
            [
              77.7772147884815,
              22.53058804636732
            ],
            [
              77.77746716726568,
              22.530625481454525
            ],
            [
              77.777722,
              22.530638
            ],
            [
              77.782278,
              22.530638
            ],
            [
              77.78253283273432,
              22.530625481454525
            ],
            [
              77.7827852115185,
              22.53058804636732
            ],
            [
              77.78303270603311,
              22.530526055225188
            ],
            [
              77.78327293299249,
              22.53044010498115
            ],
            [
              77.78350357909501,
              22.530331023306008
            ],
            [
              77.78372242329935,
              22.53019986061815
            ],
            [
              77.78392735821234,
              22.530047879968404
            ],
            [
              77.78411641038242,
              22.52987654487729
            ],
            [
              77.7842877593033,
              22.529687505241828
            ],
            [
              77.78443975494477,
              22.529482581447613
            ],
            [
              77.78450079615897,
              22.529380751421126
            ],
            [
              77.78499652236891,
              22.52987647763108
            ],
            [
              77.78518557746118,
              22.53004782717874
            ],
            [
              77.78539051739415,
              22.530199820991985
            ],
            [
              77.78560936848424,
              22.530330995287304
            ],
            [
              77.78584002307585,
              22.530440086784527
            ],
            [
              77.78608025983914,
              22.530526044872904
            ],
            [
              77.78632776516275,
              22.530588041729047
            ],
            [
              77.78658015543515,
              22.530625480289345
            ],
            [
              77.786835,
              22.530638
            ],
            [
              77.78708984456485,
              22.530625480289345
            ],
            [
              77.78734223483724,
              22.530588041729047
            ],
            [
              77.78758974016085,
              22.530526044872904
            ],
            [
              77.78782997692414,
              22.530440086784527
            ],
            [
              77.78806063151575,
              22.530330995287304
            ],
            [
              77.78827948260584,
              22.530199820991985
            ],
            [
              77.78848442253882,
              22.53004782717874
            ],
            [
              77.78867347763108,
              22.529876477631085
            ],
            [
              77.78884482717874,
              22.529687422538824
            ],
            [
              77.78899682099198,
              22.52948248260585
            ],
            [
              77.7891279952873,
              22.529263631515747
            ],
            [
              77.78923708678452,
              22.52903297692415
            ],
            [
              77.7893230448729,
              22.52879274016086
            ],
            [
              77.78938504172905,
              22.528545234837242
            ],
            [
              77.78942248028935,
              22.528292844564856
            ],
            [
              77.789435,
              22.528038
            ],
            [
              77.789435,
              22.524557955262168
            ],
            [
              77.79246895526217,
              22.521524
            ],
            [
              77.80398604473784,
              22.521524
            ],
            [
              77.80778152236891,
              22.525319477631083
            ],
            [
              77.811577,
              22.529114955262166
            ],
            [
              77.811577,
              22.545189044737832
            ],
            [
              77.80778152236891,
              22.548984522368915
            ],
            [
              77.80322452236892,
              22.553541522368917
            ],
            [
              77.79866752236892,
              22.558098522368915
            ],
            [
              77.79411052236891,
              22.562655522368914
            ],
            [
              77.78955352236892,
              22.56721252236892
            ],
            [
              77.78499652236891,
              22.571769522368914
            ],
            [
              77.78043952236892,
              22.576326522368916
            ],
            [
              77.77588332063767,
              22.580883724122288
            ],
            [
              77.77571201445845,
              22.581072770445708
            ],
            [
              77.7755600601344,
              22.58127769531693
            ],
            [
              77.77542892066018,
              22.581496525748417
            ],
            [
              77.77531985862801,
              22.58172715487186
            ],
            [
              77.77523392407164,
              22.581967362222837
            ],
            [
              77.77517194435677,
              22.582214835119103
            ],
            [
              77.77513451621527,
              22.582467190926778
            ],
            [
              77.775122,
              22.582722
            ],
            [
              77.775122,
              22.587278
            ],
            [
              77.77513451971065,
              22.58753284456486
            ],
            [
              77.77517195827095,
              22.587785234837245
            ],
            [
              77.77523395512709,
              22.588032740160862
            ],
            [
              77.77531991321547,
              22.588272976924152
            ],
            [
              77.77542900471269,
              22.58850363151575
            ],
            [
              77.77556017900801,
              22.588722482605853
            ],
            [
              77.77571217282126,
              22.588927422538827
            ],
            [
              77.77588352236891,
              22.589116477631087
            ],
            [
              77.77607257746118,
              22.589287827178744
            ],
            [
              77.77627751739415,
              22.589439820991988
            ],
            [
              77.77649636848425,
              22.589570995287307
            ],
            [
              77.77672702307585,
              22.58968008678453
            ],
            [
              77.77696725983914,
              22.589766044872906
            ],
            [
              77.77721476516275,
              22.58982804172905
            ],
            [
              77.77746715543515,
              22.589865480289347
            ],
            [
              77.777722,
              22.589878000000002
            ],
            [
              77.77797684456485,
              22.589865480289347
            ],
            [
              77.77822923483724,
              22.58982804172905
            ],
            [
              77.77847674016085,
              22.589766044872906
            ],
            [
              77.77871697692414,
              22.58968008678453
            ],
            [
              77.77894763151575,
              22.589570995287307
            ],
            [
              77.77916648260585,
              22.589439820991988
            ],
            [
              77.77937142253882,
              22.589287827178744
            ],
            [
              77.77956047763108,
              22.589116477631087
            ],
            [
              77.77973182717874,
              22.588927422538827
            ],
            [
              77.77988382099198,
              22.588722482605853
            ],
            [
              77.7800149952873,
              22.58850363151575
            ],
            [
              77.78012408678453,
              22.588272976924152
            ],
            [
              77.7802100448729,
              22.588032740160862
            ],
            [
              77.78027204172905,
              22.587785234837245
            ],
            [
              77.78030948028935,
              22.58753284456486
            ],
            [
              77.780322,
              22.587278
            ],
            [
              77.780322,
              22.583798788137173
            ],
            [
              77.78411657853871,
              22.580003376723454
            ],
            [
              77.78867347763108,
              22.575446477631083
            ],
            [
              77.79323047763108,
              22.570889477631088
            ],
            [
              77.79778747763108,
              22.566332477631082
            ],
            [
              77.80234447763108,
              22.561775477631087
            ],
            [
              77.80690147763109,
              22.557218477631086
            ],
            [
              77.81145847763108,
              22.552661477631084
            ],
            [
              77.81601547763108,
              22.548104477631085
            ],
            [
              77.81618682717874,
              22.547915422538825
            ],
            [
              77.81633882099199,
              22.54771048260585
            ],
            [
              77.8164699952873,
              22.547491631515747
            ],
            [
              77.81657908678453,
              22.54726097692415
            ],
            [
              77.8166650448729,
              22.54702074016086
            ],
            [
              77.81672704172905,
              22.546773234837243
            ],
            [
              77.81676448028935,
              22.546520844564856
            ],
            [
              77.816777,
              22.546266
            ],
            [
              77.816777,
              22.528038
            ],
            [
              77.81676448028935,
              22.52778315543514
            ],
            [
              77.81672704172905,
              22.527530765162755
            ],
            [
              77.8166650448729,
              22.527283259839137
            ],
            [
              77.81657908678453,
              22.527043023075848
            ],
            [
              77.8164699952873,
              22.52681236848425
            ],
            [
              77.81633882099199,
              22.526593517394147
            ],
            [
              77.81618682717874,
              22.526388577461173
            ],
            [
              77.81601547763108,
              22.526199522368913
            ],
            [
              77.81145847763108,
              22.521642522368914
            ],
            [
              77.80690147763109,
              22.517085522368916
            ],
            [
              77.80671242253882,
              22.516914172821256
            ],
            [
              77.80650748260585,
              22.516762179008012
            ],
            [
              77.80628863151576,
              22.516631004712693
            ],
            [
              77.80605797692415,
              22.51652191321547
            ],
            [
              77.80581774016086,
              22.516435955127093
            ],
            [
              77.80557023483725,
              22.51637395827095
            ],
            [
              77.80531784456485,
              22.516336519710652
            ],
            [
              77.805063,
              22.516323999999997
            ],
            [
              77.791392,
              22.516323999999997
            ],
            [
              77.79113715543515,
              22.516336519710652
            ],
            [
              77.79088476516276,
              22.51637395827095
            ],
            [
              77.79063725983914,
              22.516435955127093
            ],
            [
              77.79039702307585,
              22.516521913215467
            ],
            [
              77.79016636848425,
              22.516631004712693
            ],
            [
              77.78994751739415,
              22.516762179008012
            ],
            [
              77.78974257746118,
              22.516914172821252
            ],
            [
              77.78955352236892,
              22.517085522368912
            ],
            [
              77.78499652236891,
              22.521642522368914
            ],
            [
              77.78482517282126,
              22.521831577461175
            ],
            [
              77.78467317900801,
              22.52203651739415
            ],
            [
              77.78461220374189,
              22.522138248479713
            ],
            [
              77.78411647763109,
              22.521642522368918
            ],
            [
              77.78392740875472,
              22.521471161509012
            ],
            [
              77.78372245295274,
              22.52131915919473
            ],
            [
              77.78350358433711,
              22.521187979495807
            ],
            [
              77.78327291102653,
              22.521078885920836
            ],
            [
              77.78303265484121,
              22.520992929247257
            ],
            [
              77.78278512990259,
              22.520930937400394
            ],
            [
              77.78253272034394,
              22.52089350747897
            ],
            [
              77.78227785734666,
              22.520881000003914
            ],
            [
              77.7820229957234,
              22.520893535445865
            ],
            [
              77.78177059027357,
              22.52093099306481
            ],
            [
              77.78152307213901,
              22.52099301207304
            ],
            [
              77.78128282538746,
              22.521078995110216
            ],
            [
              77.78105216404947,
              22.521188113997084
            ],
            [
              77.78083330982994,
              22.5213193177124
            ],
            [
              77.78062837070891,
              22.521471342516257
            ],
            [
              77.78043932063768,
              22.521642724122287
            ],
            [
              77.78,
              22.522082141186797
            ],
            [
              77.77956067936232,
              22.521642724122287
            ],
            [
              77.77937164307396,
              22.521471353830012
            ],
            [
              77.779166719821,
              22.52131933752894
            ],
            [
              77.7789478831264,
              22.52118813921915
            ],
            [
              77.77871724050718,
              22.52107902241208
            ],
            [
              77.7784770131778,
              22.52099303796224
            ],
            [
              77.7782295146588,
              22.520931013946882
            ],
            [
              77.77797712849619,
              22.520893547691177
            ],
            [
              77.7777222853067,
              22.520881000015653
            ],
            [
              77.77746743936954,
              22.520893491761285
            ],
            [
              77.77721504499043,
              22.52093090262573
            ],
            [
              77.77696753286517,
              22.520992872321912
            ],
            [
              77.77672728667086,
              22.521078804047786
            ],
            [
              77.77649662010967,
              22.521187870233852
            ],
            [
              77.77627775462669,
              22.52131902051312
            ],
            [
              77.77607279801616,
              22.521470991836704
            ],
            [
              77.77588372412228,
              22.52164232063768
            ],
            [
              77.77571235383,
              22.521831356926043
            ],
            [
              77.77556033752893,
              22.522036280178995
            ],
            [
              77.77542913921914,
              22.522255116873588
            ],
            [
              77.77532002241207,
              22.52248575949282
            ],
            [
              77.77523403796224,
              22.522725986822195
            ],
            [
              77.77517201394687,
              22.5229734853412
            ],
            [
              77.77513454769118,
              22.523225871503808
            ],
            [
              77.77512200001566,
              22.5234807146933
            ],
            [
              77.77513449176128,
              22.523735560630453
            ],
            [
              77.77517190262573,
              22.523987955009577
            ],
            [
              77.7752338723219,
              22.52423546713483
            ],
            [
              77.77531980404778,
              22.52447571332914
            ],
            [
              77.77542887023385,
              22.524706379890322
            ],
            [
              77.77556002051311,
              22.524925245373304
            ],
            [
              77.7757119918367,
              22.525130201983835
            ],
            [
              77.77588332063767,
              22.525319275877713
            ],
            [
              77.77632344815603,
              22.5257595
            ]
          ]
        ]
      }
    },
    {
      "type": "Feature",
      "properties": {
        "timestep_min": 300,
        "depth_band": "0.1 - 0.5",
        "min_depth": 0.1,
        "max_depth": 0.5,
        "max_depth_m": 1.8,
        "avg_depth_m": 1.0,
        "inundated_area_km2": 0.13,
        "hazard_level": "Moderate",
        "zone": "downstream",
        "wave_front_km": 86.7
      },
      "geometry": {
        "type": "Polygon",
        "coordinates": [
          [
            [
              77.78016504442645,
              22.58275001329974
            ],
            [
              77.60176536170282,
              22.453691082390392
            ],
            [
              77.60017828788591,
              22.453630106392353
            ],
            [
              77.77537331367822,
              22.590015394256955
            ],
            [
              77.78016504442645,
              22.58275001329974
            ]
          ]
        ]
      }
    },
    {
      "type": "Feature",
      "properties": {
        "timestep_min": 300,
        "depth_band": "0.5 - 1.0",
        "min_depth": 0.5,
        "max_depth": 1.0,
        "max_depth_m": 1.8,
        "avg_depth_m": 1.0,
        "inundated_area_km2": 0.1,
        "hazard_level": "Moderate",
        "zone": "downstream",
        "wave_front_km": 86.7
      },
      "geometry": {
        "type": "Polygon",
        "coordinates": [
          [
            [
              77.76344350005093,
              22.571556329168097
            ],
            [
              77.62964373800818,
              22.474762130986086
            ],
            [
              77.6284534326455,
              22.474716398987557
            ],
            [
              77.75984970198974,
              22.57700536488601
            ],
            [
              77.76344350005093,
              22.571556329168097
            ]
          ]
        ]
      }
    },
    {
      "type": "Feature",
      "properties": {
        "timestep_min": 300,
        "depth_band": "1.0 - 2.0",
        "min_depth": 1.0,
        "max_depth": 2.0,
        "max_depth_m": 1.8,
        "avg_depth_m": 1.0,
        "inundated_area_km2": 0.07,
        "hazard_level": "High",
        "zone": "downstream",
        "wave_front_km": 86.7
      },
      "geometry": {
        "type": "Polygon",
        "coordinates": [
          [
            [
              77.75006626455048,
              22.562601381862784
            ],
            [
              77.6519464390525,
              22.491618969862643
            ],
            [
              77.65107354845318,
              22.49158543306372
            ],
            [
              77.74743081263895,
              22.566597341389247
            ],
            [
              77.75006626455048,
              22.562601381862784
            ]
          ]
        ]
      }
    },
    {
      "type": "Feature",
      "properties": {
        "depth_band": "0.1 - 0.5",
        "min_depth": 0.1,
        "max_depth": 0.5,
        "max_depth_m": 8.7,
        "avg_depth_m": 4.3,
        "hazard_level": "Moderate",
        "zone": "reservoir",
        "timestep_min": 330
      },
      "geometry": {
        "type": "Polygon",
        "coordinates": [
          [
            [
              77.7675843694637,
              22.525759484552143
            ],
            [
              77.76752166613662,
              22.52600990013174
            ],
            [
              77.76737199963985,
              22.527019426220118
            ],
            [
              77.76732200002783,
              22.528038760817868
            ],
            [
              77.76737214877932,
              22.529058088089204
            ],
            [
              77.76752196297937,
              22.530067592268907
            ],
            [
              77.76776999996964,
              22.531057552184674
            ],
            [
              77.76811387124064,
              22.532018434868647
            ],
            [
              77.76855026543222,
              22.53294098735654
            ],
            [
              77.76907498022094,
              22.53381632579045
            ],
            [
              77.76968296278682,
              22.53463602096731
            ],
            [
              77.77036835847031,
              22.535392179509156
            ],
            [
              77.77112456715065,
              22.53607751987362
            ],
            [
              77.77194430680262,
              22.536685442472603
            ],
            [
              77.77281968362,
              22.537210093224033
            ],
            [
              77.77374226803008,
              22.537646419924606
            ],
            [
              77.77470317586759,
              22.53799022090076
            ],
            [
              77.77569315392599,
              22.53823818546929
            ],
            [
              77.77670266906273,
              22.538387925818107
            ],
            [
              77.777722,
              22.538438
            ],
            [
              77.782278,
              22.538438
            ],
            [
              77.78329733093727,
              22.538387925818107
            ],
            [
              77.78430684607402,
              22.53823818546929
            ],
            [
              77.78455649645015,
              22.538175654338144
            ],
            [
              77.78480606065102,
              22.53823816691619
            ],
            [
              77.78581562174057,
              22.53838792115739
            ],
            [
              77.786835,
              22.538438
            ],
            [
              77.78785437825942,
              22.53838792115739
            ],
            [
              77.78886393934896,
              22.538238166916194
            ],
            [
              77.78985396064344,
              22.537990179491615
            ],
            [
              77.79081490769659,
              22.537646347138118
            ],
            [
              77.79173752606299,
              22.537209981149225
            ],
            [
              77.7926129304234,
              22.536685283967948
            ],
            [
              77.7934326901553,
              22.536077308714972
            ],
            [
              77.79418891052434,
              22.53539191052434
            ],
            [
              77.79487430871497,
              22.5346356901553
            ],
            [
              77.79548228396794,
              22.533815930423405
            ],
            [
              77.79600698114922,
              22.53294052606299
            ],
            [
              77.79644334713811,
              22.5320179076966
            ],
            [
              77.79678717949162,
              22.531056960643447
            ],
            [
              77.79703516691619,
              22.530066939348966
            ],
            [
              77.7971453715582,
              22.529324
            ],
            [
              77.80075517895132,
              22.529324
            ],
            [
              77.80226608947565,
              22.53083491052433
            ],
            [
              77.803777,
              22.532345821048672
            ],
            [
              77.803777,
              22.54195817895131
            ],
            [
              77.80226608947565,
              22.543469089475657
            ],
            [
              77.79770908947566,
              22.548026089475666
            ],
            [
              77.79315208947565,
              22.552583089475657
            ],
            [
              77.78859508947566,
              22.557140089475656
            ],
            [
              77.78403808947566,
              22.561697089475665
            ],
            [
              77.77948108947567,
              22.566254089475656
            ],
            [
              77.77492408947566,
              22.570811089475665
            ],
            [
              77.77036728255072,
              22.57536889648915
            ],
            [
              77.76968205783379,
              22.57612508178283
            ],
            [
              77.7690742405376,
              22.57694478126772
            ],
            [
              77.76854968264072,
              22.577820102993655
            ],
            [
              77.76811343451205,
              22.57874261948744
            ],
            [
              77.76776969628656,
              22.579703448891348
            ],
            [
              77.76752177742706,
              22.580693340476408
            ],
            [
              77.7673720648611,
              22.581702763707106
            ],
            [
              77.767322,
              22.582722
            ],
            [
              77.767322,
              22.587278
            ],
            [
              77.76737207884261,
              22.58829737825943
            ],
            [
              77.7675218330838,
              22.58930693934897
            ],
            [
              77.76776982050838,
              22.590296960643446
            ],
            [
              77.76811365286189,
              22.591257907696598
            ],
            [
              77.76855001885077,
              22.592180526062993
            ],
            [
              77.76907471603205,
              22.593055930423404
            ],
            [
              77.76968269128503,
              22.593875690155304
            ],
            [
              77.77036808947565,
              22.594631910524342
            ],
            [
              77.7711243098447,
              22.595317308714975
            ],
            [
              77.77194406957659,
              22.595925283967947
            ],
            [
              77.772819473937,
              22.596449981149224
            ],
            [
              77.7737420923034,
              22.596886347138117
            ],
            [
              77.77470303935655,
              22.597230179491618
            ],
            [
              77.77569306065102,
              22.597478166916193
            ],
            [
              77.77670262174057,
              22.597627921157393
            ],
            [
              77.777722,
              22.597678000000002
            ],
            [
              77.77874137825943,
              22.597627921157393
            ],
            [
              77.77975093934897,
              22.597478166916193
            ],
            [
              77.78074096064344,
              22.597230179491618
            ],
            [
              77.7817019076966,
              22.596886347138117
            ],
            [
              77.78262452606299,
              22.596449981149224
            ],
            [
              77.7834999304234,
              22.595925283967947
            ],
            [
              77.7843196901553,
              22.595317308714975
            ],
            [
              77.78507591052434,
              22.594631910524342
            ],
            [
              77.78576130871497,
              22.593875690155304
            ],
            [
              77.78636928396794,
              22.593055930423404
            ],
            [
              77.78689398114922,
              22.592180526062993
            ],
            [
              77.78733034713811,
              22.591257907696598
            ],
            [
              77.78767417949162,
              22.590296960643446
            ],
            [
              77.78792216691619,
              22.58930693934897
            ],
            [
              77.78807192115738,
              22.58829737825943
            ],
            [
              77.788122,
              22.587278
            ],
            [
              77.788122,
              22.58702915254868
            ],
            [
              77.78963231400915,
              22.585518507039527
            ],
            [
              77.79418891052434,
              22.580961910524334
            ],
            [
              77.79874591052433,
              22.576404910524346
            ],
            [
              77.80330291052434,
              22.571847910524337
            ],
            [
              77.80785991052433,
              22.567290910524346
            ],
            [
              77.81241691052435,
              22.562733910524344
            ],
            [
              77.81697391052434,
              22.558176910524335
            ],
            [
              77.82153091052434,
              22.553619910524343
            ],
            [
              77.82221630871497,
              22.552863690155302
            ],
            [
              77.82282428396795,
              22.5520439304234
            ],
            [
              77.82334898114922,
              22.55116852606299
            ],
            [
              77.82378534713811,
              22.550245907696596
            ],
            [
              77.82412917949162,
              22.549284960643444
            ],
            [
              77.8243771669162,
              22.548294939348967
            ],
            [
              77.82452692115739,
              22.547285378259428
            ],
            [
              77.824577,
              22.546266
            ],
            [
              77.824577,
              22.528038
            ],
            [
              77.82452692115739,
              22.52701862174057
            ],
            [
              77.8243771669162,
              22.526009060651027
            ],
            [
              77.82412917949162,
              22.52501903935655
            ],
            [
              77.82378534713811,
              22.5240580923034
            ],
            [
              77.82334898114922,
              22.523135473937003
            ],
            [
              77.82282428396795,
              22.52226006957659
            ],
            [
              77.82221630871497,
              22.52144030984469
            ],
            [
              77.82153091052433,
              22.520684089475655
            ],
            [
              77.81697391052434,
              22.516127089475663
            ],
            [
              77.81241691052435,
              22.51157008947567
            ],
            [
              77.8116606901553,
              22.510884691285032
            ],
            [
              77.81084093042341,
              22.510276716032056
            ],
            [
              77.809965526063,
              22.50975201885078
            ],
            [
              77.80904290769661,
              22.509315652861883
            ],
            [
              77.80808196064345,
              22.508971820508386
            ],
            [
              77.80709193934898,
              22.508723833083806
            ],
            [
              77.80608237825943,
              22.508574078842607
            ],
            [
              77.805063,
              22.508523999999998
            ],
            [
              77.791392,
              22.508523999999998
            ],
            [
              77.79037262174057,
              22.508574078842607
            ],
            [
              77.78936306065103,
              22.508723833083806
            ],
            [
              77.78837303935656,
              22.508971820508382
            ],
            [
              77.7874120923034,
              22.509315652861883
            ],
            [
              77.78648947393701,
              22.509752018850776
            ],
            [
              77.7856140695766,
              22.510276716032052
            ],
            [
              77.7847943098447,
              22.510884691285025
            ],
            [
              77.78403808947566,
              22.511570089475654
            ],
            [
              77.78251549575977,
              22.513092683191537
            ],
            [
              77.78227742938661,
              22.513081000015653
            ],
            [
              77.78125798289356,
              22.513131141783457
            ],
            [
              77.78024836109428,
              22.513280972259235
            ],
            [
              77.78000002334704,
              22.51334319663248
            ],
            [
              77.7797520586352,
              22.513281055787523
            ],
            [
              77.77874251398477,
              22.51313119076471
            ],
            [
              77.7777231412268,
              22.513081000062616
            ],
            [
              77.77670375747819,
              22.513130967045136
            ],
            [
              77.77569417996169,
              22.513280610502914
            ],
            [
              77.77470413146068,
              22.51352848928765
            ],
            [
              77.77374314668344,
              22.513872216191142
            ],
            [
              77.77282048043871,
              22.51430848093541
            ],
            [
              77.77194501850678,
              22.514833082052476
            ],
            [
              77.77112519206466,
              22.515440967346812
            ],
            [
              77.77036889648915,
              22.516126282550726
            ],
            [
              77.76968341532005,
              22.516882427704175
            ],
            [
              77.76907535011576,
              22.517702120715978
            ],
            [
              77.76855055687659,
              22.518577467494342
            ],
            [
              77.76811408964832,
              22.51950003797128
            ],
            [
              77.76777015184895,
              22.520460947288772
            ],
            [
              77.76752205578752,
              22.5214509413648
            ],
            [
              77.7673721907647,
              22.522460486015227
            ],
            [
              77.7673220000626,
              22.5234798587732
            ],
            [
              77.76737196704514,
              22.52449924252181
            ],
            [
              77.76752161050291,
              22.525508820038304
            ],
            [
              77.7675843694637,
              22.525759484552143
            ]
          ]
        ]
      }
    },
    {
      "type": "Feature",
      "properties": {
        "depth_band": "0.5 - 1.0",
        "min_depth": 0.5,
        "max_depth": 1.0,
        "max_depth_m": 8.7,
        "avg_depth_m": 4.3,
        "hazard_level": "Moderate",
        "zone": "reservoir",
        "timestep_min": 330
      },
      "geometry": {
        "type": "Polygon",
        "coordinates": [
          [
            [
              77.77081461243957,
              22.525759493259073
            ],
            [
              77.77075529079745,
              22.525925332755197
            ],
            [
              77.77058176629563,
              22.52661833009222
            ],
            [
              77.7704769997479,
              22.527324998354082
            ],
            [
              77.77044200001947,
              22.52803853257251
            ],
            [
              77.77047710414551,
              22.528752061662445
            ],
            [
              77.77058197408556,
              22.529458714588234
            ],
            [
              77.77075559997876,
              22.530151686529273
            ],
            [
              77.77099630986845,
              22.530824304408053
            ],
            [
              77.77130178580256,
              22.53147009114958
            ],
            [
              77.77166908615466,
              22.532082828053316
            ],
            [
              77.77209467395078,
              22.532656614677116
            ],
            [
              77.77257445092921,
              22.533185925656408
            ],
            [
              77.77310379700545,
              22.53366566391153
            ],
            [
              77.77367761476184,
              22.53409120973082
            ],
            [
              77.77429037853399,
              22.534458465256822
            ],
            [
              77.77493618762105,
              22.534763893947225
            ],
            [
              77.7756088231073,
              22.535004554630532
            ],
            [
              77.77630180774818,
              22.535178129828502
            ],
            [
              77.77700846834391,
              22.535282948072673
            ],
            [
              77.777722,
              22.535318
            ],
            [
              77.782278,
              22.535318
            ],
            [
              77.7829915316561,
              22.535282948072673
            ],
            [
              77.78369819225182,
              22.535178129828502
            ],
            [
              77.7843911768927,
              22.535004554630532
            ],
            [
              77.78455649689715,
              22.534945405171353
            ],
            [
              77.78472172754958,
              22.535004525644126
            ],
            [
              77.78541474245571,
              22.535178116841333
            ],
            [
              77.78612143521839,
              22.535282944810174
            ],
            [
              77.786835,
              22.535318
            ],
            [
              77.78754856478159,
              22.535282944810174
            ],
            [
              77.78825525754426,
              22.535178116841333
            ],
            [
              77.78894827245041,
              22.53500452564413
            ],
            [
              77.78962093538762,
              22.534763842996682
            ],
            [
              77.79026676824408,
              22.534458386804456
            ],
            [
              77.79087955129637,
              22.534091098777562
            ],
            [
              77.7914533831087,
              22.53366551610048
            ],
            [
              77.79198273736704,
              22.533185737367038
            ],
            [
              77.79246251610047,
              22.532656383108712
            ],
            [
              77.79288809877755,
              22.532082551296384
            ],
            [
              77.79325538680445,
              22.531469768244094
            ],
            [
              77.79356084299668,
              22.530823935387616
            ],
            [
              77.79380152564413,
              22.53015127245041
            ],
            [
              77.79397511684134,
              22.529458257544277
            ],
            [
              77.79407994481016,
              22.528751564781597
            ],
            [
              77.79411499999999,
              22.528038
            ],
            [
              77.79411499999999,
              22.526496474734085
            ],
            [
              77.79440747473407,
              22.526204
            ],
            [
              77.80204752526593,
              22.526204
            ],
            [
              77.80447226263296,
              22.528628737367033
            ],
            [
              77.806897,
              22.53105347473409
            ],
            [
              77.806897,
              22.543250525265915
            ],
            [
              77.80447226263296,
              22.54567526263296
            ],
            [
              77.79991526263296,
              22.550232262632967
            ],
            [
              77.79535826263296,
              22.554789262632962
            ],
            [
              77.79080126263295,
              22.559346262632957
            ],
            [
              77.78624426263296,
              22.56390326263297
            ],
            [
              77.78168726263296,
              22.568460262632957
            ],
            [
              77.77713026263297,
              22.573017262632966
            ],
            [
              77.7725736977855,
              22.577574827542403
            ],
            [
              77.77209404048365,
              22.57810415724798
            ],
            [
              77.77166856837633,
              22.578677946887403
            ],
            [
              77.7713013778485,
              22.57929067209556
            ],
            [
              77.77099600415843,
              22.579936433641205
            ],
            [
              77.7707553874006,
              22.580609014223942
            ],
            [
              77.77058184419894,
              22.581301938333485
            ],
            [
              77.77047704540277,
              22.582008534594973
            ],
            [
              77.770442,
              22.582722
            ],
            [
              77.770442,
              22.587278
            ],
            [
              77.77047705518983,
              22.5879915647816
            ],
            [
              77.77058188315866,
              22.58869825754428
            ],
            [
              77.77075547435587,
              22.589391272450413
            ],
            [
              77.77099615700331,
              22.59006393538762
            ],
            [
              77.77130161319555,
              22.590709768244096
            ],
            [
              77.77166890122244,
              22.591322551296383
            ],
            [
              77.77209448389952,
              22.59189638310871
            ],
            [
              77.77257426263296,
              22.59242573736704
            ],
            [
              77.77310361689129,
              22.592905516100483
            ],
            [
              77.77367744870361,
              22.593331098777565
            ],
            [
              77.7742902317559,
              22.59369838680446
            ],
            [
              77.77493606461238,
              22.594003842996685
            ],
            [
              77.77560872754958,
              22.594244525644132
            ],
            [
              77.77630174245571,
              22.594418116841336
            ],
            [
              77.77700843521839,
              22.594522944810176
            ],
            [
              77.777722,
              22.594558000000003
            ],
            [
              77.7784355647816,
              22.594522944810176
            ],
            [
              77.77914225754428,
              22.594418116841336
            ],
            [
              77.77983527245041,
              22.594244525644132
            ],
            [
              77.78050793538762,
              22.594003842996685
            ],
            [
              77.7811537682441,
              22.59369838680446
            ],
            [
              77.78176655129639,
              22.593331098777565
            ],
            [
              77.7823403831087,
              22.592905516100483
            ],
            [
              77.78286973736704,
              22.59242573736704
            ],
            [
              77.78334951610047,
              22.59189638310871
            ],
            [
              77.78377509877755,
              22.591322551296383
            ],
            [
              77.78414238680445,
              22.590709768244096
            ],
            [
              77.78444784299668,
              22.59006393538762
            ],
            [
              77.78468852564413,
              22.589391272450413
            ],
            [
              77.78486211684134,
              22.58869825754428
            ],
            [
              77.78496694481017,
              22.5879915647816
            ],
            [
              77.78500199999999,
              22.587278
            ],
            [
              77.78500199999999,
              22.585737006784086
            ],
            [
              77.78742601983069,
              22.583312454903385
            ],
            [
              77.79198273736704,
              22.578755737367032
            ],
            [
              77.79653973736704,
              22.574198737367045
            ],
            [
              77.80109673736703,
              22.569641737367032
            ],
            [
              77.80565373736704,
              22.565084737367044
            ],
            [
              77.81021073736704,
              22.56052773736704
            ],
            [
              77.81476773736703,
              22.555970737367034
            ],
            [
              77.81932473736704,
              22.55141373736704
            ],
            [
              77.81980451610048,
              22.55088438310871
            ],
            [
              77.82023009877756,
              22.55031055129638
            ],
            [
              77.82059738680445,
              22.549697768244094
            ],
            [
              77.82090284299669,
              22.549051935387617
            ],
            [
              77.82114352564413,
              22.54837927245041
            ],
            [
              77.82131711684134,
              22.547686257544278
            ],
            [
              77.82142194481017,
              22.546979564781598
            ],
            [
              77.821457,
              22.546266
            ],
            [
              77.821457,
              22.528038
            ],
            [
              77.82142194481017,
              22.5273244352184
            ],
            [
              77.82131711684134,
              22.52661774245572
            ],
            [
              77.82114352564413,
              22.525924727549587
            ],
            [
              77.82090284299669,
              22.52525206461238
            ],
            [
              77.82059738680445,
              22.524606231755904
            ],
            [
              77.82023009877756,
              22.523993448703614
            ],
            [
              77.81980451610048,
              22.523419616891285
            ],
            [
              77.81932473736704,
              22.522890262632956
            ],
            [
              77.81476773736703,
              22.518333262632957
            ],
            [
              77.81021073736704,
              22.513776262632966
            ],
            [
              77.80968138310872,
              22.51329648389952
            ],
            [
              77.80910755129639,
              22.51287090122244
            ],
            [
              77.8084947682441,
              22.512503613195545
            ],
            [
              77.80784893538763,
              22.51219815700332
            ],
            [
              77.80717627245042,
              22.511957474355867
            ],
            [
              77.80648325754429,
              22.511783883158664
            ],
            [
              77.80577656478161,
              22.511679055189823
            ],
            [
              77.805063,
              22.511643999999997
            ],
            [
              77.791392,
              22.511643999999997
            ],
            [
              77.7906784352184,
              22.511679055189823
            ],
            [
              77.78997174245572,
              22.511783883158664
            ],
            [
              77.78927872754959,
              22.511957474355867
            ],
            [
              77.78860606461238,
              22.512198157003315
            ],
            [
              77.7879602317559,
              22.51250361319554
            ],
            [
              77.78734744870361,
              22.512870901222435
            ],
            [
              77.7867736168913,
              22.513296483899516
            ],
            [
              77.78624426263296,
              22.51377626263296
            ],
            [
              77.78368205905541,
              22.516338466210517
            ],
            [
              77.78299121696301,
              22.516236020941115
            ],
            [
              77.78227760057062,
              22.51620100001096
            ],
            [
              77.7815639880255,
              22.51623609924842
            ],
            [
              77.780857252766,
              22.516340980581464
            ],
            [
              77.78016420198924,
              22.51651463380451
            ],
            [
              77.78000001019541,
              22.516573397176007
            ],
            [
              77.77983603689786,
              22.51651470629427
            ],
            [
              77.77914304104463,
              22.516341039051266
            ],
            [
              77.77843635978934,
              22.516236133535298
            ],
            [
              77.77772279885876,
              22.516201000043832
            ],
            [
              77.77700923023473,
              22.516235976931593
            ],
            [
              77.77630252597318,
              22.51634072735204
            ],
            [
              77.77560949202248,
              22.516514242501355
            ],
            [
              77.77493680267841,
              22.5167548513338
            ],
            [
              77.7742909363071,
              22.517060236654785
            ],
            [
              77.77367811295476,
              22.517427457436735
            ],
            [
              77.77310423444527,
              22.51785297714277
            ],
            [
              77.7725748275424,
              22.518332697785507
            ],
            [
              77.77209499072403,
              22.51886199939292
            ],
            [
              77.77166934508102,
              22.519435784501184
            ],
            [
              77.77130198981361,
              22.52004852724604
            ],
            [
              77.77099646275383,
              22.520694326579896
            ],
            [
              77.77075570629427,
              22.52136696310214
            ],
            [
              77.77058203905126,
              22.52205995895536
            ],
            [
              77.7704771335353,
              22.52276664021066
            ],
            [
              77.77044200004383,
              22.52348020114124
            ],
            [
              77.77047697693159,
              22.524193769765265
            ],
            [
              77.77058172735204,
              22.524900474026815
            ],
            [
              77.77075524250135,
              22.52559350797752
            ],
            [
              77.77081461243957,
              22.525759493259073
            ]
          ]
        ]
      }
    },
    {
      "type": "Feature",
      "properties": {
        "depth_band": "1.0 - 2.0",
        "min_depth": 1.0,
        "max_depth": 2.0,
        "max_depth_m": 8.7,
        "avg_depth_m": 4.3,
        "hazard_level": "Moderate",
        "zone": "reservoir",
        "timestep_min": 330
      },
      "geometry": {
        "type": "Polygon",
        "coordinates": [
          [
            [
              77.77363799863924,
              22.52575949787959
            ],
            [
              77.77359439667595,
              22.525832259580245
            ],
            [
              77.7733980800327,
              22.526247436927548
            ],
            [
              77.77324340122694,
              22.526679856771196
            ],
            [
              77.77313184976148,
              22.52712535505928
            ],
            [
              77.77306449983793,
              22.52757964179905
            ],
            [
              77.77304200001252,
              22.52803834236804
            ],
            [
              77.7730645669507,
              22.52849703964014
            ],
            [
              77.77313198334072,
              22.528951316521006
            ],
            [
              77.77324359998634,
              22.529396798483102
            ],
            [
              77.77339834205829,
              22.52982919569089
            ],
            [
              77.7735947194445,
              22.530244344310443
            ],
            [
              77.77383084109943,
              22.5306382466057
            ],
            [
              77.77410443325407,
              22.531007109435286
            ],
            [
              77.77441286131165,
              22.53134738077912
            ],
            [
              77.7747531552178,
              22.531655783943126
            ],
            [
              77.77512203806117,
              22.53192934911267
            ],
            [
              77.775515957629,
              22.532165441950813
            ],
            [
              77.77593112061354,
              22.53236178896607
            ],
            [
              77.77636352914041,
              22.53251649940534
            ],
            [
              77.7768090192667,
              22.53262808346118
            ],
            [
              77.77726330107822,
              22.532695466618147
            ],
            [
              77.777722,
              22.532718
            ],
            [
              77.782278,
              22.532718
            ],
            [
              77.78273669892178,
              22.532695466618147
            ],
            [
              77.78319098073331,
              22.53262808346118
            ],
            [
              77.78363647085959,
              22.53251649940534
            ],
            [
              77.78406887938647,
              22.53236178896607
            ],
            [
              77.784484042371,
              22.532165441950813
            ],
            [
              77.78455649695903,
              22.532122016818583
            ],
            [
              77.78462886327165,
              22.532165391517147
            ],
            [
              77.78504404153652,
              22.53236175621215
            ],
            [
              77.78547646771044,
              22.532516480771225
            ],
            [
              77.78592197729296,
              22.532628075112285
            ],
            [
              77.78637627978325,
              22.532695464520824
            ],
            [
              77.786835,
              22.532718
            ],
            [
              77.78729372021674,
              22.532695464520824
            ],
            [
              77.78774802270704,
              22.532628075112285
            ],
            [
              77.78819353228954,
              22.532516480771225
            ],
            [
              77.78862595846346,
              22.532361756212154
            ],
            [
              77.78904113672834,
              22.53216539151715
            ],
            [
              77.78943506869052,
              22.531929277785576
            ],
            [
              77.78980396056988,
              22.531655688921738
            ],
            [
              77.79014425973595,
              22.531347259735952
            ],
            [
              77.79045268892173,
              22.531006960569886
            ],
            [
              77.79072627778557,
              22.530638068690532
            ],
            [
              77.79096239151714,
              22.530244136728346
            ],
            [
              77.79115875621216,
              22.52982895846347
            ],
            [
              77.79131348077122,
              22.52939653228955
            ],
            [
              77.79142507511229,
              22.528951022707034
            ],
            [
              77.79149246452083,
              22.52849672021674
            ],
            [
              77.79151499999999,
              22.528038
            ],
            [
              77.79151499999999,
              22.525419519471917
            ],
            [
              77.79333051947191,
              22.523604
            ],
            [
              77.8031244805281,
              22.523604
            ],
            [
              77.80631074026404,
              22.52679025973595
            ],
            [
              77.80949700000001,
              22.529976519471923
            ],
            [
              77.80949700000001,
              22.544327480528082
            ],
            [
              77.80631074026404,
              22.547513740264048
            ],
            [
              77.80175374026405,
              22.55207074026405
            ],
            [
              77.79719674026404,
              22.556627740264048
            ],
            [
              77.79263974026404,
              22.561184740264043
            ],
            [
              77.78808274026404,
              22.565741740264052
            ],
            [
              77.78352574026404,
              22.570298740264043
            ],
            [
              77.77896874026405,
              22.57485574026405
            ],
            [
              77.77441237714783,
              22.579413103420116
            ],
            [
              77.7741040260252,
              22.57975338680227
            ],
            [
              77.77383050824191,
              22.580122251570472
            ],
            [
              77.77359445718832,
              22.580516146347144
            ],
            [
              77.77339814553042,
              22.580931278769345
            ],
            [
              77.77324346332895,
              22.581363652001105
            ],
            [
              77.77313189984218,
              22.581809103214383
            ],
            [
              77.7730645291875,
              22.582263343668195
            ],
            [
              77.773042,
              22.582722
            ],
            [
              77.773042,
              22.587278
            ],
            [
              77.77306453547916,
              22.587736720216743
            ],
            [
              77.7731319248877,
              22.588191022707036
            ],
            [
              77.77324351922877,
              22.588636532289552
            ],
            [
              77.77339824378784,
              22.58906895846347
            ],
            [
              77.77359460848285,
              22.58948413672835
            ],
            [
              77.77383072221443,
              22.589878068690535
            ],
            [
              77.77410431107826,
              22.590246960569885
            ],
            [
              77.77441274026404,
              22.590587259735955
            ],
            [
              77.77475303943011,
              22.590895688921737
            ],
            [
              77.77512193130947,
              22.59116927778558
            ],
            [
              77.77551586327165,
              22.591405391517153
            ],
            [
              77.77593104153652,
              22.591601756212153
            ],
            [
              77.77636346771044,
              22.591756480771227
            ],
            [
              77.77680897729296,
              22.591868075112288
            ],
            [
              77.77726327978326,
              22.591935464520827
            ],
            [
              77.777722,
              22.591958
            ],
            [
              77.77818072021674,
              22.591935464520827
            ],
            [
              77.77863502270704,
              22.591868075112288
            ],
            [
              77.77908053228956,
              22.591756480771227
            ],
            [
              77.77951295846347,
              22.591601756212153
            ],
            [
              77.77992813672834,
              22.591405391517153
            ],
            [
              77.78032206869052,
              22.59116927778558
            ],
            [
              77.78069096056988,
              22.590895688921737
            ],
            [
              77.78103125973595,
              22.590587259735955
            ],
            [
              77.78133968892173,
              22.590246960569885
            ],
            [
              77.78161327778557,
              22.589878068690535
            ],
            [
              77.78184939151714,
              22.58948413672835
            ],
            [
              77.78204575621216,
              22.58906895846347
            ],
            [
              77.78220048077122,
              22.588636532289552
            ],
            [
              77.78231207511229,
              22.588191022707036
            ],
            [
              77.78237946452083,
              22.587736720216743
            ],
            [
              77.78240199999999,
              22.587278
            ],
            [
              77.78240199999999,
              22.584660218646913
            ],
            [
              77.78558744129198,
              22.58147407817993
            ],
            [
              77.79014425973595,
              22.57691725973595
            ],
            [
              77.79470125973596,
              22.57236025973596
            ],
            [
              77.79925825973595,
              22.56780325973595
            ],
            [
              77.80381525973596,
              22.56324625973596
            ],
            [
              77.80837225973596,
              22.558689259735953
            ],
            [
              77.81292925973595,
              22.55413225973595
            ],
            [
              77.81748625973596,
              22.549575259735953
            ],
            [
              77.81779468892174,
              22.549234960569883
            ],
            [
              77.81806827778557,
              22.54886606869053
            ],
            [
              77.81830439151715,
              22.548472136728343
            ],
            [
              77.81850075621216,
              22.548056958463466
            ],
            [
              77.81865548077123,
              22.54762453228955
            ],
            [
              77.81876707511229,
              22.547179022707034
            ],
            [
              77.81883446452083,
              22.54672472021674
            ],
            [
              77.818857,
              22.546266
            ],
            [
              77.818857,
              22.528038
            ],
            [
              77.81883446452083,
              22.527579279783257
            ],
            [
              77.81876707511229,
              22.527124977292964
            ],
            [
              77.81865548077123,
              22.526679467710448
            ],
            [
              77.81850075621216,
              22.52624704153653
            ],
            [
              77.81830439151715,
              22.52583186327165
            ],
            [
              77.81806827778557,
              22.525437931309465
            ],
            [
              77.81779468892174,
              22.525069039430115
            ],
            [
              77.81748625973596,
              22.52472874026404
            ],
            [
              77.81292925973595,
              22.520171740264043
            ],
            [
              77.80837225973596,
              22.51561474026405
            ],
            [
              77.80803196056989,
              22.515306311078263
            ],
            [
              77.80766306869054,
              22.515032722214425
            ],
            [
              77.80726913672835,
              22.51479660848285
            ],
            [
              77.80685395846348,
              22.514600243787847
            ],
            [
              77.80642153228956,
              22.514445519228772
            ],
            [
              77.80597602270704,
              22.514333924887712
            ],
            [
              77.80552172021675,
              22.514266535479173
            ],
            [
              77.805063,
              22.514243999999998
            ],
            [
              77.791392,
              22.514243999999998
            ],
            [
              77.79093327978326,
              22.514266535479173
            ],
            [
              77.79047897729296,
              22.514333924887712
            ],
            [
              77.79003346771044,
              22.514445519228772
            ],
            [
              77.78960104153653,
              22.514600243787847
            ],
            [
              77.78918586327165,
              22.51479660848285
            ],
            [
              77.78879193130948,
              22.515032722214425
            ],
            [
              77.78842303943011,
              22.515306311078263
            ],
            [
              77.78808274026404,
              22.515614740264045
            ],
            [
              77.78438891228409,
              22.519308568243996
            ],
            [
              77.78406883984775,
              22.51915719465751
            ],
            [
              77.78363637871418,
              22.519002472645067
            ],
            [
              77.78319083382466,
              22.518890887320712
            ],
            [
              77.78273649661908,
              22.518823513462145
            ],
            [
              77.78227774322397,
              22.518801000007045
            ],
            [
              77.7818189923021,
              22.518823563802556
            ],
            [
              77.78136466249244,
              22.518890987516656
            ],
            [
              77.78091912985023,
              22.51900262173147
            ],
            [
              77.78048668569743,
              22.519157391198387
            ],
            [
              77.78007149528904,
              22.51935380519475
            ],
            [
              77.78000000320556,
              22.519396664898295
            ],
            [
              77.77992858962754,
              22.519353850594467
            ],
            [
              77.77951343291292,
              22.519157440341743
            ],
            [
              77.77908102372005,
              22.519002668332032
            ],
            [
              77.77863552638584,
              22.518891025104384
            ],
            [
              77.77818123129315,
              22.51882358584412
            ],
            [
              77.77772251355206,
              22.518801000028176
            ],
            [
              77.77726379086518,
              22.518823485170312
            ],
            [
              77.77680948098276,
              22.518890824726313
            ],
            [
              77.77636395915731,
              22.519002370179443
            ],
            [
              77.77593151600755,
              22.519157047286015
            ],
            [
              77.77551631619741,
              22.519353366420933
            ],
            [
              77.77512235832805,
              22.519589436923614
            ],
            [
              77.7747534364291,
              22.519862985306066
            ],
            [
              77.77441310342012,
              22.520171377147825
            ],
            [
              77.77410463689402,
              22.52051164246688
            ],
            [
              77.77383100755209,
              22.52088050432219
            ],
            [
              77.77359485059446,
              22.521274410372456
            ],
            [
              77.77339844034174,
              22.521689567087076
            ],
            [
              77.77324366833203,
              22.522121976279948
            ],
            [
              77.77313202510439,
              22.52256747361416
            ],
            [
              77.77306458584411,
              22.523021768706855
            ],
            [
              77.77304200002817,
              22.52348048644794
            ],
            [
              77.77306448517031,
              22.523939209134813
            ],
            [
              77.7731318247263,
              22.524393519017238
            ],
            [
              77.77324337017944,
              22.52483904084269
            ],
            [
              77.77339804728601,
              22.525271483992448
            ],
            [
              77.77359436642094,
              22.52568668380258
            ],
            [
              77.77363799863924,
              22.52575949787959
            ]
          ]
        ]
      }
    },
    {
      "type": "Feature",
      "properties": {
        "depth_band": "2.0 - 3.0",
        "min_depth": 2.0,
        "max_depth": 3.0,
        "max_depth_m": 8.7,
        "avg_depth_m": 4.3,
        "hazard_level": "Moderate",
        "zone": "reservoir",
        "timestep_min": 330
      },
      "geometry": {
        "type": "Polygon",
        "coordinates": [
          [
            [
              77.77632344815603,
              22.5257595
            ],
            [
              77.77588332063767,
              22.526199724122286
            ],
            [
              77.77571199937724,
              22.52638878882598
            ],
            [
              77.77556003372003,
              22.526593734856654
            ],
            [
              77.7754288870422,
              22.526812588655694
            ],
            [
              77.77531982224039,
              22.52704324273753
            ],
            [
              77.77523388957052,
              22.527283475984
            ],
            [
              77.77517191653415,
              22.527530975032935
            ],
            [
              77.77513449990997,
              22.52778335655503
            ],
            [
              77.77512200000696,
              22.52803819020447
            ],
            [
              77.77513453719483,
              22.528293022022304
            ],
            [
              77.77517199074484,
              22.528545398067227
            ],
            [
              77.77523399999241,
              22.52879288804617
            ],
            [
              77.77531996781016,
              22.52903310871716
            ],
            [
              77.77542906635806,
              22.529263746839135
            ],
            [
              77.77556024505523,
              22.529482581447613
            ],
            [
              77.7757122406967,
              22.529687505241828
            ],
            [
              77.77588358961758,
              22.52987654487729
            ],
            [
              77.77607264178766,
              22.530047879968404
            ],
            [
              77.77627757670065,
              22.53019986061815
            ],
            [
              77.77649642090499,
              22.530331023306008
            ],
            [
              77.77672706700751,
              22.53044010498115
            ],
            [
              77.77696729396689,
              22.530526055225188
            ],
            [
              77.7772147884815,
              22.53058804636732
            ],
            [
              77.77746716726568,
              22.530625481454525
            ],
            [
              77.777722,
              22.530638
            ],
            [
              77.782278,
              22.530638
            ],
            [
              77.78253283273432,
              22.530625481454525
            ],
            [
              77.7827852115185,
              22.53058804636732
            ],
            [
              77.78303270603311,
              22.530526055225188
            ],
            [
              77.78327293299249,
              22.53044010498115
            ],
            [
              77.78350357909501,
              22.530331023306008
            ],
            [
              77.78372242329935,
              22.53019986061815
            ],
            [
              77.78392735821234,
              22.530047879968404
            ],
            [
              77.78411641038242,
              22.52987654487729
            ],
            [
              77.7842877593033,
              22.529687505241828
            ],
            [
              77.78443975494477,
              22.529482581447613
            ],
            [
              77.78450079615897,
              22.529380751421126
            ],
            [
              77.78499652236891,
              22.52987647763108
            ],
            [
              77.78518557746118,
              22.53004782717874
            ],
            [
              77.78539051739415,
              22.530199820991985
            ],
            [
              77.78560936848424,
              22.530330995287304
            ],
            [
              77.78584002307585,
              22.530440086784527
            ],
            [
              77.78608025983914,
              22.530526044872904
            ],
            [
              77.78632776516275,
              22.530588041729047
            ],
            [
              77.78658015543515,
              22.530625480289345
            ],
            [
              77.786835,
              22.530638
            ],
            [
              77.78708984456485,
              22.530625480289345
            ],
            [
              77.78734223483724,
              22.530588041729047
            ],
            [
              77.78758974016085,
              22.530526044872904
            ],
            [
              77.78782997692414,
              22.530440086784527
            ],
            [
              77.78806063151575,
              22.530330995287304
            ],
            [
              77.78827948260584,
              22.530199820991985
            ],
            [
              77.78848442253882,
              22.53004782717874
            ],
            [
              77.78867347763108,
              22.529876477631085
            ],
            [
              77.78884482717874,
              22.529687422538824
            ],
            [
              77.78899682099198,
              22.52948248260585
            ],
            [
              77.7891279952873,
              22.529263631515747
            ],
            [
              77.78923708678452,
              22.52903297692415
            ],
            [
              77.7893230448729,
              22.52879274016086
            ],
            [
              77.78938504172905,
              22.528545234837242
            ],
            [
              77.78942248028935,
              22.528292844564856
            ],
            [
              77.789435,
              22.528038
            ],
            [
              77.789435,
              22.524557955262168
            ],
            [
              77.79246895526217,
              22.521524
            ],
            [
              77.80398604473784,
              22.521524
            ],
            [
              77.80778152236891,
              22.525319477631083
            ],
            [
              77.811577,
              22.529114955262166
            ],
            [
              77.811577,
              22.545189044737832
            ],
            [
              77.80778152236891,
              22.548984522368915
            ],
            [
              77.80322452236892,
              22.553541522368917
            ],
            [
              77.79866752236892,
              22.558098522368915
            ],
            [
              77.79411052236891,
              22.562655522368914
            ],
            [
              77.78955352236892,
              22.56721252236892
            ],
            [
              77.78499652236891,
              22.571769522368914
            ],
            [
              77.78043952236892,
              22.576326522368916
            ],
            [
              77.77588332063767,
              22.580883724122288
            ],
            [
              77.77571201445845,
              22.581072770445708
            ],
            [
              77.7755600601344,
              22.58127769531693
            ],
            [
              77.77542892066018,
              22.581496525748417
            ],
            [
              77.77531985862801,
              22.58172715487186
            ],
            [
              77.77523392407164,
              22.581967362222837
            ],
            [
              77.77517194435677,
              22.582214835119103
            ],
            [
              77.77513451621527,
              22.582467190926778
            ],
            [
              77.775122,
              22.582722
            ],
            [
              77.775122,
              22.587278
            ],
            [
              77.77513451971065,
              22.58753284456486
            ],
            [
              77.77517195827095,
              22.587785234837245
            ],
            [
              77.77523395512709,
              22.588032740160862
            ],
            [
              77.77531991321547,
              22.588272976924152
            ],
            [
              77.77542900471269,
              22.58850363151575
            ],
            [
              77.77556017900801,
              22.588722482605853
            ],
            [
              77.77571217282126,
              22.588927422538827
            ],
            [
              77.77588352236891,
              22.589116477631087
            ],
            [
              77.77607257746118,
              22.589287827178744
            ],
            [
              77.77627751739415,
              22.589439820991988
            ],
            [
              77.77649636848425,
              22.589570995287307
            ],
            [
              77.77672702307585,
              22.58968008678453
            ],
            [
              77.77696725983914,
              22.589766044872906
            ],
            [
              77.77721476516275,
              22.58982804172905
            ],
            [
              77.77746715543515,
              22.589865480289347
            ],
            [
              77.777722,
              22.589878000000002
            ],
            [
              77.77797684456485,
              22.589865480289347
            ],
            [
              77.77822923483724,
              22.58982804172905
            ],
            [
              77.77847674016085,
              22.589766044872906
            ],
            [
              77.77871697692414,
              22.58968008678453
            ],
            [
              77.77894763151575,
              22.589570995287307
            ],
            [
              77.77916648260585,
              22.589439820991988
            ],
            [
              77.77937142253882,
              22.589287827178744
            ],
            [
              77.77956047763108,
              22.589116477631087
            ],
            [
              77.77973182717874,
              22.588927422538827
            ],
            [
              77.77988382099198,
              22.588722482605853
            ],
            [
              77.7800149952873,
              22.58850363151575
            ],
            [
              77.78012408678453,
              22.588272976924152
            ],
            [
              77.7802100448729,
              22.588032740160862
            ],
            [
              77.78027204172905,
              22.587785234837245
            ],
            [
              77.78030948028935,
              22.58753284456486
            ],
            [
              77.780322,
              22.587278
            ],
            [
              77.780322,
              22.583798788137173
            ],
            [
              77.78411657853871,
              22.580003376723454
            ],
            [
              77.78867347763108,
              22.575446477631083
            ],
            [
              77.79323047763108,
              22.570889477631088
            ],
            [
              77.79778747763108,
              22.566332477631082
            ],
            [
              77.80234447763108,
              22.561775477631087
            ],
            [
              77.80690147763109,
              22.557218477631086
            ],
            [
              77.81145847763108,
              22.552661477631084
            ],
            [
              77.81601547763108,
              22.548104477631085
            ],
            [
              77.81618682717874,
              22.547915422538825
            ],
            [
              77.81633882099199,
              22.54771048260585
            ],
            [
              77.8164699952873,
              22.547491631515747
            ],
            [
              77.81657908678453,
              22.54726097692415
            ],
            [
              77.8166650448729,
              22.54702074016086
            ],
            [
              77.81672704172905,
              22.546773234837243
            ],
            [
              77.81676448028935,
              22.546520844564856
            ],
            [
              77.816777,
              22.546266
            ],
            [
              77.816777,
              22.528038
            ],
            [
              77.81676448028935,
              22.52778315543514
            ],
            [
              77.81672704172905,
              22.527530765162755
            ],
            [
              77.8166650448729,
              22.527283259839137
            ],
            [
              77.81657908678453,
              22.527043023075848
            ],
            [
              77.8164699952873,
              22.52681236848425
            ],
            [
              77.81633882099199,
              22.526593517394147
            ],
            [
              77.81618682717874,
              22.526388577461173
            ],
            [
              77.81601547763108,
              22.526199522368913
            ],
            [
              77.81145847763108,
              22.521642522368914
            ],
            [
              77.80690147763109,
              22.517085522368916
            ],
            [
              77.80671242253882,
              22.516914172821256
            ],
            [
              77.80650748260585,
              22.516762179008012
            ],
            [
              77.80628863151576,
              22.516631004712693
            ],
            [
              77.80605797692415,
              22.51652191321547
            ],
            [
              77.80581774016086,
              22.516435955127093
            ],
            [
              77.80557023483725,
              22.51637395827095
            ],
            [
              77.80531784456485,
              22.516336519710652
            ],
            [
              77.805063,
              22.516323999999997
            ],
            [
              77.791392,
              22.516323999999997
            ],
            [
              77.79113715543515,
              22.516336519710652
            ],
            [
              77.79088476516276,
              22.51637395827095
            ],
            [
              77.79063725983914,
              22.516435955127093
            ],
            [
              77.79039702307585,
              22.516521913215467
            ],
            [
              77.79016636848425,
              22.516631004712693
            ],
            [
              77.78994751739415,
              22.516762179008012
            ],
            [
              77.78974257746118,
              22.516914172821252
            ],
            [
              77.78955352236892,
              22.517085522368912
            ],
            [
              77.78499652236891,
              22.521642522368914
            ],
            [
              77.78482517282126,
              22.521831577461175
            ],
            [
              77.78467317900801,
              22.52203651739415
            ],
            [
              77.78461220374189,
              22.522138248479713
            ],
            [
              77.78411647763109,
              22.521642522368918
            ],
            [
              77.78392740875472,
              22.521471161509012
            ],
            [
              77.78372245295274,
              22.52131915919473
            ],
            [
              77.78350358433711,
              22.521187979495807
            ],
            [
              77.78327291102653,
              22.521078885920836
            ],
            [
              77.78303265484121,
              22.520992929247257
            ],
            [
              77.78278512990259,
              22.520930937400394
            ],
            [
              77.78253272034394,
              22.52089350747897
            ],
            [
              77.78227785734666,
              22.520881000003914
            ],
            [
              77.7820229957234,
              22.520893535445865
            ],
            [
              77.78177059027357,
              22.52093099306481
            ],
            [
              77.78152307213901,
              22.52099301207304
            ],
            [
              77.78128282538746,
              22.521078995110216
            ],
            [
              77.78105216404947,
              22.521188113997084
            ],
            [
              77.78083330982994,
              22.5213193177124
            ],
            [
              77.78062837070891,
              22.521471342516257
            ],
            [
              77.78043932063768,
              22.521642724122287
            ],
            [
              77.78,
              22.522082141186797
            ],
            [
              77.77956067936232,
              22.521642724122287
            ],
            [
              77.77937164307396,
              22.521471353830012
            ],
            [
              77.779166719821,
              22.52131933752894
            ],
            [
              77.7789478831264,
              22.52118813921915
            ],
            [
              77.77871724050718,
              22.52107902241208
            ],
            [
              77.7784770131778,
              22.52099303796224
            ],
            [
              77.7782295146588,
              22.520931013946882
            ],
            [
              77.77797712849619,
              22.520893547691177
            ],
            [
              77.7777222853067,
              22.520881000015653
            ],
            [
              77.77746743936954,
              22.520893491761285
            ],
            [
              77.77721504499043,
              22.52093090262573
            ],
            [
              77.77696753286517,
              22.520992872321912
            ],
            [
              77.77672728667086,
              22.521078804047786
            ],
            [
              77.77649662010967,
              22.521187870233852
            ],
            [
              77.77627775462669,
              22.52131902051312
            ],
            [
              77.77607279801616,
              22.521470991836704
            ],
            [
              77.77588372412228,
              22.52164232063768
            ],
            [
              77.77571235383,
              22.521831356926043
            ],
            [
              77.77556033752893,
              22.522036280178995
            ],
            [
              77.77542913921914,
              22.522255116873588
            ],
            [
              77.77532002241207,
              22.52248575949282
            ],
            [
              77.77523403796224,
              22.522725986822195
            ],
            [
              77.77517201394687,
              22.5229734853412
            ],
            [
              77.77513454769118,
              22.523225871503808
            ],
            [
              77.77512200001566,
              22.5234807146933
            ],
            [
              77.77513449176128,
              22.523735560630453
            ],
            [
              77.77517190262573,
              22.523987955009577
            ],
            [
              77.7752338723219,
              22.52423546713483
            ],
            [
              77.77531980404778,
              22.52447571332914
            ],
            [
              77.77542887023385,
              22.524706379890322
            ],
            [
              77.77556002051311,
              22.524925245373304
            ],
            [
              77.7757119918367,
              22.525130201983835
            ],
            [
              77.77588332063767,
              22.525319275877713
            ],
            [
              77.77632344815603,
              22.5257595
            ]
          ]
        ]
      }
    },
    {
      "type": "Feature",
      "properties": {
        "timestep_min": 330,
        "depth_band": "0.1 - 0.5",
        "min_depth": 0.1,
        "max_depth": 0.5,
        "max_depth_m": 1.2,
        "avg_depth_m": 0.6,
        "inundated_area_km2": 0.13,
        "hazard_level": "Moderate",
        "zone": "downstream",
        "wave_front_km": 91.8
      },
      "geometry": {
        "type": "Polygon",
        "coordinates": [
          [
            [
              77.78016504442645,
              22.58275001329974
            ],
            [
              77.60176536170282,
              22.453691082390392
            ],
            [
              77.60017828788591,
              22.453630106392353
            ],
            [
              77.77537331367822,
              22.590015394256955
            ],
            [
              77.78016504442645,
              22.58275001329974
            ]
          ]
        ]
      }
    },
    {
      "type": "Feature",
      "properties": {
        "timestep_min": 330,
        "depth_band": "0.5 - 1.0",
        "min_depth": 0.5,
        "max_depth": 1.0,
        "max_depth_m": 1.2,
        "avg_depth_m": 0.6,
        "inundated_area_km2": 0.1,
        "hazard_level": "Moderate",
        "zone": "downstream",
        "wave_front_km": 91.8
      },
      "geometry": {
        "type": "Polygon",
        "coordinates": [
          [
            [
              77.76344350005093,
              22.571556329168097
            ],
            [
              77.62964373800818,
              22.474762130986086
            ],
            [
              77.6284534326455,
              22.474716398987557
            ],
            [
              77.75984970198974,
              22.57700536488601
            ],
            [
              77.76344350005093,
              22.571556329168097
            ]
          ]
        ]
      }
    },
    {
      "type": "Feature",
      "properties": {
        "timestep_min": 330,
        "depth_band": "1.0 - 2.0",
        "min_depth": 1.0,
        "max_depth": 2.0,
        "max_depth_m": 1.2,
        "avg_depth_m": 0.6,
        "inundated_area_km2": 0.07,
        "hazard_level": "High",
        "zone": "downstream",
        "wave_front_km": 91.8
      },
      "geometry": {
        "type": "Polygon",
        "coordinates": [
          [
            [
              77.75006626455048,
              22.562601381862784
            ],
            [
              77.6519464390525,
              22.491618969862643
            ],
            [
              77.65107354845318,
              22.49158543306372
            ],
            [
              77.74743081263895,
              22.566597341389247
            ],
            [
              77.75006626455048,
              22.562601381862784
            ]
          ]
        ]
      }
    },
    {
      "type": "Feature",
      "properties": {
        "depth_band": "0.1 - 0.5",
        "min_depth": 0.1,
        "max_depth": 0.5,
        "max_depth_m": 8.7,
        "avg_depth_m": 4.3,
        "hazard_level": "Moderate",
        "zone": "reservoir",
        "timestep_min": 360
      },
      "geometry": {
        "type": "Polygon",
        "coordinates": [
          [
            [
              77.7675843694637,
              22.525759484552143
            ],
            [
              77.76752166613662,
              22.52600990013174
            ],
            [
              77.76737199963985,
              22.527019426220118
            ],
            [
              77.76732200002783,
              22.528038760817868
            ],
            [
              77.76737214877932,
              22.529058088089204
            ],
            [
              77.76752196297937,
              22.530067592268907
            ],
            [
              77.76776999996964,
              22.531057552184674
            ],
            [
              77.76811387124064,
              22.532018434868647
            ],
            [
              77.76855026543222,
              22.53294098735654
            ],
            [
              77.76907498022094,
              22.53381632579045
            ],
            [
              77.76968296278682,
              22.53463602096731
            ],
            [
              77.77036835847031,
              22.535392179509156
            ],
            [
              77.77112456715065,
              22.53607751987362
            ],
            [
              77.77194430680262,
              22.536685442472603
            ],
            [
              77.77281968362,
              22.537210093224033
            ],
            [
              77.77374226803008,
              22.537646419924606
            ],
            [
              77.77470317586759,
              22.53799022090076
            ],
            [
              77.77569315392599,
              22.53823818546929
            ],
            [
              77.77670266906273,
              22.538387925818107
            ],
            [
              77.777722,
              22.538438
            ],
            [
              77.782278,
              22.538438
            ],
            [
              77.78329733093727,
              22.538387925818107
            ],
            [
              77.78430684607402,
              22.53823818546929
            ],
            [
              77.78455649645015,
              22.538175654338144
            ],
            [
              77.78480606065102,
              22.53823816691619
            ],
            [
              77.78581562174057,
              22.53838792115739
            ],
            [
              77.786835,
              22.538438
            ],
            [
              77.78785437825942,
              22.53838792115739
            ],
            [
              77.78886393934896,
              22.538238166916194
            ],
            [
              77.78985396064344,
              22.537990179491615
            ],
            [
              77.79081490769659,
              22.537646347138118
            ],
            [
              77.79173752606299,
              22.537209981149225
            ],
            [
              77.7926129304234,
              22.536685283967948
            ],
            [
              77.7934326901553,
              22.536077308714972
            ],
            [
              77.79418891052434,
              22.53539191052434
            ],
            [
              77.79487430871497,
              22.5346356901553
            ],
            [
              77.79548228396794,
              22.533815930423405
            ],
            [
              77.79600698114922,
              22.53294052606299
            ],
            [
              77.79644334713811,
              22.5320179076966
            ],
            [
              77.79678717949162,
              22.531056960643447
            ],
            [
              77.79703516691619,
              22.530066939348966
            ],
            [
              77.7971453715582,
              22.529324
            ],
            [
              77.80075517895132,
              22.529324
            ],
            [
              77.80226608947565,
              22.53083491052433
            ],
            [
              77.803777,
              22.532345821048672
            ],
            [
              77.803777,
              22.54195817895131
            ],
            [
              77.80226608947565,
              22.543469089475657
            ],
            [
              77.79770908947566,
              22.548026089475666
            ],
            [
              77.79315208947565,
              22.552583089475657
            ],
            [
              77.78859508947566,
              22.557140089475656
            ],
            [
              77.78403808947566,
              22.561697089475665
            ],
            [
              77.77948108947567,
              22.566254089475656
            ],
            [
              77.77492408947566,
              22.570811089475665
            ],
            [
              77.77036728255072,
              22.57536889648915
            ],
            [
              77.76968205783379,
              22.57612508178283
            ],
            [
              77.7690742405376,
              22.57694478126772
            ],
            [
              77.76854968264072,
              22.577820102993655
            ],
            [
              77.76811343451205,
              22.57874261948744
            ],
            [
              77.76776969628656,
              22.579703448891348
            ],
            [
              77.76752177742706,
              22.580693340476408
            ],
            [
              77.7673720648611,
              22.581702763707106
            ],
            [
              77.767322,
              22.582722
            ],
            [
              77.767322,
              22.587278
            ],
            [
              77.76737207884261,
              22.58829737825943
            ],
            [
              77.7675218330838,
              22.58930693934897
            ],
            [
              77.76776982050838,
              22.590296960643446
            ],
            [
              77.76811365286189,
              22.591257907696598
            ],
            [
              77.76855001885077,
              22.592180526062993
            ],
            [
              77.76907471603205,
              22.593055930423404
            ],
            [
              77.76968269128503,
              22.593875690155304
            ],
            [
              77.77036808947565,
              22.594631910524342
            ],
            [
              77.7711243098447,
              22.595317308714975
            ],
            [
              77.77194406957659,
              22.595925283967947
            ],
            [
              77.772819473937,
              22.596449981149224
            ],
            [
              77.7737420923034,
              22.596886347138117
            ],
            [
              77.77470303935655,
              22.597230179491618
            ],
            [
              77.77569306065102,
              22.597478166916193
            ],
            [
              77.77670262174057,
              22.597627921157393
            ],
            [
              77.777722,
              22.597678000000002
            ],
            [
              77.77874137825943,
              22.597627921157393
            ],
            [
              77.77975093934897,
              22.597478166916193
            ],
            [
              77.78074096064344,
              22.597230179491618
            ],
            [
              77.7817019076966,
              22.596886347138117
            ],
            [
              77.78262452606299,
              22.596449981149224
            ],
            [
              77.7834999304234,
              22.595925283967947
            ],
            [
              77.7843196901553,
              22.595317308714975
            ],
            [
              77.78507591052434,
              22.594631910524342
            ],
            [
              77.78576130871497,
              22.593875690155304
            ],
            [
              77.78636928396794,
              22.593055930423404
            ],
            [
              77.78689398114922,
              22.592180526062993
            ],
            [
              77.78733034713811,
              22.591257907696598
            ],
            [
              77.78767417949162,
              22.590296960643446
            ],
            [
              77.78792216691619,
              22.58930693934897
            ],
            [
              77.78807192115738,
              22.58829737825943
            ],
            [
              77.788122,
              22.587278
            ],
            [
              77.788122,
              22.58702915254868
            ],
            [
              77.78963231400915,
              22.585518507039527
            ],
            [
              77.79418891052434,
              22.580961910524334
            ],
            [
              77.79874591052433,
              22.576404910524346
            ],
            [
              77.80330291052434,
              22.571847910524337
            ],
            [
              77.80785991052433,
              22.567290910524346
            ],
            [
              77.81241691052435,
              22.562733910524344
            ],
            [
              77.81697391052434,
              22.558176910524335
            ],
            [
              77.82153091052434,
              22.553619910524343
            ],
            [
              77.82221630871497,
              22.552863690155302
            ],
            [
              77.82282428396795,
              22.5520439304234
            ],
            [
              77.82334898114922,
              22.55116852606299
            ],
            [
              77.82378534713811,
              22.550245907696596
            ],
            [
              77.82412917949162,
              22.549284960643444
            ],
            [
              77.8243771669162,
              22.548294939348967
            ],
            [
              77.82452692115739,
              22.547285378259428
            ],
            [
              77.824577,
              22.546266
            ],
            [
              77.824577,
              22.528038
            ],
            [
              77.82452692115739,
              22.52701862174057
            ],
            [
              77.8243771669162,
              22.526009060651027
            ],
            [
              77.82412917949162,
              22.52501903935655
            ],
            [
              77.82378534713811,
              22.5240580923034
            ],
            [
              77.82334898114922,
              22.523135473937003
            ],
            [
              77.82282428396795,
              22.52226006957659
            ],
            [
              77.82221630871497,
              22.52144030984469
            ],
            [
              77.82153091052433,
              22.520684089475655
            ],
            [
              77.81697391052434,
              22.516127089475663
            ],
            [
              77.81241691052435,
              22.51157008947567
            ],
            [
              77.8116606901553,
              22.510884691285032
            ],
            [
              77.81084093042341,
              22.510276716032056
            ],
            [
              77.809965526063,
              22.50975201885078
            ],
            [
              77.80904290769661,
              22.509315652861883
            ],
            [
              77.80808196064345,
              22.508971820508386
            ],
            [
              77.80709193934898,
              22.508723833083806
            ],
            [
              77.80608237825943,
              22.508574078842607
            ],
            [
              77.805063,
              22.508523999999998
            ],
            [
              77.791392,
              22.508523999999998
            ],
            [
              77.79037262174057,
              22.508574078842607
            ],
            [
              77.78936306065103,
              22.508723833083806
            ],
            [
              77.78837303935656,
              22.508971820508382
            ],
            [
              77.7874120923034,
              22.509315652861883
            ],
            [
              77.78648947393701,
              22.509752018850776
            ],
            [
              77.7856140695766,
              22.510276716032052
            ],
            [
              77.7847943098447,
              22.510884691285025
            ],
            [
              77.78403808947566,
              22.511570089475654
            ],
            [
              77.78251549575977,
              22.513092683191537
            ],
            [
              77.78227742938661,
              22.513081000015653
            ],
            [
              77.78125798289356,
              22.513131141783457
            ],
            [
              77.78024836109428,
              22.513280972259235
            ],
            [
              77.78000002334704,
              22.51334319663248
            ],
            [
              77.7797520586352,
              22.513281055787523
            ],
            [
              77.77874251398477,
              22.51313119076471
            ],
            [
              77.7777231412268,
              22.513081000062616
            ],
            [
              77.77670375747819,
              22.513130967045136
            ],
            [
              77.77569417996169,
              22.513280610502914
            ],
            [
              77.77470413146068,
              22.51352848928765
            ],
            [
              77.77374314668344,
              22.513872216191142
            ],
            [
              77.77282048043871,
              22.51430848093541
            ],
            [
              77.77194501850678,
              22.514833082052476
            ],
            [
              77.77112519206466,
              22.515440967346812
            ],
            [
              77.77036889648915,
              22.516126282550726
            ],
            [
              77.76968341532005,
              22.516882427704175
            ],
            [
              77.76907535011576,
              22.517702120715978
            ],
            [
              77.76855055687659,
              22.518577467494342
            ],
            [
              77.76811408964832,
              22.51950003797128
            ],
            [
              77.76777015184895,
              22.520460947288772
            ],
            [
              77.76752205578752,
              22.5214509413648
            ],
            [
              77.7673721907647,
              22.522460486015227
            ],
            [
              77.7673220000626,
              22.5234798587732
            ],
            [
              77.76737196704514,
              22.52449924252181
            ],
            [
              77.76752161050291,
              22.525508820038304
            ],
            [
              77.7675843694637,
              22.525759484552143
            ]
          ]
        ]
      }
    },
    {
      "type": "Feature",
      "properties": {
        "depth_band": "0.5 - 1.0",
        "min_depth": 0.5,
        "max_depth": 1.0,
        "max_depth_m": 8.7,
        "avg_depth_m": 4.3,
        "hazard_level": "Moderate",
        "zone": "reservoir",
        "timestep_min": 360
      },
      "geometry": {
        "type": "Polygon",
        "coordinates": [
          [
            [
              77.77081461243957,
              22.525759493259073
            ],
            [
              77.77075529079745,
              22.525925332755197
            ],
            [
              77.77058176629563,
              22.52661833009222
            ],
            [
              77.7704769997479,
              22.527324998354082
            ],
            [
              77.77044200001947,
              22.52803853257251
            ],
            [
              77.77047710414551,
              22.528752061662445
            ],
            [
              77.77058197408556,
              22.529458714588234
            ],
            [
              77.77075559997876,
              22.530151686529273
            ],
            [
              77.77099630986845,
              22.530824304408053
            ],
            [
              77.77130178580256,
              22.53147009114958
            ],
            [
              77.77166908615466,
              22.532082828053316
            ],
            [
              77.77209467395078,
              22.532656614677116
            ],
            [
              77.77257445092921,
              22.533185925656408
            ],
            [
              77.77310379700545,
              22.53366566391153
            ],
            [
              77.77367761476184,
              22.53409120973082
            ],
            [
              77.77429037853399,
              22.534458465256822
            ],
            [
              77.77493618762105,
              22.534763893947225
            ],
            [
              77.7756088231073,
              22.535004554630532
            ],
            [
              77.77630180774818,
              22.535178129828502
            ],
            [
              77.77700846834391,
              22.535282948072673
            ],
            [
              77.777722,
              22.535318
            ],
            [
              77.782278,
              22.535318
            ],
            [
              77.7829915316561,
              22.535282948072673
            ],
            [
              77.78369819225182,
              22.535178129828502
            ],
            [
              77.7843911768927,
              22.535004554630532
            ],
            [
              77.78455649689715,
              22.534945405171353
            ],
            [
              77.78472172754958,
              22.535004525644126
            ],
            [
              77.78541474245571,
              22.535178116841333
            ],
            [
              77.78612143521839,
              22.535282944810174
            ],
            [
              77.786835,
              22.535318
            ],
            [
              77.78754856478159,
              22.535282944810174
            ],
            [
              77.78825525754426,
              22.535178116841333
            ],
            [
              77.78894827245041,
              22.53500452564413
            ],
            [
              77.78962093538762,
              22.534763842996682
            ],
            [
              77.79026676824408,
              22.534458386804456
            ],
            [
              77.79087955129637,
              22.534091098777562
            ],
            [
              77.7914533831087,
              22.53366551610048
            ],
            [
              77.79198273736704,
              22.533185737367038
            ],
            [
              77.79246251610047,
              22.532656383108712
            ],
            [
              77.79288809877755,
              22.532082551296384
            ],
            [
              77.79325538680445,
              22.531469768244094
            ],
            [
              77.79356084299668,
              22.530823935387616
            ],
            [
              77.79380152564413,
              22.53015127245041
            ],
            [
              77.79397511684134,
              22.529458257544277
            ],
            [
              77.79407994481016,
              22.528751564781597
            ],
            [
              77.79411499999999,
              22.528038
            ],
            [
              77.79411499999999,
              22.526496474734085
            ],
            [
              77.79440747473407,
              22.526204
            ],
            [
              77.80204752526593,
              22.526204
            ],
            [
              77.80447226263296,
              22.528628737367033
            ],
            [
              77.806897,
              22.53105347473409
            ],
            [
              77.806897,
              22.543250525265915
            ],
            [
              77.80447226263296,
              22.54567526263296
            ],
            [
              77.79991526263296,
              22.550232262632967
            ],
            [
              77.79535826263296,
              22.554789262632962
            ],
            [
              77.79080126263295,
              22.559346262632957
            ],
            [
              77.78624426263296,
              22.56390326263297
            ],
            [
              77.78168726263296,
              22.568460262632957
            ],
            [
              77.77713026263297,
              22.573017262632966
            ],
            [
              77.7725736977855,
              22.577574827542403
            ],
            [
              77.77209404048365,
              22.57810415724798
            ],
            [
              77.77166856837633,
              22.578677946887403
            ],
            [
              77.7713013778485,
              22.57929067209556
            ],
            [
              77.77099600415843,
              22.579936433641205
            ],
            [
              77.7707553874006,
              22.580609014223942
            ],
            [
              77.77058184419894,
              22.581301938333485
            ],
            [
              77.77047704540277,
              22.582008534594973
            ],
            [
              77.770442,
              22.582722
            ],
            [
              77.770442,
              22.587278
            ],
            [
              77.77047705518983,
              22.5879915647816
            ],
            [
              77.77058188315866,
              22.58869825754428
            ],
            [
              77.77075547435587,
              22.589391272450413
            ],
            [
              77.77099615700331,
              22.59006393538762
            ],
            [
              77.77130161319555,
              22.590709768244096
            ],
            [
              77.77166890122244,
              22.591322551296383
            ],
            [
              77.77209448389952,
              22.59189638310871
            ],
            [
              77.77257426263296,
              22.59242573736704
            ],
            [
              77.77310361689129,
              22.592905516100483
            ],
            [
              77.77367744870361,
              22.593331098777565
            ],
            [
              77.7742902317559,
              22.59369838680446
            ],
            [
              77.77493606461238,
              22.594003842996685
            ],
            [
              77.77560872754958,
              22.594244525644132
            ],
            [
              77.77630174245571,
              22.594418116841336
            ],
            [
              77.77700843521839,
              22.594522944810176
            ],
            [
              77.777722,
              22.594558000000003
            ],
            [
              77.7784355647816,
              22.594522944810176
            ],
            [
              77.77914225754428,
              22.594418116841336
            ],
            [
              77.77983527245041,
              22.594244525644132
            ],
            [
              77.78050793538762,
              22.594003842996685
            ],
            [
              77.7811537682441,
              22.59369838680446
            ],
            [
              77.78176655129639,
              22.593331098777565
            ],
            [
              77.7823403831087,
              22.592905516100483
            ],
            [
              77.78286973736704,
              22.59242573736704
            ],
            [
              77.78334951610047,
              22.59189638310871
            ],
            [
              77.78377509877755,
              22.591322551296383
            ],
            [
              77.78414238680445,
              22.590709768244096
            ],
            [
              77.78444784299668,
              22.59006393538762
            ],
            [
              77.78468852564413,
              22.589391272450413
            ],
            [
              77.78486211684134,
              22.58869825754428
            ],
            [
              77.78496694481017,
              22.5879915647816
            ],
            [
              77.78500199999999,
              22.587278
            ],
            [
              77.78500199999999,
              22.585737006784086
            ],
            [
              77.78742601983069,
              22.583312454903385
            ],
            [
              77.79198273736704,
              22.578755737367032
            ],
            [
              77.79653973736704,
              22.574198737367045
            ],
            [
              77.80109673736703,
              22.569641737367032
            ],
            [
              77.80565373736704,
              22.565084737367044
            ],
            [
              77.81021073736704,
              22.56052773736704
            ],
            [
              77.81476773736703,
              22.555970737367034
            ],
            [
              77.81932473736704,
              22.55141373736704
            ],
            [
              77.81980451610048,
              22.55088438310871
            ],
            [
              77.82023009877756,
              22.55031055129638
            ],
            [
              77.82059738680445,
              22.549697768244094
            ],
            [
              77.82090284299669,
              22.549051935387617
            ],
            [
              77.82114352564413,
              22.54837927245041
            ],
            [
              77.82131711684134,
              22.547686257544278
            ],
            [
              77.82142194481017,
              22.546979564781598
            ],
            [
              77.821457,
              22.546266
            ],
            [
              77.821457,
              22.528038
            ],
            [
              77.82142194481017,
              22.5273244352184
            ],
            [
              77.82131711684134,
              22.52661774245572
            ],
            [
              77.82114352564413,
              22.525924727549587
            ],
            [
              77.82090284299669,
              22.52525206461238
            ],
            [
              77.82059738680445,
              22.524606231755904
            ],
            [
              77.82023009877756,
              22.523993448703614
            ],
            [
              77.81980451610048,
              22.523419616891285
            ],
            [
              77.81932473736704,
              22.522890262632956
            ],
            [
              77.81476773736703,
              22.518333262632957
            ],
            [
              77.81021073736704,
              22.513776262632966
            ],
            [
              77.80968138310872,
              22.51329648389952
            ],
            [
              77.80910755129639,
              22.51287090122244
            ],
            [
              77.8084947682441,
              22.512503613195545
            ],
            [
              77.80784893538763,
              22.51219815700332
            ],
            [
              77.80717627245042,
              22.511957474355867
            ],
            [
              77.80648325754429,
              22.511783883158664
            ],
            [
              77.80577656478161,
              22.511679055189823
            ],
            [
              77.805063,
              22.511643999999997
            ],
            [
              77.791392,
              22.511643999999997
            ],
            [
              77.7906784352184,
              22.511679055189823
            ],
            [
              77.78997174245572,
              22.511783883158664
            ],
            [
              77.78927872754959,
              22.511957474355867
            ],
            [
              77.78860606461238,
              22.512198157003315
            ],
            [
              77.7879602317559,
              22.51250361319554
            ],
            [
              77.78734744870361,
              22.512870901222435
            ],
            [
              77.7867736168913,
              22.513296483899516
            ],
            [
              77.78624426263296,
              22.51377626263296
            ],
            [
              77.78368205905541,
              22.516338466210517
            ],
            [
              77.78299121696301,
              22.516236020941115
            ],
            [
              77.78227760057062,
              22.51620100001096
            ],
            [
              77.7815639880255,
              22.51623609924842
            ],
            [
              77.780857252766,
              22.516340980581464
            ],
            [
              77.78016420198924,
              22.51651463380451
            ],
            [
              77.78000001019541,
              22.516573397176007
            ],
            [
              77.77983603689786,
              22.51651470629427
            ],
            [
              77.77914304104463,
              22.516341039051266
            ],
            [
              77.77843635978934,
              22.516236133535298
            ],
            [
              77.77772279885876,
              22.516201000043832
            ],
            [
              77.77700923023473,
              22.516235976931593
            ],
            [
              77.77630252597318,
              22.51634072735204
            ],
            [
              77.77560949202248,
              22.516514242501355
            ],
            [
              77.77493680267841,
              22.5167548513338
            ],
            [
              77.7742909363071,
              22.517060236654785
            ],
            [
              77.77367811295476,
              22.517427457436735
            ],
            [
              77.77310423444527,
              22.51785297714277
            ],
            [
              77.7725748275424,
              22.518332697785507
            ],
            [
              77.77209499072403,
              22.51886199939292
            ],
            [
              77.77166934508102,
              22.519435784501184
            ],
            [
              77.77130198981361,
              22.52004852724604
            ],
            [
              77.77099646275383,
              22.520694326579896
            ],
            [
              77.77075570629427,
              22.52136696310214
            ],
            [
              77.77058203905126,
              22.52205995895536
            ],
            [
              77.7704771335353,
              22.52276664021066
            ],
            [
              77.77044200004383,
              22.52348020114124
            ],
            [
              77.77047697693159,
              22.524193769765265
            ],
            [
              77.77058172735204,
              22.524900474026815
            ],
            [
              77.77075524250135,
              22.52559350797752
            ],
            [
              77.77081461243957,
              22.525759493259073
            ]
          ]
        ]
      }
    },
    {
      "type": "Feature",
      "properties": {
        "depth_band": "1.0 - 2.0",
        "min_depth": 1.0,
        "max_depth": 2.0,
        "max_depth_m": 8.7,
        "avg_depth_m": 4.3,
        "hazard_level": "Moderate",
        "zone": "reservoir",
        "timestep_min": 360
      },
      "geometry": {
        "type": "Polygon",
        "coordinates": [
          [
            [
              77.77363799863924,
              22.52575949787959
            ],
            [
              77.77359439667595,
              22.525832259580245
            ],
            [
              77.7733980800327,
              22.526247436927548
            ],
            [
              77.77324340122694,
              22.526679856771196
            ],
            [
              77.77313184976148,
              22.52712535505928
            ],
            [
              77.77306449983793,
              22.52757964179905
            ],
            [
              77.77304200001252,
              22.52803834236804
            ],
            [
              77.7730645669507,
              22.52849703964014
            ],
            [
              77.77313198334072,
              22.528951316521006
            ],
            [
              77.77324359998634,
              22.529396798483102
            ],
            [
              77.77339834205829,
              22.52982919569089
            ],
            [
              77.7735947194445,
              22.530244344310443
            ],
            [
              77.77383084109943,
              22.5306382466057
            ],
            [
              77.77410443325407,
              22.531007109435286
            ],
            [
              77.77441286131165,
              22.53134738077912
            ],
            [
              77.7747531552178,
              22.531655783943126
            ],
            [
              77.77512203806117,
              22.53192934911267
            ],
            [
              77.775515957629,
              22.532165441950813
            ],
            [
              77.77593112061354,
              22.53236178896607
            ],
            [
              77.77636352914041,
              22.53251649940534
            ],
            [
              77.7768090192667,
              22.53262808346118
            ],
            [
              77.77726330107822,
              22.532695466618147
            ],
            [
              77.777722,
              22.532718
            ],
            [
              77.782278,
              22.532718
            ],
            [
              77.78273669892178,
              22.532695466618147
            ],
            [
              77.78319098073331,
              22.53262808346118
            ],
            [
              77.78363647085959,
              22.53251649940534
            ],
            [
              77.78406887938647,
              22.53236178896607
            ],
            [
              77.784484042371,
              22.532165441950813
            ],
            [
              77.78455649695903,
              22.532122016818583
            ],
            [
              77.78462886327165,
              22.532165391517147
            ],
            [
              77.78504404153652,
              22.53236175621215
            ],
            [
              77.78547646771044,
              22.532516480771225
            ],
            [
              77.78592197729296,
              22.532628075112285
            ],
            [
              77.78637627978325,
              22.532695464520824
            ],
            [
              77.786835,
              22.532718
            ],
            [
              77.78729372021674,
              22.532695464520824
            ],
            [
              77.78774802270704,
              22.532628075112285
            ],
            [
              77.78819353228954,
              22.532516480771225
            ],
            [
              77.78862595846346,
              22.532361756212154
            ],
            [
              77.78904113672834,
              22.53216539151715
            ],
            [
              77.78943506869052,
              22.531929277785576
            ],
            [
              77.78980396056988,
              22.531655688921738
            ],
            [
              77.79014425973595,
              22.531347259735952
            ],
            [
              77.79045268892173,
              22.531006960569886
            ],
            [
              77.79072627778557,
              22.530638068690532
            ],
            [
              77.79096239151714,
              22.530244136728346
            ],
            [
              77.79115875621216,
              22.52982895846347
            ],
            [
              77.79131348077122,
              22.52939653228955
            ],
            [
              77.79142507511229,
              22.528951022707034
            ],
            [
              77.79149246452083,
              22.52849672021674
            ],
            [
              77.79151499999999,
              22.528038
            ],
            [
              77.79151499999999,
              22.525419519471917
            ],
            [
              77.79333051947191,
              22.523604
            ],
            [
              77.8031244805281,
              22.523604
            ],
            [
              77.80631074026404,
              22.52679025973595
            ],
            [
              77.80949700000001,
              22.529976519471923
            ],
            [
              77.80949700000001,
              22.544327480528082
            ],
            [
              77.80631074026404,
              22.547513740264048
            ],
            [
              77.80175374026405,
              22.55207074026405
            ],
            [
              77.79719674026404,
              22.556627740264048
            ],
            [
              77.79263974026404,
              22.561184740264043
            ],
            [
              77.78808274026404,
              22.565741740264052
            ],
            [
              77.78352574026404,
              22.570298740264043
            ],
            [
              77.77896874026405,
              22.57485574026405
            ],
            [
              77.77441237714783,
              22.579413103420116
            ],
            [
              77.7741040260252,
              22.57975338680227
            ],
            [
              77.77383050824191,
              22.580122251570472
            ],
            [
              77.77359445718832,
              22.580516146347144
            ],
            [
              77.77339814553042,
              22.580931278769345
            ],
            [
              77.77324346332895,
              22.581363652001105
            ],
            [
              77.77313189984218,
              22.581809103214383
            ],
            [
              77.7730645291875,
              22.582263343668195
            ],
            [
              77.773042,
              22.582722
            ],
            [
              77.773042,
              22.587278
            ],
            [
              77.77306453547916,
              22.587736720216743
            ],
            [
              77.7731319248877,
              22.588191022707036
            ],
            [
              77.77324351922877,
              22.588636532289552
            ],
            [
              77.77339824378784,
              22.58906895846347
            ],
            [
              77.77359460848285,
              22.58948413672835
            ],
            [
              77.77383072221443,
              22.589878068690535
            ],
            [
              77.77410431107826,
              22.590246960569885
            ],
            [
              77.77441274026404,
              22.590587259735955
            ],
            [
              77.77475303943011,
              22.590895688921737
            ],
            [
              77.77512193130947,
              22.59116927778558
            ],
            [
              77.77551586327165,
              22.591405391517153
            ],
            [
              77.77593104153652,
              22.591601756212153
            ],
            [
              77.77636346771044,
              22.591756480771227
            ],
            [
              77.77680897729296,
              22.591868075112288
            ],
            [
              77.77726327978326,
              22.591935464520827
            ],
            [
              77.777722,
              22.591958
            ],
            [
              77.77818072021674,
              22.591935464520827
            ],
            [
              77.77863502270704,
              22.591868075112288
            ],
            [
              77.77908053228956,
              22.591756480771227
            ],
            [
              77.77951295846347,
              22.591601756212153
            ],
            [
              77.77992813672834,
              22.591405391517153
            ],
            [
              77.78032206869052,
              22.59116927778558
            ],
            [
              77.78069096056988,
              22.590895688921737
            ],
            [
              77.78103125973595,
              22.590587259735955
            ],
            [
              77.78133968892173,
              22.590246960569885
            ],
            [
              77.78161327778557,
              22.589878068690535
            ],
            [
              77.78184939151714,
              22.58948413672835
            ],
            [
              77.78204575621216,
              22.58906895846347
            ],
            [
              77.78220048077122,
              22.588636532289552
            ],
            [
              77.78231207511229,
              22.588191022707036
            ],
            [
              77.78237946452083,
              22.587736720216743
            ],
            [
              77.78240199999999,
              22.587278
            ],
            [
              77.78240199999999,
              22.584660218646913
            ],
            [
              77.78558744129198,
              22.58147407817993
            ],
            [
              77.79014425973595,
              22.57691725973595
            ],
            [
              77.79470125973596,
              22.57236025973596
            ],
            [
              77.79925825973595,
              22.56780325973595
            ],
            [
              77.80381525973596,
              22.56324625973596
            ],
            [
              77.80837225973596,
              22.558689259735953
            ],
            [
              77.81292925973595,
              22.55413225973595
            ],
            [
              77.81748625973596,
              22.549575259735953
            ],
            [
              77.81779468892174,
              22.549234960569883
            ],
            [
              77.81806827778557,
              22.54886606869053
            ],
            [
              77.81830439151715,
              22.548472136728343
            ],
            [
              77.81850075621216,
              22.548056958463466
            ],
            [
              77.81865548077123,
              22.54762453228955
            ],
            [
              77.81876707511229,
              22.547179022707034
            ],
            [
              77.81883446452083,
              22.54672472021674
            ],
            [
              77.818857,
              22.546266
            ],
            [
              77.818857,
              22.528038
            ],
            [
              77.81883446452083,
              22.527579279783257
            ],
            [
              77.81876707511229,
              22.527124977292964
            ],
            [
              77.81865548077123,
              22.526679467710448
            ],
            [
              77.81850075621216,
              22.52624704153653
            ],
            [
              77.81830439151715,
              22.52583186327165
            ],
            [
              77.81806827778557,
              22.525437931309465
            ],
            [
              77.81779468892174,
              22.525069039430115
            ],
            [
              77.81748625973596,
              22.52472874026404
            ],
            [
              77.81292925973595,
              22.520171740264043
            ],
            [
              77.80837225973596,
              22.51561474026405
            ],
            [
              77.80803196056989,
              22.515306311078263
            ],
            [
              77.80766306869054,
              22.515032722214425
            ],
            [
              77.80726913672835,
              22.51479660848285
            ],
            [
              77.80685395846348,
              22.514600243787847
            ],
            [
              77.80642153228956,
              22.514445519228772
            ],
            [
              77.80597602270704,
              22.514333924887712
            ],
            [
              77.80552172021675,
              22.514266535479173
            ],
            [
              77.805063,
              22.514243999999998
            ],
            [
              77.791392,
              22.514243999999998
            ],
            [
              77.79093327978326,
              22.514266535479173
            ],
            [
              77.79047897729296,
              22.514333924887712
            ],
            [
              77.79003346771044,
              22.514445519228772
            ],
            [
              77.78960104153653,
              22.514600243787847
            ],
            [
              77.78918586327165,
              22.51479660848285
            ],
            [
              77.78879193130948,
              22.515032722214425
            ],
            [
              77.78842303943011,
              22.515306311078263
            ],
            [
              77.78808274026404,
              22.515614740264045
            ],
            [
              77.78438891228409,
              22.519308568243996
            ],
            [
              77.78406883984775,
              22.51915719465751
            ],
            [
              77.78363637871418,
              22.519002472645067
            ],
            [
              77.78319083382466,
              22.518890887320712
            ],
            [
              77.78273649661908,
              22.518823513462145
            ],
            [
              77.78227774322397,
              22.518801000007045
            ],
            [
              77.7818189923021,
              22.518823563802556
            ],
            [
              77.78136466249244,
              22.518890987516656
            ],
            [
              77.78091912985023,
              22.51900262173147
            ],
            [
              77.78048668569743,
              22.519157391198387
            ],
            [
              77.78007149528904,
              22.51935380519475
            ],
            [
              77.78000000320556,
              22.519396664898295
            ],
            [
              77.77992858962754,
              22.519353850594467
            ],
            [
              77.77951343291292,
              22.519157440341743
            ],
            [
              77.77908102372005,
              22.519002668332032
            ],
            [
              77.77863552638584,
              22.518891025104384
            ],
            [
              77.77818123129315,
              22.51882358584412
            ],
            [
              77.77772251355206,
              22.518801000028176
            ],
            [
              77.77726379086518,
              22.518823485170312
            ],
            [
              77.77680948098276,
              22.518890824726313
            ],
            [
              77.77636395915731,
              22.519002370179443
            ],
            [
              77.77593151600755,
              22.519157047286015
            ],
            [
              77.77551631619741,
              22.519353366420933
            ],
            [
              77.77512235832805,
              22.519589436923614
            ],
            [
              77.7747534364291,
              22.519862985306066
            ],
            [
              77.77441310342012,
              22.520171377147825
            ],
            [
              77.77410463689402,
              22.52051164246688
            ],
            [
              77.77383100755209,
              22.52088050432219
            ],
            [
              77.77359485059446,
              22.521274410372456
            ],
            [
              77.77339844034174,
              22.521689567087076
            ],
            [
              77.77324366833203,
              22.522121976279948
            ],
            [
              77.77313202510439,
              22.52256747361416
            ],
            [
              77.77306458584411,
              22.523021768706855
            ],
            [
              77.77304200002817,
              22.52348048644794
            ],
            [
              77.77306448517031,
              22.523939209134813
            ],
            [
              77.7731318247263,
              22.524393519017238
            ],
            [
              77.77324337017944,
              22.52483904084269
            ],
            [
              77.77339804728601,
              22.525271483992448
            ],
            [
              77.77359436642094,
              22.52568668380258
            ],
            [
              77.77363799863924,
              22.52575949787959
            ]
          ]
        ]
      }
    },
    {
      "type": "Feature",
      "properties": {
        "depth_band": "2.0 - 3.0",
        "min_depth": 2.0,
        "max_depth": 3.0,
        "max_depth_m": 8.7,
        "avg_depth_m": 4.3,
        "hazard_level": "Moderate",
        "zone": "reservoir",
        "timestep_min": 360
      },
      "geometry": {
        "type": "Polygon",
        "coordinates": [
          [
            [
              77.77632344815603,
              22.5257595
            ],
            [
              77.77588332063767,
              22.526199724122286
            ],
            [
              77.77571199937724,
              22.52638878882598
            ],
            [
              77.77556003372003,
              22.526593734856654
            ],
            [
              77.7754288870422,
              22.526812588655694
            ],
            [
              77.77531982224039,
              22.52704324273753
            ],
            [
              77.77523388957052,
              22.527283475984
            ],
            [
              77.77517191653415,
              22.527530975032935
            ],
            [
              77.77513449990997,
              22.52778335655503
            ],
            [
              77.77512200000696,
              22.52803819020447
            ],
            [
              77.77513453719483,
              22.528293022022304
            ],
            [
              77.77517199074484,
              22.528545398067227
            ],
            [
              77.77523399999241,
              22.52879288804617
            ],
            [
              77.77531996781016,
              22.52903310871716
            ],
            [
              77.77542906635806,
              22.529263746839135
            ],
            [
              77.77556024505523,
              22.529482581447613
            ],
            [
              77.7757122406967,
              22.529687505241828
            ],
            [
              77.77588358961758,
              22.52987654487729
            ],
            [
              77.77607264178766,
              22.530047879968404
            ],
            [
              77.77627757670065,
              22.53019986061815
            ],
            [
              77.77649642090499,
              22.530331023306008
            ],
            [
              77.77672706700751,
              22.53044010498115
            ],
            [
              77.77696729396689,
              22.530526055225188
            ],
            [
              77.7772147884815,
              22.53058804636732
            ],
            [
              77.77746716726568,
              22.530625481454525
            ],
            [
              77.777722,
              22.530638
            ],
            [
              77.782278,
              22.530638
            ],
            [
              77.78253283273432,
              22.530625481454525
            ],
            [
              77.7827852115185,
              22.53058804636732
            ],
            [
              77.78303270603311,
              22.530526055225188
            ],
            [
              77.78327293299249,
              22.53044010498115
            ],
            [
              77.78350357909501,
              22.530331023306008
            ],
            [
              77.78372242329935,
              22.53019986061815
            ],
            [
              77.78392735821234,
              22.530047879968404
            ],
            [
              77.78411641038242,
              22.52987654487729
            ],
            [
              77.7842877593033,
              22.529687505241828
            ],
            [
              77.78443975494477,
              22.529482581447613
            ],
            [
              77.78450079615897,
              22.529380751421126
            ],
            [
              77.78499652236891,
              22.52987647763108
            ],
            [
              77.78518557746118,
              22.53004782717874
            ],
            [
              77.78539051739415,
              22.530199820991985
            ],
            [
              77.78560936848424,
              22.530330995287304
            ],
            [
              77.78584002307585,
              22.530440086784527
            ],
            [
              77.78608025983914,
              22.530526044872904
            ],
            [
              77.78632776516275,
              22.530588041729047
            ],
            [
              77.78658015543515,
              22.530625480289345
            ],
            [
              77.786835,
              22.530638
            ],
            [
              77.78708984456485,
              22.530625480289345
            ],
            [
              77.78734223483724,
              22.530588041729047
            ],
            [
              77.78758974016085,
              22.530526044872904
            ],
            [
              77.78782997692414,
              22.530440086784527
            ],
            [
              77.78806063151575,
              22.530330995287304
            ],
            [
              77.78827948260584,
              22.530199820991985
            ],
            [
              77.78848442253882,
              22.53004782717874
            ],
            [
              77.78867347763108,
              22.529876477631085
            ],
            [
              77.78884482717874,
              22.529687422538824
            ],
            [
              77.78899682099198,
              22.52948248260585
            ],
            [
              77.7891279952873,
              22.529263631515747
            ],
            [
              77.78923708678452,
              22.52903297692415
            ],
            [
              77.7893230448729,
              22.52879274016086
            ],
            [
              77.78938504172905,
              22.528545234837242
            ],
            [
              77.78942248028935,
              22.528292844564856
            ],
            [
              77.789435,
              22.528038
            ],
            [
              77.789435,
              22.524557955262168
            ],
            [
              77.79246895526217,
              22.521524
            ],
            [
              77.80398604473784,
              22.521524
            ],
            [
              77.80778152236891,
              22.525319477631083
            ],
            [
              77.811577,
              22.529114955262166
            ],
            [
              77.811577,
              22.545189044737832
            ],
            [
              77.80778152236891,
              22.548984522368915
            ],
            [
              77.80322452236892,
              22.553541522368917
            ],
            [
              77.79866752236892,
              22.558098522368915
            ],
            [
              77.79411052236891,
              22.562655522368914
            ],
            [
              77.78955352236892,
              22.56721252236892
            ],
            [
              77.78499652236891,
              22.571769522368914
            ],
            [
              77.78043952236892,
              22.576326522368916
            ],
            [
              77.77588332063767,
              22.580883724122288
            ],
            [
              77.77571201445845,
              22.581072770445708
            ],
            [
              77.7755600601344,
              22.58127769531693
            ],
            [
              77.77542892066018,
              22.581496525748417
            ],
            [
              77.77531985862801,
              22.58172715487186
            ],
            [
              77.77523392407164,
              22.581967362222837
            ],
            [
              77.77517194435677,
              22.582214835119103
            ],
            [
              77.77513451621527,
              22.582467190926778
            ],
            [
              77.775122,
              22.582722
            ],
            [
              77.775122,
              22.587278
            ],
            [
              77.77513451971065,
              22.58753284456486
            ],
            [
              77.77517195827095,
              22.587785234837245
            ],
            [
              77.77523395512709,
              22.588032740160862
            ],
            [
              77.77531991321547,
              22.588272976924152
            ],
            [
              77.77542900471269,
              22.58850363151575
            ],
            [
              77.77556017900801,
              22.588722482605853
            ],
            [
              77.77571217282126,
              22.588927422538827
            ],
            [
              77.77588352236891,
              22.589116477631087
            ],
            [
              77.77607257746118,
              22.589287827178744
            ],
            [
              77.77627751739415,
              22.589439820991988
            ],
            [
              77.77649636848425,
              22.589570995287307
            ],
            [
              77.77672702307585,
              22.58968008678453
            ],
            [
              77.77696725983914,
              22.589766044872906
            ],
            [
              77.77721476516275,
              22.58982804172905
            ],
            [
              77.77746715543515,
              22.589865480289347
            ],
            [
              77.777722,
              22.589878000000002
            ],
            [
              77.77797684456485,
              22.589865480289347
            ],
            [
              77.77822923483724,
              22.58982804172905
            ],
            [
              77.77847674016085,
              22.589766044872906
            ],
            [
              77.77871697692414,
              22.58968008678453
            ],
            [
              77.77894763151575,
              22.589570995287307
            ],
            [
              77.77916648260585,
              22.589439820991988
            ],
            [
              77.77937142253882,
              22.589287827178744
            ],
            [
              77.77956047763108,
              22.589116477631087
            ],
            [
              77.77973182717874,
              22.588927422538827
            ],
            [
              77.77988382099198,
              22.588722482605853
            ],
            [
              77.7800149952873,
              22.58850363151575
            ],
            [
              77.78012408678453,
              22.588272976924152
            ],
            [
              77.7802100448729,
              22.588032740160862
            ],
            [
              77.78027204172905,
              22.587785234837245
            ],
            [
              77.78030948028935,
              22.58753284456486
            ],
            [
              77.780322,
              22.587278
            ],
            [
              77.780322,
              22.583798788137173
            ],
            [
              77.78411657853871,
              22.580003376723454
            ],
            [
              77.78867347763108,
              22.575446477631083
            ],
            [
              77.79323047763108,
              22.570889477631088
            ],
            [
              77.79778747763108,
              22.566332477631082
            ],
            [
              77.80234447763108,
              22.561775477631087
            ],
            [
              77.80690147763109,
              22.557218477631086
            ],
            [
              77.81145847763108,
              22.552661477631084
            ],
            [
              77.81601547763108,
              22.548104477631085
            ],
            [
              77.81618682717874,
              22.547915422538825
            ],
            [
              77.81633882099199,
              22.54771048260585
            ],
            [
              77.8164699952873,
              22.547491631515747
            ],
            [
              77.81657908678453,
              22.54726097692415
            ],
            [
              77.8166650448729,
              22.54702074016086
            ],
            [
              77.81672704172905,
              22.546773234837243
            ],
            [
              77.81676448028935,
              22.546520844564856
            ],
            [
              77.816777,
              22.546266
            ],
            [
              77.816777,
              22.528038
            ],
            [
              77.81676448028935,
              22.52778315543514
            ],
            [
              77.81672704172905,
              22.527530765162755
            ],
            [
              77.8166650448729,
              22.527283259839137
            ],
            [
              77.81657908678453,
              22.527043023075848
            ],
            [
              77.8164699952873,
              22.52681236848425
            ],
            [
              77.81633882099199,
              22.526593517394147
            ],
            [
              77.81618682717874,
              22.526388577461173
            ],
            [
              77.81601547763108,
              22.526199522368913
            ],
            [
              77.81145847763108,
              22.521642522368914
            ],
            [
              77.80690147763109,
              22.517085522368916
            ],
            [
              77.80671242253882,
              22.516914172821256
            ],
            [
              77.80650748260585,
              22.516762179008012
            ],
            [
              77.80628863151576,
              22.516631004712693
            ],
            [
              77.80605797692415,
              22.51652191321547
            ],
            [
              77.80581774016086,
              22.516435955127093
            ],
            [
              77.80557023483725,
              22.51637395827095
            ],
            [
              77.80531784456485,
              22.516336519710652
            ],
            [
              77.805063,
              22.516323999999997
            ],
            [
              77.791392,
              22.516323999999997
            ],
            [
              77.79113715543515,
              22.516336519710652
            ],
            [
              77.79088476516276,
              22.51637395827095
            ],
            [
              77.79063725983914,
              22.516435955127093
            ],
            [
              77.79039702307585,
              22.516521913215467
            ],
            [
              77.79016636848425,
              22.516631004712693
            ],
            [
              77.78994751739415,
              22.516762179008012
            ],
            [
              77.78974257746118,
              22.516914172821252
            ],
            [
              77.78955352236892,
              22.517085522368912
            ],
            [
              77.78499652236891,
              22.521642522368914
            ],
            [
              77.78482517282126,
              22.521831577461175
            ],
            [
              77.78467317900801,
              22.52203651739415
            ],
            [
              77.78461220374189,
              22.522138248479713
            ],
            [
              77.78411647763109,
              22.521642522368918
            ],
            [
              77.78392740875472,
              22.521471161509012
            ],
            [
              77.78372245295274,
              22.52131915919473
            ],
            [
              77.78350358433711,
              22.521187979495807
            ],
            [
              77.78327291102653,
              22.521078885920836
            ],
            [
              77.78303265484121,
              22.520992929247257
            ],
            [
              77.78278512990259,
              22.520930937400394
            ],
            [
              77.78253272034394,
              22.52089350747897
            ],
            [
              77.78227785734666,
              22.520881000003914
            ],
            [
              77.7820229957234,
              22.520893535445865
            ],
            [
              77.78177059027357,
              22.52093099306481
            ],
            [
              77.78152307213901,
              22.52099301207304
            ],
            [
              77.78128282538746,
              22.521078995110216
            ],
            [
              77.78105216404947,
              22.521188113997084
            ],
            [
              77.78083330982994,
              22.5213193177124
            ],
            [
              77.78062837070891,
              22.521471342516257
            ],
            [
              77.78043932063768,
              22.521642724122287
            ],
            [
              77.78,
              22.522082141186797
            ],
            [
              77.77956067936232,
              22.521642724122287
            ],
            [
              77.77937164307396,
              22.521471353830012
            ],
            [
              77.779166719821,
              22.52131933752894
            ],
            [
              77.7789478831264,
              22.52118813921915
            ],
            [
              77.77871724050718,
              22.52107902241208
            ],
            [
              77.7784770131778,
              22.52099303796224
            ],
            [
              77.7782295146588,
              22.520931013946882
            ],
            [
              77.77797712849619,
              22.520893547691177
            ],
            [
              77.7777222853067,
              22.520881000015653
            ],
            [
              77.77746743936954,
              22.520893491761285
            ],
            [
              77.77721504499043,
              22.52093090262573
            ],
            [
              77.77696753286517,
              22.520992872321912
            ],
            [
              77.77672728667086,
              22.521078804047786
            ],
            [
              77.77649662010967,
              22.521187870233852
            ],
            [
              77.77627775462669,
              22.52131902051312
            ],
            [
              77.77607279801616,
              22.521470991836704
            ],
            [
              77.77588372412228,
              22.52164232063768
            ],
            [
              77.77571235383,
              22.521831356926043
            ],
            [
              77.77556033752893,
              22.522036280178995
            ],
            [
              77.77542913921914,
              22.522255116873588
            ],
            [
              77.77532002241207,
              22.52248575949282
            ],
            [
              77.77523403796224,
              22.522725986822195
            ],
            [
              77.77517201394687,
              22.5229734853412
            ],
            [
              77.77513454769118,
              22.523225871503808
            ],
            [
              77.77512200001566,
              22.5234807146933
            ],
            [
              77.77513449176128,
              22.523735560630453
            ],
            [
              77.77517190262573,
              22.523987955009577
            ],
            [
              77.7752338723219,
              22.52423546713483
            ],
            [
              77.77531980404778,
              22.52447571332914
            ],
            [
              77.77542887023385,
              22.524706379890322
            ],
            [
              77.77556002051311,
              22.524925245373304
            ],
            [
              77.7757119918367,
              22.525130201983835
            ],
            [
              77.77588332063767,
              22.525319275877713
            ],
            [
              77.77632344815603,
              22.5257595
            ]
          ]
        ]
      }
    },
    {
      "type": "Feature",
      "properties": {
        "timestep_min": 360,
        "depth_band": "0.1 - 0.5",
        "min_depth": 0.1,
        "max_depth": 0.5,
        "max_depth_m": 0.2,
        "avg_depth_m": 0.1,
        "inundated_area_km2": 0.13,
        "hazard_level": "Moderate",
        "zone": "downstream",
        "wave_front_km": 95.2
      },
      "geometry": {
        "type": "Polygon",
        "coordinates": [
          [
            [
              77.78016504442645,
              22.58275001329974
            ],
            [
              77.60176536170282,
              22.453691082390392
            ],
            [
              77.60017828788591,
              22.453630106392353
            ],
            [
              77.77537331367822,
              22.590015394256955
            ],
            [
              77.78016504442645,
              22.58275001329974
            ]
          ]
        ]
      }
    }
  ],
  "properties": {
    "simulation_id": "sim-tawa-dam-terrain-30-360",
    "dam_id": "tawa-dam",
    "dam_name": "Tawa Dam",
    "dam_lat": 22.585,
    "dam_lon": 77.78,
    "release_percent": 30.0,
    "duration_min": 360.0,
    "max_depth_m": 10.4,
    "max_inundated_area_km2": 1.59,
    "timesteps_min": [
      0,
      30,
      60,
      90,
      120,
      150,
      180,
      210,
      240,
      270,
      300,
      330,
      360
    ],
    "hydrograph": {
      "q_peak_m3s": 2467.76,
      "total_volume_m3": 26651799.96,
      "effective_breach_width_m": 20.0,
      "eff_height_m": 17.4,
      "duration_sec": 21600.0
    }
  }
}