{
  "type": "FeatureCollection",
  "features": [
    {
      "type": "Feature",
      "properties": {
        "name": "Bhagirathi River",
        "waterway": "river",
        "source": "OpenStreetMap"
      },
      "geometry": {
        "type": "LineString",
        "coordinates": [
          [
            78.4393882,
            30.4494471
          ],
          [
            78.4397542,
            30.448424
          ],
          [
            78.4398671,
            30.4474637
          ],
          [
            78.4392071,
            30.4460931
          ],
          [
            78.4368309,
            30.443912
          ],
          [
            78.4355756,
            30.442728
          ],
          [
            78.433907,
            30.4422916
          ],
          [
            78.4325822,
            30.4410537
          ],
          [
            78.4317561,
            30.4395275
          ],
          [
            78.4321423,
            30.43888
          ],
          [
            78.4383221,
            30.4316277
          ],
          [
            78.4400602,
            30.429722
          ],
          [
            78.4414601,
            30.4288415
          ],
          [
            78.4433861,
            30.4281678
          ],
          [
            78.4488364,
            30.4265766
          ],
          [
            78.4546137,
            30.4240123
          ],
          [
            78.46065,
            30.4197362
          ],
          [
            78.4666299,
            30.4125583
          ],
          [
            78.4695283,
            30.407811
          ],
          [
            78.4708786,
            30.4048969
          ],
          [
            78.4718656,
            30.4021209
          ],
          [
            78.474741,
            30.3955691
          ],
          [
            78.4757709,
            30.3929039
          ],
          [
            78.4768653,
            30.3901275
          ],
          [
            78.4776514,
            30.3882381
          ],
          [
            78.4783458,
            30.3861849
          ],
          [
            78.4788394,
            30.3850373
          ],
          [
            78.4794614,
            30.3832103
          ],
          [
            78.4795475,
            30.3816128
          ],
          [
            78.4793114,
            30.3804281
          ],
          [
            78.4789038,
            30.3798635
          ],
          [
            78.478193,
            30.379218
          ],
          [
            78.4777021,
            30.3786602
          ],
          [
            78.4774489,
            30.3780454
          ],
          [
            78.4767075,
            30.3732018
          ],
          [
            78.4763938,
            30.3709671
          ],
          [
            78.4763266,
            30.3704662
          ],
          [
            78.4763736,
            30.3701602
          ],
          [
            78.476584,
            30.3696794
          ],
          [
            78.4770842,
            30.3692036
          ],
          [
            78.4776528,
            30.3686875
          ],
          [
            78.4783118,
            30.3682117
          ],
          [
            78.4795078,
            30.3674503
          ],
          [
            78.4808335,
            30.3665083
          ],
          [
            78.4816116,
            30.3658391
          ],
          [
            78.4817456,
            30.3651763
          ],
          [
            78.4817766,
            30.3645775
          ],
          [
            78.4818252,
            30.3637709
          ],
          [
            78.4820437,
            30.3629953
          ],
          [
            78.4822766,
            30.3623948
          ],
          [
            78.4829042,
            30.3616274
          ],
          [
            78.4833964,
            30.3611691
          ],
          [
            78.483565,
            30.3607668
          ],
          [
            78.4832164,
            30.3603231
          ],
          [
            78.482664,
            30.3593241
          ],
          [
            78.4821458,
            30.3582068
          ],
          [
            78.4821034,
            30.3575277
          ],
          [
            78.4822737,
            30.3570342
          ],
          [
            78.4830698,
            30.356802
          ],
          [
            78.485481,
            30.3565069
          ],
          [
            78.4864435,
            30.3561733
          ],
          [
            78.4867387,
            30.3553905
          ],
          [
            78.486097,
            30.3538634
          ],
          [
            78.4847111,
            30.3524004
          ],
          [
            78.4837353,
            30.3506532
          ],
          [
            78.4828792,
            30.3491846
          ],
          [
            78.4819658,
            30.3479003
          ],
          [
            78.4816535,
            30.3468815
          ],
          [
            78.4820318,
            30.3459323
          ],
          [
            78.482172,
            30.3452468
          ],
          [
            78.4823976,
            30.3443432
          ],
          [
            78.483175,
            30.3434939
          ],
          [
            78.4845034,
            30.3421844
          ],
          [
            78.4851377,
            30.3412509
          ],
          [
            78.4865596,
            30.3394068
          ],
          [
            78.4869142,
            30.3389121
          ],
          [
            78.4873388,
            30.3379498
          ],
          [
            78.4878099,
            30.3369132
          ],
          [
            78.4879213,
            30.3356868
          ],
          [
            78.4874306,
            30.3350187
          ],
          [
            78.4871876,
            30.3342803
          ],
          [
            78.4870377,
            30.3330066
          ],
          [
            78.4871159,
            30.332351
          ],
          [
            78.4874928,
            30.3314963
          ],
          [
            78.4882918,
            30.3304865
          ],
          [
            78.489094,
            30.3298239
          ],
          [
            78.489319,
            30.3295649
          ],
          [
            78.4892967,
            30.3290172
          ],
          [
            78.4890222,
            30.327168
          ],
          [
            78.4888853,
            30.3256446
          ],
          [
            78.4888671,
            30.3243824
          ],
          [
            78.4886483,
            30.3227434
          ],
          [
            78.4890061,
            30.3215901
          ],
          [
            78.4894562,
            30.3208368
          ],
          [
            78.4889512,
            30.3197773
          ],
          [
            78.4885313,
            30.31909
          ],
          [
            78.4880336,
            30.3181017
          ],
          [
            78.4882054,
            30.3172631
          ],
          [
            78.4884089,
            30.3161465
          ],
          [
            78.488738,
            30.3153264
          ],
          [
            78.4895532,
            30.3143199
          ],
          [
            78.4912477,
            30.3130135
          ],
          [
            78.4917169,
            30.3124051
          ],
          [
            78.4915463,
            30.3119407
          ],
          [
            78.4919579,
            30.3107981
          ],
          [
            78.4930231,
            30.3086314
          ],
          [
            78.4943425,
            30.3053631
          ]
        ]
      }
    },
    {
      "type": "Feature",
      "properties": {
        "name": "Ganga",
        "waterway": "river",
        "source": "OpenStreetMap"
      },
      "geometry": {
        "type": "LineString",
        "coordinates": [
          [
            78.5974993,
            30.1450933
          ],
          [
            78.5973126,
            30.1446076
          ],
          [
            78.5971543,
            30.1441716
          ],
          [
            78.5969907,
            30.1436334
          ],
          [
            78.5968995,
            30.1431997
          ],
          [
            78.5968459,
            30.1428054
          ],
          [
            78.5966688,
            30.1406575
          ],
          [
            78.5962976,
            30.1368732
          ],
          [
            78.5961539,
            30.1357886
          ],
          [
            78.5960814,
            30.1353618
          ],
          [
            78.5959607,
            30.13487
          ],
          [
            78.5958159,
            30.1343782
          ],
          [
            78.5957247,
            30.1340488
          ],
          [
            78.5956979,
            30.1336638
          ],
          [
            78.5957515,
            30.1316409
          ],
          [
            78.5958441,
            30.1311666
          ],
          [
            78.5960251,
            30.1307919
          ],
          [
            78.596229,
            30.1305182
          ],
          [
            78.5964972,
            30.1302491
          ],
          [
            78.5967654,
            30.1300635
          ],
          [
            78.5976872,
            30.1296191
          ],
          [
            78.5995103,
            30.1288453
          ],
          [
            78.6000538,
            30.1285788
          ],
          [
            78.6005766,
            30.1282384
          ],
          [
            78.600837,
            30.1279756
          ],
          [
            78.6010408,
            30.1277065
          ],
          [
            78.6011543,
            30.1274635
          ],
          [
            78.6012018,
            30.1272611
          ],
          [
            78.6011803,
            30.1270477
          ],
          [
            78.6010569,
            30.1268064
          ],
          [
            78.6008102,
            30.1264538
          ],
          [
            78.6003917,
            30.1259759
          ],
          [
            78.5999733,
            30.1255537
          ],
          [
            78.5995603,
            30.1252057
          ],
          [
            78.5990184,
            30.1248391
          ],
          [
            78.5984874,
            30.1245259
          ],
          [
            78.5980582,
            30.1243195
          ],
          [
            78.5976237,
            30.1241524
          ],
          [
            78.5968995,
            30.1239483
          ],
          [
            78.5948396,
            30.1235075
          ],
          [
            78.5941046,
            30.1233729
          ],
          [
            78.593359,
            30.1232987
          ],
          [
            78.5919321,
            30.1231873
          ],
          [
            78.5908323,
            30.1230968
          ],
          [
            78.5903066,
            30.1230296
          ],
          [
            78.5897326,
            30.1229182
          ],
          [
            78.588869,
            30.1227303
          ],
          [
            78.5883808,
            30.1225957
          ],
          [
            78.5879758,
            30.1224264
          ],
          [
            78.5875547,
            30.1222315
          ],
          [
            78.5873026,
            30.12209
          ],
          [
            78.5870102,
            30.1218881
          ],
          [
            78.5868359,
            30.1216817
          ],
          [
            78.5867313,
            30.121445
          ],
          [
            78.5866615,
            30.1211828
          ],
          [
            78.5865971,
            30.1207768
          ],
          [
            78.5865569,
            30.1204451
          ],
          [
            78.5864899,
            30.1198981
          ],
          [
            78.5864577,
            30.1196354
          ],
          [
            78.5864148,
            30.1191783
          ],
          [
            78.5864201,
            30.1187886
          ],
          [
            78.5864469,
            30.1184985
          ],
          [
            78.5865194,
            30.1181459
          ],
          [
            78.5866106,
            30.1177932
          ],
          [
            78.58675,
            30.1173431
          ],
          [
            78.5869083,
            30.1168606
          ],
          [
            78.5870665,
            30.1164499
          ],
          [
            78.5873616,
            30.1158188
          ],
          [
            78.5884345,
            30.1139024
          ],
          [
            78.5887027,
            30.1133223
          ],
          [
            78.5888958,
            30.1128583
          ],
          [
            78.5889629,
            30.1126448
          ],
          [
            78.5890031,
            30.1124128
          ],
          [
            78.5890406,
            30.1119441
          ],
          [
            78.5890406,
            30.1115357
          ],
          [
            78.5890299,
            30.1109974
          ],
          [
            78.5890004,
            30.1105543
          ],
          [
            78.5889548,
            30.1101204
          ],
          [
            78.5888421,
            30.1093872
          ],
          [
            78.5887349,
            30.1088071
          ],
          [
            78.5885793,
            30.1083291
          ],
          [
            78.5883164,
            30.1077026
          ],
          [
            78.5873803,
            30.1057257
          ],
          [
            78.5871872,
            30.1053382
          ],
          [
            78.5870454,
            30.1051523
          ],
          [
            78.5868278,
            30.1049646
          ],
          [
            78.5865542,
            30.104823
          ],
          [
            78.5862753,
            30.1047302
          ],
          [
            78.5859623,
            30.1046728
          ],
          [
            78.5857603,
            30.1046583
          ],
          [
            78.5855055,
            30.1046583
          ],
          [
            78.5851783,
            30.1047279
          ],
          [
            78.5840732,
            30.1052105
          ],
          [
            78.5833061,
            30.1055168
          ],
          [
            78.5826302,
            30.1057025
          ],
          [
            78.582142,
            30.1057628
          ],
          [
            78.5815787,
            30.1057071
          ],
          [
            78.5810262,
            30.1055586
          ],
          [
            78.5804361,
            30.1052709
          ],
          [
            78.5799265,
            30.1049367
          ],
          [
            78.5795993,
            30.1046629
          ],
          [
            78.5792935,
            30.1042685
          ],
          [
            78.5791647,
            30.1039622
          ],
          [
            78.5791218,
            30.1035863
          ],
          [
            78.5791647,
            30.1031918
          ],
          [
            78.5793525,
            30.1021569
          ],
          [
            78.5795295,
            30.1014166
          ],
          [
            78.579669,
            30.1010616
          ],
          [
            78.5798541,
            30.1007158
          ],
          [
            78.5801786,
            30.1002587
          ],
          [
            78.5809779,
            30.099298
          ],
          [
            78.5842989,
            30.0956475
          ],
          [
            78.586455,
            30.0932876
          ],
          [
            78.5877746,
            30.0919231
          ],
          [
            78.5897434,
            30.0899922
          ],
          [
            78.5914332,
            30.0883027
          ],
          [
            78.5917711,
            30.0878618
          ],
          [
            78.5919589,
            30.0874533
          ],
          [
            78.5921574,
            30.0869102
          ],
          [
            78.59227,
            30.08633
          ],
          [
            78.5922915,
            30.0858612
          ],
          [
            78.5922486,
            30.0853692
          ],
          [
            78.5921627,
            30.0849143
          ],
          [
            78.5919803,
            30.0844919
          ],
          [
            78.5917067,
            30.0840834
          ],
          [
            78.5913312,
            30.0837028
          ],
          [
            78.5891318,
            30.0819807
          ],
          [
            78.58778,
            30.080848
          ],
          [
            78.585661,
            30.0788473
          ],
          [
            78.5849208,
            30.0781093
          ],
          [
            78.5844165,
            30.0775058
          ],
          [
            78.5836548,
            30.076452
          ],
          [
            78.5830808,
            30.075635
          ],
          [
            78.5827535,
            30.0750733
          ],
          [
            78.5825282,
            30.0745302
          ],
          [
            78.5824209,
            30.0740474
          ],
          [
            78.5823995,
            30.0735321
          ],
          [
            78.5824048,
            30.0730121
          ],
          [
            78.5824585,
            30.0725665
          ],
          [
            78.582598,
            30.072093
          ],
          [
            78.5828072,
            30.0717169
          ],
          [
            78.58307,
            30.0714987
          ],
          [
            78.583467,
            30.0713688
          ],
          [
            78.5839605,
            30.0713084
          ],
          [
            78.5844058,
            30.0713595
          ],
          [
            78.584851,
            30.0714895
          ],
          [
            78.5856396,
            30.0718701
          ],
          [
            78.5861385,
            30.0720558
          ],
          [
            78.5867554,
            30.0721672
          ],
          [
            78.587544,
            30.0722415
          ],
          [
            78.588354,
            30.0722415
          ],
          [
            78.5892498,
            30.0721301
          ],
          [
            78.5904086,
            30.071833
          ],
          [
            78.5925543,
            30.0711274
          ],
          [
            78.5934073,
            30.0708442
          ],
          [
            78.5943568,
            30.0705935
          ],
          [
            78.5954672,
            30.070366
          ],
          [
            78.5992089,
            30.0697602
          ],
          [
            78.599968,
            30.0696093
          ],
          [
            78.6003327,
            30.0695025
          ],
          [
            78.6007163,
            30.0693539
          ],
          [
            78.6011776,
            30.0691288
          ],
          [
            78.6015719,
            30.0688781
          ],
          [
            78.601934,
            30.0685601
          ],
          [
            78.6022183,
            30.0682328
          ],
          [
            78.6024114,
            30.0679078
          ],
          [
            78.6025048,
            30.067667
          ],
          [
            78.6025402,
            30.0674575
          ],
          [
            78.6025321,
            30.0672439
          ],
          [
            78.6024785,
            30.066977
          ],
          [
            78.6023337,
            30.0666102
          ],
          [
            78.6021298,
            30.0662667
          ],
          [
            78.6018187,
            30.0658813
          ],
          [
            78.6014003,
            30.0654821
          ],
          [
            78.6009443,
            30.0651199
          ],
          [
            78.6005688,
            30.0649017
          ],
          [
            78.6001772,
            30.0647253
          ],
          [
            78.5997695,
            30.0646232
          ],
          [
            78.5993457,
            30.0645674
          ],
          [
            78.5989594,
            30.0645721
          ],
          [
            78.5985249,
            30.0646185
          ],
          [
            78.5979724,
            30.0647485
          ],
          [
            78.5974628,
            30.0649296
          ],
          [
            78.5948878,
            30.0659835
          ],
          [
            78.5939598,
            30.0663131
          ],
          [
            78.5930961,
            30.0664895
          ],
          [
            78.5924095,
            30.0665081
          ],
          [
            78.5919321,
            30.0664059
          ],
          [
            78.5914546,
            30.0661645
          ],
          [
            78.5910469,
            30.0658581
          ],
          [
            78.5906339,
            30.0654217
          ],
          [
            78.5902101,
            30.0648414
          ],
          [
            78.5899365,
            30.0643307
          ],
          [
            78.5897005,
            30.0637503
          ],
          [
            78.589561,
            30.0631421
          ],
          [
            78.5894591,
            30.0625664
          ],
          [
            78.5894322,
            30.0619211
          ],
          [
            78.589443,
            30.06109
          ],
          [
            78.589502,
            30.0603796
          ],
          [
            78.5896951,
            30.0586757
          ],
          [
            78.5898775,
            30.0573524
          ],
          [
            78.5900009,
            30.0562404
          ],
          [
            78.5900009,
            30.0556763
          ],
          [
            78.589974,
            30.0551609
          ],
          [
            78.5899257,
            30.0546509
          ],
          [
            78.5897541,
            30.0538097
          ],
          [
            78.5896602,
            30.0534685
          ],
          [
            78.5895529,
            30.0532224
          ],
          [
            78.5893679,
            30.0530436
          ],
          [
            78.5890782,
            30.0528672
          ],
          [
            78.5885954,
            30.0526814
          ],
          [
            78.5879677,
            30.0525282
          ],
          [
            78.5872972,
            30.0524353
          ],
          [
            78.5867125,
            30.0524168
          ],
          [
            78.5862082,
            30.0524585
          ],
          [
            78.5856637,
            30.0525514
          ],
          [
            78.5851568,
            30.0527139
          ],
          [
            78.5846364,
            30.0529461
          ],
          [
            78.5842127,
            30.0531968
          ],
          [
            78.5838854,
            30.0534708
          ],
          [
            78.5835421,
            30.0538422
          ],
          [
            78.5830754,
            30.054418
          ],
          [
            78.582032,
            30.0556809
          ],
          [
            78.581737,
            30.0561011
          ],
          [
            78.5815063,
            30.0564679
          ],
          [
            78.5812837,
            30.0569253
          ],
          [
            78.5805032,
            30.0589496
          ],
          [
            78.5803583,
            30.0592862
          ],
          [
            78.5801464,
            30.0597412
          ],
          [
            78.5798487,
            30.0603564
          ],
          [
            78.5796341,
            30.0607557
          ],
          [
            78.5794088,
            30.0611457
          ],
          [
            78.5791969,
            30.0614498
          ],
          [
            78.5789126,
            30.0617841
          ],
          [
            78.5785586,
            30.0621137
          ],
          [
            78.5782313,
            30.062332
          ],
          [
            78.5778505,
            30.06252
          ],
          [
            78.5773462,
            30.0627312
          ],
          [
            78.5765442,
            30.0630284
          ],
          [
            78.5761499,
            30.0631468
          ],
          [
            78.5757744,
            30.0632234
          ],
          [
            78.5753211,
            30.063286
          ],
          [
            78.5747203,
            30.0633441
          ],
          [
            78.5742268,
            30.0633766
          ],
          [
            78.5737735,
            30.0633696
          ],
          [
            78.5732853,
            30.0633278
          ],
          [
            78.5728267,
            30.0632303
          ],
          [
            78.572419,
            30.0630934
          ],
          [
            78.5713676,
            30.0626453
          ],
          [
            78.570933,
            30.0624782
          ],
          [
            78.5703403,
            30.0622995
          ],
          [
            78.5695115,
            30.0620789
          ],
          [
            78.5686719,
            30.061877
          ],
          [
            78.5678431,
            30.0617168
          ],
          [
            78.5672128,
            30.0616309
          ],
          [
            78.5667139,
            30.0615937
          ],
          [
            78.5663331,
            30.061603
          ],
          [
            78.5660085,
            30.0616262
          ],
          [
            78.5657188,
            30.0617005
          ],
          [
            78.5654935,
            30.0618352
          ],
          [
            78.5653111,
            30.0620348
          ],
          [
            78.5650617,
            30.0624155
          ],
          [
            78.5646701,
            30.0631653
          ],
          [
            78.5643214,
            30.0639964
          ],
          [
            78.5641122,
            30.0647207
          ],
          [
            78.5640264,
            30.0651896
          ],
          [
            78.5639566,
            30.0661134
          ],
          [
            78.563911,
            30.0665707
          ],
          [
            78.563852,
            30.0670768
          ],
          [
            78.5637581,
            30.0675202
          ],
          [
            78.5636374,
            30.0679426
          ],
          [
            78.5634899,
            30.068328
          ],
          [
            78.5633974,
            30.0685241
          ],
          [
            78.5632847,
            30.0687063
          ],
          [
            78.5631868,
            30.0688108
          ],
          [
            78.5630527,
            30.0689013
          ],
          [
            78.5628033,
            30.0690081
          ],
          [
            78.562409,
            30.0691311
          ],
          [
            78.5617411,
            30.0692425
          ],
          [
            78.5554379,
            30.0698971
          ],
          [
            78.5536355,
            30.0700503
          ],
          [
            78.5509747,
            30.0702128
          ],
          [
            78.5503793,
            30.0702778
          ],
          [
            78.5497972,
            30.0703962
          ],
          [
            78.5492903,
            30.0705378
          ],
          [
            78.5488531,
            30.0707142
          ],
          [
            78.5459107,
            30.0722879
          ],
          [
            78.5452294,
            30.0725758
          ],
          [
            78.5446662,
            30.0727615
          ],
          [
            78.5442799,
            30.072845
          ],
          [
            78.5437649,
            30.0728914
          ],
          [
            78.5410559,
            30.0729379
          ],
          [
            78.5408011,
            30.0729611
          ],
          [
            78.5405342,
            30.073011
          ],
          [
            78.5401694,
            30.0731201
          ],
          [
            78.5390291,
            30.0735345
          ],
          [
            78.5384622,
            30.0737503
          ],
          [
            78.5338059,
            30.0754702
          ],
          [
            78.533358,
            30.0756118
          ],
          [
            78.5330549,
            30.0756675
          ],
          [
            78.5327733,
            30.0756977
          ],
          [
            78.5324031,
            30.0756977
          ],
          [
            78.5318962,
            30.0756629
          ],
          [
            78.5311076,
            30.0755398
          ],
          [
            78.529332,
            30.0751406
          ],
          [
            78.5280043,
            30.0748598
          ],
          [
            78.5269743,
            30.0746462
          ],
          [
            78.5264701,
            30.0745255
          ],
          [
            78.5258478,
            30.0743259
          ],
          [
            78.5253569,
            30.0741333
          ],
          [
            78.5250539,
            30.0739824
          ],
          [
            78.5248795,
            30.0738617
          ],
          [
            78.5246998,
            30.0737085
          ],
          [
            78.5233694,
            30.0723367
          ],
          [
            78.5227606,
            30.0716287
          ],
          [
            78.5226211,
            30.0713966
          ],
          [
            78.5225353,
            30.0711552
          ],
          [
            78.5225245,
            30.0709208
          ],
          [
            78.5225674,
            30.0707351
          ],
          [
            78.5228276,
            30.0700758
          ],
          [
            78.5231602,
            30.0693145
          ],
          [
            78.5233319,
            30.0689083
          ],
          [
            78.5234767,
            30.0684672
          ],
          [
            78.5235491,
            30.068191
          ],
          [
            78.5235813,
            30.0678312
          ],
          [
            78.5235599,
            30.0674343
          ],
          [
            78.5234488,
            30.0669784
          ],
          [
            78.5233104,
            30.0665499
          ],
          [
            78.5231254,
            30.0662011
          ],
          [
            78.5229698,
            30.0660067
          ],
          [
            78.522723,
            30.0658349
          ],
          [
            78.5224119,
            30.065691
          ],
          [
            78.5220873,
            30.0656283
          ],
          [
            78.5217977,
            30.0656097
          ],
          [
            78.5215402,
            30.0656445
          ],
          [
            78.5211647,
            30.0657513
          ],
          [
            78.5203332,
            30.0660693
          ],
          [
            78.5199174,
            30.0662063
          ],
          [
            78.5196143,
            30.0662806
          ],
          [
            78.5192817,
            30.0663154
          ],
          [
            78.5165244,
            30.0664454
          ],
          [
            78.5155562,
            30.0665266
          ],
          [
            78.5151297,
            30.0665359
          ],
          [
            78.5147434,
            30.0665034
          ],
          [
            78.5143089,
            30.0664106
          ],
          [
            78.5139415,
            30.0662736
          ],
          [
            78.513751,
            30.0661343
          ],
          [
            78.5136491,
            30.0659742
          ],
          [
            78.5135579,
            30.0657119
          ],
          [
            78.5134828,
            30.0653822
          ],
          [
            78.5134211,
            30.0649505
          ],
          [
            78.5133648,
            30.0644328
          ],
          [
            78.5133541,
            30.063806
          ],
          [
            78.5133862,
            30.0634509
          ],
          [
            78.513464,
            30.0630725
          ],
          [
            78.5135901,
            30.0626686
          ],
          [
            78.513971,
            30.0616518
          ],
          [
            78.5141399,
            30.0611109
          ],
          [
            78.5142285,
            30.0606907
          ],
          [
            78.5142982,
            30.0601661
          ],
          [
            78.5143197,
            30.0595857
          ],
          [
            78.5142955,
            30.0590796
          ],
          [
            78.5142499,
            30.0586478
          ],
          [
            78.5141319,
            30.0581325
          ],
          [
            78.5140139,
            30.0577053
          ],
          [
            78.5138476,
            30.0573106
          ],
          [
            78.5136491,
            30.0569763
          ],
          [
            78.5134184,
            30.0566583
          ],
          [
            78.5130858,
            30.056259
          ],
          [
            78.5126084,
            30.0557645
          ],
          [
            78.5122812,
            30.0554906
          ],
          [
            78.5118574,
            30.0552886
          ],
          [
            78.5114175,
            30.0551818
          ],
          [
            78.5109562,
            30.0551516
          ],
          [
            78.5103151,
            30.0551934
          ],
          [
            78.5098001,
            30.055277
          ],
          [
            78.5091725,
            30.0554418
          ],
          [
            78.5082686,
            30.0557413
          ],
          [
            78.5072493,
            30.0561499
          ],
          [
            78.5062784,
            30.0566235
          ],
          [
            78.5055327,
            30.0570646
          ],
          [
            78.5046798,
            30.0576171
          ],
          [
            78.5040468,
            30.0581278
          ],
          [
            78.502357,
            30.0596971
          ],
          [
            78.5008174,
            30.061155
          ],
          [
            78.4998357,
            30.0620511
          ],
          [
            78.4989935,
            30.0629053
          ],
          [
            78.4987038,
            30.0632652
          ],
          [
            78.4985268,
            30.0635112
          ],
          [
            78.4984088,
            30.0637387
          ],
          [
            78.498323,
            30.0640103
          ],
          [
            78.49828,
            30.0643237
          ],
          [
            78.4982505,
            30.0648506
          ],
          [
            78.4982693,
            30.0658163
          ],
          [
            78.4983337,
            30.0665359
          ],
          [
            78.4984517,
            30.0672091
          ],
          [
            78.4986448,
            30.0677059
          ],
          [
            78.4989399,
            30.0682722
          ],
          [
            78.4995568,
            30.0694189
          ],
          [
            78.5001361,
            30.0705842
          ],
          [
            78.5003775,
            30.0711413
          ],
          [
            78.5006136,
            30.0717541
          ],
          [
            78.5007686,
            30.0722947
          ],
          [
            78.500855,
            30.07278
          ],
          [
            78.5008818,
            30.0731607
          ],
          [
            78.5008174,
            30.0736714
          ],
          [
            78.5006726,
            30.0742191
          ],
          [
            78.500458,
            30.0746462
          ],
          [
            78.5001737,
            30.0750733
          ],
          [
            78.4998035,
            30.0753751
          ],
          [
            78.4994227,
            30.0755468
          ],
          [
            78.4989452,
            30.0756907
          ],
          [
            78.4984463,
            30.0757279
          ],
          [
            78.4980065,
            30.0756977
          ],
          [
            78.4976095,
            30.0756118
          ],
          [
            78.497014,
            30.0754447
          ],
          [
            78.4961665,
            30.0751476
          ],
          [
            78.4952974,
            30.0747576
          ],
          [
            78.494848,
            30.0745621
          ],
          [
            78.4943265,
            30.0743352
          ],
          [
            78.493613,
            30.0739499
          ],
          [
            78.4930873,
            30.0736064
          ],
          [
            78.4927225,
            30.0732443
          ],
          [
            78.4924489,
            30.0728404
          ],
          [
            78.4922773,
            30.0724644
          ],
          [
            78.4921271,
            30.0719908
          ],
          [
            78.4917194,
            30.0702128
          ],
          [
            78.4914511,
            30.0691961
          ],
          [
            78.4910971,
            30.0680308
          ],
          [
            78.4908825,
            30.0675016
          ],
          [
            78.4907108,
            30.0670838
          ],
          [
            78.4903943,
            30.0664709
          ],
          [
            78.4894609,
            30.0648274
          ],
          [
            78.489182,
            30.0643167
          ],
          [
            78.4889084,
            30.0637503
          ],
          [
            78.4886616,
            30.0631189
          ],
          [
            78.4884095,
            30.0623111
          ],
          [
            78.4882647,
            30.0616889
          ],
          [
            78.4881359,
            30.0609971
          ],
          [
            78.4879589,
            30.0600454
          ],
          [
            78.4878194,
            30.0594464
          ],
          [
            78.4875888,
            30.0590053
          ],
          [
            78.4872293,
            30.0585782
          ],
          [
            78.4868377,
            30.0582207
          ],
          [
            78.4863979,
            30.0579235
          ],
          [
            78.4853411,
            30.0573478
          ],
          [
            78.4833562,
            30.0562799
          ],
          [
            78.4824496,
            30.055862
          ],
          [
            78.4815323,
            30.0555231
          ],
          [
            78.4809905,
            30.0553838
          ],
          [
            78.4803951,
            30.0553652
          ],
          [
            78.4798372,
            30.0555045
          ],
          [
            78.4793168,
            30.0557645
          ],
          [
            78.4789896,
            30.0560663
          ],
          [
            78.4787375,
            30.0564749
          ],
          [
            78.4786195,
            30.0567953
          ],
          [
            78.4785068,
            30.0572456
          ],
          [
            78.4784853,
            30.0578214
          ],
          [
            78.4785926,
            30.0584157
          ],
          [
            78.4787536,
            30.059075
          ],
          [
            78.4789681,
            30.0598132
          ],
          [
            78.4791237,
            30.0605421
          ],
          [
            78.4791827,
            30.0611179
          ],
          [
            78.4792203,
            30.0617307
          ],
          [
            78.4791988,
            30.0621857
          ],
          [
            78.4791237,
            30.0627011
          ],
          [
            78.4786034,
            30.0647578
          ],
          [
            78.4784371,
            30.0652546
          ],
          [
            78.4781849,
            30.065691
          ],
          [
            78.477847,
            30.0659835
          ],
          [
            78.4774983,
            30.0661645
          ],
          [
            78.4770745,
            30.0662667
          ],
          [
            78.4765059,
            30.0662388
          ],
          [
            78.4756315,
            30.0660763
          ],
          [
            78.4745425,
            30.0657931
          ],
          [
            78.4731746,
            30.0650178
          ],
          [
            78.4727722,
            30.0647624
          ],
          [
            78.4722358,
            30.0646696
          ],
          [
            78.4712005,
            30.0646185
          ],
          [
            78.4698862,
            30.0644514
          ],
          [
            78.468765,
            30.0642935
          ],
          [
            78.4680274,
            30.0642471
          ],
          [
            78.4673193,
            30.0642448
          ],
          [
            78.466689,
            30.0642866
          ],
          [
            78.4661874,
            30.0643539
          ],
          [
            78.4657985,
            30.0644421
          ],
          [
            78.4654632,
            30.064528
          ],
          [
            78.4649992,
            30.0646812
          ],
          [
            78.4645244,
            30.0648576
          ],
          [
            78.463811,
            30.0651501
          ],
          [
            78.4633121,
            30.0654054
          ],
          [
            78.4623894,
            30.0659324
          ],
          [
            78.4613031,
            30.0665684
          ],
          [
            78.4607935,
            30.0668145
          ],
          [
            78.4603482,
            30.066977
          ],
          [
            78.4599245,
            30.0670884
          ],
          [
            78.4593719,
            30.0671905
          ],
          [
            78.4574461,
            30.0674412
          ],
          [
            78.4529404,
            30.0682555
          ],
          [
            78.452822,
            30.0682769
          ],
          [
            78.4517383,
            30.068639
          ],
          [
            78.4510571,
            30.0689268
          ],
          [
            78.4504884,
            30.0692425
          ],
          [
            78.4499895,
            30.0696139
          ],
          [
            78.4493458,
            30.0702174
          ],
          [
            78.4484607,
            30.0711552
          ],
          [
            78.4473503,
            30.0723947
          ],
          [
            78.4467816,
            30.0730121
          ],
          [
            78.4461486,
            30.0735878
          ],
          [
            78.4449148,
            30.0744977
          ],
          [
            78.4435308,
            30.0752961
          ],
          [
            78.4423721,
            30.0758718
          ],
          [
            78.4408057,
            30.0765449
          ],
          [
            78.4375551,
            30.0780118
          ],
          [
            78.4366912,
            30.0784853
          ],
          [
            78.4357738,
            30.0791305
          ],
          [
            78.4348082,
            30.0799336
          ],
          [
            78.4341699,
            30.0805277
          ],
          [
            78.4337676,
            30.0810569
          ],
          [
            78.4335637,
            30.0814701
          ],
          [
            78.4334671,
            30.0818368
          ],
          [
            78.4334564,
            30.0821199
          ],
          [
            78.4335574,
            30.0824777
          ],
          [
            78.433966,
            30.0832525
          ],
          [
            78.4342128,
            30.0837771
          ],
          [
            78.4343255,
            30.0841623
          ],
          [
            78.4344006,
            30.0845708
          ],
          [
            78.4345293,
            30.0856663
          ],
          [
            78.4346205,
            30.0864228
          ],
          [
            78.4346849,
            30.0872676
          ],
          [
            78.4346849,
            30.0877039
          ],
          [
            78.434642,
            30.0882377
          ],
          [
            78.4344381,
            30.0900711
          ],
          [
            78.4340527,
            30.0952534
          ],
          [
            78.4340411,
            30.0954087
          ],
          [
            78.4339499,
            30.096272
          ],
          [
            78.43373,
            30.0979382
          ],
          [
            78.4336495,
            30.0986947
          ],
          [
            78.4336495,
            30.0991263
          ],
          [
            78.4337246,
            30.0995022
          ],
          [
            78.4338641,
            30.0998967
          ],
          [
            78.4345829,
            30.1012797
          ],
          [
            78.4347975,
            30.1017438
          ],
          [
            78.4349155,
            30.1021337
          ],
          [
            78.4352481,
            30.1039343
          ],
          [
            78.4353527,
            30.1044355
          ],
          [
            78.43546,
            30.1048671
          ],
          [
            78.4356987,
            30.105489
          ],
          [
            78.4359133,
            30.1059624
          ],
          [
            78.4361815,
            30.1064589
          ],
          [
            78.4365141,
            30.1070158
          ],
          [
            78.4382683,
            30.1095496
          ],
          [
            78.4384829,
            30.109944
          ],
          [
            78.4385902,
            30.1103617
          ],
          [
            78.4386009,
            30.1109046
          ],
          [
            78.4385204,
            30.1113107
          ],
          [
            78.4383863,
            30.1116564
          ],
          [
            78.4382173,
            30.1119627
          ],
          [
            78.4380001,
            30.1122365
          ],
          [
            78.4376514,
            30.1125613
          ],
          [
            78.4373403,
            30.1127283
          ],
          [
            78.4369808,
            30.1128351
          ],
          [
            78.4363103,
            30.1129279
          ],
          [
            78.4356692,
            30.1129905
          ],
          [
            78.4348619,
            30.1130346
          ],
          [
            78.4339982,
            30.1130532
          ],
          [
            78.4284621,
            30.1130578
          ],
          [
            78.4272444,
            30.1131135
          ],
          [
            78.4263486,
            30.1132295
          ],
          [
            78.4257853,
            30.1133641
          ],
          [
            78.4253293,
            30.1135729
          ],
          [
            78.4249431,
            30.1138281
          ],
          [
            78.424648,
            30.1140973
          ],
          [
            78.4244603,
            30.1143572
          ],
          [
            78.4236172,
            30.1155315
          ],
          [
            78.4220892,
            30.1178234
          ],
          [
            78.4217673,
            30.1183802
          ],
          [
            78.4215206,
            30.118951
          ],
          [
            78.4213811,
            30.1193779
          ],
          [
            78.4213543,
            30.1198094
          ],
          [
            78.4214508,
            30.1205564
          ],
          [
            78.4215957,
            30.1211921
          ],
          [
            78.4216064,
            30.1214845
          ],
          [
            78.4214991,
            30.1218046
          ],
          [
            78.4212577,
            30.1221573
          ],
          [
            78.4207374,
            30.122844
          ],
          [
            78.4201473,
            30.1236374
          ],
          [
            78.4197289,
            30.1242963
          ],
          [
            78.4194767,
            30.1247742
          ],
          [
            78.4192729,
            30.1252474
          ],
          [
            78.4190851,
            30.1258599
          ],
          [
            78.4188062,
            30.1269317
          ],
          [
            78.4186131,
            30.1281937
          ],
          [
            78.4185219,
            30.1289964
          ],
          [
            78.4184816,
            30.1292399
          ],
          [
            78.4184146,
            30.1294371
          ],
          [
            78.4183073,
            30.1296645
          ],
          [
            78.4180391,
            30.1300681
          ],
          [
            78.4176475,
            30.1305367
          ],
          [
            78.4171539,
            30.1309125
          ],
          [
            78.4165317,
            30.1312512
          ],
          [
            78.4156787,
            30.1316409
          ],
          [
            78.4142043,
            30.1322912
          ],
          [
            78.413313,
            30.1327173
          ],
          [
            78.4128249,
            30.1329771
          ],
          [
            78.4123743,
            30.1332555
          ],
          [
            78.4119129,
            30.1335942
          ],
          [
            78.4115696,
            30.1339236
          ],
          [
            78.4110224,
            30.1344989
          ],
          [
            78.4106952,
            30.1348051
          ],
          [
            78.4103841,
            30.1350556
          ],
          [
            78.4099442,
            30.1352783
          ],
          [
            78.409338,
            30.1354453
          ],
          [
            78.4072298,
            30.1358721
          ],
          [
            78.4066853,
            30.1359974
          ],
          [
            78.4062132,
            30.1361482
          ],
          [
            78.4057653,
            30.1363152
          ],
          [
            78.4052449,
            30.1365634
          ],
          [
            78.4042364,
            30.1371201
          ],
          [
            78.4037429,
            30.1373521
          ],
          [
            78.4032923,
            30.137533
          ],
          [
            78.4030214,
            30.1376211
          ],
          [
            78.4027398,
            30.1376768
          ],
          [
            78.4022665,
            30.1377386
          ],
          [
            78.4014738,
            30.1377928
          ],
          [
            78.4007978,
            30.1377974
          ],
          [
            78.4002614,
            30.1377418
          ],
          [
            78.399623,
            30.1376211
          ],
          [
            78.3989417,
            30.1374263
          ],
          [
            78.3983087,
            30.1371897
          ],
          [
            78.3967381,
            30.1365166
          ],
          [
            78.3965224,
            30.1364242
          ],
          [
            78.3957607,
            30.1361922
          ],
          [
            78.3953449,
            30.1360832
          ],
          [
            78.3949614,
            30.136002
          ],
          [
            78.3945617,
            30.1359417
          ],
          [
            78.3940467,
            30.1358837
          ],
          [
            78.3932501,
            30.1358188
          ],
          [
            78.3924454,
            30.1357561
          ],
          [
            78.3920109,
            30.1356587
          ],
          [
            78.3915174,
            30.1354453
          ],
          [
            78.3912545,
            30.135218
          ],
          [
            78.3910882,
            30.1349721
          ],
          [
            78.3909488,
            30.1346288
          ],
          [
            78.3907759,
            30.1342561
          ],
          [
            78.3905196,
            30.1326964
          ],
          [
            78.3904874,
            30.1323392
          ],
          [
            78.3904901,
            30.132084
          ],
          [
            78.390525,
            30.1318729
          ],
          [
            78.3906162,
            30.1317036
          ],
          [
            78.3907744,
            30.1315505
          ],
          [
            78.3913645,
            30.1311723
          ],
          [
            78.3917695,
            30.1309149
          ],
          [
            78.3920126,
            30.1307233
          ],
          [
            78.3921611,
            30.1305669
          ],
          [
            78.3922738,
            30.1303767
          ],
          [
            78.3923435,
            30.1301586
          ],
          [
            78.3923703,
            30.1299173
          ],
          [
            78.3923542,
            30.1295902
          ],
          [
            78.3922148,
            30.1287969
          ],
          [
            78.3921611,
            30.128319
          ],
          [
            78.3921504,
            30.127855
          ],
          [
            78.3921611,
            30.1272704
          ],
          [
            78.392204,
            30.1265095
          ],
          [
            78.3922684,
            30.1256743
          ],
          [
            78.3922255,
            30.1250433
          ],
          [
            78.3921504,
            30.1244494
          ],
          [
            78.3920431,
            30.1239854
          ],
          [
            78.39185,
            30.1234657
          ],
          [
            78.3914959,
            30.1228393
          ],
          [
            78.3911043,
            30.1222176
          ],
          [
            78.3907396,
            30.1217721
          ],
          [
            78.3904284,
            30.1214705
          ],
          [
            78.3900502,
            30.1209973
          ],
          [
            78.3893985,
            30.120691
          ],
          [
            78.3887547,
            30.120814
          ],
          [
            78.3884784,
            30.120981
          ],
          [
            78.3879876,
            30.1212408
          ],
          [
            78.3873385,
            30.1216144
          ],
          [
            78.3872818,
            30.1216274
          ],
          [
            78.3868933,
            30.1217165
          ],
          [
            78.3864051,
            30.1217721
          ],
          [
            78.3853751,
            30.1217861
          ],
          [
            78.3839858,
            30.121735
          ],
          [
            78.3828914,
            30.1216376
          ],
          [
            78.3820492,
            30.1215401
          ],
          [
            78.3814859,
            30.1214473
          ],
          [
            78.3811909,
            30.1213638
          ],
          [
            78.3808958,
            30.1212432
          ],
          [
            78.3806813,
            30.1210808
          ],
          [
            78.3777282,
            30.11819
          ],
          [
            78.3774251,
            30.1179672
          ],
          [
            78.3771113,
            30.1177816
          ],
          [
            78.3767787,
            30.1176517
          ],
          [
            78.3765292,
            30.1175752
          ],
          [
            78.3761162,
            30.11748
          ],
          [
            78.3753437,
            30.1176053
          ],
          [
            78.3735868,
            30.1170554
          ],
          [
            78.3731523,
            30.1170067
          ],
          [
            78.3727473,
            30.1170114
          ],
          [
            78.3720687,
            30.1170763
          ],
          [
            78.3716208,
            30.1171552
          ],
          [
            78.3712453,
            30.1172434
          ],
          [
            78.3708081,
            30.1173779
          ],
          [
            78.3703172,
            30.1175636
          ],
          [
            78.3699576,
            30.117721
          ],
          [
            78.3680695,
            30.1185473
          ],
          [
            78.3673775,
            30.1188512
          ],
          [
            78.366707,
            30.119176
          ],
          [
            78.3658647,
            30.1196099
          ],
          [
            78.3651003,
            30.1200762
          ],
          [
            78.3642232,
            30.1206492
          ],
          [
            78.3634829,
            30.1211272
          ],
          [
            78.3629733,
            30.1215123
          ],
          [
            78.3625013,
            30.1219253
          ],
          [
            78.3609287,
            30.1233795
          ],
          [
            78.3604923,
            30.1236931
          ],
          [
            78.3601034,
            30.1239529
          ],
          [
            78.3594737,
            30.1243135
          ],
          [
            78.3588357,
            30.1246605
          ],
          [
            78.3569204,
            30.1255626
          ],
          [
            78.3564609,
            30.1257346
          ],
          [
            78.3557442,
            30.1259886
          ],
          [
            78.3523745,
            30.1271736
          ],
          [
            78.3516812,
            30.1274885
          ],
          [
            78.3509248,
            30.1278643
          ],
          [
            78.3495037,
            30.1285263
          ],
          [
            78.3481407,
            30.1293211
          ],
          [
            78.3471577,
            30.1301383
          ],
          [
            78.3461015,
            30.1313227
          ],
          [
            78.345437,
            30.1320678
          ],
          [
            78.3449891,
            30.1325016
          ],
          [
            78.3445439,
            30.1328913
          ],
          [
            78.3440584,
            30.1332323
          ],
          [
            78.3433637,
            30.1336545
          ],
          [
            78.3427709,
            30.1339421
          ],
          [
            78.3423888,
            30.1340969
          ],
          [
            78.3417946,
            30.1342947
          ],
          [
            78.3410543,
            30.1345035
          ],
          [
            78.340255,
            30.1346752
          ],
          [
            78.3397857,
            30.1347267
          ],
          [
            78.3394933,
            30.1347587
          ],
          [
            78.3388871,
            30.1347772
          ],
          [
            78.3381092,
            30.1347262
          ],
          [
            78.3369971,
            30.1345672
          ],
          [
            78.3361888,
            30.1344107
          ],
          [
            78.3353358,
            30.1341741
          ],
          [
            78.3339465,
            30.1337287
          ],
          [
            78.3328038,
            30.1332833
          ],
          [
            78.3321816,
            30.1329864
          ],
          [
            78.3316719,
            30.132657
          ],
          [
            78.3312455,
            30.1323392
          ],
          [
            78.3310121,
            30.1321351
          ],
          [
            78.3308539,
            30.131924
          ],
          [
            78.3307385,
            30.1317129
          ],
          [
            78.3306259,
            30.1314182
          ],
          [
            78.3305615,
            30.1310192
          ],
          [
            78.3305669,
            30.130546
          ],
          [
            78.3306139,
            30.1299031
          ],
          [
            78.3306795,
            30.1290056
          ],
          [
            78.3306581,
            30.1284721
          ],
          [
            78.3306098,
            30.1280591
          ],
          [
            78.3305186,
            30.1276509
          ],
          [
            78.3303255,
            30.1270546
          ],
          [
            78.3299822,
            30.1262264
          ],
          [
            78.3297193,
            30.125665
          ],
          [
            78.3294403,
            30.125201
          ],
          [
            78.3291024,
            30.1247835
          ],
          [
            78.3287569,
            30.1244803
          ],
          [
            78.3285686,
            30.1243427
          ],
          [
            78.3282816,
            30.1241826
          ],
          [
            78.3279625,
            30.1240643
          ],
          [
            78.3276379,
            30.12399
          ],
          [
            78.3272302,
            30.1239274
          ],
          [
            78.3267796,
            30.1238949
          ],
          [
            78.326447,
            30.1239158
          ],
          [
            78.3260742,
            30.1240132
          ],
          [
            78.3257711,
            30.1241965
          ],
          [
            78.3254921,
            30.1244703
          ],
          [
            78.3251542,
            30.1248507
          ],
          [
            78.3246499,
            30.1254748
          ],
          [
            78.3241779,
            30.1259643
          ],
          [
            78.3238828,
            30.12618
          ],
          [
            78.3236039,
            30.126303
          ],
          [
            78.323274,
            30.1263726
          ],
          [
            78.322877,
            30.1264004
          ],
          [
            78.3224666,
            30.126361
          ],
          [
            78.3219382,
            30.1262612
          ],
          [
            78.3208727,
            30.1260099
          ],
          [
            78.3204657,
            30.1259017
          ],
          [
            78.3197388,
            30.1256952
          ],
          [
            78.3189985,
            30.1254678
          ],
          [
            78.317526,
            30.1249319
          ],
          [
            78.3163941,
            30.1244772
          ],
          [
            78.3154929,
            30.1240643
          ],
          [
            78.314537,
            30.1235261
          ],
          [
            78.3133632,
            30.1227744
          ],
          [
            78.312462,
            30.1221573
          ],
          [
            78.3115607,
            30.1214149
          ],
          [
            78.3107883,
            30.1206446
          ],
          [
            78.3102936,
            30.1199776
          ],
          [
            78.3099353,
            30.1193825
          ],
          [
            78.3095652,
            30.1186401
          ],
          [
            78.3091038,
            30.117545
          ],
          [
            78.3088652,
            30.1168225
          ],
          [
            78.308782,
            30.1161297
          ],
          [
            78.3087577,
            30.115496
          ],
          [
            78.3088356,
            30.1149372
          ],
          [
            78.309018,
            30.1141483
          ],
          [
            78.3092648,
            30.1134708
          ],
          [
            78.3098961,
            30.1125403
          ],
          [
            78.3100212,
            30.1115589
          ],
          [
            78.3101714,
            30.1109789
          ],
          [
            78.3102894,
            30.1103895
          ],
          [
            78.3103323,
            30.1097259
          ],
          [
            78.3102679,
            30.109118
          ],
          [
            78.3100963,
            30.1085055
          ],
          [
            78.3098173,
            30.1077583
          ],
          [
            78.30937,
            30.1067756
          ],
          [
            78.3090877,
            30.1061201
          ],
          [
            78.3087552,
            30.1055261
          ],
          [
            78.3083689,
            30.1049646
          ],
          [
            78.3078486,
            30.1043891
          ],
          [
            78.3073229,
            30.103939
          ],
          [
            78.3065343,
            30.1033867
          ],
          [
            78.3056116,
            30.1028112
          ],
          [
            78.3048552,
            30.1023611
          ],
          [
            78.3040345,
            30.1020501
          ],
          [
            78.3033746,
            30.101883
          ],
          [
            78.3024681,
            30.1017206
          ],
          [
            78.3012503,
            30.1016324
          ],
          [
            78.2999575,
            30.1016278
          ],
          [
            78.2988632,
            30.1017392
          ],
          [
            78.2967603,
            30.1020594
          ],
          [
            78.295902,
            30.102078
          ],
          [
            78.2947916,
            30.1019573
          ],
          [
            78.2938253,
            30.1017544
          ],
          [
            78.2932037,
            30.1015675
          ],
          [
            78.2925546,
            30.1012612
          ],
          [
            78.2915837,
            30.1007042
          ],
          [
            78.2909077,
            30.100203
          ],
          [
            78.2904357,
            30.0996368
          ],
          [
            78.2901138,
            30.0991077
          ],
          [
            78.2898778,
            30.0986297
          ],
          [
            78.2897133,
            30.0980094
          ],
          [
            78.2896739,
            30.097423
          ],
          [
            78.2897061,
            30.0967686
          ],
          [
            78.2897705,
            30.096091
          ],
          [
            78.2899636,
            30.0950931
          ],
          [
            78.2902211,
            30.0942484
          ],
          [
            78.2906234,
            30.0933294
          ],
          [
            78.2915716,
            30.0914373
          ],
          [
            78.2920611,
            30.0902522
          ],
          [
            78.2924688,
            30.0890732
          ],
          [
            78.2926588,
            30.0879169
          ],
          [
            78.2926726,
            30.0865296
          ],
          [
            78.2925224,
            30.0850071
          ],
          [
            78.2922649,
            30.083531
          ],
          [
            78.2916641,
            30.0813772
          ],
          [
            78.2909346,
            30.0794833
          ],
          [
            78.2899529,
            30.0770741
          ],
          [
            78.2893842,
            30.0758253
          ],
          [
            78.2890012,
            30.0751609
          ],
          [
            78.2884828,
            30.0743629
          ],
          [
            78.285259,
            30.0694932
          ],
          [
            78.2838213,
            30.0671627
          ],
          [
            78.2811928,
            30.0628821
          ],
          [
            78.2804954,
            30.0617493
          ],
          [
            78.2798517,
            30.0608486
          ],
          [
            78.2790792,
            30.0599479
          ],
          [
            78.2762682,
            30.0568742
          ],
          [
            78.2756996,
            30.0561499
          ],
          [
            78.275485,
            30.0555277
          ],
          [
            78.2753241,
            30.054887
          ],
          [
            78.2752168,
            30.0542833
          ],
          [
            78.2751632,
            30.0535404
          ],
          [
            78.2750237,
            30.0510795
          ],
          [
            78.2749057,
            30.0501973
          ],
          [
            78.2746804,
            30.0495008
          ],
          [
            78.2742834,
            30.0487764
          ],
          [
            78.2736182,
            30.0480799
          ],
          [
            78.272084,
            30.0467518
          ],
          [
            78.2717299,
            30.0461389
          ],
          [
            78.2715368,
            30.0454888
          ],
          [
            78.2725962,
            30.0437874
          ],
          [
            78.2730732,
            30.042647
          ],
          [
            78.2732061,
            30.042072
          ],
          [
            78.27314,
            30.0415733
          ],
          [
            78.2726476,
            30.0405684
          ],
          [
            78.2714196,
            30.0393144
          ],
          [
            78.2708685,
            30.0387516
          ],
          [
            78.2703703,
            30.0382428
          ],
          [
            78.2676675,
            30.0363945
          ],
          [
            78.2658959,
            30.0355097
          ],
          [
            78.2620232,
            30.0350593
          ],
          [
            78.2581962,
            30.0345106
          ],
          [
            78.2515482,
            30.0320602
          ],
          [
            78.2505856,
            30.0312458
          ],
          [
            78.2503101,
            30.0304659
          ],
          [
            78.2502692,
            30.0287314
          ],
          [
            78.2471132,
            30.0258219
          ],
          [
            78.2439452,
            30.0234356
          ],
          [
            78.2444334,
            30.0210355
          ],
          [
            78.2449657,
            30.0183776
          ],
          [
            78.2447081,
            30.0181513
          ],
          [
            78.2430097,
            30.0166596
          ],
          [
            78.2408985,
            30.0157309
          ],
          [
            78.2385834,
            30.015231
          ],
          [
            78.2351537,
            30.0119859
          ],
          [
            78.2321329,
            30.0042168
          ],
          [
            78.2320193,
            30.0001649
          ],
          [
            78.2316787,
            29.998906
          ],
          [
            78.2311549,
            29.997206
          ],
          [
            78.231109,
            29.9953633
          ],
          [
            78.2315398,
            29.9934178
          ],
          [
            78.231982,
            29.9923966
          ],
          [
            78.2317364,
            29.9909783
          ],
          [
            78.2307845,
            29.9890182
          ],
          [
            78.2296266,
            29.9878548
          ],
          [
            78.2267432,
            29.9862601
          ],
          [
            78.22584,
            29.9853875
          ],
          [
            78.225077,
            29.984128
          ],
          [
            78.2242883,
            29.983552
          ],
          [
            78.2227521,
            29.9830296
          ],
          [
            78.2212544,
            29.983231
          ],
          [
            78.2197722,
            29.9839231
          ],
          [
            78.217572,
            29.9863704
          ],
          [
            78.2161245,
            29.9870925
          ],
          [
            78.2148276,
            29.9874436
          ],
          [
            78.2133685,
            29.9874937
          ],
          [
            78.2088293,
            29.9866412
          ],
          [
            78.2068723,
            29.9858789
          ],
          [
            78.2053437,
            29.9847155
          ],
          [
            78.2015919,
            29.9813453
          ],
          [
            78.1995665,
            29.9800677
          ],
          [
            78.1977051,
            29.9793949
          ],
          [
            78.1963244,
            29.979308
          ],
          [
            78.1955629,
            29.9795917
          ],
          [
            78.1952283,
            29.9798536
          ],
          [
            78.1951473,
            29.9803158
          ],
          [
            78.1945304,
            29.9805119
          ],
          [
            78.1928814,
            29.9803521
          ]
        ]
      }
    },
    {
      "type": "Feature",
      "properties": {
        "name": "Alaknanda",
        "waterway": "river",
        "source": "OpenStreetMap"
      },
      "geometry": {
        "type": "LineString",
        "coordinates": [
          [
            78.8199154,
            30.2362547
          ],
          [
            78.8199982,
            30.23564
          ],
          [
            78.8202598,
            30.2348549
          ],
          [
            78.820749,
            30.2338873
          ],
          [
            78.8212112,
            30.2332708
          ],
          [
            78.8215582,
            30.2326985
          ],
          [
            78.8220322,
            30.2316024
          ],
          [
            78.8223075,
            30.2308221
          ],
          [
            78.8224421,
            30.2302851
          ],
          [
            78.8221714,
            30.2295864
          ],
          [
            78.8217161,
            30.2290823
          ],
          [
            78.8210816,
            30.2287993
          ],
          [
            78.8187657,
            30.2280622
          ],
          [
            78.8174181,
            30.2281581
          ],
          [
            78.8145432,
            30.2276998
          ],
          [
            78.8125118,
            30.2280906
          ],
          [
            78.8110136,
            30.2282285
          ],
          [
            78.8091348,
            30.2280645
          ],
          [
            78.8082853,
            30.2275506
          ],
          [
            78.8077454,
            30.2268959
          ],
          [
            78.8071412,
            30.2249698
          ],
          [
            78.8066093,
            30.2234678
          ],
          [
            78.8066469,
            30.2233069
          ],
          [
            78.8070542,
            30.2215661
          ],
          [
            78.8080508,
            30.2205974
          ],
          [
            78.8080358,
            30.2198205
          ],
          [
            78.8057145,
            30.2194354
          ],
          [
            78.8044701,
            30.2191794
          ],
          [
            78.8027163,
            30.2192299
          ],
          [
            78.8018239,
            30.2202161
          ],
          [
            78.798298,
            30.2212771
          ],
          [
            78.7970169,
            30.2214085
          ],
          [
            78.7953401,
            30.2231785
          ],
          [
            78.7939346,
            30.2254497
          ],
          [
            78.7936537,
            30.2257564
          ],
          [
            78.7936162,
            30.2257973
          ],
          [
            78.7923467,
            30.2271832
          ],
          [
            78.7908678,
            30.2281818
          ],
          [
            78.7903833,
            30.2285089
          ],
          [
            78.7888822,
            30.2288269
          ],
          [
            78.7884042,
            30.2289281
          ],
          [
            78.7860937,
            30.2289926
          ],
          [
            78.7839479,
            30.2282881
          ],
          [
            78.7814803,
            30.2262302
          ],
          [
            78.7800427,
            30.2258223
          ],
          [
            78.7790827,
            30.2258733
          ],
          [
            78.7774179,
            30.2259617
          ],
          [
            78.7709661,
            30.2258223
          ],
          [
            78.7697311,
            30.225437
          ],
          [
            78.7668462,
            30.2255998
          ],
          [
            78.7657304,
            30.2249323
          ],
          [
            78.7648077,
            30.2231709
          ],
          [
            78.7640781,
            30.2185356
          ],
          [
            78.7640161,
            30.2182925
          ],
          [
            78.762711,
            30.216506
          ],
          [
            78.7616577,
            30.2160484
          ],
          [
            78.7603556,
            30.2155988
          ],
          [
            78.75972,
            30.2153734
          ],
          [
            78.7586742,
            30.215292
          ],
          [
            78.7581397,
            30.2160139
          ],
          [
            78.7578115,
            30.2167844
          ],
          [
            78.756714,
            30.2178804
          ],
          [
            78.754728,
            30.2171218
          ],
          [
            78.7542988,
            30.2170615
          ],
          [
            78.7539394,
            30.2168344
          ],
          [
            78.753344,
            30.2157682
          ],
          [
            78.7525661,
            30.2148225
          ],
          [
            78.7514986,
            30.2141967
          ],
          [
            78.7487305,
            30.2133576
          ],
          [
            78.7476255,
            30.2132835
          ],
          [
            78.7468637,
            30.2133669
          ],
          [
            78.7462736,
            30.2136219
          ],
          [
            78.7450023,
            30.2146464
          ],
          [
            78.7428404,
            30.2160834
          ],
          [
            78.7411587,
            30.2173142
          ],
          [
            78.7389914,
            30.2194974
          ],
          [
            78.7376718,
            30.2207397
          ],
          [
            78.7368564,
            30.2211384
          ],
          [
            78.7354839,
            30.221519
          ],
          [
            78.7345026,
            30.2219569
          ],
          [
            78.7274645,
            30.2264067
          ],
          [
            78.7214563,
            30.2304113
          ],
          [
            78.7179737,
            30.232967
          ],
          [
            78.7175017,
            30.2345614
          ],
          [
            78.7167185,
            30.2360352
          ],
          [
            78.7159245,
            30.2366377
          ],
          [
            78.7148946,
            30.2369436
          ],
          [
            78.7143474,
            30.236786
          ],
          [
            78.7139289,
            30.2361325
          ],
          [
            78.7139932,
            30.233982
          ],
          [
            78.7137315,
            30.2329326
          ],
          [
            78.7122015,
            30.2320447
          ],
          [
            78.7101188,
            30.231777
          ],
          [
            78.706581,
            30.231339
          ],
          [
            78.7043118,
            30.2314364
          ],
          [
            78.7029788,
            30.2318373
          ],
          [
            78.7013719,
            30.2333776
          ],
          [
            78.7005136,
            30.235009
          ],
          [
            78.7004351,
            30.2351446
          ],
          [
            78.699827,
            30.2361955
          ],
          [
            78.6993564,
            30.2362739
          ],
          [
            78.6983801,
            30.236107
          ],
          [
            78.696921,
            30.235245
          ],
          [
            78.6959125,
            30.2348093
          ],
          [
            78.6946088,
            30.2346285
          ],
          [
            78.6924363,
            30.2343273
          ],
          [
            78.6915995,
            30.2343737
          ],
          [
            78.6903764,
            30.234865
          ],
          [
            78.689443,
            30.2354397
          ],
          [
            78.6888207,
            30.2363017
          ],
          [
            78.6880804,
            30.2377384
          ],
          [
            78.6873723,
            30.2384058
          ],
          [
            78.686793,
            30.2386004
          ],
          [
            78.6853875,
            30.2387395
          ],
          [
            78.6835421,
            30.2386375
          ],
          [
            78.6825765,
            30.2382853
          ],
          [
            78.6819757,
            30.2375994
          ],
          [
            78.6809994,
            30.2361627
          ],
          [
            78.6800859,
            30.232636
          ],
          [
            78.6800016,
            30.2314074
          ],
          [
            78.6802269,
            30.2303877
          ],
          [
            78.6805381,
            30.22909
          ],
          [
            78.6810101,
            30.2282557
          ],
          [
            78.6819742,
            30.2274449
          ],
          [
            78.6832203,
            30.226893
          ],
          [
            78.6838747,
            30.2264665
          ],
          [
            78.6839498,
            30.2259938
          ],
          [
            78.6835743,
            30.2255395
          ],
          [
            78.6832247,
            30.2253188
          ],
          [
            78.6819006,
            30.2244827
          ],
          [
            78.6815895,
            30.2240748
          ],
          [
            78.6817397,
            30.2234073
          ],
          [
            78.6822382,
            30.2229568
          ],
          [
            78.6836172,
            30.2217108
          ],
          [
            78.6837996,
            30.2211175
          ],
          [
            78.6834,
            30.220647
          ],
          [
            78.6825202,
            30.2204245
          ],
          [
            78.6821622,
            30.2199929
          ],
          [
            78.6812166,
            30.2188531
          ],
          [
            78.6801867,
            30.2180187
          ],
          [
            78.6797039,
            30.2173698
          ],
          [
            78.6795562,
            30.2165788
          ],
          [
            78.6794893,
            30.2162201
          ],
          [
            78.6794249,
            30.2150891
          ],
          [
            78.6794357,
            30.2145606
          ],
          [
            78.6799605,
            30.2134482
          ],
          [
            78.6799623,
            30.2134114
          ],
          [
            78.6799828,
            30.2129752
          ],
          [
            78.6806429,
            30.2118585
          ],
          [
            78.6806321,
            30.2104038
          ],
          [
            78.6794933,
            30.2096681
          ],
          [
            78.6792276,
            30.2094964
          ],
          [
            78.6776213,
            30.210499
          ],
          [
            78.6761377,
            30.2114249
          ],
          [
            78.6743379,
            30.2119319
          ],
          [
            78.6716424,
            30.2126912
          ],
          [
            78.6702691,
            30.2126622
          ],
          [
            78.6686561,
            30.2121567
          ],
          [
            78.6681541,
            30.2118734
          ],
          [
            78.6675343,
            30.2115235
          ],
          [
            78.6665803,
            30.2107454
          ],
          [
            78.6656547,
            30.2074036
          ],
          [
            78.6654947,
            30.2068261
          ],
          [
            78.6649647,
            30.2065028
          ],
          [
            78.6636864,
            30.205723
          ],
          [
            78.6625765,
            30.2050459
          ],
          [
            78.657255,
            30.2043041
          ],
          [
            78.6531351,
            30.205936
          ],
          [
            78.6530869,
            30.2059594
          ],
          [
            78.6503885,
            30.2072712
          ],
          [
            78.6486756,
            30.2074827
          ],
          [
            78.648085,
            30.2075556
          ],
          [
            78.6479852,
            30.2075679
          ],
          [
            78.6469553,
            30.2068261
          ],
          [
            78.6452387,
            30.2051942
          ],
          [
            78.6431787,
            30.2037107
          ],
          [
            78.6431622,
            30.2033395
          ],
          [
            78.6431013,
            30.2019708
          ],
          [
            78.6430071,
            30.1998533
          ],
          [
            78.6431427,
            30.1996336
          ],
          [
            78.6443803,
            30.1976278
          ],
          [
            78.6454781,
            30.1962725
          ],
          [
            78.645582,
            30.1961442
          ],
          [
            78.645582,
            30.1942153
          ],
          [
            78.6446095,
            30.1936374
          ],
          [
            78.6428354,
            30.1925832
          ],
          [
            78.6390588,
            30.1896157
          ],
          [
            78.634424,
            30.1848675
          ],
          [
            78.6319448,
            30.1838426
          ],
          [
            78.6304758,
            30.1832353
          ],
          [
            78.624884,
            30.1813555
          ],
          [
            78.624296,
            30.1811578
          ],
          [
            78.620735,
            30.178516
          ],
          [
            78.6206673,
            30.1779297
          ],
          [
            78.6205996,
            30.177344
          ],
          [
            78.6211826,
            30.1761935
          ],
          [
            78.6213706,
            30.1751916
          ],
          [
            78.6215068,
            30.1737077
          ],
          [
            78.6212174,
            30.1726222
          ],
          [
            78.6209508,
            30.1710428
          ],
          [
            78.6212014,
            30.1694721
          ],
          [
            78.6210545,
            30.1674106
          ],
          [
            78.6190835,
            30.1640653
          ],
          [
            78.6187112,
            30.1636347
          ],
          [
            78.6184636,
            30.1633461
          ],
          [
            78.6188323,
            30.1623331
          ],
          [
            78.6191841,
            30.1617806
          ],
          [
            78.6198419,
            30.1604752
          ],
          [
            78.6197551,
            30.1591231
          ],
          [
            78.6199296,
            30.1576909
          ],
          [
            78.6197041,
            30.1570517
          ],
          [
            78.619773,
            30.1560171
          ],
          [
            78.6196665,
            30.1550691
          ],
          [
            78.6189523,
            30.1543432
          ],
          [
            78.6187827,
            30.1533365
          ],
          [
            78.6179082,
            30.152032
          ],
          [
            78.6160901,
            30.1498943
          ],
          [
            78.6134688,
            30.1487773
          ],
          [
            78.6109064,
            30.1486548
          ],
          [
            78.6090181,
            30.1489517
          ],
          [
            78.6077914,
            30.1485075
          ],
          [
            78.6071993,
            30.1479399
          ],
          [
            78.6071993,
            30.1465313
          ],
          [
            78.6069243,
            30.1447249
          ],
          [
            78.6061718,
            30.1435625
          ],
          [
            78.60511,
            30.1431331
          ],
          [
            78.6034948,
            30.1437876
          ],
          [
            78.6002634,
            30.1447953
          ],
          [
            78.5987717,
            30.1453452
          ],
          [
            78.5984847,
            30.1453882
          ],
          [
            78.5982299,
            30.145373
          ],
          [
            78.5979186,
            30.1452785
          ],
          [
            78.5974993,
            30.1450933
          ]
        ]
      }
    },
    {
      "type": "Feature",
      "properties": {
        "name": "Bhagirathi River",
        "waterway": "river",
        "source": "OpenStreetMap"
      },
      "geometry": {
        "type": "LineString",
        "coordinates": [
          [
            78.4943425,
            30.3053631
          ],
          [
            78.4943063,
            30.3049876
          ],
          [
            78.493814,
            30.3045835
          ],
          [
            78.4933851,
            30.3039591
          ],
          [
            78.4932491,
            30.3030438
          ],
          [
            78.4933909,
            30.3020881
          ],
          [
            78.492894,
            30.3015736
          ],
          [
            78.4919337,
            30.3010441
          ],
          [
            78.491119,
            30.3001284
          ],
          [
            78.4908075,
            30.2991795
          ],
          [
            78.4905255,
            30.2981997
          ],
          [
            78.4906102,
            30.2976091
          ],
          [
            78.4910702,
            30.2971771
          ],
          [
            78.4917043,
            30.2969857
          ],
          [
            78.4940739,
            30.2973086
          ],
          [
            78.4961114,
            30.2971611
          ],
          [
            78.4969232,
            30.2966865
          ],
          [
            78.4967117,
            30.2955521
          ],
          [
            78.4967981,
            30.2944316
          ],
          [
            78.4966248,
            30.2940601
          ],
          [
            78.496226,
            30.2936422
          ],
          [
            78.4955725,
            30.2932792
          ],
          [
            78.4947076,
            30.2928128
          ],
          [
            78.4933166,
            30.29186
          ],
          [
            78.4917448,
            30.2909109
          ],
          [
            78.4904772,
            30.2903421
          ],
          [
            78.4886104,
            30.289594
          ],
          [
            78.4863664,
            30.2893355
          ],
          [
            78.4844803,
            30.288718
          ],
          [
            78.4830743,
            30.2877064
          ],
          [
            78.4825003,
            30.2869421
          ],
          [
            78.4823216,
            30.2857215
          ],
          [
            78.4826033,
            30.2843911
          ],
          [
            78.4828291,
            30.2836438
          ],
          [
            78.4832949,
            30.2831182
          ],
          [
            78.4849069,
            30.2826049
          ],
          [
            78.4865439,
            30.2828653
          ],
          [
            78.4879296,
            30.2839287
          ],
          [
            78.4890486,
            30.2843382
          ],
          [
            78.4898623,
            30.2840601
          ],
          [
            78.491173,
            30.2832448
          ],
          [
            78.4936617,
            30.2823084
          ],
          [
            78.4952493,
            30.2822377
          ],
          [
            78.4960553,
            30.2818375
          ],
          [
            78.4964487,
            30.281145
          ],
          [
            78.4964114,
            30.2801392
          ],
          [
            78.4948066,
            30.2789555
          ],
          [
            78.4924439,
            30.2772657
          ],
          [
            78.4905497,
            30.2731895
          ],
          [
            78.4898191,
            30.2700153
          ],
          [
            78.4910867,
            30.2665939
          ],
          [
            78.492975,
            30.2640734
          ],
          [
            78.4935413,
            30.2627542
          ],
          [
            78.4943483,
            30.2602184
          ],
          [
            78.4948633,
            30.2594771
          ],
          [
            78.4960649,
            30.2594771
          ],
          [
            78.4968816,
            30.2598282
          ],
          [
            78.4971093,
            30.2600173
          ],
          [
            78.4980475,
            30.2607963
          ],
          [
            78.5007292,
            30.2630929
          ],
          [
            78.5020763,
            30.2646873
          ],
          [
            78.5034137,
            30.2659952
          ],
          [
            78.5044763,
            30.2664457
          ],
          [
            78.5055579,
            30.266272
          ],
          [
            78.5061163,
            30.2654313
          ],
          [
            78.5068796,
            30.2642217
          ],
          [
            78.5075566,
            30.2632501
          ],
          [
            78.5078347,
            30.261833
          ],
          [
            78.5081442,
            30.2602101
          ],
          [
            78.5084421,
            30.2592142
          ],
          [
            78.5084537,
            30.2574701
          ],
          [
            78.5087191,
            30.255879
          ],
          [
            78.5088295,
            30.2548447
          ],
          [
            78.5091523,
            30.2538902
          ],
          [
            78.509791,
            30.2533076
          ],
          [
            78.50978,
            30.2525151
          ],
          [
            78.5099347,
            30.2512453
          ],
          [
            78.5105183,
            30.2501978
          ],
          [
            78.5117031,
            30.2494981
          ],
          [
            78.5137037,
            30.2483619
          ],
          [
            78.5156494,
            30.2478105
          ],
          [
            78.5192201,
            30.2476979
          ],
          [
            78.5214318,
            30.2475764
          ],
          [
            78.5230928,
            30.24752
          ],
          [
            78.5238155,
            30.2480287
          ],
          [
            78.52424,
            30.24874
          ],
          [
            78.5243704,
            30.2493925
          ],
          [
            78.5239821,
            30.2505063
          ],
          [
            78.5238155,
            30.2510465
          ],
          [
            78.5228896,
            30.2521911
          ],
          [
            78.5228855,
            30.2530854
          ],
          [
            78.5236159,
            30.2536074
          ],
          [
            78.5247234,
            30.2538565
          ],
          [
            78.5256834,
            30.2538347
          ],
          [
            78.5261751,
            30.2534657
          ],
          [
            78.5262539,
            30.2529368
          ],
          [
            78.525613,
            30.2522415
          ],
          [
            78.5253398,
            30.2515508
          ],
          [
            78.5255974,
            30.2511141
          ],
          [
            78.5262226,
            30.250817
          ],
          [
            78.5274245,
            30.2503025
          ],
          [
            78.5280325,
            30.2497716
          ],
          [
            78.5285067,
            30.2489491
          ],
          [
            78.52913,
            30.248076
          ],
          [
            78.5294211,
            30.2469807
          ],
          [
            78.5302085,
            30.2463274
          ],
          [
            78.531162,
            30.2456865
          ],
          [
            78.533405,
            30.2445855
          ],
          [
            78.5344844,
            30.2436239
          ],
          [
            78.5348039,
            30.2428098
          ],
          [
            78.5353788,
            30.2416948
          ],
          [
            78.5357254,
            30.2410225
          ],
          [
            78.5359833,
            30.2402412
          ],
          [
            78.536031,
            30.2391233
          ],
          [
            78.5361901,
            30.2378493
          ],
          [
            78.5370414,
            30.237335
          ],
          [
            78.5374898,
            30.2367185
          ],
          [
            78.5379449,
            30.2364302
          ],
          [
            78.5391169,
            30.2359968
          ],
          [
            78.5408297,
            30.2354024
          ],
          [
            78.5425768,
            30.2350903
          ],
          [
            78.543828,
            30.2353292
          ],
          [
            78.5441362,
            30.2354216
          ],
          [
            78.5460184,
            30.2351573
          ],
          [
            78.5468787,
            30.2349505
          ],
          [
            78.5472252,
            30.2349298
          ],
          [
            78.5481315,
            30.2345777
          ],
          [
            78.5490236,
            30.2345618
          ],
          [
            78.5508085,
            30.2339316
          ],
          [
            78.5540709,
            30.2334554
          ],
          [
            78.5554599,
            30.232629
          ],
          [
            78.5562399,
            30.231638
          ],
          [
            78.5566204,
            30.2306622
          ],
          [
            78.5567524,
            30.2299075
          ],
          [
            78.5568756,
            30.2292025
          ],
          [
            78.5568824,
            30.2291637
          ],
          [
            78.5574423,
            30.2280718
          ],
          [
            78.5575736,
            30.2278157
          ],
          [
            78.5577968,
            30.2271311
          ],
          [
            78.5583782,
            30.2266288
          ],
          [
            78.559408,
            30.2259617
          ],
          [
            78.5598366,
            30.2257333
          ],
          [
            78.560711,
            30.2254692
          ],
          [
            78.561345,
            30.2252403
          ],
          [
            78.562161,
            30.2247683
          ],
          [
            78.5625642,
            30.2242544
          ],
          [
            78.5629003,
            30.2233292
          ],
          [
            78.5628963,
            30.2224666
          ],
          [
            78.5628663,
            30.2206185
          ],
          [
            78.5630675,
            30.2187402
          ],
          [
            78.5630055,
            30.2176864
          ],
          [
            78.5624571,
            30.2159505
          ],
          [
            78.5610596,
            30.2142996
          ],
          [
            78.559408,
            30.2130567
          ],
          [
            78.5586597,
            30.2123216
          ],
          [
            78.5584242,
            30.2116648
          ],
          [
            78.5584553,
            30.2104334
          ],
          [
            78.5597087,
            30.2068177
          ],
          [
            78.5604365,
            30.2049676
          ],
          [
            78.5609862,
            30.2033218
          ],
          [
            78.5613678,
            30.2019055
          ],
          [
            78.5620926,
            30.201082
          ],
          [
            78.5623204,
            30.2008232
          ],
          [
            78.5632166,
            30.1997059
          ],
          [
            78.5643328,
            30.1987694
          ],
          [
            78.5652445,
            30.1983697
          ],
          [
            78.5689921,
            30.1973427
          ],
          [
            78.5713378,
            30.1965824
          ],
          [
            78.5728577,
            30.1959006
          ],
          [
            78.5737929,
            30.195333
          ],
          [
            78.5747466,
            30.1945579
          ],
          [
            78.5757229,
            30.1936408
          ],
          [
            78.5767628,
            30.1930572
          ],
          [
            78.5771278,
            30.1928302
          ],
          [
            78.5773796,
            30.1924031
          ],
          [
            78.5774522,
            30.1918655
          ],
          [
            78.577659,
            30.1916392
          ],
          [
            78.5786702,
            30.1914936
          ],
          [
            78.5798357,
            30.1915446
          ],
          [
            78.5808264,
            30.1916011
          ],
          [
            78.582117,
            30.1916997
          ],
          [
            78.5827494,
            30.1916163
          ],
          [
            78.5830223,
            30.1911233
          ],
          [
            78.5833125,
            30.1904244
          ],
          [
            78.583976,
            30.1902094
          ],
          [
            78.5843042,
            30.1898431
          ],
          [
            78.5845053,
            30.1896186
          ],
          [
            78.5848779,
            30.1886861
          ],
          [
            78.5849729,
            30.1883816
          ],
          [
            78.5851377,
            30.1878531
          ],
          [
            78.5853132,
            30.1861234
          ],
          [
            78.5860382,
            30.1833546
          ],
          [
            78.5866298,
            30.1815265
          ],
          [
            78.5869097,
            30.180281
          ],
          [
            78.5869961,
            30.1790574
          ],
          [
            78.5875213,
            30.1778166
          ],
          [
            78.5885029,
            30.1766942
          ],
          [
            78.5902978,
            30.1752618
          ],
          [
            78.5910665,
            30.1745098
          ],
          [
            78.5917507,
            30.173542
          ],
          [
            78.5927115,
            30.1729702
          ],
          [
            78.5959718,
            30.1718087
          ],
          [
            78.5971038,
            30.1708494
          ],
          [
            78.5979986,
            30.1699854
          ],
          [
            78.5988256,
            30.1689312
          ],
          [
            78.5998769,
            30.1678668
          ],
          [
            78.6002009,
            30.1669957
          ],
          [
            78.6001148,
            30.1658723
          ],
          [
            78.5999801,
            30.1651903
          ],
          [
            78.5995697,
            30.1644889
          ],
          [
            78.5994279,
            30.1636931
          ],
          [
            78.5997554,
            30.1626349
          ],
          [
            78.6003616,
            30.1615448
          ],
          [
            78.6011427,
            30.1604442
          ],
          [
            78.6016466,
            30.1595136
          ],
          [
            78.6018825,
            30.158715
          ],
          [
            78.6018022,
            30.1575996
          ],
          [
            78.6018163,
            30.1564255
          ],
          [
            78.6017119,
            30.1552819
          ],
          [
            78.6015874,
            30.1543014
          ],
          [
            78.6008635,
            30.1530423
          ],
          [
            78.6002473,
            30.1519551
          ],
          [
            78.5991518,
            30.1514189
          ],
          [
            78.5985545,
            30.1506333
          ],
          [
            78.5978651,
            30.149088
          ],
          [
            78.5978313,
            30.1476708
          ],
          [
            78.597588,
            30.1455126
          ],
          [
            78.5974993,
            30.1450933
          ]
        ]
      }
    },
    {
      "type": "Feature",
      "properties": {
        "name": "Bal Ganga",
        "waterway": "river",
        "source": "OpenStreetMap"
      },
      "geometry": {
        "type": "LineString",
        "coordinates": [
          [
            78.7669515,
            30.6634974
          ],
          [
            78.766222,
            30.6621316
          ],
          [
            78.7649345,
            30.6616147
          ],
          [
            78.764162,
            30.6605811
          ],
          [
            78.76369,
            30.6591783
          ],
          [
            78.7623596,
            30.6579969
          ],
          [
            78.7613725,
            30.6576278
          ],
          [
            78.760643,
            30.6568894
          ],
          [
            78.7586689,
            30.6557819
          ],
          [
            78.7565231,
            30.6541575
          ],
          [
            78.7548065,
            30.6536776
          ],
          [
            78.7553215,
            30.6527546
          ],
          [
            78.7553545,
            30.6521009
          ],
          [
            78.7554073,
            30.6510563
          ],
          [
            78.754549,
            30.6496164
          ],
          [
            78.7541198,
            30.6482873
          ],
          [
            78.7539482,
            30.6468105
          ],
          [
            78.753004,
            30.6456659
          ],
          [
            78.7530899,
            30.6441152
          ],
          [
            78.7531757,
            30.6425645
          ],
          [
            78.7525749,
            30.6420475
          ],
          [
            78.7513732,
            30.6409029
          ],
          [
            78.7508583,
            30.6394629
          ],
          [
            78.7507295,
            30.6385029
          ],
          [
            78.7501716,
            30.6376536
          ],
          [
            78.7494421,
            30.6378197
          ],
          [
            78.7488842,
            30.6381705
          ],
          [
            78.7481332,
            30.639389
          ],
          [
            78.7471247,
            30.639869
          ],
          [
            78.7461376,
            30.6400352
          ],
          [
            78.7450862,
            30.639906
          ],
          [
            78.7443995,
            30.6396106
          ],
          [
            78.7439489,
            30.6390198
          ],
          [
            78.7436485,
            30.6383367
          ],
          [
            78.74367,
            30.637469
          ],
          [
            78.7441635,
            30.6367305
          ],
          [
            78.7443352,
            30.6361027
          ],
          [
            78.7442922,
            30.6355858
          ],
          [
            78.7434768,
            30.6350503
          ],
          [
            78.7429189,
            30.6346996
          ],
          [
            78.7428546,
            30.6341087
          ],
          [
            78.7433481,
            30.6338503
          ],
          [
            78.7441635,
            30.6334071
          ],
          [
            78.7443781,
            30.6328717
          ],
          [
            78.7434983,
            30.6323547
          ],
          [
            78.74264,
            30.6318562
          ],
          [
            78.7413311,
            30.6311915
          ],
          [
            78.7408161,
            30.6307115
          ],
          [
            78.7406015,
            30.629936
          ],
          [
            78.738842,
            30.629419
          ],
          [
            78.7381553,
            30.6283296
          ],
          [
            78.7374258,
            30.6273695
          ],
          [
            78.7372576,
            30.6269642
          ],
          [
            78.7372112,
            30.6268525
          ],
          [
            78.7370825,
            30.6256154
          ],
          [
            78.7376404,
            30.6245721
          ],
          [
            78.7381983,
            30.6235104
          ],
          [
            78.7382412,
            30.6220701
          ],
          [
            78.7380481,
            30.6211838
          ],
          [
            78.73734,
            30.6208329
          ],
          [
            78.7364387,
            30.6210914
          ],
          [
            78.7351084,
            30.621313
          ],
          [
            78.7339926,
            30.6211653
          ],
          [
            78.7325978,
            30.6206298
          ],
          [
            78.7320184,
            30.620242
          ],
          [
            78.7319755,
            30.6187648
          ],
          [
            78.7321257,
            30.6180261
          ],
          [
            78.7316322,
            30.6171951
          ],
          [
            78.7318682,
            30.615884
          ],
          [
            78.7321257,
            30.6150715
          ],
          [
            78.731718,
            30.6136865
          ],
          [
            78.7309778,
            30.6129663
          ],
          [
            78.7306881,
            30.6129062
          ],
          [
            78.7304896,
            30.6128093
          ],
          [
            78.7304145,
            30.6126292
          ],
          [
            78.7305325,
            30.6124307
          ],
          [
            78.7308705,
            30.6120706
          ],
          [
            78.731069,
            30.6118398
          ],
          [
            78.7311226,
            30.6116643
          ],
          [
            78.7310797,
            30.6113227
          ],
          [
            78.7308973,
            30.6110457
          ],
          [
            78.7306666,
            30.6110272
          ],
          [
            78.7305808,
            30.6109441
          ],
          [
            78.7305379,
            30.6108148
          ],
          [
            78.7305379,
            30.6106763
          ],
          [
            78.7305862,
            30.610427
          ],
          [
            78.7306452,
            30.6095498
          ],
          [
            78.7306452,
            30.609162
          ],
          [
            78.7303126,
            30.6086911
          ],
          [
            78.7300336,
            30.6084971
          ],
          [
            78.7296152,
            30.6078969
          ],
          [
            78.7292772,
            30.6078231
          ],
          [
            78.728832,
            30.60786
          ],
          [
            78.7283707,
            30.6083725
          ],
          [
            78.7282848,
            30.6085018
          ],
          [
            78.727963,
            30.6086495
          ],
          [
            78.7275714,
            30.6086218
          ],
          [
            78.7274694,
            30.6084325
          ],
          [
            78.7275177,
            30.6080447
          ],
          [
            78.7275606,
            30.6073844
          ],
          [
            78.7277913,
            30.607052
          ],
          [
            78.7282902,
            30.6064472
          ],
          [
            78.7283492,
            30.6061471
          ],
          [
            78.7283277,
            30.6055699
          ],
          [
            78.7282151,
            30.605316
          ],
          [
            78.7280112,
            30.6052652
          ],
          [
            78.7277216,
            30.6050482
          ],
          [
            78.7275714,
            30.6050343
          ],
          [
            78.7273729,
            30.6049882
          ],
          [
            78.7271047,
            30.6048727
          ],
          [
            78.7263215,
            30.6040232
          ],
          [
            78.7262356,
            30.6038246
          ],
          [
            78.726123,
            30.6033906
          ],
          [
            78.725962,
            30.6033121
          ],
          [
            78.7256777,
            30.6033214
          ],
          [
            78.7255436,
            30.6034183
          ],
          [
            78.7254578,
            30.6038108
          ],
          [
            78.7253129,
            30.6040786
          ],
          [
            78.7252057,
            30.6041617
          ],
          [
            78.7249321,
            30.604194
          ],
          [
            78.7245405,
            30.6041063
          ],
          [
            78.7244385,
            30.6039216
          ],
          [
            78.724165,
            30.6038523
          ],
          [
            78.7237358,
            30.6038062
          ],
          [
            78.7236285,
            30.6040278
          ],
          [
            78.7229311,
            30.6039724
          ],
          [
            78.7221908,
            30.6037323
          ],
          [
            78.7220728,
            30.6036677
          ],
          [
            78.7219012,
            30.6032521
          ],
          [
            78.7216984,
            30.6024954
          ],
          [
            78.721698,
            30.6023686
          ],
          [
            78.7216973,
            30.6021532
          ],
          [
            78.7209678,
            30.6017007
          ],
          [
            78.7205922,
            30.6017007
          ],
          [
            78.7200665,
            30.6017931
          ],
          [
            78.7196052,
            30.6018392
          ],
          [
            78.7191117,
            30.6014976
          ],
          [
            78.7185752,
            30.601359
          ],
          [
            78.7182319,
            30.6015068
          ],
          [
            78.7180602,
            30.6017192
          ],
          [
            78.7178028,
            30.6019039
          ],
          [
            78.7164831,
            30.602107
          ],
          [
            78.7162685,
            30.6020886
          ],
          [
            78.7161183,
            30.6018946
          ],
          [
            78.7161827,
            30.6017007
          ],
          [
            78.7165153,
            30.6009527
          ],
          [
            78.7165153,
            30.600611
          ],
          [
            78.7156999,
            30.5998076
          ],
          [
            78.7154424,
            30.5997992
          ],
          [
            78.713994,
            30.5997522
          ],
          [
            78.7130928,
            30.599586
          ],
          [
            78.7118804,
            30.5986902
          ],
          [
            78.7116873,
            30.5984778
          ],
          [
            78.7110349,
            30.5984545
          ],
          [
            78.7106037,
            30.5976097
          ],
          [
            78.7099707,
            30.5975174
          ],
          [
            78.7092197,
            30.5975266
          ],
          [
            78.7082755,
            30.5975912
          ],
          [
            78.7079859,
            30.5977021
          ],
          [
            78.7073314,
            30.5976466
          ],
          [
            78.7071705,
            30.5975081
          ],
          [
            78.7064624,
            30.5970925
          ],
          [
            78.7062585,
            30.5968155
          ],
          [
            78.7055612,
            30.5965661
          ],
          [
            78.7045634,
            30.5967231
          ],
          [
            78.703866,
            30.5971849
          ],
          [
            78.7026858,
            30.5974712
          ],
          [
            78.7020528,
            30.5974065
          ],
          [
            78.7011516,
            30.5973234
          ],
          [
            78.7009156,
            30.5971018
          ],
          [
            78.7003362,
            30.596677
          ],
          [
            78.6996066,
            30.596363
          ],
          [
            78.6988878,
            30.5962522
          ],
          [
            78.6979759,
            30.5961783
          ],
          [
            78.6965275,
            30.5960767
          ],
          [
            78.6957657,
            30.5960952
          ],
          [
            78.6951542,
            30.5961967
          ],
          [
            78.6945319,
            30.5964091
          ],
          [
            78.6937809,
            30.5959843
          ],
          [
            78.6934805,
            30.5956888
          ],
          [
            78.6932444,
            30.595264
          ],
          [
            78.6923861,
            30.5946268
          ],
          [
            78.6911631,
            30.5943312
          ],
          [
            78.6903584,
            30.5939433
          ],
          [
            78.6901653,
            30.593694
          ],
          [
            78.6899292,
            30.5932045
          ],
          [
            78.6895645,
            30.5928905
          ],
          [
            78.6889422,
            30.592909
          ],
          [
            78.6878693,
            30.5926504
          ],
          [
            78.6865389,
            30.5920039
          ],
          [
            78.6857879,
            30.591773
          ],
          [
            78.6856699,
            30.5916068
          ],
          [
            78.6854814,
            30.5913559
          ],
          [
            78.6854339,
            30.5912928
          ],
          [
            78.6852515,
            30.5906093
          ],
          [
            78.6849725,
            30.590323
          ],
          [
            78.6847365,
            30.5900921
          ],
          [
            78.6842322,
            30.5899167
          ],
          [
            78.6835885,
            30.5900552
          ],
          [
            78.6831701,
            30.5900921
          ],
          [
            78.6821401,
            30.5900182
          ],
          [
            78.6808741,
            30.5897227
          ],
          [
            78.6805844,
            30.5896211
          ],
          [
            78.6803269,
            30.5893625
          ],
          [
            78.6801016,
            30.58891
          ],
          [
            78.6797583,
            30.5885775
          ],
          [
            78.6789107,
            30.5885036
          ],
          [
            78.6782026,
            30.5887714
          ],
          [
            78.6770761,
            30.5894364
          ],
          [
            78.6763894,
            30.5895657
          ],
          [
            78.6759792,
            30.5894724
          ],
          [
            78.6758208,
            30.5894364
          ],
          [
            78.6756492,
            30.5892979
          ],
          [
            78.6752307,
            30.5890023
          ],
          [
            78.6747372,
            30.5884297
          ],
          [
            78.6738896,
            30.5881249
          ],
          [
            78.6730206,
            30.5875892
          ],
          [
            78.6712932,
            30.5868134
          ],
          [
            78.670156,
            30.5860191
          ],
          [
            78.669126,
            30.5852063
          ],
          [
            78.6684823,
            30.5845967
          ],
          [
            78.668096,
            30.5836362
          ],
          [
            78.6673665,
            30.5831374
          ],
          [
            78.6664438,
            30.5829527
          ],
          [
            78.666079,
            30.5829712
          ],
          [
            78.6654353,
            30.5826386
          ],
          [
            78.6647916,
            30.5821583
          ],
          [
            78.6642122,
            30.581678
          ],
          [
            78.663429,
            30.581558
          ],
          [
            78.6630964,
            30.5814656
          ],
          [
            78.6628282,
            30.581207
          ],
          [
            78.6622703,
            30.5810684
          ],
          [
            78.6617446,
            30.581013
          ],
          [
            78.6603606,
            30.5808652
          ],
          [
            78.6598885,
            30.5807821
          ],
          [
            78.6592662,
            30.580856
          ],
          [
            78.6584508,
            30.5811331
          ],
          [
            78.6580217,
            30.5810592
          ],
          [
            78.6578178,
            30.5806435
          ],
          [
            78.6576676,
            30.5799508
          ],
          [
            78.6570454,
            30.5795721
          ],
          [
            78.656584,
            30.5793874
          ],
          [
            78.6561334,
            30.5794428
          ],
          [
            78.6547601,
            30.5802187
          ],
          [
            78.6540842,
            30.5804958
          ],
          [
            78.6534834,
            30.5804958
          ],
          [
            78.6527538,
            30.580468
          ],
          [
            78.652389,
            30.580348
          ],
          [
            78.652035,
            30.5800524
          ],
          [
            78.6518311,
            30.579803
          ],
          [
            78.6512518,
            30.57754
          ],
          [
            78.6504471,
            30.5770043
          ],
          [
            78.6497819,
            30.5769396
          ],
          [
            78.6490524,
            30.5770135
          ],
          [
            78.6482799,
            30.576838
          ],
          [
            78.6478078,
            30.5767456
          ],
          [
            78.6472928,
            30.5767733
          ],
          [
            78.6466706,
            30.576644
          ],
          [
            78.6457693,
            30.5762468
          ],
          [
            78.6451685,
            30.576136
          ],
          [
            78.6449631,
            30.5762772
          ],
          [
            78.6441868,
            30.5759374
          ],
          [
            78.6434573,
            30.5754062
          ],
          [
            78.6426258,
            30.5748474
          ],
          [
            78.6421397,
            30.5746244
          ],
          [
            78.6418104,
            30.5744733
          ],
          [
            78.6414671,
            30.5736512
          ],
          [
            78.6413652,
            30.5731477
          ],
          [
            78.6409038,
            30.5727921
          ],
          [
            78.640303,
            30.5726628
          ],
          [
            78.6397988,
            30.5725242
          ],
          [
            78.6395359,
            30.5721593
          ],
          [
            78.6395359,
            30.5715682
          ],
          [
            78.6396432,
            30.5705751
          ],
          [
            78.6394179,
            30.5701687
          ],
          [
            78.6388814,
            30.56991
          ],
          [
            78.6372721,
            30.5692264
          ],
          [
            78.6364299,
            30.5679793
          ],
          [
            78.6357754,
            30.5663858
          ],
          [
            78.6357218,
            30.5650601
          ],
          [
            78.6359847,
            30.5638361
          ],
          [
            78.6366874,
            30.5633326
          ],
          [
            78.6372507,
            30.5634388
          ],
          [
            78.6378944,
            30.5639608
          ],
          [
            78.6382699,
            30.5641918
          ],
          [
            78.6387634,
            30.5640393
          ],
          [
            78.6391014,
            30.5636883
          ],
          [
            78.6396432,
            30.5625104
          ],
          [
            78.640126,
            30.5613602
          ],
          [
            78.6400992,
            30.5605426
          ],
          [
            78.6400241,
            30.5592307
          ],
          [
            78.6402065,
            30.5588242
          ],
          [
            78.6408985,
            30.5584316
          ],
          [
            78.6418748,
            30.5578726
          ],
          [
            78.6425024,
            30.5575955
          ],
          [
            78.6433393,
            30.5576232
          ],
          [
            78.6442459,
            30.5580897
          ],
          [
            78.645544,
            30.5586856
          ],
          [
            78.6462521,
            30.5587318
          ],
          [
            78.6465311,
            30.5584778
          ],
          [
            78.6465794,
            30.5580066
          ],
          [
            78.6462629,
            30.5569488
          ],
          [
            78.6463326,
            30.5564452
          ],
          [
            78.646751,
            30.555951
          ],
          [
            78.6476362,
            30.5557939
          ],
          [
            78.648237,
            30.5557431
          ],
          [
            78.6490416,
            30.5557015
          ],
          [
            78.6493742,
            30.5553088
          ],
          [
            78.649283,
            30.5549531
          ],
          [
            78.6484516,
            30.5543434
          ],
          [
            78.64806,
            30.5539692
          ],
          [
            78.6479956,
            30.5536227
          ],
          [
            78.6480781,
            30.5535727
          ],
          [
            78.6483765,
            30.5533917
          ],
          [
            78.6490309,
            30.5530499
          ],
          [
            78.649165,
            30.5525879
          ],
          [
            78.6487949,
            30.5515854
          ],
          [
            78.6485213,
            30.5511142
          ],
          [
            78.6479419,
            30.5506754
          ],
          [
            78.6475718,
            30.5501718
          ],
          [
            78.6475772,
            30.5494881
          ],
          [
            78.6477166,
            30.5487397
          ],
          [
            78.6480975,
            30.5478942
          ],
          [
            78.6481672,
            30.5472059
          ],
          [
            78.6480707,
            30.5465776
          ],
          [
            78.6476093,
            30.5455427
          ],
          [
            78.647427,
            30.5447435
          ],
          [
            78.6480761,
            30.5429555
          ],
          [
            78.648473,
            30.5419252
          ],
          [
            78.649385,
            30.5405484
          ],
          [
            78.6497444,
            30.5396474
          ],
          [
            78.6497176,
            30.5392547
          ],
          [
            78.6495513,
            30.5387419
          ],
          [
            78.6491865,
            30.5383399
          ],
          [
            78.6484301,
            30.5379518
          ],
          [
            78.6477327,
            30.5375729
          ],
          [
            78.6475718,
            30.537231
          ],
          [
            78.6477435,
            30.5366904
          ],
          [
            78.6479098,
            30.535965
          ],
          [
            78.6478347,
            30.5353367
          ],
          [
            78.6476254,
            30.5344357
          ],
          [
            78.6480519,
            30.533701
          ],
          [
            78.6483872,
            30.5327445
          ],
          [
            78.648988,
            30.5312498
          ],
          [
            78.6491409,
            30.5307785
          ],
          [
            78.6490229,
            30.5304111
          ],
          [
            78.6482611,
            30.5301246
          ],
          [
            78.6471346,
            30.5297504
          ],
          [
            78.6462146,
            30.529755
          ],
          [
            78.6460483,
            30.5294777
          ],
          [
            78.6461502,
            30.5289094
          ],
          [
            78.645874,
            30.5283919
          ],
          [
            78.6453456,
            30.527634
          ],
          [
            78.6449218,
            30.526659
          ],
          [
            78.6449513,
            30.5260491
          ],
          [
            78.6452624,
            30.5250163
          ],
          [
            78.645308,
            30.5243486
          ],
          [
            78.6448734,
            30.522941
          ],
          [
            78.6446857,
            30.5226134
          ],
          [
            78.6445329,
            30.5221074
          ],
          [
            78.6441466,
            30.5216175
          ],
          [
            78.6436906,
            30.5214119
          ],
          [
            78.64335,
            30.5212016
          ],
          [
            78.6432105,
            30.5207996
          ],
          [
            78.6435163,
            30.5200371
          ],
          [
            78.6438811,
            30.5194502
          ],
          [
            78.6439562,
            30.5190528
          ],
          [
            78.6436692,
            30.51866
          ],
          [
            78.6433661,
            30.5183596
          ],
          [
            78.642827,
            30.5183319
          ],
          [
            78.6417085,
            30.518697
          ],
          [
            78.6408207,
            30.5188287
          ],
          [
            78.6402628,
            30.5186115
          ],
          [
            78.6397344,
            30.5180454
          ],
          [
            78.6393455,
            30.5172944
          ],
          [
            78.6392623,
            30.5170564
          ],
          [
            78.639375,
            30.516689
          ],
          [
            78.6397532,
            30.5166197
          ],
          [
            78.6404371,
            30.5166867
          ],
          [
            78.6410272,
            30.5164926
          ],
          [
            78.6416468,
            30.5161876
          ],
          [
            78.641915,
            30.5157416
          ],
          [
            78.6419338,
            30.5154297
          ],
          [
            78.6417809,
            30.5150091
          ],
          [
            78.6414,
            30.5143506
          ],
          [
            78.6410111,
            30.5136412
          ],
          [
            78.64088,
            30.5134281
          ],
          [
            78.6405846,
            30.5129479
          ],
          [
            78.6401609,
            30.5127954
          ],
          [
            78.6395091,
            30.5127723
          ],
          [
            78.6382887,
            30.5127492
          ],
          [
            78.6373821,
            30.5123633
          ],
          [
            78.6366311,
            30.5120329
          ],
          [
            78.6359015,
            30.5115707
          ],
          [
            78.63507,
            30.5110254
          ],
          [
            78.6343351,
            30.5106441
          ],
          [
            78.6331871,
            30.5104199
          ],
          [
            78.6323771,
            30.5104384
          ],
          [
            78.6318299,
            30.5106071
          ],
          [
            78.6309797,
            30.5113489
          ],
          [
            78.6300597,
            30.5116955
          ],
          [
            78.6290753,
            30.5118365
          ],
          [
            78.6286935,
            30.5117543
          ],
          [
            78.6281955,
            30.511647
          ],
          [
            78.6278602,
            30.5111432
          ],
          [
            78.6276939,
            30.5102212
          ],
          [
            78.6278102,
            30.5094296
          ],
          [
            78.6285805,
            30.5092053
          ],
          [
            78.6290129,
            30.5088684
          ],
          [
            78.6290059,
            30.5080026
          ],
          [
            78.6298282,
            30.5071112
          ],
          [
            78.6299114,
            30.5062279
          ],
          [
            78.628805,
            30.5064468
          ],
          [
            78.6278038,
            30.5064798
          ],
          [
            78.6271089,
            30.5060077
          ],
          [
            78.6269418,
            30.5050946
          ],
          [
            78.6259843,
            30.5045208
          ],
          [
            78.6255233,
            30.5039694
          ],
          [
            78.6258056,
            30.503222
          ],
          [
            78.6268326,
            30.5029308
          ],
          [
            78.6281587,
            30.502262
          ],
          [
            78.6282232,
            30.5012882
          ],
          [
            78.6276049,
            30.5005571
          ],
          [
            78.62675,
            30.5002288
          ],
          [
            78.6261699,
            30.4996778
          ],
          [
            78.626316,
            30.4988357
          ],
          [
            78.6290027,
            30.4978319
          ],
          [
            78.6295434,
            30.4971773
          ],
          [
            78.6298237,
            30.4943246
          ],
          [
            78.6297495,
            30.4937344
          ],
          [
            78.6290241,
            30.4934564
          ],
          [
            78.6280395,
            30.4929242
          ],
          [
            78.6277134,
            30.4920763
          ],
          [
            78.6270776,
            30.4914165
          ],
          [
            78.6263789,
            30.4914806
          ],
          [
            78.6255694,
            30.4917802
          ],
          [
            78.6248187,
            30.4917972
          ],
          [
            78.6244549,
            30.491578
          ],
          [
            78.6246994,
            30.4910446
          ],
          [
            78.625663,
            30.4901483
          ],
          [
            78.626109,
            30.4889375
          ],
          [
            78.6263197,
            30.4883655
          ],
          [
            78.626649,
            30.4876498
          ],
          [
            78.6266684,
            30.4856452
          ],
          [
            78.6261678,
            30.4844424
          ],
          [
            78.6234252,
            30.483
          ],
          [
            78.6228044,
            30.4820982
          ],
          [
            78.6226166,
            30.4814822
          ],
          [
            78.6228299,
            30.481195
          ],
          [
            78.623704,
            30.4814417
          ],
          [
            78.6242549,
            30.4815225
          ],
          [
            78.6248531,
            30.4812131
          ],
          [
            78.6252794,
            30.4805773
          ],
          [
            78.6249154,
            30.4795497
          ],
          [
            78.6252476,
            30.4786648
          ],
          [
            78.6267005,
            30.4774447
          ],
          [
            78.6285638,
            30.4761832
          ],
          [
            78.6293788,
            30.4752678
          ],
          [
            78.6296637,
            30.4739685
          ],
          [
            78.6306867,
            30.4727193
          ],
          [
            78.6321789,
            30.4719777
          ],
          [
            78.6323829,
            30.4714886
          ],
          [
            78.6320542,
            30.4702539
          ],
          [
            78.6315614,
            30.4693336
          ],
          [
            78.6317104,
            30.466867
          ],
          [
            78.632003,
            30.4655458
          ],
          [
            78.6329932,
            30.4641765
          ],
          [
            78.6333799,
            30.4632412
          ],
          [
            78.6330655,
            30.4624309
          ],
          [
            78.6326248,
            30.4614982
          ],
          [
            78.6331877,
            30.4607655
          ],
          [
            78.6342229,
            30.4603077
          ],
          [
            78.6351282,
            30.4597852
          ],
          [
            78.6353999,
            30.458957
          ],
          [
            78.6342474,
            30.4572706
          ],
          [
            78.6343113,
            30.4567589
          ],
          [
            78.635271,
            30.4559123
          ],
          [
            78.6352383,
            30.4546337
          ],
          [
            78.6356597,
            30.4540012
          ],
          [
            78.6357463,
            30.4532847
          ],
          [
            78.6354083,
            30.4528897
          ],
          [
            78.6342178,
            30.4524927
          ],
          [
            78.6333708,
            30.4518278
          ],
          [
            78.6333,
            30.4507627
          ],
          [
            78.6342181,
            30.4492306
          ],
          [
            78.634967,
            30.447408
          ],
          [
            78.6352384,
            30.4466094
          ],
          [
            78.6351063,
            30.4454423
          ],
          [
            78.6362403,
            30.4443584
          ],
          [
            78.6362839,
            30.4437971
          ],
          [
            78.6357286,
            30.4433204
          ],
          [
            78.6347334,
            30.4420555
          ],
          [
            78.6345138,
            30.4410971
          ],
          [
            78.6354461,
            30.4400654
          ],
          [
            78.6354464,
            30.4393935
          ],
          [
            78.6356891,
            30.4383572
          ],
          [
            78.6364021,
            30.4376007
          ],
          [
            78.6365213,
            30.4375128
          ],
          [
            78.6375602,
            30.4373119
          ],
          [
            78.639024,
            30.4374911
          ],
          [
            78.6396806,
            30.4372346
          ],
          [
            78.6403907,
            30.4351433
          ],
          [
            78.6403192,
            30.434299
          ],
          [
            78.6398403,
            30.4339617
          ],
          [
            78.6388859,
            30.434045
          ],
          [
            78.6378536,
            30.4316279
          ],
          [
            78.637883,
            30.4306253
          ],
          [
            78.6383192,
            30.4296747
          ],
          [
            78.6397175,
            30.427688
          ]
        ]
      }
    },
    {
      "type": "Feature",
      "properties": {
        "name": "Bhillangana River",
        "waterway": "river",
        "source": "OpenStreetMap"
      },
      "geometry": {
        "type": "LineString",
        "coordinates": [
          [
            78.9318351,
            30.8240967
          ],
          [
            78.9355343,
            30.8230378
          ],
          [
            78.9379021,
            30.82275
          ],
          [
            78.9386287,
            30.8224692
          ],
          [
            78.9391736,
            30.8221573
          ],
          [
            78.9399366,
            30.8218141
          ],
          [
            78.941862,
            30.8207533
          ],
          [
            78.9423706,
            30.8204414
          ],
          [
            78.9430972,
            30.820067
          ],
          [
            78.9435695,
            30.8197862
          ],
          [
            78.9441144,
            30.8194118
          ],
          [
            78.944732,
            30.8188814
          ],
          [
            78.9452406,
            30.818507
          ],
          [
            78.9457855,
            30.8178518
          ],
          [
            78.9465485,
            30.8166974
          ],
          [
            78.9467301,
            30.8160422
          ],
          [
            78.9475657,
            30.8148878
          ],
          [
            78.9480016,
            30.8145134
          ],
          [
            78.9484012,
            30.8140766
          ],
          [
            78.9486192,
            30.8135774
          ],
          [
            78.9487282,
            30.813047
          ],
          [
            78.9487282,
            30.8124854
          ],
          [
            78.9484355,
            30.812362
          ],
          [
            78.9482834,
            30.8115286
          ],
          [
            78.9483898,
            30.8105524
          ],
          [
            78.9489357,
            30.8102123
          ],
          [
            78.9491707,
            30.8098758
          ],
          [
            78.948867,
            30.8094603
          ],
          [
            78.9488785,
            30.8090779
          ],
          [
            78.9492042,
            30.8084745
          ],
          [
            78.9491809,
            30.8080653
          ],
          [
            78.9494634,
            30.8074237
          ],
          [
            78.9495666,
            30.8069686
          ],
          [
            78.9498368,
            30.8062901
          ],
          [
            78.9510063,
            30.8053058
          ],
          [
            78.9510441,
            30.8050638
          ],
          [
            78.9512599,
            30.8046006
          ],
          [
            78.95139,
            30.8039558
          ],
          [
            78.951996,
            30.8032549
          ],
          [
            78.9521258,
            30.8025717
          ],
          [
            78.9526388,
            30.8021787
          ],
          [
            78.9522875,
            30.801766
          ],
          [
            78.9528342,
            30.8010183
          ],
          [
            78.953002,
            30.8003369
          ],
          [
            78.9524517,
            30.7997119
          ],
          [
            78.9526746,
            30.7991824
          ],
          [
            78.9525002,
            30.7976161
          ],
          [
            78.9528675,
            30.7971705
          ],
          [
            78.952643,
            30.7962561
          ],
          [
            78.9529893,
            30.7959068
          ],
          [
            78.9527843,
            30.7952029
          ],
          [
            78.953224,
            30.7948019
          ],
          [
            78.9528634,
            30.7936103
          ],
          [
            78.9532944,
            30.7933151
          ],
          [
            78.9531423,
            30.7917812
          ],
          [
            78.9535143,
            30.7911065
          ],
          [
            78.9532128,
            30.7899711
          ],
          [
            78.9528693,
            30.7899236
          ],
          [
            78.9523696,
            30.7891521
          ],
          [
            78.9526263,
            30.7887142
          ],
          [
            78.9521071,
            30.7873982
          ],
          [
            78.9526154,
            30.7860543
          ],
          [
            78.9516968,
            30.7845273
          ],
          [
            78.9518586,
            30.7841948
          ],
          [
            78.9515021,
            30.7839408
          ],
          [
            78.9515357,
            30.7834275
          ],
          [
            78.9494673,
            30.7824049
          ],
          [
            78.9480133,
            30.7818392
          ],
          [
            78.9452145,
            30.7803462
          ],
          [
            78.9450944,
            30.7801137
          ],
          [
            78.943307,
            30.7766524
          ],
          [
            78.9387346,
            30.7751332
          ],
          [
            78.936379,
            30.7729618
          ],
          [
            78.9356066,
            30.7729782
          ],
          [
            78.9346529,
            30.7714541
          ],
          [
            78.9291598,
            30.7631941
          ],
          [
            78.9284873,
            30.7624454
          ],
          [
            78.926808,
            30.7605758
          ],
          [
            78.9228083,
            30.7565561
          ],
          [
            78.9216236,
            30.7555946
          ],
          [
            78.9197184,
            30.7540482
          ],
          [
            78.9169718,
            30.7516879
          ],
          [
            78.9142585,
            30.7502451
          ],
          [
            78.9116621,
            30.7488805
          ],
          [
            78.9103639,
            30.7482904
          ],
          [
            78.9094412,
            30.7484194
          ],
          [
            78.9089759,
            30.7482296
          ],
          [
            78.9083791,
            30.7479861
          ],
          [
            78.9075208,
            30.7471747
          ],
          [
            78.9065015,
            30.7467782
          ],
          [
            78.9047742,
            30.7462802
          ],
          [
            78.9039159,
            30.7458838
          ],
          [
            78.9008796,
            30.7440027
          ],
          [
            78.900429,
            30.7432189
          ],
          [
            78.899914,
            30.7429515
          ],
          [
            78.8988626,
            30.7426749
          ],
          [
            78.8983154,
            30.7419095
          ],
          [
            78.8983905,
            30.7401851
          ],
          [
            78.8973391,
            30.7392814
          ],
          [
            78.8964057,
            30.7384791
          ],
          [
            78.8950646,
            30.7378797
          ],
          [
            78.8946032,
            30.7373541
          ],
          [
            78.8941741,
            30.7362106
          ],
          [
            78.8933265,
            30.735851
          ],
          [
            78.8925969,
            30.7355928
          ],
          [
            78.8922429,
            30.7349472
          ],
          [
            78.8916458,
            30.7338748
          ],
          [
            78.891288,
            30.733232
          ],
          [
            78.8894641,
            30.7314521
          ],
          [
            78.8893676,
            30.7307696
          ],
          [
            78.8883912,
            30.7298935
          ],
          [
            78.8880908,
            30.7287592
          ],
          [
            78.8865673,
            30.727385
          ],
          [
            78.8857294,
            30.7251298
          ],
          [
            78.8843787,
            30.7233546
          ],
          [
            78.8832736,
            30.7230964
          ],
          [
            78.8823616,
            30.7231702
          ],
          [
            78.8818252,
            30.7229857
          ],
          [
            78.8805891,
            30.7210882
          ],
          [
            78.8797974,
            30.720763
          ],
          [
            78.8780047,
            30.7176037
          ],
          [
            78.8761164,
            30.7162755
          ],
          [
            78.8757196,
            30.7155364
          ],
          [
            78.8750864,
            30.714357
          ],
          [
            78.8743998,
            30.7114053
          ],
          [
            78.8730265,
            30.7090439
          ],
          [
            78.8713099,
            30.7069776
          ],
          [
            78.8707731,
            30.7062853
          ],
          [
            78.8695933,
            30.7047637
          ],
          [
            78.8685633,
            30.702107
          ],
          [
            78.866675,
            30.6997453
          ],
          [
            78.8654734,
            30.6979741
          ],
          [
            78.8642718,
            30.6959076
          ],
          [
            78.8641627,
            30.6954855
          ],
          [
            78.8635851,
            30.6932505
          ],
          [
            78.8622118,
            30.6920696
          ],
          [
            78.8601519,
            30.690003
          ],
          [
            78.85827,
            30.6881162
          ],
          [
            78.8581395,
            30.687267
          ],
          [
            78.8571883,
            30.6861829
          ],
          [
            78.8573394,
            30.6844891
          ],
          [
            78.8567201,
            30.6834305
          ],
          [
            78.8565131,
            30.6820594
          ],
          [
            78.8558681,
            30.6814686
          ],
          [
            78.8552502,
            30.6799029
          ],
          [
            78.8559735,
            30.6777519
          ],
          [
            78.8556722,
            30.6763094
          ],
          [
            78.8536102,
            30.6754657
          ],
          [
            78.8532966,
            30.6749057
          ],
          [
            78.8538537,
            30.6742771
          ],
          [
            78.8551862,
            30.6731869
          ],
          [
            78.8552716,
            30.6712728
          ],
          [
            78.8545919,
            30.6700982
          ],
          [
            78.8539091,
            30.6699272
          ],
          [
            78.8529849,
            30.6691465
          ],
          [
            78.8516961,
            30.6655251
          ],
          [
            78.8518109,
            30.6631727
          ],
          [
            78.8523112,
            30.6621129
          ],
          [
            78.8518171,
            30.6598005
          ],
          [
            78.8511463,
            30.6593728
          ],
          [
            78.8509734,
            30.6581857
          ],
          [
            78.8510545,
            30.6579367
          ],
          [
            78.8519669,
            30.6551332
          ],
          [
            78.8515045,
            30.6541963
          ],
          [
            78.8523418,
            30.6526057
          ],
          [
            78.8521486,
            30.6505974
          ],
          [
            78.8525616,
            30.6495311
          ],
          [
            78.852917,
            30.6493656
          ],
          [
            78.8528189,
            30.6486899
          ],
          [
            78.8534178,
            30.6478659
          ],
          [
            78.8533288,
            30.6471849
          ],
          [
            78.8542786,
            30.646336
          ],
          [
            78.8542022,
            30.6452311
          ],
          [
            78.8574749,
            30.6405924
          ],
          [
            78.8593172,
            30.6399336
          ],
          [
            78.8594545,
            30.6394392
          ],
          [
            78.8589008,
            30.6383796
          ],
          [
            78.8594092,
            30.6376163
          ],
          [
            78.8592377,
            30.636912
          ],
          [
            78.8594928,
            30.6363428
          ],
          [
            78.8602696,
            30.6354867
          ],
          [
            78.8599564,
            30.6344664
          ],
          [
            78.8600916,
            30.6333248
          ],
          [
            78.8594933,
            30.6322216
          ],
          [
            78.8584497,
            30.6309995
          ],
          [
            78.8589561,
            30.6286513
          ],
          [
            78.858854,
            30.6279244
          ],
          [
            78.8585055,
            30.6269799
          ],
          [
            78.8587734,
            30.6256031
          ],
          [
            78.8583399,
            30.6243334
          ],
          [
            78.8586568,
            30.6239305
          ],
          [
            78.8576813,
            30.6231368
          ],
          [
            78.8572069,
            30.6218927
          ],
          [
            78.8575206,
            30.6207555
          ],
          [
            78.8568689,
            30.6190954
          ],
          [
            78.8556173,
            30.6186272
          ],
          [
            78.8530289,
            30.6170942
          ],
          [
            78.8504874,
            30.6126647
          ],
          [
            78.849368,
            30.6116696
          ],
          [
            78.8476326,
            30.611124
          ],
          [
            78.8477517,
            30.6096305
          ],
          [
            78.8462478,
            30.6046776
          ],
          [
            78.8457897,
            30.6037408
          ],
          [
            78.8442815,
            30.6031461
          ],
          [
            78.8430056,
            30.6015111
          ],
          [
            78.8415462,
            30.6003596
          ],
          [
            78.8407497,
            30.5989802
          ],
          [
            78.8395596,
            30.5983075
          ],
          [
            78.8395113,
            30.5973663
          ],
          [
            78.8390577,
            30.5967926
          ],
          [
            78.8381509,
            30.5956455
          ],
          [
            78.8363003,
            30.5946912
          ],
          [
            78.834824,
            30.5940375
          ],
          [
            78.8339072,
            30.5941107
          ],
          [
            78.8327747,
            30.5947409
          ],
          [
            78.8326275,
            30.593877
          ],
          [
            78.8326536,
            30.5927419
          ],
          [
            78.8319112,
            30.5918026
          ],
          [
            78.8307175,
            30.5908773
          ],
          [
            78.8300666,
            30.5904826
          ],
          [
            78.8302605,
            30.5896653
          ],
          [
            78.8305533,
            30.5889539
          ],
          [
            78.8299767,
            30.5882923
          ],
          [
            78.8293218,
            30.5883134
          ],
          [
            78.827228,
            30.5875278
          ],
          [
            78.8265686,
            30.5861063
          ],
          [
            78.8258582,
            30.5855875
          ],
          [
            78.8219881,
            30.5838742
          ],
          [
            78.8229502,
            30.5814369
          ],
          [
            78.8221412,
            30.5808283
          ],
          [
            78.8225501,
            30.5775764
          ],
          [
            78.8221235,
            30.5751342
          ],
          [
            78.8212263,
            30.5743656
          ],
          [
            78.8202684,
            30.573038
          ],
          [
            78.8184389,
            30.5721875
          ],
          [
            78.8179517,
            30.5709417
          ],
          [
            78.8168709,
            30.5702464
          ],
          [
            78.8157865,
            30.5698967
          ],
          [
            78.8157747,
            30.5689014
          ],
          [
            78.8150421,
            30.5670563
          ],
          [
            78.8143816,
            30.5665684
          ],
          [
            78.8138082,
            30.5657085
          ],
          [
            78.8141263,
            30.5645611
          ],
          [
            78.8147581,
            30.5640945
          ],
          [
            78.8146379,
            30.5637039
          ],
          [
            78.8142978,
            30.5634723
          ],
          [
            78.8130322,
            30.5634728
          ],
          [
            78.8120838,
            30.5627739
          ],
          [
            78.810655,
            30.5623824
          ],
          [
            78.8091394,
            30.5591448
          ],
          [
            78.8090872,
            30.5573768
          ],
          [
            78.8085204,
            30.5561378
          ],
          [
            78.8072373,
            30.5560583
          ],
          [
            78.8061555,
            30.5555819
          ],
          [
            78.8058246,
            30.554205
          ],
          [
            78.8051836,
            30.5506929
          ],
          [
            78.8062688,
            30.5484427
          ],
          [
            78.8062688,
            30.5483023
          ],
          [
            78.8051298,
            30.5473773
          ],
          [
            78.8046439,
            30.5438573
          ],
          [
            78.8038933,
            30.5432537
          ],
          [
            78.802613,
            30.5436234
          ],
          [
            78.801689,
            30.5431775
          ],
          [
            78.8008847,
            30.5418473
          ],
          [
            78.8010956,
            30.5408187
          ],
          [
            78.8011949,
            30.5403346
          ],
          [
            78.8006804,
            30.539357
          ],
          [
            78.7982915,
            30.5390072
          ],
          [
            78.7979012,
            30.5379669
          ],
          [
            78.7981417,
            30.5368111
          ],
          [
            78.7978755,
            30.536554
          ],
          [
            78.7974114,
            30.5367254
          ],
          [
            78.7966856,
            30.5366455
          ],
          [
            78.7952901,
            30.5355331
          ],
          [
            78.7952913,
            30.5354215
          ],
          [
            78.7939631,
            30.533859
          ],
          [
            78.7918606,
            30.5330332
          ],
          [
            78.7909596,
            30.5322295
          ],
          [
            78.7912283,
            30.5309157
          ],
          [
            78.7914487,
            30.5298384
          ],
          [
            78.7909776,
            30.529405
          ],
          [
            78.7902368,
            30.5285671
          ],
          [
            78.7902795,
            30.527605
          ],
          [
            78.7907517,
            30.5266906
          ],
          [
            78.7906855,
            30.5266063
          ],
          [
            78.790131,
            30.5263843
          ],
          [
            78.7899167,
            30.5262985
          ],
          [
            78.7875987,
            30.526559
          ],
          [
            78.786355,
            30.526171
          ],
          [
            78.7851406,
            30.5257228
          ],
          [
            78.7843288,
            30.5251786
          ],
          [
            78.7832809,
            30.5254188
          ],
          [
            78.7812542,
            30.526588
          ],
          [
            78.7770564,
            30.5249966
          ],
          [
            78.7756188,
            30.5249191
          ],
          [
            78.7746949,
            30.5243091
          ],
          [
            78.774371,
            30.5232043
          ],
          [
            78.7740751,
            30.5224553
          ],
          [
            78.7732091,
            30.5226091
          ],
          [
            78.7708638,
            30.5245302
          ],
          [
            78.7690277,
            30.5243685
          ],
          [
            78.7649735,
            30.5228368
          ],
          [
            78.763532,
            30.5227521
          ],
          [
            78.7613416,
            30.5229025
          ],
          [
            78.7598298,
            30.522353
          ],
          [
            78.7579398,
            30.5209628
          ],
          [
            78.75628,
            30.5165404
          ],
          [
            78.7551299,
            30.5140922
          ],
          [
            78.7545347,
            30.5139974
          ],
          [
            78.7531222,
            30.5140167
          ],
          [
            78.7513425,
            30.5146727
          ],
          [
            78.7503623,
            30.5148393
          ],
          [
            78.7496459,
            30.5142281
          ],
          [
            78.7495607,
            30.5135179
          ],
          [
            78.7510943,
            30.5125135
          ],
          [
            78.7511587,
            30.5119312
          ],
          [
            78.7504667,
            30.5113766
          ],
          [
            78.7492382,
            30.5111455
          ],
          [
            78.7485409,
            30.5105817
          ],
          [
            78.7480581,
            30.5099948
          ],
          [
            78.7468725,
            30.5095141
          ],
          [
            78.7454134,
            30.509833
          ],
          [
            78.7441581,
            30.5095095
          ],
          [
            78.7428439,
            30.5085759
          ],
          [
            78.741256,
            30.5070969
          ],
          [
            78.7401777,
            30.5066902
          ],
          [
            78.7396574,
            30.5059091
          ],
          [
            78.7385845,
            30.5041482
          ],
          [
            78.737753,
            30.503233
          ],
          [
            78.7359559,
            30.5032099
          ],
          [
            78.7336761,
            30.5034503
          ],
          [
            78.7321258,
            30.5027385
          ],
          [
            78.7309188,
            30.5031082
          ],
          [
            78.7304628,
            30.503136
          ],
          [
            78.7296849,
            30.5030204
          ],
          [
            78.7290788,
            30.5026091
          ],
          [
            78.7284833,
            30.5016384
          ],
          [
            78.7282097,
            30.5008296
          ],
          [
            78.7273192,
            30.5000114
          ],
          [
            78.7243205,
            30.4961565
          ],
          [
            78.7229419,
            30.4950518
          ],
          [
            78.7213969,
            30.4937205
          ],
          [
            78.7198949,
            30.4930133
          ],
          [
            78.7179208,
            30.4921997
          ],
          [
            78.7176472,
            30.4914139
          ],
          [
            78.7177113,
            30.4905598
          ],
          [
            78.7175834,
            30.4900327
          ],
          [
            78.716644,
            30.489588
          ],
          [
            78.7155873,
            30.4895094
          ],
          [
            78.7141657,
            30.4894215
          ],
          [
            78.713361,
            30.4887189
          ],
          [
            78.7135917,
            30.4880671
          ],
          [
            78.7148875,
            30.4874493
          ],
          [
            78.7147397,
            30.4866849
          ],
          [
            78.7130123,
            30.4856078
          ],
          [
            78.7124169,
            30.4846509
          ],
          [
            78.7132859,
            30.4824781
          ],
          [
            78.7129104,
            30.4810172
          ],
          [
            78.7118861,
            30.4796109
          ],
          [
            78.710593,
            30.4784237
          ],
          [
            78.7071222,
            30.4784283
          ],
          [
            78.7062585,
            30.4782387
          ],
          [
            78.7058133,
            30.4779059
          ],
          [
            78.705427,
            30.4767085
          ],
          [
            78.7061298,
            30.4749239
          ],
          [
            78.7060386,
            30.4732132
          ],
          [
            78.7060225,
            30.4715858
          ],
          [
            78.7059012,
            30.4668896
          ],
          [
            78.705109,
            30.46579
          ],
          [
            78.7040027,
            30.4649906
          ],
          [
            78.7051433,
            30.4636263
          ],
          [
            78.7034512,
            30.4561536
          ],
          [
            78.7044965,
            30.4548078
          ],
          [
            78.7043879,
            30.4539351
          ],
          [
            78.7028601,
            30.4530217
          ],
          [
            78.6992935,
            30.4532712
          ],
          [
            78.6965366,
            30.451168
          ],
          [
            78.6952561,
            30.4489835
          ],
          [
            78.69423,
            30.4489484
          ],
          [
            78.6937158,
            30.4484839
          ],
          [
            78.6933705,
            30.4475013
          ],
          [
            78.6924968,
            30.4469863
          ],
          [
            78.6916648,
            30.4473451
          ],
          [
            78.6905118,
            30.4487109
          ],
          [
            78.689871,
            30.4488649
          ],
          [
            78.6894597,
            30.4480326
          ],
          [
            78.6896472,
            30.4466799
          ],
          [
            78.6901343,
            30.4457569
          ],
          [
            78.6900201,
            30.4453651
          ],
          [
            78.6889724,
            30.445188
          ],
          [
            78.6866892,
            30.4463088
          ],
          [
            78.6861282,
            30.4459503
          ],
          [
            78.6858976,
            30.4448294
          ],
          [
            78.686821,
            30.442357
          ],
          [
            78.6867085,
            30.441412
          ],
          [
            78.6855526,
            30.4409845
          ],
          [
            78.6854664,
            30.4399213
          ],
          [
            78.6849594,
            30.4386572
          ],
          [
            78.6841738,
            30.4380416
          ],
          [
            78.6833429,
            30.438465
          ],
          [
            78.6820229,
            30.4415576
          ],
          [
            78.681015,
            30.4421405
          ],
          [
            78.6797904,
            30.442247
          ],
          [
            78.6786514,
            30.4427071
          ],
          [
            78.6777187,
            30.4428345
          ],
          [
            78.6772939,
            30.4422672
          ],
          [
            78.6775649,
            30.4413036
          ],
          [
            78.6797522,
            30.4376526
          ],
          [
            78.6796461,
            30.4369411
          ],
          [
            78.6784032,
            30.4366216
          ],
          [
            78.6769378,
            30.4369976
          ],
          [
            78.6760787,
            30.4381948
          ],
          [
            78.6756186,
            30.438711
          ],
          [
            78.6744593,
            30.4425433
          ],
          [
            78.6734748,
            30.4429226
          ],
          [
            78.6721011,
            30.4426866
          ],
          [
            78.6712636,
            30.441623
          ],
          [
            78.6703074,
            30.4399847
          ],
          [
            78.6708766,
            30.4378203
          ],
          [
            78.6705324,
            30.4372003
          ],
          [
            78.6693094,
            30.4368017
          ],
          [
            78.6680847,
            30.4354908
          ],
          [
            78.6652076,
            30.4320108
          ],
          [
            78.6658233,
            30.4307513
          ],
          [
            78.6650888,
            30.4298343
          ],
          [
            78.6634916,
            30.4287459
          ],
          [
            78.6634988,
            30.4275278
          ],
          [
            78.6635265,
            30.4270357
          ],
          [
            78.6632541,
            30.4269661
          ],
          [
            78.6629794,
            30.4267203
          ],
          [
            78.6621113,
            30.4268014
          ],
          [
            78.6607246,
            30.4280284
          ],
          [
            78.6595287,
            30.4299203
          ],
          [
            78.6589685,
            30.4307122
          ],
          [
            78.6578859,
            30.430782
          ],
          [
            78.6571167,
            30.4305043
          ],
          [
            78.6564138,
            30.4299145
          ],
          [
            78.655785,
            30.4294932
          ],
          [
            78.6550325,
            30.4294787
          ],
          [
            78.6544724,
            30.42991
          ],
          [
            78.6533491,
            30.4312409
          ],
          [
            78.6525104,
            30.4315515
          ],
          [
            78.6520382,
            30.4314706
          ],
          [
            78.6519778,
            30.4308761
          ],
          [
            78.6522266,
            30.4301915
          ],
          [
            78.6510349,
            30.4292415
          ],
          [
            78.6494244,
            30.4289747
          ],
          [
            78.6480145,
            30.4273277
          ],
          [
            78.6469642,
            30.4262019
          ],
          [
            78.6459002,
            30.4261472
          ],
          [
            78.6456691,
            30.4263008
          ],
          [
            78.6452551,
            30.4272876
          ],
          [
            78.6450877,
            30.4286886
          ],
          [
            78.6444963,
            30.4295483
          ],
          [
            78.6434367,
            30.4298576
          ],
          [
            78.6411918,
            30.4289507
          ],
          [
            78.6397175,
            30.427688
          ],
          [
            78.6389837,
            30.4262803
          ],
          [
            78.6390534,
            30.4243931
          ],
          [
            78.6394177,
            30.4230275
          ],
          [
            78.6376282,
            30.4204696
          ],
          [
            78.6380975,
            30.4193437
          ],
          [
            78.6379486,
            30.4183056
          ],
          [
            78.6371468,
            30.4177084
          ],
          [
            78.6363434,
            30.4180868
          ],
          [
            78.6324182,
            30.4181859
          ],
          [
            78.6320635,
            30.4179025
          ],
          [
            78.6319049,
            30.4169552
          ],
          [
            78.6308508,
            30.4162323
          ],
          [
            78.6295226,
            30.4158211
          ],
          [
            78.6279272,
            30.4158576
          ],
          [
            78.6260082,
            30.4164563
          ],
          [
            78.6246651,
            30.4167745
          ],
          [
            78.6234809,
            30.4165518
          ],
          [
            78.6219454,
            30.4158077
          ],
          [
            78.6197722,
            30.4156487
          ],
          [
            78.6162862,
            30.4158077
          ],
          [
            78.6153898,
            30.4149009
          ],
          [
            78.6143419,
            30.4127779
          ],
          [
            78.6134042,
            30.4093636
          ],
          [
            78.6121612,
            30.4085182
          ],
          [
            78.6104697,
            30.4073678
          ],
          [
            78.6091022,
            30.4059832
          ],
          [
            78.6041888,
            30.4051476
          ],
          [
            78.6025009,
            30.4027145
          ],
          [
            78.6010812,
            30.3985795
          ],
          [
            78.6001192,
            30.3980934
          ],
          [
            78.5927558,
            30.3981554
          ],
          [
            78.5920614,
            30.3978473
          ],
          [
            78.5920231,
            30.3970899
          ],
          [
            78.5932712,
            30.3955882
          ],
          [
            78.5931327,
            30.3940283
          ],
          [
            78.5938556,
            30.3933974
          ],
          [
            78.5924226,
            30.3923207
          ],
          [
            78.5899619,
            30.3912788
          ],
          [
            78.5881303,
            30.3880833
          ],
          [
            78.5878983,
            30.3868922
          ],
          [
            78.5888213,
            30.3858652
          ],
          [
            78.590564,
            30.3834525
          ],
          [
            78.5907572,
            30.3829268
          ],
          [
            78.5886502,
            30.3805099
          ],
          [
            78.5843868,
            30.3787558
          ],
          [
            78.5820851,
            30.3778088
          ],
          [
            78.576227,
            30.3731034
          ],
          [
            78.5701001,
            30.374557
          ],
          [
            78.5681469,
            30.3750204
          ],
          [
            78.5607738,
            30.3737133
          ],
          [
            78.5573398,
            30.3731034
          ],
          [
            78.5540067,
            30.3694434
          ],
          [
            78.5501686,
            30.3668291
          ],
          [
            78.5449166,
            30.367352
          ],
          [
            78.5354224,
            30.3758046
          ],
          [
            78.5293623,
            30.3759789
          ],
          [
            78.5241103,
            30.3812941
          ],
          [
            78.5156261,
            30.3809456
          ],
          [
            78.508859,
            30.3809456
          ],
          [
            78.505526,
            30.3853021
          ],
          [
            78.5010819,
            30.3841694
          ],
          [
            78.4944158,
            30.3829496
          ],
          [
            78.4936115,
            30.3829909
          ],
          [
            78.4859317,
            30.3833852
          ],
          [
            78.4818498,
            30.3838802
          ],
          [
            78.4794614,
            30.3832103
          ]
        ]
      }
    },
    {
      "type": "Feature",
      "properties": {
        "name": "Chandrabhaga",
        "waterway": "river",
        "source": "OpenStreetMap"
      },
      "geometry": {
        "type": "LineString",
        "coordinates": [
          [
            78.2899478,
            30.2033732
          ],
          [
            78.2890465,
            30.2026314
          ],
          [
            78.2894757,
            30.2015187
          ],
          [
            78.2886174,
            30.2009994
          ],
          [
            78.2864287,
            30.2019267
          ],
          [
            78.28527,
            30.2012219
          ],
          [
            78.2844117,
            30.2002205
          ],
          [
            78.2831242,
            30.1992191
          ],
          [
            78.2826522,
            30.1978096
          ],
          [
            78.282223,
            30.1972161
          ],
          [
            78.2814505,
            30.1971048
          ],
          [
            78.2801202,
            30.1976241
          ],
          [
            78.2790902,
            30.1975129
          ],
          [
            78.2783177,
            30.1958437
          ],
          [
            78.2775023,
            30.1941375
          ],
          [
            78.2765153,
            30.1933307
          ],
          [
            78.2759464,
            30.1926739
          ],
          [
            78.2753458,
            30.1926166
          ],
          [
            78.2738068,
            30.191034
          ],
          [
            78.2734254,
            30.1896491
          ],
          [
            78.273725,
            30.186499
          ],
          [
            78.2743381,
            30.1833499
          ],
          [
            78.2743735,
            30.1818721
          ],
          [
            78.2762481,
            30.1769392
          ],
          [
            78.2763424,
            30.1763786
          ],
          [
            78.2759769,
            30.1756244
          ],
          [
            78.2741225,
            30.1744408
          ],
          [
            78.2733824,
            30.1737714
          ],
          [
            78.2730176,
            30.1729132
          ],
          [
            78.2723102,
            30.1720163
          ],
          [
            78.2715321,
            30.1713945
          ],
          [
            78.2708483,
            30.1707422
          ],
          [
            78.2701055,
            30.170049
          ],
          [
            78.2689383,
            30.1690909
          ],
          [
            78.2681601,
            30.1684691
          ],
          [
            78.2675427,
            30.1676904
          ],
          [
            78.267213,
            30.1672914
          ],
          [
            78.265248,
            30.1649117
          ],
          [
            78.2641986,
            30.1636424
          ],
          [
            78.2636799,
            30.1631686
          ],
          [
            78.2632201,
            30.1627099
          ],
          [
            78.2625127,
            30.1621288
          ],
          [
            78.261039,
            30.1611401
          ],
          [
            78.2605084,
            30.1608342
          ],
          [
            78.2599425,
            30.1603551
          ],
          [
            78.259412,
            30.1597231
          ],
          [
            78.2590201,
            30.1591912
          ],
          [
            78.258398,
            30.1583469
          ],
          [
            78.2579146,
            30.157562
          ],
          [
            78.257443,
            30.1569707
          ],
          [
            78.2569007,
            30.1562061
          ],
          [
            78.2564291,
            30.1556352
          ],
          [
            78.2552619,
            30.1535352
          ],
          [
            78.254413,
            30.1518225
          ],
          [
            78.2525856,
            30.1487436
          ],
          [
            78.2505944,
            30.1415257
          ],
          [
            78.2506373,
            30.1386309
          ],
          [
            78.2529977,
            30.1338802
          ],
          [
            78.2593062,
            30.1296861
          ],
          [
            78.266045,
            30.1282932
          ],
          [
            78.2723954,
            30.1234892
          ],
          [
            78.2755322,
            30.1212119
          ],
          [
            78.2801661,
            30.1196302
          ],
          [
            78.2822323,
            30.1187366
          ],
          [
            78.2845403,
            30.1178236
          ],
          [
            78.2849841,
            30.117648
          ],
          [
            78.2852855,
            30.1175245
          ],
          [
            78.2865901,
            30.1169899
          ],
          [
            78.2890789,
            30.1171199
          ],
          [
            78.2916241,
            30.1174043
          ],
          [
            78.2936997,
            30.1169656
          ],
          [
            78.2959632,
            30.115682
          ],
          [
            78.2981017,
            30.1127982
          ],
          [
            78.300462,
            30.1103852
          ],
          [
            78.3011916,
            30.1091972
          ],
          [
            78.3026936,
            30.1077864
          ],
          [
            78.3047789,
            30.1064873
          ],
          [
            78.3063419,
            30.1050071
          ],
          [
            78.3073229,
            30.103939
          ]
        ]
      }
    },
    {
      "type": "Feature",
      "properties": {
        "name": "Nagani Gad",
        "waterway": "river",
        "source": "OpenStreetMap"
      },
      "geometry": {
        "type": "LineString",
        "coordinates": [
          [
            78.333292,
            30.4071177
          ],
          [
            78.333292,
            30.4060073
          ],
          [
            78.3329057,
            30.4055631
          ],
          [
            78.3332061,
            30.4041566
          ],
          [
            78.3341503,
            30.4031203
          ],
          [
            78.3356952,
            30.4018988
          ],
          [
            78.3364677,
            30.4011215
          ],
          [
            78.3362102,
            30.400011
          ],
          [
            78.3348798,
            30.3994558
          ],
          [
            78.3342361,
            30.3988265
          ],
          [
            78.3339357,
            30.3980122
          ],
          [
            78.3324766,
            30.3974199
          ],
          [
            78.3311033,
            30.3963095
          ],
          [
            78.3299017,
            30.3951619
          ],
          [
            78.3285284,
            30.3950879
          ],
          [
            78.3273267,
            30.3938293
          ],
          [
            78.3267259,
            30.3914232
          ],
          [
            78.3279275,
            30.3889059
          ],
          [
            78.3293169,
            30.3888179
          ],
          [
            78.3303952,
            30.3884061
          ],
          [
            78.3310818,
            30.3879249
          ],
          [
            78.3325839,
            30.3875917
          ],
          [
            78.3335495,
            30.3865366
          ],
          [
            78.3342392,
            30.3859031
          ],
          [
            78.3376402,
            30.385792
          ],
          [
            78.3396465,
            30.3846536
          ],
          [
            78.3419874,
            30.3821599
          ],
          [
            78.3460098,
            30.3761249
          ],
          [
            78.3483418,
            30.3725141
          ],
          [
            78.3486395,
            30.3723567
          ],
          [
            78.3488997,
            30.3721184
          ],
          [
            78.3490982,
            30.3720536
          ],
          [
            78.3494201,
            30.3720883
          ],
          [
            78.3496239,
            30.3720744
          ],
          [
            78.3501094,
            30.3719008
          ],
          [
            78.3504822,
            30.3717111
          ],
          [
            78.3509221,
            30.3715676
          ],
          [
            78.3516624,
            30.3709243
          ],
          [
            78.3520862,
            30.3706211
          ],
          [
            78.3523437,
            30.3704661
          ],
          [
            78.352569,
            30.3704337
          ],
          [
            78.3528184,
            30.3705401
          ],
          [
            78.3529954,
            30.3705216
          ],
          [
            78.3534809,
            30.3705425
          ],
          [
            78.3542266,
            30.3705725
          ],
          [
            78.3544707,
            30.3705448
          ],
          [
            78.3548837,
            30.3703342
          ],
          [
            78.3551358,
            30.3703573
          ],
          [
            78.3553933,
            30.3702786
          ],
          [
            78.3555274,
            30.3700704
          ],
          [
            78.3555382,
            30.369795
          ],
          [
            78.355447,
            30.3695566
          ],
          [
            78.3556186,
            30.3692072
          ],
          [
            78.3559539,
            30.368793
          ],
          [
            78.3563053,
            30.3685477
          ],
          [
            78.3565601,
            30.3682213
          ],
          [
            78.3566486,
            30.3679159
          ],
          [
            78.3566808,
            30.3676567
          ],
          [
            78.3567344,
            30.3672633
          ],
          [
            78.3567398,
            30.3670041
          ],
          [
            78.3569115,
            30.366856
          ],
          [
            78.3570027,
            30.3666384
          ],
          [
            78.3569222,
            30.3663005
          ],
          [
            78.3568686,
            30.3658215
          ],
          [
            78.3570912,
            30.3654697
          ],
          [
            78.3573245,
            30.3652267
          ],
          [
            78.3575954,
            30.3649328
          ],
          [
            78.3578771,
            30.3644746
          ],
          [
            78.3577564,
            30.3642501
          ],
          [
            78.3575418,
            30.3640266
          ],
          [
            78.3569383,
            30.3635558
          ],
          [
            78.3567103,
            30.3633012
          ],
          [
            78.3565225,
            30.3629124
          ],
          [
            78.3565199,
            30.362651
          ],
          [
            78.356662,
            30.362371
          ],
          [
            78.3568551,
            30.3621095
          ],
          [
            78.3570617,
            30.3617253
          ],
          [
            78.3573487,
            30.3614106
          ],
          [
            78.3577617,
            30.3611375
          ],
          [
            78.3579951,
            30.3607116
          ],
          [
            78.3580273,
            30.3604038
          ],
          [
            78.3580595,
            30.3599918
          ],
          [
            78.3580487,
            30.35961
          ],
          [
            78.3580702,
            30.3591679
          ],
          [
            78.3583062,
            30.3587675
          ],
          [
            78.3587085,
            30.3583023
          ],
          [
            78.3592423,
            30.3579158
          ],
          [
            78.3595132,
            30.3577052
          ],
          [
            78.3598673,
            30.3575941
          ],
          [
            78.3602911,
            30.3575062
          ],
          [
            78.3605083,
            30.3573465
          ],
          [
            78.3607604,
            30.3568396
          ],
          [
            78.3610045,
            30.3566706
          ],
          [
            78.3612352,
            30.3564022
          ],
          [
            78.3616643,
            30.3560874
          ],
          [
            78.3622759,
            30.3558166
          ],
          [
            78.3625361,
            30.3556222
          ],
          [
            78.3625709,
            30.3553491
          ],
          [
            78.3628821,
            30.3549649
          ],
          [
            78.3630913,
            30.3547033
          ],
          [
            78.3634212,
            30.3543654
          ],
          [
            78.3638423,
            30.354208
          ],
          [
            78.3644565,
            30.3541548
          ],
          [
            78.3648508,
            30.3541363
          ],
          [
            78.3650251,
            30.3540784
          ],
          [
            78.3654677,
            30.3537683
          ],
          [
            78.3658942,
            30.3535391
          ],
          [
            78.3662509,
            30.3531456
          ],
          [
            78.3665272,
            30.3526573
          ],
          [
            78.3670905,
            30.3519652
          ],
          [
            78.3672621,
            30.3515833
          ],
          [
            78.3672809,
            30.3512639
          ],
          [
            78.3673265,
            30.3509723
          ],
          [
            78.367584,
            30.3506737
          ],
          [
            78.3677261,
            30.3504075
          ],
          [
            78.367812,
            30.3500071
          ],
          [
            78.3679058,
            30.3497316
          ],
          [
            78.3679273,
            30.3493404
          ],
          [
            78.3680802,
            30.3489863
          ],
          [
            78.3682545,
            30.3486252
          ],
          [
            78.3682948,
            30.3483382
          ],
          [
            78.3684235,
            30.3481067
          ],
          [
            78.3687481,
            30.3479308
          ],
          [
            78.3689841,
            30.3476392
          ],
          [
            78.3692255,
            30.3473938
          ],
          [
            78.3693489,
            30.3471438
          ],
          [
            78.3693757,
            30.3468429
          ],
          [
            78.3692148,
            30.3464448
          ],
          [
            78.3689814,
            30.3459332
          ],
          [
            78.3689921,
            30.3456694
          ],
          [
            78.3690538,
            30.3454518
          ],
          [
            78.3690163,
            30.3452643
          ],
          [
            78.3688553,
            30.345056
          ],
          [
            78.3688151,
            30.3448523
          ],
          [
            78.36885,
            30.3444379
          ],
          [
            78.3688017,
            30.3441393
          ],
          [
            78.3686622,
            30.3439287
          ],
          [
            78.368343,
            30.3437689
          ],
          [
            78.3680523,
            30.3435868
          ],
          [
            78.3678281,
            30.3434264
          ],
          [
            78.3676993,
            30.3430953
          ],
          [
            78.3675277,
            30.3427782
          ],
          [
            78.367297,
            30.3424866
          ],
          [
            78.3668893,
            30.3422967
          ],
          [
            78.3665142,
            30.3420497
          ],
          [
            78.3661444,
            30.3416147
          ],
          [
            78.3662026,
            30.3410469
          ],
          [
            78.3659568,
            30.3406253
          ],
          [
            78.3654845,
            30.339984
          ],
          [
            78.3650171,
            30.3394172
          ],
          [
            78.3647382,
            30.338732
          ],
          [
            78.3639585,
            30.3380653
          ],
          [
            78.3633625,
            30.3371378
          ],
          [
            78.3628416,
            30.3361374
          ],
          [
            78.3626595,
            30.3358
          ],
          [
            78.362438,
            30.3355784
          ],
          [
            78.3622678,
            30.3355149
          ],
          [
            78.3616355,
            30.3352787
          ],
          [
            78.3614055,
            30.3348615
          ],
          [
            78.3612741,
            30.334177
          ],
          [
            78.3609691,
            30.3333588
          ],
          [
            78.3602652,
            30.3325892
          ],
          [
            78.3597818,
            30.3319087
          ],
          [
            78.3598006,
            30.3312445
          ],
          [
            78.3594064,
            30.3302359
          ],
          [
            78.3593559,
            30.3301435
          ],
          [
            78.3587095,
            30.3289599
          ],
          [
            78.3582613,
            30.3285285
          ],
          [
            78.3570247,
            30.3278055
          ],
          [
            78.3563935,
            30.3272384
          ],
          [
            78.3560275,
            30.3265862
          ],
          [
            78.3554409,
            30.3260475
          ],
          [
            78.3544011,
            30.325532
          ],
          [
            78.3541269,
            30.3253811
          ],
          [
            78.3540752,
            30.32497
          ],
          [
            78.3537749,
            30.3245487
          ],
          [
            78.3535942,
            30.3241375
          ],
          [
            78.3532657,
            30.3237426
          ],
          [
            78.353139,
            30.3234043
          ],
          [
            78.3532786,
            30.3229785
          ],
          [
            78.3532516,
            30.3227967
          ],
          [
            78.3528856,
            30.3224645
          ],
          [
            78.3523107,
            30.3221931
          ],
          [
            78.3519752,
            30.3221526
          ],
          [
            78.35129,
            30.3222397
          ],
          [
            78.3506447,
            30.3221867
          ],
          [
            78.3503045,
            30.3220088
          ],
          [
            78.3499643,
            30.3216746
          ],
          [
            78.349486,
            30.3211957
          ],
          [
            78.3496147,
            30.3207389
          ],
          [
            78.3499596,
            30.3204857
          ],
          [
            78.3499312,
            30.3201955
          ],
          [
            78.349976,
            30.3199752
          ],
          [
            78.3500229,
            30.3195519
          ],
          [
            78.3499173,
            30.3193534
          ],
          [
            78.35003,
            30.3188004
          ],
          [
            78.3500065,
            30.317571
          ],
          [
            78.3501144,
            30.3172307
          ],
          [
            78.3504899,
            30.3167972
          ],
          [
            78.3504617,
            30.3165683
          ],
          [
            78.3503561,
            30.3162341
          ],
          [
            78.3499854,
            30.3160558
          ],
          [
            78.3496428,
            30.3158634
          ],
          [
            78.349671,
            30.3155758
          ],
          [
            78.3495114,
            30.3152821
          ],
          [
            78.3495888,
            30.3148162
          ],
          [
            78.3492605,
            30.314113
          ],
          [
            78.3485032,
            30.3135367
          ],
          [
            78.3483494,
            30.3133363
          ],
          [
            78.3481414,
            30.313231
          ],
          [
            78.3479438,
            30.3131791
          ],
          [
            78.3477551,
            30.3131035
          ],
          [
            78.3475732,
            30.3129009
          ],
          [
            78.3469333,
            30.3124895
          ],
          [
            78.3468597,
            30.3122034
          ],
          [
            78.3464891,
            30.311953
          ],
          [
            78.3461645,
            30.3118437
          ],
          [
            78.3454763,
            30.3116867
          ],
          [
            78.345108,
            30.3117304
          ],
          [
            78.3447627,
            30.3115337
          ],
          [
            78.3445832,
            30.3113489
          ],
          [
            78.3441895,
            30.3111581
          ],
          [
            78.3439525,
            30.3109455
          ],
          [
            78.3438972,
            30.3107706
          ],
          [
            78.344033,
            30.3105719
          ],
          [
            78.3439294,
            30.3104348
          ]
        ]
      }
    },
    {
      "type": "Feature",
      "properties": {
        "name": "Hiyuni Nadi",
        "waterway": "river",
        "source": "OpenStreetMap"
      },
      "geometry": {
        "type": "LineString",
        "coordinates": [
          [
            78.3439294,
            30.3104348
          ],
          [
            78.3441358,
            30.3101648
          ],
          [
            78.344134,
            30.3098503
          ],
          [
            78.3440409,
            30.3095615
          ],
          [
            78.3441259,
            30.3092772
          ],
          [
            78.3441055,
            30.3088731
          ],
          [
            78.3436246,
            30.3084644
          ],
          [
            78.3433588,
            30.3081411
          ],
          [
            78.3435275,
            30.3078514
          ],
          [
            78.343817,
            30.3075741
          ],
          [
            78.344035,
            30.3070812
          ],
          [
            78.3440747,
            30.3067575
          ],
          [
            78.3440548,
            30.3064978
          ],
          [
            78.3438826,
            30.3061659
          ],
          [
            78.3438099,
            30.3058431
          ],
          [
            78.3436444,
            30.3054509
          ],
          [
            78.3438464,
            30.3051359
          ],
          [
            78.344686,
            30.3048429
          ],
          [
            78.344914,
            30.3047063
          ],
          [
            78.3450776,
            30.304528
          ],
          [
            78.3452823,
            30.3042888
          ],
          [
            78.346275,
            30.3037853
          ],
          [
            78.3464965,
            30.3035762
          ],
          [
            78.3467755,
            30.3033516
          ],
          [
            78.3469069,
            30.3030668
          ],
          [
            78.3470705,
            30.3026384
          ],
          [
            78.3471054,
            30.3021775
          ],
          [
            78.3471054,
            30.3015384
          ],
          [
            78.3472609,
            30.3009154
          ],
          [
            78.3475265,
            30.3005079
          ],
          [
            78.3478323,
            30.3002809
          ],
          [
            78.3480629,
            30.299878
          ],
          [
            78.3480763,
            30.2994426
          ],
          [
            78.3480924,
            30.2989956
          ],
          [
            78.3483284,
            30.2982732
          ],
          [
            78.348416,
            30.2979525
          ],
          [
            78.3484791,
            30.297609
          ],
          [
            78.3486114,
            30.2974567
          ],
          [
            78.3489553,
            30.297214
          ],
          [
            78.3494947,
            30.2969092
          ],
          [
            78.3500006,
            30.2966793
          ],
          [
            78.3502706,
            30.2966297
          ],
          [
            78.3508494,
            30.296589
          ],
          [
            78.3510776,
            30.2965307
          ],
          [
            78.3512269,
            30.2964483
          ],
          [
            78.3513949,
            30.2962755
          ],
          [
            78.3515087,
            30.2961209
          ],
          [
            78.3516279,
            30.2958663
          ],
          [
            78.3523215,
            30.2948034
          ],
          [
            78.3530411,
            30.2938898
          ],
          [
            78.3531496,
            30.2937252
          ],
          [
            78.3533062,
            30.2935585
          ],
          [
            78.3534577,
            30.2933036
          ],
          [
            78.3539089,
            30.292955
          ],
          [
            78.3545812,
            30.2926728
          ],
          [
            78.3549499,
            30.2926056
          ],
          [
            78.3555913,
            30.292634
          ],
          [
            78.3563468,
            30.2928462
          ],
          [
            78.3567426,
            30.2928098
          ],
          [
            78.3571794,
            30.2926728
          ],
          [
            78.3577631,
            30.2920634
          ],
          [
            78.3582786,
            30.2916467
          ],
          [
            78.3587001,
            30.2914099
          ],
          [
            78.3592834,
            30.2913251
          ],
          [
            78.3596888,
            30.2912577
          ],
          [
            78.3603202,
            30.291653
          ],
          [
            78.3607622,
            30.2917765
          ],
          [
            78.3609875,
            30.2917182
          ],
          [
            78.3613532,
            30.2917435
          ],
          [
            78.361604,
            30.2915966
          ],
          [
            78.3617604,
            30.2913264
          ],
          [
            78.3619817,
            30.2909915
          ],
          [
            78.3622345,
            30.2908243
          ],
          [
            78.3625086,
            30.2907714
          ],
          [
            78.3628801,
            30.2907761
          ],
          [
            78.3631264,
            30.2906966
          ],
          [
            78.3633877,
            30.2904333
          ],
          [
            78.3635722,
            30.2901297
          ],
          [
            78.3638007,
            30.2898704
          ],
          [
            78.3646017,
            30.2894445
          ],
          [
            78.3646706,
            30.2892649
          ],
          [
            78.3645951,
            30.2888487
          ],
          [
            78.3647992,
            30.2886516
          ],
          [
            78.3658842,
            30.2875753
          ],
          [
            78.3660938,
            30.2870582
          ],
          [
            78.3666032,
            30.2864889
          ],
          [
            78.3673862,
            30.2856973
          ],
          [
            78.3677652,
            30.2855185
          ],
          [
            78.3680901,
            30.2852005
          ],
          [
            78.3682802,
            30.2847634
          ],
          [
            78.3682809,
            30.2845464
          ],
          [
            78.3677526,
            30.2836283
          ],
          [
            78.3675525,
            30.2830355
          ],
          [
            78.367803,
            30.2824886
          ],
          [
            78.3677487,
            30.2821043
          ],
          [
            78.3676916,
            30.2817774
          ],
          [
            78.3679271,
            30.2814337
          ],
          [
            78.3686125,
            30.2810643
          ],
          [
            78.3688394,
            30.2805687
          ],
          [
            78.368778,
            30.2801006
          ],
          [
            78.3689169,
            30.2797159
          ],
          [
            78.3690795,
            30.2793984
          ],
          [
            78.3690371,
            30.2790178
          ],
          [
            78.3689665,
            30.278659
          ],
          [
            78.3687113,
            30.2780325
          ],
          [
            78.3684029,
            30.27778
          ],
          [
            78.3678704,
            30.2772128
          ],
          [
            78.3675681,
            30.2767743
          ],
          [
            78.3671232,
            30.2760058
          ],
          [
            78.3668961,
            30.2752499
          ],
          [
            78.3670351,
            30.2743635
          ],
          [
            78.3673989,
            30.2738505
          ],
          [
            78.3675797,
            30.2735968
          ],
          [
            78.3680868,
            30.2730177
          ],
          [
            78.3681789,
            30.2727351
          ],
          [
            78.3681298,
            30.2721998
          ],
          [
            78.3679985,
            30.2718976
          ],
          [
            78.3679717,
            30.2718358
          ],
          [
            78.3680716,
            30.2715553
          ],
          [
            78.3683053,
            30.2712374
          ],
          [
            78.3684363,
            30.2708277
          ],
          [
            78.3685335,
            30.2707095
          ],
          [
            78.3686346,
            30.2704438
          ],
          [
            78.3686085,
            30.2701235
          ],
          [
            78.3689384,
            30.2694756
          ],
          [
            78.3691221,
            30.2690843
          ],
          [
            78.3695219,
            30.2687991
          ],
          [
            78.3694688,
            30.2685832
          ],
          [
            78.3697634,
            30.2681977
          ],
          [
            78.369945,
            30.2674557
          ],
          [
            78.3703032,
            30.2670747
          ],
          [
            78.3705925,
            30.2663138
          ],
          [
            78.370707,
            30.2654952
          ],
          [
            78.3709113,
            30.2649954
          ],
          [
            78.3710326,
            30.2646852
          ],
          [
            78.3713783,
            30.2644169
          ],
          [
            78.3720715,
            30.2642132
          ],
          [
            78.3725568,
            30.2638312
          ],
          [
            78.3728959,
            30.2636444
          ],
          [
            78.3733469,
            30.2633555
          ],
          [
            78.3735241,
            30.2629472
          ],
          [
            78.3736866,
            30.2625345
          ],
          [
            78.3736417,
            30.2623798
          ],
          [
            78.3734691,
            30.2617844
          ],
          [
            78.3734418,
            30.2613924
          ],
          [
            78.373682,
            30.2610405
          ],
          [
            78.3742666,
            30.2607354
          ],
          [
            78.3747805,
            30.2606607
          ],
          [
            78.3754261,
            30.2608095
          ],
          [
            78.3755895,
            30.2607374
          ],
          [
            78.3759599,
            30.2607974
          ],
          [
            78.3766808,
            30.2606734
          ],
          [
            78.3767207,
            30.2603915
          ],
          [
            78.3764256,
            30.2598204
          ],
          [
            78.3762328,
            30.2594922
          ],
          [
            78.3761345,
            30.2594061
          ],
          [
            78.3758806,
            30.2592318
          ],
          [
            78.3757531,
            30.2590224
          ],
          [
            78.3753969,
            30.2587737
          ],
          [
            78.3750666,
            30.2584435
          ],
          [
            78.3748966,
            30.2583712
          ],
          [
            78.3746642,
            30.2581143
          ],
          [
            78.3745411,
            30.257957
          ],
          [
            78.3743373,
            30.257474
          ],
          [
            78.374221,
            30.2572737
          ],
          [
            78.3740994,
            30.2568208
          ],
          [
            78.3741415,
            30.256611
          ],
          [
            78.3740056,
            30.2559545
          ],
          [
            78.3743428,
            30.2546894
          ],
          [
            78.3745015,
            30.2533027
          ],
          [
            78.3745471,
            30.2532575
          ],
          [
            78.3749678,
            30.2528403
          ],
          [
            78.3758383,
            30.2525381
          ],
          [
            78.3763022,
            30.252285
          ],
          [
            78.376528,
            30.2519687
          ],
          [
            78.3764914,
            30.251647
          ],
          [
            78.3763697,
            30.25146
          ],
          [
            78.3766832,
            30.2513041
          ],
          [
            78.3767704,
            30.2509443
          ],
          [
            78.3761588,
            30.2501486
          ],
          [
            78.3752767,
            30.2499439
          ],
          [
            78.3743583,
            30.2496988
          ],
          [
            78.373936,
            30.2488904
          ],
          [
            78.3738371,
            30.2484347
          ],
          [
            78.3739284,
            30.24799
          ],
          [
            78.3736912,
            30.2476616
          ],
          [
            78.3735038,
            30.2471763
          ],
          [
            78.3731708,
            30.2469224
          ],
          [
            78.3726519,
            30.2467062
          ],
          [
            78.3722918,
            30.246374
          ],
          [
            78.3724932,
            30.2455356
          ],
          [
            78.3726244,
            30.2453242
          ],
          [
            78.3729938,
            30.2447288
          ],
          [
            78.3731891,
            30.2442383
          ],
          [
            78.3731586,
            30.2437796
          ],
          [
            78.3727051,
            30.242832
          ],
          [
            78.3726336,
            30.2426827
          ],
          [
            78.3720866,
            30.2424304
          ],
          [
            78.3715776,
            30.2420974
          ],
          [
            78.3711076,
            30.2415489
          ],
          [
            78.3712113,
            30.2411534
          ],
          [
            78.370854,
            30.2406963
          ],
          [
            78.3702927,
            30.2401518
          ],
          [
            78.3697302,
            30.2389699
          ],
          [
            78.3693936,
            30.2387885
          ],
          [
            78.368687,
            30.2384076
          ],
          [
            78.3681499,
            30.2379277
          ],
          [
            78.367672,
            30.2374847
          ],
          [
            78.3676035,
            30.2362508
          ],
          [
            78.3683321,
            30.2350291
          ],
          [
            78.3692054,
            30.2346452
          ],
          [
            78.3695161,
            30.234065
          ],
          [
            78.3699178,
            30.2337075
          ],
          [
            78.3699647,
            30.2327157
          ],
          [
            78.3701063,
            30.2318998
          ],
          [
            78.3698162,
            30.2307216
          ],
          [
            78.3694774,
            30.2302791
          ],
          [
            78.3689411,
            30.2300562
          ],
          [
            78.3687605,
            30.2298681
          ],
          [
            78.3685943,
            30.2297312
          ],
          [
            78.3682409,
            30.229655
          ],
          [
            78.3672931,
            30.2291906
          ],
          [
            78.3666222,
            30.2288716
          ],
          [
            78.3662304,
            30.2287732
          ],
          [
            78.3656427,
            30.2286068
          ],
          [
            78.3653247,
            30.228127
          ],
          [
            78.3654451,
            30.2273719
          ],
          [
            78.3652392,
            30.2269955
          ],
          [
            78.3649903,
            30.2264191
          ],
          [
            78.3650115,
            30.2258505
          ],
          [
            78.3651566,
            30.22565
          ],
          [
            78.365414,
            30.2252943
          ],
          [
            78.3655522,
            30.22519
          ],
          [
            78.3660344,
            30.2247892
          ],
          [
            78.3662969,
            30.2244094
          ],
          [
            78.3662768,
            30.2240452
          ],
          [
            78.3660407,
            30.2238862
          ],
          [
            78.3659795,
            30.223845
          ],
          [
            78.3657719,
            30.2235919
          ],
          [
            78.365833,
            30.2232438
          ],
          [
            78.3661443,
            30.22298
          ],
          [
            78.3664566,
            30.222906
          ],
          [
            78.3667104,
            30.2228458
          ],
          [
            78.3669195,
            30.2229106
          ],
          [
            78.3670674,
            30.2229837
          ],
          [
            78.3672553,
            30.2230275
          ],
          [
            78.3674355,
            30.2230188
          ],
          [
            78.3676948,
            30.2230064
          ],
          [
            78.368177,
            30.2228376
          ],
          [
            78.3683479,
            30.2225792
          ],
          [
            78.3683967,
            30.2223788
          ],
          [
            78.3681648,
            30.2221414
          ],
          [
            78.3678265,
            30.2219626
          ],
          [
            78.3674354,
            30.2217558
          ],
          [
            78.3663995,
            30.2216066
          ],
          [
            78.3662096,
            30.2214276
          ],
          [
            78.3659247,
            30.2212784
          ],
          [
            78.3657348,
            30.2208756
          ],
          [
            78.3657261,
            30.2202416
          ],
          [
            78.3663995,
            30.2191823
          ],
          [
            78.3679896,
            30.2177846
          ],
          [
            78.3683763,
            30.2165715
          ],
          [
            78.3682641,
            30.2159001
          ],
          [
            78.3678411,
            30.2151318
          ],
          [
            78.3679274,
            30.2144902
          ],
          [
            78.3680488,
            30.2141609
          ],
          [
            78.3682382,
            30.2136473
          ],
          [
            78.3686871,
            30.2130579
          ],
          [
            78.3698318,
            30.2127681
          ],
          [
            78.3701425,
            30.2125369
          ],
          [
            78.3704455,
            30.2114929
          ],
          [
            78.3703137,
            30.2110032
          ],
          [
            78.3703622,
            30.2106452
          ],
          [
            78.3700918,
            30.2099494
          ],
          [
            78.3700489,
            30.2098721
          ],
          [
            78.3693821,
            30.2086721
          ],
          [
            78.3686704,
            30.2080555
          ],
          [
            78.368267,
            30.2077023
          ],
          [
            78.3678147,
            30.2072177
          ],
          [
            78.367499,
            30.2065998
          ],
          [
            78.3672538,
            30.206505
          ],
          [
            78.366876,
            30.2062997
          ],
          [
            78.3661924,
            30.2056932
          ],
          [
            78.3658818,
            30.2057456
          ],
          [
            78.3653554,
            30.2060205
          ],
          [
            78.3648543,
            30.2059633
          ],
          [
            78.3642732,
            30.2057125
          ],
          [
            78.3643962,
            30.2051116
          ],
          [
            78.3644313,
            30.2045682
          ],
          [
            78.3638788,
            30.2042549
          ],
          [
            78.3626702,
            30.2041728
          ],
          [
            78.3621944,
            30.2039129
          ],
          [
            78.3620659,
            30.203367
          ],
          [
            78.362299,
            30.2030985
          ],
          [
            78.3616857,
            30.2019562
          ],
          [
            78.3618351,
            30.2013275
          ],
          [
            78.3629357,
            30.2005689
          ],
          [
            78.3635907,
            30.1994726
          ],
          [
            78.364246,
            30.198932
          ],
          [
            78.3645739,
            30.1978513
          ],
          [
            78.3652945,
            30.1973387
          ],
          [
            78.3668484,
            30.1954702
          ],
          [
            78.3667275,
            30.1950481
          ],
          [
            78.3668138,
            30.1945109
          ],
          [
            78.3675562,
            30.1929589
          ],
          [
            78.3682468,
            30.1925411
          ],
          [
            78.3684708,
            30.1920086
          ],
          [
            78.3681778,
            30.1901683
          ],
          [
            78.3682382,
            30.1889371
          ],
          [
            78.368031,
            30.1884596
          ],
          [
            78.3678022,
            30.1882928
          ],
          [
            78.3675908,
            30.1881387
          ],
          [
            78.3667188,
            30.1878671
          ],
          [
            78.366523,
            30.1878061
          ],
          [
            78.3659074,
            30.1872731
          ],
          [
            78.365666,
            30.1867968
          ],
          [
            78.3653554,
            30.1846949
          ],
          [
            78.3650019,
            30.1842088
          ],
          [
            78.3645359,
            30.1839727
          ],
          [
            78.3637606,
            30.1838756
          ],
          [
            78.3631112,
            30.1836856
          ],
          [
            78.3627041,
            30.1833245
          ],
          [
            78.362597,
            30.1830143
          ],
          [
            78.3627377,
            30.1826183
          ],
          [
            78.3632125,
            30.1821444
          ],
          [
            78.3634628,
            30.1817489
          ],
          [
            78.3634887,
            30.1814915
          ],
          [
            78.3634028,
            30.18126
          ],
          [
            78.3626827,
            30.1808427
          ],
          [
            78.3622974,
            30.1804262
          ],
          [
            78.3620052,
            30.1798936
          ],
          [
            78.3618348,
            30.1792028
          ],
          [
            78.3618878,
            30.1785317
          ],
          [
            78.362206,
            30.178057
          ],
          [
            78.3627816,
            30.177556
          ],
          [
            78.363752,
            30.1768554
          ],
          [
            78.3646033,
            30.1761056
          ],
          [
            78.3654176,
            30.1751005
          ],
          [
            78.3657395,
            30.1741347
          ],
          [
            78.3659058,
            30.1731874
          ],
          [
            78.3656751,
            30.1718264
          ],
          [
            78.3656183,
            30.1709915
          ],
          [
            78.3656297,
            30.1705364
          ],
          [
            78.3657098,
            30.1702544
          ],
          [
            78.366048,
            30.1699177
          ],
          [
            78.3665424,
            30.1696032
          ],
          [
            78.3681356,
            30.1690997
          ],
          [
            78.368614,
            30.1688436
          ],
          [
            78.3689965,
            30.1684015
          ],
          [
            78.3691518,
            30.167989
          ],
          [
            78.3694869,
            30.1665827
          ],
          [
            78.37011,
            30.1652549
          ],
          [
            78.3701517,
            30.1648358
          ],
          [
            78.3699547,
            30.164528
          ],
          [
            78.36961,
            30.1642431
          ],
          [
            78.3693525,
            30.1640303
          ],
          [
            78.369167,
            30.1636341
          ],
          [
            78.3689132,
            30.1629104
          ],
          [
            78.3686481,
            30.1625142
          ],
          [
            78.3686367,
            30.1621114
          ],
          [
            78.3694472,
            30.1601565
          ],
          [
            78.3699774,
            30.1593837
          ],
          [
            78.3706819,
            30.1584112
          ],
          [
            78.3711742,
            30.1579036
          ],
          [
            78.3718862,
            30.1576482
          ],
          [
            78.3724998,
            30.1570456
          ],
          [
            78.3732875,
            30.1568655
          ],
          [
            78.3743332,
            30.1565775
          ],
          [
            78.3757254,
            30.1556628
          ],
          [
            78.3766681,
            30.1548981
          ],
          [
            78.3771821,
            30.1541051
          ],
          [
            78.3775027,
            30.1532845
          ],
          [
            78.3777812,
            30.1517068
          ],
          [
            78.3774626,
            30.1499701
          ],
          [
            78.3771888,
            30.149523
          ],
          [
            78.3773333,
            30.1486882
          ],
          [
            78.3786503,
            30.1477243
          ],
          [
            78.3792403,
            30.1472925
          ],
          [
            78.3802552,
            30.1472129
          ],
          [
            78.3803696,
            30.1471631
          ],
          [
            78.380544,
            30.1467891
          ],
          [
            78.382174,
            30.1465181
          ],
          [
            78.3827363,
            30.1463293
          ],
          [
            78.3827573,
            30.146117
          ],
          [
            78.3832947,
            30.1458139
          ],
          [
            78.3838302,
            30.1452842
          ],
          [
            78.3841383,
            30.1440984
          ],
          [
            78.384507,
            30.1436648
          ],
          [
            78.3852314,
            30.1407131
          ],
          [
            78.3869322,
            30.1388865
          ],
          [
            78.3882524,
            30.1373628
          ],
          [
            78.3887042,
            30.1363177
          ],
          [
            78.3897791,
            30.1352667
          ],
          [
            78.3907759,
            30.1342561
          ]
        ]
      }
    },
    {
      "type": "Feature",
      "properties": {
        "name": "Song",
        "waterway": "river",
        "source": "OpenStreetMap"
      },
      "geometry": {
        "type": "LineString",
        "coordinates": [
          [
            78.2859349,
            30.3772626
          ],
          [
            78.2856774,
            30.3759298
          ],
          [
            78.2853126,
            30.3748375
          ],
          [
            78.2847547,
            30.3744117
          ],
          [
            78.2842398,
            30.3744812
          ],
          [
            78.2838106,
            30.3739119
          ],
          [
            78.28336,
            30.3730233
          ],
          [
            78.2824212,
            30.3726716
          ],
          [
            78.2813805,
            30.372579
          ],
          [
            78.2820028,
            30.3714775
          ],
          [
            78.2816648,
            30.3703945
          ],
          [
            78.2804632,
            30.3695799
          ],
          [
            78.2793045,
            30.3692467
          ],
          [
            78.2790041,
            30.3686727
          ],
          [
            78.2791543,
            30.3681544
          ],
          [
            78.2785964,
            30.3677471
          ],
          [
            78.2778883,
            30.367599
          ],
          [
            78.2772875,
            30.3666733
          ],
          [
            78.2761717,
            30.3658587
          ],
          [
            78.2756996,
            30.3655254
          ],
          [
            78.2741332,
            30.365655
          ],
          [
            78.2723951,
            30.3657105
          ],
          [
            78.2703781,
            30.365655
          ],
          [
            78.2694125,
            30.3651736
          ],
          [
            78.2680392,
            30.3638036
          ],
          [
            78.2673526,
            30.3627112
          ],
          [
            78.2667517,
            30.3619336
          ],
          [
            78.2656789,
            30.3611259
          ],
          [
            78.2638872,
            30.3613527
          ],
          [
            78.2633185,
            30.3612115
          ],
          [
            78.2630825,
            30.3606931
          ],
          [
            78.2632971,
            30.3593971
          ],
          [
            78.2628035,
            30.3588046
          ],
          [
            78.2616877,
            30.3584343
          ],
          [
            78.2614303,
            30.3578788
          ],
          [
            78.2615161,
            30.3570456
          ],
          [
            78.2614464,
            30.355407
          ],
          [
            78.2619667,
            30.3544002
          ],
          [
            78.2620525,
            30.3533794
          ],
          [
            78.2625675,
            30.3519166
          ],
          [
            78.2632541,
            30.3514722
          ],
          [
            78.2649064,
            30.3508982
          ],
          [
            78.2660222,
            30.3500649
          ],
          [
            78.2666445,
            30.3486391
          ],
          [
            78.266859,
            30.3478799
          ],
          [
            78.2669019,
            30.3459541
          ],
          [
            78.2670522,
            30.3445467
          ],
          [
            78.2688331,
            30.3436764
          ],
          [
            78.2709145,
            30.3421764
          ],
          [
            78.2726741,
            30.3410653
          ],
          [
            78.2735392,
            30.3403798
          ],
          [
            78.273646,
            30.3396201
          ],
          [
            78.2736736,
            30.3388967
          ],
          [
            78.2735753,
            30.3366577
          ],
          [
            78.2720732,
            30.336028
          ],
          [
            78.2707643,
            30.3351761
          ],
          [
            78.2697773,
            30.3339909
          ],
          [
            78.2688814,
            30.3328241
          ],
          [
            78.2688418,
            30.3320481
          ],
          [
            78.268861,
            30.3317421
          ],
          [
            78.2686981,
            30.3315767
          ],
          [
            78.2681902,
            30.3316594
          ],
          [
            78.2673948,
            30.3314526
          ],
          [
            78.2659958,
            30.3316346
          ],
          [
            78.2654304,
            30.3315436
          ],
          [
            78.2650472,
            30.3312045
          ],
          [
            78.2646543,
            30.3309812
          ],
          [
            78.2639643,
            30.3308406
          ],
          [
            78.2636098,
            30.3304601
          ],
          [
            78.2637535,
            30.3293022
          ],
          [
            78.2641464,
            30.3291533
          ],
          [
            78.2647022,
            30.329112
          ],
          [
            78.2650663,
            30.3290127
          ],
          [
            78.2651526,
            30.3288639
          ],
          [
            78.2645201,
            30.3273503
          ],
          [
            78.2645393,
            30.3270442
          ],
          [
            78.2647884,
            30.3266555
          ],
          [
            78.2647309,
            30.3263081
          ],
          [
            78.2644818,
            30.3261096
          ],
          [
            78.2640122,
            30.3262006
          ],
          [
            78.2633894,
            30.3270029
          ],
          [
            78.2629486,
            30.3268953
          ],
          [
            78.2623832,
            30.3261592
          ],
          [
            78.2621724,
            30.3253486
          ],
          [
            78.2618754,
            30.3250591
          ],
          [
            78.2613196,
            30.3249764
          ],
          [
            78.2608309,
            30.3247283
          ],
          [
            78.2605913,
            30.3243974
          ],
          [
            78.260783,
            30.3242816
          ],
          [
            78.2609171,
            30.3240418
          ],
          [
            78.2608213,
            30.3237688
          ],
          [
            78.2604284,
            30.3236778
          ],
          [
            78.2598822,
            30.3238432
          ],
          [
            78.259566,
            30.3237026
          ],
          [
            78.2593264,
            30.3232229
          ],
          [
            78.2590485,
            30.3231154
          ],
          [
            78.2585503,
            30.3234297
          ],
          [
            78.257937,
            30.3235041
          ],
          [
            78.2574674,
            30.3232973
          ],
          [
            78.2574195,
            30.3227928
          ],
          [
            78.2574962,
            30.3223213
          ],
          [
            78.2574004,
            30.3219077
          ],
          [
            78.2575154,
            30.321643
          ],
          [
            78.2581478,
            30.3214693
          ],
          [
            78.2586173,
            30.3208407
          ],
          [
            78.2592881,
            30.3200631
          ],
          [
            78.2590581,
            30.3196578
          ],
          [
            78.2591156,
            30.3189216
          ],
          [
            78.2595756,
            30.3188058
          ],
          [
            78.2597576,
            30.3185246
          ],
          [
            78.2594223,
            30.3178711
          ],
          [
            78.2588761,
            30.3178711
          ],
          [
            78.2586173,
            30.317747
          ],
          [
            78.2580136,
            30.3167213
          ],
          [
            78.2582436,
            30.3162415
          ],
          [
            78.2580001,
            30.3154442
          ],
          [
            78.2573015,
            30.3152119
          ],
          [
            78.2561939,
            30.3155291
          ],
          [
            78.2559403,
            30.3154665
          ],
          [
            78.2557695,
            30.3151091
          ],
          [
            78.2557644,
            30.3145149
          ],
          [
            78.2561836,
            30.3143496
          ],
          [
            78.2564009,
            30.3141038
          ],
          [
            78.2563394,
            30.3132069
          ],
          [
            78.2564092,
            30.3128387
          ],
          [
            78.2567364,
            30.3125006
          ],
          [
            78.2570636,
            30.3123455
          ],
          [
            78.2573292,
            30.3121834
          ],
          [
            78.2574096,
            30.3119194
          ],
          [
            78.2576483,
            30.3117666
          ],
          [
            78.2586569,
            30.3112387
          ],
          [
            78.2588285,
            30.3110117
          ],
          [
            78.2588285,
            30.3108195
          ],
          [
            78.258732,
            30.3106135
          ],
          [
            78.2583417,
            30.3101308
          ],
          [
            78.2585348,
            30.3098993
          ],
          [
            78.2592643,
            30.3098993
          ],
          [
            78.259951,
            30.309714
          ],
          [
            78.2602728,
            30.3093806
          ],
          [
            78.2600583,
            30.3089638
          ],
          [
            78.2588566,
            30.3082969
          ],
          [
            78.2585992,
            30.3079171
          ],
          [
            78.2582813,
            30.3071378
          ],
          [
            78.2579327,
            30.3060494
          ],
          [
            78.2574767,
            30.3055909
          ],
          [
            78.2570529,
            30.3054983
          ],
          [
            78.2568705,
            30.3055492
          ],
          [
            78.256495,
            30.3055538
          ],
          [
            78.2561678,
            30.3054056
          ],
          [
            78.2559907,
            30.3051926
          ],
          [
            78.2558888,
            30.3048128
          ],
          [
            78.2559639,
            30.3039792
          ],
          [
            78.2558096,
            30.3031746
          ],
          [
            78.2557989,
            30.3028596
          ],
          [
            78.2557882,
            30.3024428
          ],
          [
            78.2555843,
            30.3020168
          ],
          [
            78.2547582,
            30.3013683
          ],
          [
            78.254258,
            30.3008159
          ],
          [
            78.254258,
            30.300186
          ],
          [
            78.2542473,
            30.29957
          ],
          [
            78.2537068,
            30.2988302
          ],
          [
            78.2534265,
            30.2983055
          ],
          [
            78.2535285,
            30.297796
          ],
          [
            78.2535306,
            30.29752
          ],
          [
            78.2530296,
            30.2971939
          ],
          [
            78.2526494,
            30.2967591
          ],
          [
            78.2524459,
            30.2965969
          ],
          [
            78.2519372,
            30.2963672
          ],
          [
            78.2516789,
            30.2963807
          ],
          [
            78.2512719,
            30.2965564
          ],
          [
            78.2507788,
            30.2966172
          ],
          [
            78.2505284,
            30.2966577
          ],
          [
            78.2500523,
            30.2968141
          ],
          [
            78.2498056,
            30.2970549
          ],
          [
            78.2497573,
            30.2973051
          ],
          [
            78.2496607,
            30.2974764
          ],
          [
            78.2495749,
            30.2978331
          ],
          [
            78.2494622,
            30.2981388
          ],
          [
            78.249355,
            30.2984537
          ],
          [
            78.2494408,
            30.2988335
          ],
          [
            78.2493764,
            30.2990929
          ],
          [
            78.2489848,
            30.2992457
          ],
          [
            78.2485932,
            30.2996996
          ],
          [
            78.2482874,
            30.3001026
          ],
          [
            78.2479656,
            30.3004916
          ],
          [
            78.2477885,
            30.3006676
          ],
          [
            78.2476383,
            30.3009085
          ],
          [
            78.2473004,
            30.3012975
          ],
          [
            78.2470965,
            30.301418
          ],
          [
            78.2467747,
            30.3015152
          ],
          [
            78.2463133,
            30.3015523
          ],
          [
            78.2459754,
            30.3015615
          ],
          [
            78.2455516,
            30.3016356
          ],
          [
            78.2454228,
            30.3015291
          ],
          [
            78.2453692,
            30.3013716
          ],
          [
            78.245396,
            30.3011354
          ],
          [
            78.2454014,
            30.3007556
          ],
          [
            78.2449347,
            30.3003527
          ],
          [
            78.2442319,
            30.30001
          ],
          [
            78.2435614,
            30.2999173
          ],
          [
            78.2424349,
            30.3001628
          ],
          [
            78.2411474,
            30.3006537
          ],
          [
            78.2407933,
            30.300978
          ],
          [
            78.2407236,
            30.3012049
          ],
          [
            78.2407075,
            30.3014319
          ],
          [
            78.2408202,
            30.3017236
          ],
          [
            78.2408751,
            30.3020353
          ],
          [
            78.2409609,
            30.3030727
          ],
          [
            78.2410994,
            30.3034554
          ],
          [
            78.2409757,
            30.3040903
          ],
          [
            78.241142,
            30.3046044
          ],
          [
            78.241244,
            30.3050027
          ],
          [
            78.2414854,
            30.3054705
          ],
          [
            78.2413781,
            30.305665
          ],
          [
            78.2412171,
            30.3059012
          ],
          [
            78.2410347,
            30.3061559
          ],
          [
            78.2407826,
            30.3065079
          ],
          [
            78.2407558,
            30.3069293
          ],
          [
            78.2407236,
            30.307147
          ],
          [
            78.2406002,
            30.3075685
          ],
          [
            78.2404768,
            30.3078324
          ],
          [
            78.2402354,
            30.3078278
          ],
          [
            78.239978,
            30.3076657
          ],
          [
            78.2397057,
            30.307454
          ],
          [
            78.2392108,
            30.3071378
          ],
          [
            78.238889,
            30.3070683
          ],
          [
            78.2384276,
            30.3068738
          ],
          [
            78.2380307,
            30.3067209
          ],
          [
            78.2379287,
            30.3064755
          ],
          [
            78.237977,
            30.305929
          ],
          [
            78.2378483,
            30.3051741
          ],
          [
            78.2377464,
            30.3045674
          ],
          [
            78.2375103,
            30.3041968
          ],
          [
            78.2368988,
            30.3040023
          ],
          [
            78.2359613,
            30.3035729
          ],
          [
            78.2350064,
            30.3031191
          ],
          [
            78.23414,
            30.3026396
          ],
          [
            78.2325917,
            30.3024192
          ],
          [
            78.2325212,
            30.3024092
          ],
          [
            78.2296398,
            30.3026549
          ],
          [
            78.2284295,
            30.3031791
          ],
          [
            78.2274332,
            30.3033897
          ],
          [
            78.2268295,
            30.3042025
          ],
          [
            78.226315,
            30.3051073
          ],
          [
            78.2258063,
            30.3056679
          ],
          [
            78.2255045,
            30.305934
          ],
          [
            78.2252037,
            30.3060868
          ],
          [
            78.2238212,
            30.3062862
          ],
          [
            78.2222286,
            30.3063395
          ],
          [
            78.220662,
            30.306676
          ],
          [
            78.2198098,
            30.3067479
          ],
          [
            78.2185806,
            30.3069353
          ],
          [
            78.2172824,
            30.3072039
          ],
          [
            78.2167258,
            30.3072006
          ],
          [
            78.2159888,
            30.3075245
          ],
          [
            78.215385,
            30.3078709
          ],
          [
            78.2148384,
            30.3082695
          ],
          [
            78.2143748,
            30.3086177
          ],
          [
            78.213958,
            30.3088678
          ],
          [
            78.2137344,
            30.308979
          ],
          [
            78.213571,
            30.3090332
          ],
          [
            78.2132051,
            30.3090928
          ],
          [
            78.2124993,
            30.3092459
          ],
          [
            78.2118889,
            30.309438
          ],
          [
            78.2114768,
            30.3096198
          ],
          [
            78.211297,
            30.309774
          ],
          [
            78.2108289,
            30.310526
          ],
          [
            78.2106722,
            30.3106871
          ],
          [
            78.2104865,
            30.3107688
          ],
          [
            78.21005,
            30.3109151
          ],
          [
            78.2098389,
            30.3109542
          ],
          [
            78.2094681,
            30.3108854
          ],
          [
            78.2090919,
            30.3108765
          ],
          [
            78.2088605,
            30.3109151
          ],
          [
            78.2086292,
            30.3109906
          ],
          [
            78.2083462,
            30.3110321
          ],
          [
            78.207303,
            30.3109033
          ],
          [
            78.2064232,
            30.3107551
          ],
          [
            78.2058003,
            30.3105278
          ],
          [
            78.2056066,
            30.3104466
          ],
          [
            78.2043204,
            30.3097396
          ],
          [
            78.2032204,
            30.3094154
          ],
          [
            78.2012519,
            30.3077449
          ],
          [
            78.1999433,
            30.3066515
          ],
          [
            78.1997663,
            30.3061096
          ],
          [
            78.1998682,
            30.3057715
          ],
          [
            78.2001203,
            30.3054705
          ],
          [
            78.2005924,
            30.3051787
          ],
          [
            78.2009109,
            30.3048341
          ],
          [
            78.2010465,
            30.3046107
          ],
          [
            78.2010804,
            30.304491
          ],
          [
            78.2010866,
            30.3043766
          ],
          [
            78.2009756,
            30.3041106
          ],
          [
            78.2007855,
            30.3039653
          ],
          [
            78.200292,
            30.3038078
          ],
          [
            78.1995678,
            30.3038171
          ],
          [
            78.1986987,
            30.3037476
          ],
          [
            78.1980371,
            30.3038978
          ],
          [
            78.1976427,
            30.3040311
          ],
          [
            78.1971712,
            30.3043225
          ],
          [
            78.1967768,
            30.3045717
          ],
          [
            78.1964272,
            30.3047261
          ],
          [
            78.1962767,
            30.3047437
          ],
          [
            78.1960816,
            30.3047401
          ],
          [
            78.1958092,
            30.3045752
          ],
          [
            78.1956222,
            30.3043821
          ],
          [
            78.1953567,
            30.3040452
          ],
          [
            78.1951793,
            30.3037226
          ],
          [
            78.1949551,
            30.303259
          ],
          [
            78.1947683,
            30.3027509
          ],
          [
            78.1945359,
            30.3021405
          ],
          [
            78.1943106,
            30.3017671
          ],
          [
            78.1939791,
            30.3015615
          ],
          [
            78.1935448,
            30.3013922
          ],
          [
            78.1928944,
            30.3011956
          ],
          [
            78.1922296,
            30.3006339
          ],
          [
            78.1916928,
            30.300538
          ],
          [
            78.190915,
            30.300751
          ],
          [
            78.1905716,
            30.3013902
          ],
          [
            78.1902873,
            30.3023813
          ],
          [
            78.1898689,
            30.3027426
          ],
          [
            78.1892091,
            30.3027889
          ],
          [
            78.1883615,
            30.3022377
          ],
          [
            78.1877392,
            30.3016634
          ],
          [
            78.1868955,
            30.3010146
          ],
          [
            78.1860977,
            30.3006862
          ],
          [
            78.1851536,
            30.3008853
          ],
          [
            78.1845957,
            30.3012883
          ],
          [
            78.1840646,
            30.3022285
          ],
          [
            78.1832966,
            30.302613
          ],
          [
            78.1823963,
            30.3029047
          ],
          [
            78.1814048,
            30.3031237
          ],
          [
            78.1809992,
            30.3033964
          ],
          [
            78.180847,
            30.3036608
          ],
          [
            78.1806647,
            30.3038578
          ],
          [
            78.1802223,
            30.3043024
          ],
          [
            78.1800595,
            30.3043559
          ],
          [
            78.1798684,
            30.3044369
          ],
          [
            78.1792933,
            30.3046538
          ],
          [
            78.1785572,
            30.3048158
          ],
          [
            78.1764793,
            30.3052065
          ],
          [
            78.1758088,
            30.3053269
          ],
          [
            78.1750685,
            30.3054056
          ],
          [
            78.1747895,
            30.3052667
          ],
          [
            78.174119,
            30.3052389
          ],
          [
            78.1733358,
            30.3052204
          ],
          [
            78.1729605,
            30.3052347
          ],
          [
            78.1716634,
            30.3056756
          ],
          [
            78.1706967,
            30.305846
          ],
          [
            78.1700635,
            30.3058039
          ],
          [
            78.1695914,
            30.3060355
          ],
          [
            78.1689372,
            30.3066333
          ],
          [
            78.1686687,
            30.3069247
          ],
          [
            78.1683361,
            30.3071192
          ],
          [
            78.1679177,
            30.3073878
          ],
          [
            78.1672203,
            30.3080825
          ],
          [
            78.1663406,
            30.3085364
          ],
          [
            78.1657505,
            30.3091662
          ],
          [
            78.165375,
            30.3095367
          ],
          [
            78.164742,
            30.3101944
          ],
          [
            78.1637656,
            30.3111391
          ],
          [
            78.1630468,
            30.3121765
          ],
          [
            78.162167,
            30.3128063
          ],
          [
            78.1613948,
            30.3137097
          ],
          [
            78.1610139,
            30.3140409
          ],
          [
            78.1605339,
            30.3145132
          ],
          [
            78.1600816,
            30.3149691
          ],
          [
            78.1588414,
            30.3158955
          ],
          [
            78.1584133,
            30.316605
          ],
          [
            78.1581665,
            30.3173644
          ],
          [
            78.1581558,
            30.3180868
          ],
          [
            78.1574155,
            30.319013
          ],
          [
            78.1572447,
            30.3190478
          ],
          [
            78.1565347,
            30.3191926
          ],
          [
            78.1555905,
            30.3192019
          ],
          [
            78.1550326,
            30.3192297
          ],
          [
            78.1540778,
            30.319702
          ],
          [
            78.1529727,
            30.3202577
          ],
          [
            78.1523944,
            30.3213839
          ],
          [
            78.1514814,
            30.3223785
          ],
          [
            78.150274,
            30.3229054
          ],
          [
            78.1498186,
            30.3229426
          ],
          [
            78.1490996,
            30.3229064
          ],
          [
            78.1482627,
            30.3228971
          ],
          [
            78.1472982,
            30.3233472
          ],
          [
            78.1465783,
            30.3236746
          ],
          [
            78.1455923,
            30.3242826
          ],
          [
            78.1442287,
            30.3258416
          ],
          [
            78.1418576,
            30.3267677
          ],
          [
            78.1409993,
            30.327916
          ],
          [
            78.1404092,
            30.3288699
          ],
          [
            78.140303,
            30.3296075
          ],
          [
            78.1399597,
            30.3301353
          ],
          [
            78.1396056,
            30.3315244
          ],
          [
            78.1391647,
            30.3320277
          ],
          [
            78.1391003,
            30.3330555
          ],
          [
            78.1391121,
            30.334145
          ],
          [
            78.1391872,
            30.3352932
          ],
          [
            78.1392398,
            30.3364076
          ],
          [
            78.1388761,
            30.3372192
          ],
          [
            78.1383611,
            30.3381637
          ],
          [
            78.1376852,
            30.3396267
          ],
          [
            78.1371584,
            30.3403522
          ],
          [
            78.1362582,
            30.3412564
          ],
          [
            78.1350673,
            30.3424508
          ],
          [
            78.1345459,
            30.3429449
          ],
          [
            78.1337252,
            30.3437226
          ],
          [
            78.1331565,
            30.3440559
          ],
          [
            78.1326308,
            30.3440744
          ],
          [
            78.1318691,
            30.3438615
          ],
          [
            78.1308176,
            30.3435744
          ],
          [
            78.1297662,
            30.3436393
          ],
          [
            78.1291547,
            30.3439911
          ],
          [
            78.1285764,
            30.3441638
          ],
          [
            78.1280925,
            30.3442041
          ],
          [
            78.1274164,
            30.343556
          ],
          [
            78.1265366,
            30.3427875
          ],
          [
            78.1259465,
            30.3417504
          ],
          [
            78.1249058,
            30.3406764
          ],
          [
            78.1237471,
            30.3400375
          ],
          [
            78.1212795,
            30.3392689
          ],
          [
            78.1202924,
            30.3387596
          ],
          [
            78.1188869,
            30.337917
          ],
          [
            78.1166124,
            30.3362688
          ],
          [
            78.115797,
            30.3352687
          ],
          [
            78.1146598,
            30.3330649
          ],
          [
            78.1138873,
            30.3321203
          ],
          [
            78.1127286,
            30.3312684
          ],
          [
            78.1113338,
            30.3301386
          ],
          [
            78.1098226,
            30.3291542
          ]
        ]
      }
    },
    {
      "type": "Feature",
      "properties": {
        "name": "River",
        "waterway": "river",
        "source": "OpenStreetMap"
      },
      "geometry": {
        "type": "LineString",
        "coordinates": [
          [
            78.2335554,
            30.279824
          ],
          [
            78.2350574,
            30.2759326
          ],
          [
            78.235787,
            30.2757102
          ],
          [
            78.2348428,
            30.2734865
          ],
          [
            78.2331262,
            30.2715592
          ],
          [
            78.2321821,
            30.2715592
          ],
          [
            78.2312809,
            30.2708142
          ],
          [
            78.231195,
            30.2687794
          ],
          [
            78.2288776,
            30.2666666
          ],
          [
            78.2284055,
            30.2658104
          ],
          [
            78.2278047,
            30.264628
          ],
          [
            78.2284055,
            30.2623669
          ],
          [
            78.2291351,
            30.2612179
          ],
          [
            78.2301651,
            30.2594757
          ],
          [
            78.2291351,
            30.2578076
          ],
          [
            78.2268177,
            30.2573257
          ],
          [
            78.2234703,
            30.256955
          ],
          [
            78.2226978,
            30.2562878
          ],
          [
            78.2226978,
            30.254286
          ],
          [
            78.2201658,
            30.2509867
          ],
          [
            78.2207237,
            30.2466122
          ],
          [
            78.2207376,
            30.2461847
          ],
          [
            78.2208095,
            30.2439799
          ],
          [
            78.2209383,
            30.2378996
          ],
          [
            78.2208944,
            30.2350218
          ],
          [
            78.2201844,
            30.231226
          ],
          [
            78.2198861,
            30.2290528
          ],
          [
            78.2199928,
            30.227707
          ],
          [
            78.2209525,
            30.2241306
          ],
          [
            78.221056,
            30.2235882
          ],
          [
            78.2212131,
            30.2231133
          ],
          [
            78.2213779,
            30.2227024
          ],
          [
            78.2217708,
            30.2220239
          ],
          [
            78.2219012,
            30.221572
          ],
          [
            78.221873,
            30.2211429
          ],
          [
            78.2218648,
            30.2210189
          ],
          [
            78.2217467,
            30.2205276
          ],
          [
            78.2213838,
            30.2201064
          ],
          [
            78.2207769,
            30.2196509
          ],
          [
            78.220112,
            30.2193814
          ],
          [
            78.2190777,
            30.2192103
          ],
          [
            78.2184338,
            30.2189672
          ],
          [
            78.2179115,
            30.2185638
          ],
          [
            78.2174621,
            30.2179505
          ],
          [
            78.217068,
            30.2175897
          ],
          [
            78.2166342,
            30.2174141
          ],
          [
            78.2162271,
            30.217138
          ],
          [
            78.2158035,
            30.2167327
          ],
          [
            78.2155306,
            30.2162866
          ],
          [
            78.2148966,
            30.2149728
          ],
          [
            78.2146576,
            30.2145202
          ],
          [
            78.2144757,
            30.2141017
          ],
          [
            78.2143507,
            30.2136702
          ],
          [
            78.2143192,
            30.2134318
          ],
          [
            78.2141765,
            30.2131672
          ],
          [
            78.2139248,
            30.2129248
          ],
          [
            78.2119677,
            30.2121924
          ],
          [
            78.2116199,
            30.2119408
          ],
          [
            78.2114421,
            30.2116065
          ],
          [
            78.211376,
            30.2109943
          ],
          [
            78.2113781,
            30.2101233
          ],
          [
            78.2114053,
            30.2099483
          ],
          [
            78.2115104,
            30.2097664
          ],
          [
            78.2119628,
            30.2094693
          ],
          [
            78.2121118,
            30.2092275
          ],
          [
            78.2120988,
            30.2088674
          ],
          [
            78.211972,
            30.2085907
          ],
          [
            78.2113338,
            30.2071554
          ],
          [
            78.210289,
            30.2045333
          ],
          [
            78.2098577,
            30.2019189
          ],
          [
            78.2061325,
            30.1972926
          ],
          [
            78.2044771,
            30.1934865
          ],
          [
            78.2044154,
            30.1927269
          ],
          [
            78.2033859,
            30.1900595
          ],
          [
            78.2019661,
            30.1885626
          ],
          [
            78.2006414,
            30.187166
          ],
          [
            78.1944166,
            30.1819688
          ],
          [
            78.1899126,
            30.1788563
          ],
          [
            78.1809862,
            30.1757029
          ],
          [
            78.176478,
            30.173399
          ],
          [
            78.172489,
            30.1712879
          ],
          [
            78.1702696,
            30.1694248
          ],
          [
            78.1695278,
            30.1688021
          ],
          [
            78.1687553,
            30.1654999
          ],
          [
            78.1666933,
            30.1610437
          ],
          [
            78.1654058,
            30.1585576
          ],
          [
            78.1651934,
            30.1574481
          ],
          [
            78.1653436,
            30.1562421
          ],
          [
            78.1664165,
            30.1550639
          ],
          [
            78.1660938,
            30.1528461
          ],
          [
            78.1641634,
            30.1492843
          ],
          [
            78.1644187,
            30.14672
          ],
          [
            78.1640446,
            30.1431974
          ],
          [
            78.1638944,
            30.1425015
          ],
          [
            78.1635725,
            30.1414624
          ],
          [
            78.1635028,
            30.1406088
          ],
          [
            78.1636316,
            30.1398712
          ],
          [
            78.1638998,
            30.1391846
          ],
          [
            78.1639641,
            30.1386093
          ],
          [
            78.1639051,
            30.1382428
          ],
          [
            78.1637227,
            30.1378717
          ],
          [
            78.1632346,
            30.1371155
          ],
          [
            78.1627572,
            30.1365216
          ],
          [
            78.1622368,
            30.1357469
          ],
          [
            78.1617701,
            30.1348143
          ],
          [
            78.161416,
            30.1338493
          ],
          [
            78.1613517,
            30.1331998
          ],
          [
            78.1612927,
            30.1324529
          ],
          [
            78.1610352,
            30.1317337
          ],
          [
            78.1606811,
            30.1308337
          ],
          [
            78.1603324,
            30.1301006
          ],
          [
            78.1602573,
            30.1292608
          ],
          [
            78.1602412,
            30.1282494
          ],
          [
            78.1602144,
            30.1278643
          ],
          [
            78.1601125,
            30.1273029
          ],
          [
            78.1596672,
            30.1266162
          ],
          [
            78.1591791,
            30.125781
          ],
          [
            78.1588948,
            30.1251871
          ],
          [
            78.1586534,
            30.1241246
          ],
          [
            78.158251,
            30.1230203
          ],
          [
            78.1580418,
            30.1222083
          ],
          [
            78.1578541,
            30.1213313
          ],
          [
            78.1578433,
            30.1208952
          ],
          [
            78.1582886,
            30.1201481
          ],
          [
            78.1587499,
            30.1194057
          ],
          [
            78.1590182,
            30.1186076
          ],
          [
            78.1590021,
            30.1182178
          ],
          [
            78.1588465,
            30.1178976
          ],
          [
            78.1585568,
            30.1175543
          ],
          [
            78.1579667,
            30.1171599
          ],
          [
            78.1576717,
            30.116965
          ],
          [
            78.1576502,
            30.1167469
          ],
          [
            78.1577468,
            30.1165056
          ],
          [
            78.1579077,
            30.1160137
          ],
          [
            78.1578863,
            30.1152898
          ],
          [
            78.1579131,
            30.1148676
          ],
          [
            78.1581277,
            30.114487
          ],
          [
            78.1584656,
            30.1142133
          ],
          [
            78.158927,
            30.1137539
          ],
          [
            78.1592113,
            30.1131692
          ],
          [
            78.1594741,
            30.1119255
          ],
          [
            78.1600213,
            30.110784
          ],
          [
            78.1605899,
            30.1097816
          ],
          [
            78.1612015,
            30.1086122
          ],
          [
            78.1612766,
            30.1079347
          ],
          [
            78.1611371,
            30.1073128
          ],
          [
            78.1607884,
            30.1068534
          ],
          [
            78.1608206,
            30.1063707
          ],
          [
            78.1610513,
            30.1060134
          ],
          [
            78.1612551,
            30.1058463
          ],
          [
            78.1615609,
            30.1056607
          ],
          [
            78.1617218,
            30.1055168
          ],
          [
            78.1617862,
            30.1053962
          ],
          [
            78.1618023,
            30.1051363
          ],
          [
            78.1617701,
            30.1048857
          ],
          [
            78.1614965,
            30.1046815
          ],
          [
            78.1613302,
            30.1044866
          ],
          [
            78.1612337,
            30.1041524
          ],
          [
            78.1612498,
            30.1036187
          ],
          [
            78.1612015,
            30.1033356
          ],
          [
            78.1610191,
            30.1026581
          ],
          [
            78.1609225,
            30.1022868
          ],
          [
            78.160665,
            30.101832
          ],
          [
            78.1605148,
            30.1013122
          ],
          [
            78.1605095,
            30.100746
          ],
          [
            78.1607401,
            30.1000777
          ],
          [
            78.1610674,
            30.0997018
          ],
          [
            78.1616467,
            30.0993305
          ],
          [
            78.1621349,
            30.0991031
          ],
          [
            78.1627518,
            30.0989453
          ],
          [
            78.1633258,
            30.098806
          ],
          [
            78.1636047,
            30.0986807
          ],
          [
            78.1637496,
            30.0985601
          ],
          [
            78.1638622,
            30.0982398
          ],
          [
            78.163712,
            30.0978593
          ],
          [
            78.1634813,
            30.0974833
          ],
          [
            78.1632721,
            30.0969914
          ],
          [
            78.1633365,
            30.0965922
          ],
          [
            78.1635296,
            30.096091
          ],
          [
            78.1635189,
            30.0957893
          ],
          [
            78.1633365,
            30.0954319
          ],
          [
            78.1630951,
            30.0951395
          ],
          [
            78.1628644,
            30.0946011
          ],
          [
            78.1626981,
            30.0941602
          ],
          [
            78.1626177,
            30.0937935
          ],
          [
            78.1625184,
            30.0932551
          ],
          [
            78.1624997,
            30.0930045
          ],
          [
            78.1625372,
            30.092856
          ],
          [
            78.162607,
            30.0927701
          ],
          [
            78.162666,
            30.0927237
          ],
          [
            78.162725,
            30.0926912
          ],
          [
            78.1627947,
            30.0926657
          ],
          [
            78.1628484,
            30.0926611
          ],
          [
            78.1629315,
            30.0926634
          ],
          [
            78.1631541,
            30.0926889
          ],
          [
            78.1633794,
            30.0926402
          ],
          [
            78.1636396,
            30.0925056
          ],
          [
            78.1638435,
            30.0923176
          ],
          [
            78.1639641,
            30.0921807
          ],
          [
            78.1639668,
            30.0920693
          ],
          [
            78.1638756,
            30.0917583
          ],
          [
            78.1637549,
            30.0915239
          ],
          [
            78.163712,
            30.0914079
          ],
          [
            78.1637174,
            30.0912083
          ],
          [
            78.1638408,
            30.0909669
          ],
          [
            78.1640393,
            30.0908091
          ],
          [
            78.1640929,
            30.0907279
          ],
          [
            78.1640848,
            30.0906281
          ],
          [
            78.164117,
            30.0902173
          ],
          [
            78.1641358,
            30.0894468
          ],
          [
            78.1641868,
            30.0892217
          ],
          [
            78.1643102,
            30.0889572
          ],
          [
            78.1645462,
            30.0886137
          ],
          [
            78.1647125,
            30.0884605
          ],
          [
            78.1650156,
            30.0882679
          ],
          [
            78.1652194,
            30.0882052
          ],
          [
            78.165493,
            30.0882192
          ],
          [
            78.1658471,
            30.0882424
          ],
          [
            78.1660911,
            30.08824
          ],
          [
            78.1663164,
            30.0882331
          ],
          [
            78.1665337,
            30.0880915
          ],
          [
            78.1666759,
            30.0879221
          ],
          [
            78.1667054,
            30.0878478
          ],
          [
            78.1666946,
            30.0877689
          ],
          [
            78.1665927,
            30.0876947
          ],
          [
            78.1663352,
            30.0875809
          ],
          [
            78.1661287,
            30.0873489
          ],
          [
            78.1660402,
            30.0869706
          ],
          [
            78.1659409,
            30.0866572
          ],
          [
            78.1658497,
            30.0864739
          ],
          [
            78.1658497,
            30.0862697
          ],
          [
            78.16589,
            30.0861374
          ],
          [
            78.166016,
            30.0860562
          ],
          [
            78.166236,
            30.0859819
          ],
          [
            78.1664935,
            30.0859796
          ],
          [
            78.1668261,
            30.0857962
          ],
          [
            78.1671533,
            30.0855247
          ],
          [
            78.1674859,
            30.0851116
          ],
          [
            78.1677434,
            30.084775
          ],
          [
            78.1679258,
            30.0844733
          ],
          [
            78.1679606,
            30.0841298
          ],
          [
            78.167907,
            30.0838095
          ],
          [
            78.1678051,
            30.0836494
          ],
          [
            78.1676361,
            30.0834661
          ],
          [
            78.1673866,
            30.0833291
          ],
          [
            78.1668153,
            30.0831481
          ],
          [
            78.1659973,
            30.0823636
          ],
          [
            78.1658041,
            30.0820967
          ],
          [
            78.1657156,
            30.0819598
          ],
          [
            78.1657049,
            30.0818646
          ],
          [
            78.1657612,
            30.0817161
          ],
          [
            78.1659919,
            30.0815374
          ],
          [
            78.1664291,
            30.0812472
          ],
          [
            78.166877,
            30.080862
          ],
          [
            78.1670111,
            30.0807297
          ],
          [
            78.1672686,
            30.0805347
          ],
          [
            78.1675181,
            30.0803421
          ],
          [
            78.1676763,
            30.0802446
          ],
          [
            78.1677702,
            30.0802051
          ],
          [
            78.1678802,
            30.0802005
          ],
          [
            78.1680143,
            30.0802376
          ],
          [
            78.168143,
            30.0803026
          ],
          [
            78.1682235,
            30.080363
          ],
          [
            78.1683335,
            30.0803885
          ],
          [
            78.1684837,
            30.0803722
          ],
          [
            78.1687197,
            30.0802701
          ],
          [
            78.1688082,
            30.0801216
          ],
          [
            78.168886,
            30.0798477
          ],
          [
            78.1690067,
            30.0796713
          ],
          [
            78.1691274,
            30.0795158
          ],
          [
            78.1692588,
            30.0793696
          ],
          [
            78.1694573,
            30.0792141
          ],
          [
            78.1696478,
            30.079098
          ],
          [
            78.1698945,
            30.0789982
          ],
          [
            78.1700608,
            30.0788891
          ],
          [
            78.1701869,
            30.0787661
          ],
          [
            78.1702512,
            30.0785804
          ],
          [
            78.1703103,
            30.0782578
          ],
          [
            78.1704256,
            30.077977
          ],
          [
            78.1704658,
            30.0777681
          ],
          [
            78.1704605,
            30.0774408
          ],
          [
            78.1704953,
            30.0772574
          ],
          [
            78.1705838,
            30.0771808
          ],
          [
            78.1708252,
            30.0770926
          ],
          [
            78.1710157,
            30.077023
          ],
          [
            78.1713214,
            30.0768211
          ],
          [
            78.1715333,
            30.0766679
          ],
          [
            78.1716889,
            30.0765611
          ],
          [
            78.1717989,
            30.0764938
          ],
          [
            78.1718847,
            30.0764427
          ],
          [
            78.1720349,
            30.0763267
          ],
          [
            78.1722817,
            30.0761619
          ],
          [
            78.1725606,
            30.0760644
          ],
          [
            78.172912,
            30.076018
          ],
          [
            78.1731641,
            30.0759925
          ],
          [
            78.1732795,
            30.0759205
          ],
          [
            78.1733841,
            30.0757952
          ],
          [
            78.1735584,
            30.0753611
          ],
          [
            78.1736496,
            30.0751337
          ],
          [
            78.1736442,
            30.0747437
          ],
          [
            78.1735691,
            30.0744373
          ],
          [
            78.1734994,
            30.0743073
          ],
          [
            78.1731266,
            30.0734067
          ]
        ]
      }
    },
    {
      "type": "Feature",
      "properties": {
        "name": "River",
        "waterway": "river",
        "source": "OpenStreetMap"
      },
      "geometry": {
        "type": "LineString",
        "coordinates": [
          [
            78.2370042,
            30.2268119
          ],
          [
            78.2358943,
            30.2265128
          ],
          [
            78.2343493,
            30.2256228
          ],
          [
            78.2335983,
            30.2245104
          ],
          [
            78.2330335,
            30.2225636
          ]
        ]
      }
    },
    {
      "type": "Feature",
      "properties": {
        "name": "Jakhan Rao",
        "waterway": "river",
        "source": "OpenStreetMap"
      },
      "geometry": {
        "type": "LineString",
        "coordinates": [
          [
            78.2780301,
            30.2723968
          ],
          [
            78.2778853,
            30.2721884
          ],
          [
            78.2777619,
            30.2719289
          ],
          [
            78.2775258,
            30.2716648
          ],
          [
            78.2774561,
            30.2714795
          ],
          [
            78.277263,
            30.2712942
          ],
          [
            78.2770913,
            30.2712293
          ],
          [
            78.2768392,
            30.2712525
          ],
          [
            78.2766622,
            30.2711737
          ],
          [
            78.2765763,
            30.2709745
          ],
          [
            78.2765334,
            30.2707938
          ],
          [
            78.2763135,
            30.2706687
          ],
          [
            78.2761579,
            30.2703861
          ],
          [
            78.2759273,
            30.2701962
          ],
          [
            78.2756108,
            30.2700664
          ],
          [
            78.2754391,
            30.2699599
          ],
          [
            78.2752996,
            30.2699089
          ],
          [
            78.2752889,
            30.269756
          ],
          [
            78.2752889,
            30.2694827
          ],
          [
            78.2751601,
            30.269302
          ],
          [
            78.2748919,
            30.2688943
          ],
          [
            78.274908,
            30.2684819
          ],
          [
            78.2747954,
            30.2682132
          ],
          [
            78.2747149,
            30.2679816
          ],
          [
            78.2747739,
            30.2678287
          ],
          [
            78.2746559,
            30.2676155
          ],
          [
            78.2744199,
            30.2674395
          ],
          [
            78.2742965,
            30.2672588
          ],
          [
            78.2742482,
            30.2671013
          ],
          [
            78.2740551,
            30.2670781
          ],
          [
            78.2739585,
            30.2668974
          ],
          [
            78.2738995,
            30.2667074
          ],
          [
            78.273819,
            30.2665684
          ],
          [
            78.2738137,
            30.2664434
          ],
          [
            78.2738995,
            30.2663461
          ],
          [
            78.2739462,
            30.2661718
          ],
          [
            78.2742177,
            30.2658382
          ],
          [
            78.2742177,
            30.2654861
          ],
          [
            78.2736598,
            30.2650413
          ],
          [
            78.2733057,
            30.2643648
          ],
          [
            78.2730053,
            30.2642444
          ],
          [
            78.272544,
            30.2645409
          ],
          [
            78.2717393,
            30.2651062
          ],
          [
            78.2713745,
            30.2650969
          ],
          [
            78.2710956,
            30.2652174
          ],
          [
            78.2705591,
            30.2654027
          ],
          [
            78.2700119,
            30.2652452
          ],
          [
            78.2696686,
            30.2649857
          ],
          [
            78.2699047,
            30.2645872
          ],
          [
            78.2702802,
            30.2644297
          ],
          [
            78.2707415,
            30.2642073
          ],
          [
            78.2710205,
            30.2637625
          ],
          [
            78.2706235,
            30.2630675
          ],
          [
            78.2700763,
            30.2626598
          ],
          [
            78.2693468,
            30.2621408
          ],
          [
            78.269218,
            30.2618536
          ],
          [
            78.2692287,
            30.2614644
          ],
          [
            78.2689713,
            30.2611122
          ],
          [
            78.268703,
            30.2603987
          ],
          [
            78.2690785,
            30.259889
          ],
          [
            78.2691429,
            30.2586009
          ],
          [
            78.2686065,
            30.2580541
          ],
          [
            78.267834,
            30.2581653
          ],
          [
            78.2672225,
            30.2580541
          ],
          [
            78.2664178,
            30.2577205
          ],
          [
            78.266332,
            30.2573498
          ],
          [
            78.2665143,
            30.2564416
          ],
          [
            78.2662354,
            30.2561636
          ],
          [
            78.2657955,
            30.2560802
          ],
          [
            78.2638751,
            30.2562748
          ],
          [
            78.2634137,
            30.2564416
          ],
          [
            78.2627593,
            30.2569235
          ],
          [
            78.2624696,
            30.2569791
          ],
          [
            78.2619439,
            30.2568215
          ],
          [
            78.2610319,
            30.256803
          ],
          [
            78.2604311,
            30.2561821
          ],
          [
            78.2600985,
            30.2560246
          ],
          [
            78.2599161,
            30.2558392
          ],
          [
            78.2594977,
            30.2556446
          ],
          [
            78.2590471,
            30.255172
          ],
          [
            78.2585965,
            30.255172
          ],
          [
            78.2583926,
            30.2550237
          ],
          [
            78.2583712,
            30.2546808
          ],
          [
            78.2581995,
            30.2543101
          ],
          [
            78.2573734,
            30.2537818
          ],
          [
            78.2572554,
            30.253337
          ],
          [
            78.2573197,
            30.2531331
          ],
          [
            78.2570622,
            30.252679
          ],
          [
            78.2565097,
            30.2514
          ],
          [
            78.2561342,
            30.2502508
          ],
          [
            78.2562736,
            30.2491201
          ],
          [
            78.2560376,
            30.2487772
          ],
          [
            78.2559089,
            30.2487865
          ],
          [
            78.2555548,
            30.2491108
          ],
          [
            78.2552759,
            30.2492035
          ],
          [
            78.2550238,
            30.2489626
          ],
          [
            78.2540582,
            30.248323
          ],
          [
            78.2541869,
            30.2477206
          ],
          [
            78.2539026,
            30.2469885
          ],
          [
            78.2535003,
            30.2462377
          ],
          [
            78.2529799,
            30.2457835
          ],
          [
            78.2519285,
            30.2437167
          ],
          [
            78.2514189,
            30.2432811
          ],
          [
            78.2505337,
            30.2427714
          ],
          [
            78.2504211,
            30.2416591
          ],
          [
            78.2494662,
            30.2405375
          ],
          [
            78.2484041,
            30.2391009
          ],
          [
            78.2471917,
            30.2383964
          ],
          [
            78.2464514,
            30.2380813
          ],
          [
            78.2457808,
            30.2375483
          ],
          [
            78.2453249,
            30.2366446
          ],
          [
            78.2444344,
            30.2361904
          ],
          [
            78.2437799,
            30.2360884
          ],
          [
            78.2432971,
            30.2360328
          ],
          [
            78.2427071,
            30.2358196
          ],
          [
            78.242407,
            30.2356211
          ],
          [
            78.2421454,
            30.2354078
          ],
          [
            78.241869,
            30.2350403
          ],
          [
            78.2414754,
            30.2342377
          ],
          [
            78.2413425,
            30.2338338
          ],
          [
            78.241257,
            30.2334354
          ],
          [
            78.2411999,
            30.2329513
          ],
          [
            78.2408417,
            30.2314226
          ],
          [
            78.2407652,
            30.2306269
          ],
          [
            78.2408939,
            30.2296368
          ],
          [
            78.2408543,
            30.2291631
          ],
          [
            78.2406691,
            30.2286526
          ],
          [
            78.2402946,
            30.2282598
          ],
          [
            78.2397137,
            30.2279404
          ],
          [
            78.2383133,
            30.22749
          ],
          [
            78.2370042,
            30.2268119
          ],
          [
            78.2361997,
            30.2255829
          ],
          [
            78.2345017,
            30.223456
          ],
          [
            78.233804,
            30.2229574
          ],
          [
            78.2330335,
            30.2225636
          ],
          [
            78.2323061,
            30.2223363
          ],
          [
            78.2316949,
            30.2219751
          ],
          [
            78.2313529,
            30.2216582
          ],
          [
            78.2310837,
            30.2213412
          ],
          [
            78.2304011,
            30.2203572
          ],
          [
            78.2285772,
            30.2187626
          ],
          [
            78.2278691,
            30.2167045
          ],
          [
            78.2268177,
            30.2143867
          ],
          [
            78.2258735,
            30.2128847
          ],
          [
            78.2240496,
            30.2122728
          ],
          [
            78.2209168,
            30.20938
          ],
          [
            78.2180629,
            30.2069322
          ],
          [
            78.2147584,
            30.202222
          ],
          [
            78.2106826,
            30.1959944
          ],
          [
            78.2054673,
            30.1912799
          ],
          [
            78.2033859,
            30.1900595
          ]
        ]
      }
    },
    {
      "type": "Feature",
      "properties": {
        "name": "River",
        "waterway": "river",
        "source": "OpenStreetMap"
      },
      "geometry": {
        "type": "LineString",
        "coordinates": [
          [
            78.4405179,
            30.167041
          ],
          [
            78.440544,
            30.1669549
          ],
          [
            78.4405677,
            30.1668791
          ],
          [
            78.4406009,
            30.1668032
          ],
          [
            78.4406436,
            30.1667048
          ],
          [
            78.4406697,
            30.1666044
          ],
          [
            78.4406815,
            30.1665429
          ],
          [
            78.4406863,
            30.1664752
          ],
          [
            78.4406625,
            30.1664178
          ],
          [
            78.4405938,
            30.1663646
          ],
          [
            78.4404705,
            30.1663543
          ],
          [
            78.4403686,
            30.1663543
          ],
          [
            78.4402927,
            30.1663892
          ],
          [
            78.440231,
            30.1664035
          ],
          [
            78.4401884,
            30.1664404
          ]
        ]
      }
    },
    {
      "type": "Feature",
      "properties": {
        "name": "River",
        "waterway": "river",
        "source": "OpenStreetMap"
      },
      "geometry": {
        "type": "LineString",
        "coordinates": [
          [
            78.4332067,
            30.1573741
          ],
          [
            78.4330932,
            30.1573621
          ],
          [
            78.4329821,
            30.1573014
          ],
          [
            78.4328769,
            30.1572509
          ],
          [
            78.432871,
            30.1572003
          ],
          [
            78.432836,
            30.1571043
          ],
          [
            78.432836,
            30.1569426
          ]
        ]
      }
    },
    {
      "type": "Feature",
      "properties": {
        "name": "River",
        "waterway": "river",
        "source": "OpenStreetMap"
      },
      "geometry": {
        "type": "LineString",
        "coordinates": [
          [
            78.5210036,
            30.1311695
          ],
          [
            78.520568,
            30.1310339
          ],
          [
            78.5186118,
            30.1304485
          ],
          [
            78.5175966,
            30.1299917
          ],
          [
            78.5174563,
            30.1295919
          ],
          [
            78.5169693,
            30.1294123
          ],
          [
            78.5163916,
            30.1291707
          ],
          [
            78.5161188,
            30.1288303
          ],
          [
            78.5156818,
            30.1287067
          ],
          [
            78.5151783,
            30.1288709
          ],
          [
            78.5147904,
            30.1284212
          ],
          [
            78.5144602,
            30.1283926
          ],
          [
            78.5141548,
            30.1282356
          ],
          [
            78.5137752,
            30.1279714
          ],
          [
            78.5135688,
            30.1277359
          ],
          [
            78.512958,
            30.1274646
          ],
          [
            78.5124133,
            30.1272361
          ],
          [
            78.5114889,
            30.1268007
          ],
          [
            78.5109524,
            30.1265294
          ],
          [
            78.5106387,
            30.1264652
          ],
          [
            78.5102921,
            30.1263724
          ],
          [
            78.5093924,
            30.1263581
          ],
          [
            78.5091861,
            30.1260226
          ],
          [
            78.5089963,
            30.1258369
          ],
          [
            78.5088064,
            30.1257513
          ],
          [
            78.5086578,
            30.1255914
          ],
          [
            78.5083472,
            30.1254306
          ],
          [
            78.5080334,
            30.1252764
          ],
          [
            78.5078086,
            30.1253769
          ],
          [
            78.5075451,
            30.1253937
          ],
          [
            78.5070879,
            30.1253702
          ],
          [
            78.5063788,
            30.1251758
          ],
          [
            78.5062819,
            30.124834
          ],
          [
            78.5060688,
            30.1242676
          ],
          [
            78.5057085,
            30.1238554
          ],
          [
            78.5048444,
            30.1234666
          ],
          [
            78.5041895,
            30.1232253
          ],
          [
            78.5039919,
            30.1231851
          ],
          [
            78.5033745,
            30.1229785
          ],
          [
            78.5030987,
            30.1227677
          ],
          [
            78.5029447,
            30.1225013
          ],
          [
            78.5029704,
            30.1221185
          ],
          [
            78.5030217,
            30.121608
          ],
          [
            78.5028934,
            30.1213028
          ],
          [
            78.5028165,
            30.1206259
          ],
          [
            78.5031949,
            30.1204206
          ],
          [
            78.503413,
            30.1203041
          ],
          [
            78.503676,
            30.1202153
          ],
          [
            78.50383,
            30.1199046
          ],
          [
            78.5038941,
            30.1192831
          ],
          [
            78.5036889,
            30.1190612
          ],
          [
            78.5036696,
            30.1188004
          ],
          [
            78.503907,
            30.118412
          ],
          [
            78.5040096,
            30.1182622
          ],
          [
            78.5041379,
            30.1180014
          ],
          [
            78.5043881,
            30.1179459
          ],
          [
            78.5047601,
            30.1177406
          ],
          [
            78.5048628,
            30.1173355
          ],
          [
            78.5048307,
            30.1170858
          ],
          [
            78.5046767,
            30.1168972
          ],
          [
            78.5046832,
            30.1165975
          ],
          [
            78.504882,
            30.1163201
          ],
          [
            78.5053439,
            30.1160482
          ],
          [
            78.5054401,
            30.1157208
          ],
          [
            78.5051643,
            30.1152658
          ],
          [
            78.5049782,
            30.115066
          ],
          [
            78.5048564,
            30.1149606
          ],
          [
            78.5045549,
            30.1144334
          ],
          [
            78.5044715,
            30.1140339
          ],
          [
            78.5044779,
            30.113651
          ],
          [
            78.5048307,
            30.1133625
          ],
          [
            78.5047666,
            30.1131572
          ],
          [
            78.5045292,
            30.1129186
          ],
          [
            78.5043945,
            30.1127022
          ],
          [
            78.5044073,
            30.1124302
          ],
          [
            78.504696,
            30.1122083
          ],
          [
            78.5049205,
            30.1121306
          ],
          [
            78.5050616,
            30.1119197
          ],
          [
            78.5053278,
            30.111297
          ],
          [
            78.5054517,
            30.1111828
          ],
          [
            78.505691,
            30.1108758
          ],
          [
            78.5058231,
            30.1106973
          ],
          [
            78.5061862,
            30.1103688
          ],
          [
            78.5061862,
            30.1099404
          ],
          [
            78.5061862,
            30.1097762
          ],
          [
            78.5063348,
            30.1094763
          ],
          [
            78.5066484,
            30.1092978
          ],
          [
            78.5071932,
            30.1088123
          ],
          [
            78.507317,
            30.1086838
          ],
          [
            78.5078122,
            30.1085267
          ],
          [
            78.5080103,
            30.1083696
          ],
          [
            78.5081836,
            30.1075485
          ],
          [
            78.5080516,
            30.1069559
          ],
          [
            78.5083239,
            30.1053707
          ],
          [
            78.5085055,
            30.1049137
          ],
          [
            78.5079443,
            30.1046852
          ],
          [
            78.5077792,
            30.1043853
          ],
          [
            78.5077214,
            30.1039426
          ],
          [
            78.5078385,
            30.1038387
          ],
          [
            78.5080268,
            30.1036713
          ],
          [
            78.5091906,
            30.1029644
          ],
          [
            78.5096115,
            30.1022503
          ],
          [
            78.5093887,
            30.1013578
          ],
          [
            78.5093474,
            30.1008936
          ],
          [
            78.5096858,
            30.1006223
          ],
          [
            78.5100325,
            30.1002081
          ],
          [
            78.5100407,
            30.0998297
          ],
          [
            78.5098096,
            30.0993441
          ],
          [
            78.5094299,
            30.0989585
          ],
          [
            78.5101315,
            30.0982016
          ],
          [
            78.511188,
            30.0982873
          ],
          [
            78.5125168,
            30.0979088
          ],
          [
            78.5126902,
            30.0973946
          ],
          [
            78.5119226,
            30.0971661
          ],
          [
            78.5114521,
            30.0965877
          ],
          [
            78.511807,
            30.0960879
          ],
          [
            78.5120959,
            30.0955309
          ],
          [
            78.5118235,
            30.0950024
          ],
          [
            78.5121289,
            30.0947453
          ],
          [
            78.5123518,
            30.0945882
          ],
          [
            78.5130946,
            30.0946454
          ],
          [
            78.5132939,
            30.0939698
          ],
          [
            78.5137675,
            30.0932796
          ],
          [
            78.5139171,
            30.092598
          ],
          [
            78.5136279,
            30.0916749
          ],
          [
            78.5139769,
            30.0914247
          ],
          [
            78.5144655,
            30.0909416
          ],
          [
            78.5148444,
            30.0900573
          ],
          [
            78.5149591,
            30.0895137
          ],
          [
            78.5158814,
            30.0893757
          ],
          [
            78.516041,
            30.0889702
          ],
          [
            78.515692,
            30.0882153
          ],
          [
            78.5164997,
            30.087909
          ],
          [
            78.5170331,
            30.0875553
          ],
          [
            78.5164648,
            30.0870117
          ],
          [
            78.5170331,
            30.0854889
          ],
          [
            78.5174868,
            30.0851093
          ],
          [
            78.5173971,
            30.0841731
          ],
          [
            78.5168885,
            30.0835304
          ],
          [
            78.5159163,
            30.0828315
          ],
          [
            78.5151535,
            30.0825813
          ],
          [
            78.5149342,
            30.0817832
          ],
          [
            78.5141551,
            30.0811421
          ],
          [
            78.5138174,
            30.0808642
          ],
          [
            78.5138473,
            30.0803724
          ],
          [
            78.5134883,
            30.07957
          ],
          [
            78.5131493,
            30.0791774
          ],
          [
            78.5128153,
            30.0787762
          ],
          [
            78.512212,
            30.0773568
          ],
          [
            78.5116487,
            30.0769383
          ],
          [
            78.5111501,
            30.0763429
          ],
          [
            78.5112697,
            30.0755318
          ],
          [
            78.5101978,
            30.0749019
          ],
          [
            78.5093254,
            30.0743238
          ],
          [
            78.5093902,
            30.0739053
          ],
          [
            78.5092456,
            30.0736464
          ],
          [
            78.5086629,
            30.0733459
          ],
          [
            78.5082201,
            30.0728769
          ],
          [
            78.5078108,
            30.0727618
          ],
          [
            78.5057392,
            30.0728398
          ],
          [
            78.5043526,
            30.0729843
          ],
          [
            78.5028749,
            30.0728086
          ],
          [
            78.5015501,
            30.0728011
          ],
          [
            78.500855,
            30.07278
          ]
        ]
      }
    },
    {
      "type": "Feature",
      "properties": {
        "name": "River",
        "waterway": "river",
        "source": "OpenStreetMap"
      },
      "geometry": {
        "type": "LineString",
        "coordinates": [
          [
            78.458756,
            30.1214322
          ],
          [
            78.458756,
            30.1202624
          ],
          [
            78.4587773,
            30.1190168
          ],
          [
            78.458627,
            30.1183929
          ],
          [
            78.4583265,
            30.117626
          ],
          [
            78.4579057,
            30.117275
          ],
          [
            78.4571393,
            30.117028
          ],
          [
            78.4559371,
            30.116989
          ],
          [
            78.4553962,
            30.117249
          ],
          [
            78.455291,
            30.117522
          ],
          [
            78.4548552,
            30.117496
          ],
          [
            78.4544795,
            30.117132
          ],
          [
            78.4538784,
            30.1168721
          ],
          [
            78.4529317,
            30.1165731
          ],
          [
            78.4523306,
            30.1167551
          ],
          [
            78.4520902,
            30.117067
          ],
          [
            78.4522555,
            30.117431
          ],
          [
            78.4518047,
            30.117535
          ],
          [
            78.451459,
            30.117808
          ],
          [
            78.450918,
            30.117652
          ],
          [
            78.4502869,
            30.117808
          ],
          [
            78.449806,
            30.117561
          ],
          [
            78.4495656,
            30.117249
          ],
          [
            78.4489044,
            30.117249
          ],
          [
            78.448138,
            30.117418
          ],
          [
            78.4471462,
            30.117743
          ],
          [
            78.4463498,
            30.117769
          ],
          [
            78.4455984,
            30.1179119
          ],
          [
            78.4449222,
            30.1184579
          ],
          [
            78.4447719,
            30.1188998
          ],
          [
            78.4445315,
            30.1190168
          ],
          [
            78.4441858,
            30.1190428
          ],
          [
            78.443705,
            30.1186918
          ],
          [
            78.4432992,
            30.1184969
          ],
          [
            78.4418161,
            30.1185752
          ],
          [
            78.4408597,
            30.118998
          ],
          [
            78.4399884,
            30.1188142
          ],
          [
            78.4390321,
            30.1184649
          ],
          [
            78.4386213,
            30.1184741
          ],
          [
            78.4382919,
            30.1179778
          ],
          [
            78.4377606,
            30.1170403
          ],
          [
            78.437279,
            30.1164621
          ],
          [
            78.4370756,
            30.1161956
          ],
          [
            78.4368723,
            30.1160144
          ],
          [
            78.436595,
            30.1157799
          ],
          [
            78.4364841,
            30.1153108
          ],
          [
            78.4364136,
            30.1149346
          ],
          [
            78.4362258,
            30.1146616
          ],
          [
            78.4358275,
            30.1142781
          ],
          [
            78.4357374,
            30.1139142
          ],
          [
            78.4357082,
            30.1137601
          ],
          [
            78.4356692,
            30.1129905
          ]
        ]
      }
    },
    {
      "type": "Feature",
      "properties": {
        "name": "River",
        "waterway": "river",
        "source": "OpenStreetMap"
      },
      "geometry": {
        "type": "LineString",
        "coordinates": [
          [
            78.3674355,
            30.2230188
          ],
          [
            78.3674982,
            30.2230673
          ],
          [
            78.3675948,
            30.2230997
          ],
          [
            78.3678147,
            30.2231021
          ],
          [
            78.3681249,
            30.2230819
          ],
          [
            78.3683967,
            30.2230627
          ]
        ]
      }
    },
    {
      "type": "Feature",
      "properties": {
        "name": "River",
        "waterway": "river",
        "source": "OpenStreetMap"
      },
      "geometry": {
        "type": "LineString",
        "coordinates": [
          [
            78.3669195,
            30.2229106
          ],
          [
            78.367112,
            30.2228193
          ],
          [
            78.3672622,
            30.2227173
          ],
          [
            78.3673373,
            30.2225991
          ],
          [
            78.3674275,
            30.222477
          ],
          [
            78.3676109,
            30.2223743
          ],
          [
            78.367677,
            30.2222962
          ],
          [
            78.3677906,
            30.22208
          ],
          [
            78.3678265,
            30.2219626
          ]
        ]
      }
    },
    {
      "type": "Feature",
      "properties": {
        "name": "River",
        "waterway": "river",
        "source": "OpenStreetMap"
      },
      "geometry": {
        "type": "LineString",
        "coordinates": [
          [
            78.3745471,
            30.2532575
          ],
          [
            78.3745658,
            30.2531175
          ],
          [
            78.3746227,
            30.2530015
          ],
          [
            78.3748185,
            30.2527629
          ],
          [
            78.3751103,
            30.2523854
          ],
          [
            78.3753281,
            30.2521072
          ],
          [
            78.3754724,
            30.2518733
          ],
          [
            78.3758774,
            30.2516833
          ],
          [
            78.3760222,
            30.2516903
          ],
          [
            78.3762958,
            30.2515628
          ]
        ]
      }
    },
    {
      "type": "Feature",
      "properties": {
        "name": "River",
        "waterway": "river",
        "source": "OpenStreetMap"
      },
      "geometry": {
        "type": "LineString",
        "coordinates": [
          [
            78.3722918,
            30.246374
          ],
          [
            78.3721759,
            30.2462777
          ],
          [
            78.3720987,
            30.2461409
          ],
          [
            78.372066,
            30.2458583
          ],
          [
            78.3721143,
            30.2457101
          ],
          [
            78.3722135,
            30.245615
          ],
          [
            78.3723664,
            30.2455571
          ],
          [
            78.3724501,
            30.2455083
          ],
          [
            78.3724849,
            30.2454249
          ],
          [
            78.3726244,
            30.2453242
          ]
        ]
      }
    },
    {
      "type": "Feature",
      "properties": {
        "name": "River",
        "waterway": "river",
        "source": "OpenStreetMap"
      },
      "geometry": {
        "type": "LineString",
        "coordinates": [
          [
            78.3731891,
            30.2442383
          ],
          [
            78.373236,
            30.2441389
          ],
          [
            78.3733373,
            30.244044
          ],
          [
            78.373399,
            30.2435714
          ],
          [
            78.3733588,
            30.2433443
          ],
          [
            78.3731796,
            30.2429966
          ],
          [
            78.3729543,
            30.2428807
          ],
          [
            78.3727051,
            30.242832
          ]
        ]
      }
    },
    {
      "type": "Feature",
      "properties": {
        "name": "River",
        "waterway": "river",
        "source": "OpenStreetMap"
      },
      "geometry": {
        "type": "LineString",
        "coordinates": [
          [
            78.3680488,
            30.2141609
          ],
          [
            78.3681849,
            30.2140212
          ],
          [
            78.3683436,
            30.2138054
          ],
          [
            78.3685363,
            30.2137477
          ],
          [
            78.3689762,
            30.2135623
          ],
          [
            78.3692582,
            30.2134647
          ],
          [
            78.3695073,
            30.2132656
          ],
          [
            78.3696172,
            30.2130964
          ],
          [
            78.3698318,
            30.2127681
          ]
        ]
      }
    },
    {
      "type": "Feature",
      "properties": {
        "name": "Bhagirathi River",
        "waterway": "river",
        "source": "OpenStreetMap"
      },
      "geometry": {
        "type": "LineString",
        "coordinates": [
          [
            78.3200293,
            30.6164137
          ],
          [
            78.3177215,
            30.6147688
          ],
          [
            78.3170478,
            30.613466
          ],
          [
            78.3163059,
            30.6126816
          ],
          [
            78.3160366,
            30.6120902
          ],
          [
            78.3156096,
            30.6113261
          ],
          [
            78.316992,
            30.6100869
          ],
          [
            78.3164807,
            30.6093699
          ],
          [
            78.3158735,
            30.6089581
          ],
          [
            78.3151134,
            30.6084812
          ],
          [
            78.3148746,
            30.6072867
          ],
          [
            78.3155382,
            30.6061953
          ],
          [
            78.3169256,
            30.6058817
          ],
          [
            78.3182843,
            30.6062594
          ],
          [
            78.3199819,
            30.6063103
          ],
          [
            78.3208091,
            30.6061469
          ],
          [
            78.3211569,
            30.605915
          ],
          [
            78.3222598,
            30.605119
          ],
          [
            78.3226852,
            30.6039901
          ],
          [
            78.3227496,
            30.6021506
          ],
          [
            78.3222444,
            30.6005116
          ],
          [
            78.3221735,
            30.6002621
          ],
          [
            78.3219079,
            30.5983796
          ],
          [
            78.3223306,
            30.596546
          ],
          [
            78.3231208,
            30.5949723
          ],
          [
            78.3241889,
            30.5937809
          ],
          [
            78.324776,
            30.592989
          ],
          [
            78.3255551,
            30.5917954
          ],
          [
            78.3259259,
            30.590606
          ],
          [
            78.3260945,
            30.5894362
          ],
          [
            78.3264169,
            30.5876134
          ],
          [
            78.3267615,
            30.5860894
          ],
          [
            78.326985,
            30.5844675
          ],
          [
            78.3279149,
            30.5830356
          ],
          [
            78.329878,
            30.5829765
          ],
          [
            78.3309584,
            30.5833109
          ],
          [
            78.3320809,
            30.5834859
          ],
          [
            78.3330459,
            30.5818369
          ],
          [
            78.3329763,
            30.580964
          ],
          [
            78.3306344,
            30.5806151
          ],
          [
            78.3293119,
            30.5795016
          ],
          [
            78.3294685,
            30.5776507
          ],
          [
            78.3304558,
            30.5779831
          ],
          [
            78.3337317,
            30.576266
          ],
          [
            78.335311,
            30.573493
          ],
          [
            78.3334954,
            30.572445
          ],
          [
            78.3312135,
            30.5717381
          ],
          [
            78.3286116,
            30.5709076
          ],
          [
            78.3288477,
            30.5689422
          ],
          [
            78.3288635,
            30.5682893
          ],
          [
            78.3291724,
            30.5667453
          ],
          [
            78.3306105,
            30.5651875
          ],
          [
            78.3319094,
            30.5637895
          ],
          [
            78.3339297,
            30.5626298
          ],
          [
            78.3339969,
            30.5625912
          ],
          [
            78.3379864,
            30.5624713
          ],
          [
            78.3403059,
            30.5617124
          ],
          [
            78.3410017,
            30.5599548
          ],
          [
            78.3402131,
            30.5579575
          ],
          [
            78.3395834,
            30.5566148
          ],
          [
            78.3392389,
            30.5558802
          ],
          [
            78.3392389,
            30.5540426
          ],
          [
            78.3391925,
            30.5520052
          ],
          [
            78.3397492,
            30.5509665
          ],
          [
            78.3413728,
            30.5503673
          ],
          [
            78.3441562,
            30.5502874
          ],
          [
            78.3457335,
            30.5496082
          ],
          [
            78.3458726,
            30.5480502
          ],
          [
            78.3451768,
            30.546572
          ],
          [
            78.3433212,
            30.5454933
          ],
          [
            78.342579,
            30.5449739
          ],
          [
            78.3434604,
            30.544095
          ],
          [
            78.3449448,
            30.5430162
          ],
          [
            78.3453159,
            30.5416578
          ],
          [
            78.3460269,
            30.5407393
          ],
          [
            78.3467076,
            30.5398599
          ],
          [
            78.3481457,
            30.5385814
          ],
          [
            78.348424,
            30.5377024
          ],
          [
            78.3489807,
            30.5357046
          ],
          [
            78.3502796,
            30.5328277
          ],
          [
            78.3517641,
            30.5331474
          ],
          [
            78.3535269,
            30.5336269
          ],
          [
            78.3560783,
            30.5335869
          ],
          [
            78.3577483,
            30.5333072
          ],
          [
            78.3582586,
            30.5326279
          ],
          [
            78.3576556,
            30.5310696
          ],
          [
            78.3561711,
            30.5312294
          ],
          [
            78.3552433,
            30.5305901
          ],
          [
            78.3554289,
            30.5295512
          ],
          [
            78.3568205,
            30.5276731
          ],
          [
            78.3592792,
            30.5251557
          ],
          [
            78.3590945,
            30.5245438
          ],
          [
            78.3609492,
            30.5239169
          ],
          [
            78.3614131,
            30.5219988
          ],
          [
            78.3620626,
            30.5207999
          ],
          [
            78.3634542,
            30.5201605
          ],
          [
            78.3673973,
            30.5204003
          ],
          [
            78.3693457,
            30.5194811
          ],
          [
            78.3701807,
            30.5184821
          ],
          [
            78.3712013,
            30.5170034
          ],
          [
            78.3724538,
            30.5169235
          ],
          [
            78.3729641,
            30.5176029
          ],
          [
            78.3737527,
            30.5178826
          ],
          [
            78.3756547,
            30.5179626
          ],
          [
            78.3772319,
            30.5174031
          ],
          [
            78.3789483,
            30.5162042
          ],
          [
            78.3800617,
            30.5152051
          ],
          [
            78.3807575,
            30.5138862
          ],
          [
            78.3819173,
            30.5126073
          ],
          [
            78.3827987,
            30.5116881
          ],
          [
            78.3844223,
            30.5114883
          ],
          [
            78.3859068,
            30.5106091
          ],
          [
            78.3870665,
            30.5100495
          ],
          [
            78.3883654,
            30.5098097
          ],
          [
            78.389386,
            30.5089704
          ],
          [
            78.3895251,
            30.5082111
          ],
          [
            78.390221,
            30.5072518
          ],
          [
            78.3934682,
            30.5063326
          ],
          [
            78.394628,
            30.5051735
          ],
          [
            78.3940713,
            30.5031351
          ],
          [
            78.3931435,
            30.5015363
          ],
          [
            78.3924477,
            30.4998176
          ],
          [
            78.3931435,
            30.4984985
          ],
          [
            78.3945643,
            30.4973252
          ],
          [
            78.3981946,
            30.4970061
          ],
          [
            78.3978427,
            30.4964049
          ],
          [
            78.3978316,
            30.4960569
          ],
          [
            78.3976897,
            30.4955806
          ],
          [
            78.3978024,
            30.4945055
          ],
          [
            78.3981933,
            30.4937318
          ],
          [
            78.3991278,
            30.4930623
          ],
          [
            78.4009833,
            30.4930623
          ],
          [
            78.4036275,
            30.4928225
          ],
          [
            78.4046945,
            30.4925027
          ],
          [
            78.4055295,
            30.4908638
          ],
          [
            78.4052538,
            30.4888403
          ],
          [
            78.4049265,
            30.4868662
          ],
          [
            78.4040914,
            30.4851473
          ],
          [
            78.4043698,
            30.483908
          ],
          [
            78.4051584,
            30.4827486
          ],
          [
            78.4066429,
            30.4819491
          ],
          [
            78.4080809,
            30.4808697
          ],
          [
            78.4080239,
            30.4793684
          ],
          [
            78.4070798,
            30.4770569
          ],
          [
            78.4056381,
            30.4748561
          ],
          [
            78.4050198,
            30.4729144
          ],
          [
            78.4062052,
            30.4704623
          ],
          [
            78.4102392,
            30.4688902
          ],
          [
            78.4132596,
            30.4680319
          ],
          [
            78.4140745,
            30.4682537
          ],
          [
            78.4197827,
            30.4698074
          ],
          [
            78.4252759,
            30.4674401
          ],
          [
            78.4255707,
            30.4672178
          ],
          [
            78.4280225,
            30.4653686
          ],
          [
            78.4283658,
            30.4635931
          ],
          [
            78.4263058,
            30.4587102
          ],
          [
            78.4275075,
            30.4532351
          ],
          [
            78.4290524,
            30.4510154
          ],
          [
            78.4311124,
            30.4510154
          ],
          [
            78.4338589,
            30.4511633
          ],
          [
            78.4354039,
            30.4502754
          ],
          [
            78.4376355,
            30.4502754
          ],
          [
            78.4393882,
            30.4494471
          ]
        ]
      }
    },
    {
      "type": "Feature",
      "properties": {
        "name": "Aglad Nadi",
        "waterway": "river",
        "source": "OpenStreetMap"
      },
      "geometry": {
        "type": "LineString",
        "coordinates": [
          [
            78.2224091,
            30.4810037
          ],
          [
            78.2204909,
            30.4812598
          ],
          [
            78.2195839,
            30.4811232
          ],
          [
            78.2183739,
            30.4812959
          ],
          [
            78.2162583,
            30.4827604
          ],
          [
            78.2139134,
            30.4831777
          ],
          [
            78.2122654,
            30.482963
          ],
          [
            78.2118109,
            30.4832359
          ],
          [
            78.2105183,
            30.4831297
          ],
          [
            78.209336,
            30.4834732
          ],
          [
            78.2082595,
            30.4841405
          ],
          [
            78.2075281,
            30.4844146
          ],
          [
            78.2069133,
            30.4852732
          ],
          [
            78.2062667,
            30.4856112
          ],
          [
            78.2041998,
            30.4858487
          ],
          [
            78.203373,
            30.486141
          ],
          [
            78.2032294,
            30.4864149
          ],
          [
            78.2028748,
            30.4870909
          ],
          [
            78.2006575,
            30.4882547
          ],
          [
            78.1981809,
            30.4888594
          ],
          [
            78.1934339,
            30.4896775
          ],
          [
            78.1889062,
            30.4900609
          ],
          [
            78.1880754,
            30.4902661
          ],
          [
            78.1873259,
            30.4904003
          ],
          [
            78.1865071,
            30.49017
          ],
          [
            78.1853012,
            30.4900228
          ],
          [
            78.183546,
            30.4900801
          ],
          [
            78.1827697,
            30.4899206
          ],
          [
            78.1821133,
            30.4901445
          ],
          [
            78.1811593,
            30.4903248
          ],
          [
            78.1802695,
            30.4901548
          ],
          [
            78.1786674,
            30.4901277
          ],
          [
            78.1777232,
            30.4903961
          ],
          [
            78.1766012,
            30.4912285
          ],
          [
            78.175353,
            30.4918808
          ],
          [
            78.1749993,
            30.4921938
          ],
          [
            78.1745694,
            30.4923002
          ],
          [
            78.1735327,
            30.4926021
          ],
          [
            78.1722969,
            30.4932487
          ],
          [
            78.1715567,
            30.4932815
          ],
          [
            78.1704501,
            30.4936164
          ],
          [
            78.1697948,
            30.4938645
          ],
          [
            78.1693616,
            30.494288
          ],
          [
            78.1689382,
            30.494439
          ],
          [
            78.1679077,
            30.4946083
          ],
          [
            78.166937,
            30.494774
          ],
          [
            78.1663809,
            30.4950205
          ],
          [
            78.1659887,
            30.495346
          ],
          [
            78.1652398,
            30.4956354
          ],
          [
            78.1645043,
            30.4957475
          ],
          [
            78.1642172,
            30.4957894
          ],
          [
            78.1639803,
            30.4957306
          ],
          [
            78.1636088,
            30.4956385
          ],
          [
            78.1625934,
            30.4956642
          ],
          [
            78.1620877,
            30.4957355
          ],
          [
            78.1618745,
            30.4957448
          ],
          [
            78.1615742,
            30.4956154
          ],
          [
            78.1610713,
            30.4956407
          ],
          [
            78.1599249,
            30.4955665
          ],
          [
            78.1589717,
            30.4956341
          ],
          [
            78.1574738,
            30.495718
          ],
          [
            78.1568527,
            30.4958526
          ],
          [
            78.1561648,
            30.4963988
          ],
          [
            78.1551328,
            30.4970034
          ],
          [
            78.1538079,
            30.4973873
          ],
          [
            78.1533493,
            30.4977324
          ],
          [
            78.1526974,
            30.4981949
          ],
          [
            78.1520546,
            30.4984477
          ],
          [
            78.1512883,
            30.4983177
          ],
          [
            78.1508935,
            30.4980926
          ],
          [
            78.1505278,
            30.4982727
          ],
          [
            78.1496512,
            30.4987779
          ],
          [
            78.1494828,
            30.499098
          ],
          [
            78.1491519,
            30.4995882
          ],
          [
            78.1484494,
            30.5000334
          ],
          [
            78.147806,
            30.5003823
          ],
          [
            78.1472319,
            30.5008996
          ],
          [
            78.146978,
            30.5009836
          ],
          [
            78.1459864,
            30.5010802
          ],
          [
            78.1455171,
            30.5012379
          ],
          [
            78.1451718,
            30.5011819
          ],
          [
            78.144062,
            30.5009098
          ],
          [
            78.1433686,
            30.5004356
          ],
          [
            78.142604,
            30.5000325
          ],
          [
            78.1414441,
            30.4995417
          ],
          [
            78.1408155,
            30.499323
          ],
          [
            78.140113,
            30.4993764
          ],
          [
            78.1392614,
            30.4995109
          ],
          [
            78.1386629,
            30.4994931
          ],
          [
            78.1372182,
            30.4996354
          ],
          [
            78.1362481,
            30.4993864
          ],
          [
            78.1360263,
            30.4991415
          ],
          [
            78.1354951,
            30.4989605
          ],
          [
            78.1346639,
            30.4988286
          ],
          [
            78.1342587,
            30.4988726
          ],
          [
            78.1332142,
            30.4988173
          ],
          [
            78.1324454,
            30.4981972
          ],
          [
            78.1321052,
            30.4977941
          ],
          [
            78.1317554,
            30.4975826
          ],
          [
            78.1314248,
            30.4973411
          ],
          [
            78.1311736,
            30.4969631
          ],
          [
            78.1309246,
            30.4963174
          ],
          [
            78.130673,
            30.4959343
          ],
          [
            78.1296082,
            30.4956423
          ],
          [
            78.1290572,
            30.4952991
          ],
          [
            78.1288375,
            30.4952125
          ],
          [
            78.1285397,
            30.4951002
          ],
          [
            78.1283238,
            30.4950168
          ],
          [
            78.1280631,
            30.4950809
          ],
          [
            78.1278424,
            30.4952656
          ],
          [
            78.1275359,
            30.4954291
          ],
          [
            78.1273669,
            30.495575
          ],
          [
            78.1271473,
            30.4956359
          ],
          [
            78.1268941,
            30.4956391
          ],
          [
            78.1264846,
            30.4955269
          ],
          [
            78.1261197,
            30.495328
          ],
          [
            78.1256314,
            30.4954354
          ],
          [
            78.1251571,
            30.4954228
          ],
          [
            78.1248287,
            30.4954039
          ],
          [
            78.1245806,
            30.4954039
          ],
          [
            78.1240333,
            30.4952279
          ],
          [
            78.1237852,
            30.4951273
          ],
          [
            78.1232671,
            30.4948695
          ],
          [
            78.1228074,
            30.4946872
          ],
          [
            78.1225666,
            30.4946117
          ],
          [
            78.1222091,
            30.4946054
          ],
          [
            78.1216837,
            30.4948695
          ],
          [
            78.1213057,
            30.4950232
          ],
          [
            78.1209446,
            30.495113
          ],
          [
            78.1200022,
            30.4951942
          ],
          [
            78.1196155,
            30.4952478
          ],
          [
            78.1189825,
            30.4954402
          ],
          [
            78.1182614,
            30.4954039
          ],
          [
            78.117809,
            30.495077
          ],
          [
            78.1174077,
            30.4947794
          ],
          [
            78.1167189,
            30.4947248
          ],
          [
            78.1160599,
            30.4947377
          ],
          [
            78.1153749,
            30.4949302
          ],
          [
            78.1148201,
            30.4951708
          ],
          [
            78.1144255,
            30.4955333
          ],
          [
            78.1141388,
            30.4958958
          ],
          [
            78.1139124,
            30.4961459
          ],
          [
            78.1136059,
            30.4964728
          ],
          [
            78.1134947,
            30.4966016
          ],
          [
            78.1130777,
            30.4968903
          ],
          [
            78.1124374,
            30.4970283
          ],
          [
            78.112147,
            30.4974196
          ],
          [
            78.11184,
            30.4978812
          ],
          [
            78.1117876,
            30.4981924
          ],
          [
            78.1115811,
            30.4987284
          ],
          [
            78.1112869,
            30.4993508
          ],
          [
            78.1108476,
            30.4998191
          ],
          [
            78.1105647,
            30.4999828
          ],
          [
            78.1097642,
            30.5001913
          ],
          [
            78.1093591,
            30.5002201
          ],
          [
            78.1084239,
            30.500233
          ],
          [
            78.1079027,
            30.5005024
          ],
          [
            78.107575,
            30.5010061
          ],
          [
            78.1072672,
            30.5012198
          ],
          [
            78.1067759,
            30.5012638
          ],
          [
            78.106163,
            30.5014524
          ],
          [
            78.1059295,
            30.5014776
          ],
          [
            78.1053603,
            30.5013518
          ],
          [
            78.1044409,
            30.5012512
          ],
          [
            78.1040322,
            30.5013015
          ],
          [
            78.1031128,
            30.5014776
          ],
          [
            78.1026604,
            30.5016411
          ],
          [
            78.102208,
            30.5015405
          ],
          [
            78.1012448,
            30.5013015
          ],
          [
            78.1008799,
            30.5010878
          ],
          [
            78.1007194,
            30.5006477
          ],
          [
            78.1003983,
            30.5000441
          ],
          [
            78.0994643,
            30.4999309
          ],
          [
            78.0993092,
            30.4999843
          ],
          [
            78.0990265,
            30.5000818
          ],
          [
            78.0986033,
            30.5004213
          ],
          [
            78.0982676,
            30.5005345
          ],
          [
            78.0979611,
            30.5004842
          ],
          [
            78.0974504,
            30.5000818
          ],
          [
            78.0971529,
            30.4993103
          ],
          [
            78.0961545,
            30.499057
          ],
          [
            78.0953888,
            30.4986023
          ],
          [
            78.0943858,
            30.4981591
          ],
          [
            78.0934786,
            30.4976705
          ],
          [
            78.0930704,
            30.4974882
          ],
          [
            78.0924203,
            30.4972732
          ],
          [
            78.0920423,
            30.4971885
          ],
          [
            78.0915603,
            30.4969929
          ],
          [
            78.0913023,
            30.4969395
          ],
          [
            78.0909721,
            30.4966816
          ],
          [
            78.0908482,
            30.4960236
          ],
          [
            78.0908379,
            30.4955435
          ],
          [
            78.0908586,
            30.49509
          ],
          [
            78.0906625,
            30.4943608
          ],
          [
            78.0900846,
            30.4934538
          ],
          [
            78.0899195,
            30.4929114
          ],
          [
            78.0897234,
            30.4925824
          ],
          [
            78.0895583,
            30.4921556
          ],
          [
            78.0893519,
            30.4916665
          ],
          [
            78.0890836,
            30.4913552
          ],
          [
            78.0888875,
            30.4912841
          ],
          [
            78.0886295,
            30.4912574
          ],
          [
            78.0882993,
            30.4909907
          ],
          [
            78.0870919,
            30.4901637
          ],
          [
            78.0859877,
            30.4898524
          ],
          [
            78.085286,
            30.4897368
          ],
          [
            78.0843263,
            30.4893011
          ],
          [
            78.0837587,
            30.4889098
          ],
          [
            78.0830157,
            30.4887142
          ],
          [
            78.0825823,
            30.4887231
          ],
          [
            78.0821179,
            30.4889632
          ],
          [
            78.0816948,
            30.4891232
          ],
          [
            78.0811479,
            30.4894523
          ],
          [
            78.0804874,
            30.4897635
          ],
          [
            78.0796928,
            30.4895679
          ],
          [
            78.0789292,
            30.4893989
          ],
          [
            78.0784132,
            30.4892388
          ],
          [
            78.0781552,
            30.4891054
          ],
          [
            78.0777321,
            30.489141
          ],
          [
            78.0767827,
            30.48939
          ],
          [
            78.0763184,
            30.4895234
          ],
          [
            78.0761017,
            30.4895501
          ],
          [
            78.0753793,
            30.4897546
          ],
          [
            78.0748427,
            30.4899147
          ],
          [
            78.0743886,
            30.4900481
          ],
          [
            78.0739758,
            30.4902437
          ],
          [
            78.073625,
            30.4904571
          ],
          [
            78.0731812,
            30.4909373
          ],
          [
            78.0726549,
            30.4914175
          ],
          [
            78.0722112,
            30.4916932
          ],
          [
            78.0714269,
            30.4922534
          ],
          [
            78.0710451,
            30.4925112
          ],
          [
            78.0691845,
            30.4934539
          ],
          [
            78.0685968,
            30.4940189
          ],
          [
            78.0682279,
            30.4945653
          ],
          [
            78.0679389,
            30.4947965
          ],
          [
            78.0677016,
            30.4950366
          ],
          [
            78.0674745,
            30.4955168
          ],
          [
            78.067392,
            30.4959436
          ],
          [
            78.0672165,
            30.4963526
          ],
          [
            78.0668347,
            30.4966461
          ],
          [
            78.0664529,
            30.4968239
          ],
          [
            78.065648,
            30.4967883
          ],
          [
            78.0644922,
            30.4974197
          ],
          [
            78.0641001,
            30.497642
          ],
          [
            78.0633364,
            30.4979087
          ],
          [
            78.0628101,
            30.4981043
          ],
          [
            78.0623973,
            30.4982021
          ],
          [
            78.0617885,
            30.4982733
          ],
          [
            78.0610661,
            30.4983177
          ],
          [
            78.0607881,
            30.4983583
          ],
          [
            78.0604573,
            30.4984066
          ],
          [
            78.0600135,
            30.4985045
          ],
          [
            78.059384,
            30.4986734
          ],
          [
            78.0588577,
            30.4989846
          ],
          [
            78.0584243,
            30.4993047
          ],
          [
            78.0580528,
            30.4996959
          ],
          [
            78.0577123,
            30.5001583
          ],
          [
            78.0572582,
            30.5007451
          ],
          [
            78.0569796,
            30.5011897
          ],
          [
            78.05667,
            30.5015721
          ],
          [
            78.0559064,
            30.5019099
          ],
          [
            78.055153,
            30.5020433
          ],
          [
            78.0545132,
            30.5020522
          ],
          [
            78.0539456,
            30.5022834
          ],
          [
            78.053667,
            30.5024434
          ],
          [
            78.0534194,
            30.502808
          ],
          [
            78.0533678,
            30.5029324
          ],
          [
            78.0533471,
            30.5032614
          ],
          [
            78.0533987,
            30.5039194
          ],
          [
            78.0534194,
            30.5041505
          ],
          [
            78.0535845,
            30.5045329
          ],
          [
            78.0535432,
            30.5047907
          ],
          [
            78.053213,
            30.5051908
          ],
          [
            78.0529137,
            30.5054042
          ],
          [
            78.0523977,
            30.5056176
          ],
          [
            78.0514277,
            30.5060266
          ],
          [
            78.0504783,
            30.5064178
          ],
          [
            78.0497972,
            30.5068001
          ],
          [
            78.0491741,
            30.5070589
          ],
          [
            78.0486197,
            30.5071798
          ],
          [
            78.0483632,
            30.5072189
          ],
          [
            78.0481564,
            30.5071735
          ],
          [
            78.0479087,
            30.5070935
          ],
          [
            78.0476905,
            30.5070043
          ],
          [
            78.0475659,
            30.5067701
          ],
          [
            78.047439,
            30.5064539
          ],
          [
            78.0471423,
            30.5064559
          ],
          [
            78.0467776,
            30.5066823
          ],
          [
            78.0463422,
            30.5069378
          ],
          [
            78.0458448,
            30.5070135
          ],
          [
            78.0456631,
            30.5070297
          ],
          [
            78.0452463,
            30.5070668
          ],
          [
            78.0444517,
            30.5071913
          ],
          [
            78.0438107,
            30.507267
          ],
          [
            78.0429966,
            30.5076447
          ],
          [
            78.0420679,
            30.507947
          ],
          [
            78.0416654,
            30.5082493
          ],
          [
            78.0408811,
            30.5087116
          ],
          [
            78.040458,
            30.5090317
          ],
          [
            78.0401278,
            30.5092984
          ],
          [
            78.0399627,
            30.5095918
          ],
          [
            78.0397666,
            30.509903
          ],
          [
            78.0395396,
            30.5102408
          ],
          [
            78.03923,
            30.5106587
          ],
          [
            78.0388998,
            30.5110054
          ],
          [
            78.038487,
            30.5114144
          ],
          [
            78.0380433,
            30.5117345
          ],
          [
            78.0374654,
            30.512099
          ],
          [
            78.0372487,
            30.5123123
          ],
          [
            78.0369081,
            30.5125702
          ],
          [
            78.0366192,
            30.5128547
          ],
          [
            78.0359794,
            30.5132903
          ],
          [
            78.0354118,
            30.5134148
          ],
          [
            78.0345346,
            30.5135926
          ],
          [
            78.0334924,
            30.5136904
          ],
          [
            78.0331105,
            30.5136103
          ],
          [
            78.0326771,
            30.5134059
          ],
          [
            78.0320476,
            30.5132903
          ],
          [
            78.0316142,
            30.5132992
          ],
          [
            78.0311602,
            30.513477
          ],
          [
            78.030768,
            30.5138148
          ],
          [
            78.0303552,
            30.5139393
          ],
          [
            78.0299321,
            30.5140371
          ],
          [
            78.0293749,
            30.5138593
          ],
          [
            78.0286525,
            30.5135037
          ],
          [
            78.0284048,
            30.5132014
          ],
          [
            78.0279198,
            30.512828
          ],
          [
            78.0270014,
            30.5127746
          ],
          [
            78.0258972,
            30.5128813
          ],
          [
            78.0253606,
            30.5128724
          ],
          [
            78.0247827,
            30.5128102
          ],
          [
            78.02405,
            30.5127658
          ],
          [
            78.0234515,
            30.5126502
          ],
          [
            78.0231522,
            30.5125257
          ],
          [
            78.0224918,
            30.5124635
          ],
          [
            78.0220377,
            30.5125613
          ],
          [
            78.0218726,
            30.5127746
          ],
          [
            78.0217488,
            30.5130591
          ],
          [
            78.021594,
            30.5133258
          ],
          [
            78.021305,
            30.5137348
          ],
          [
            78.0208922,
            30.513797
          ],
          [
            78.0206962,
            30.5141882
          ],
          [
            78.020562,
            30.5142327
          ],
          [
            78.0197365,
            30.5143038
          ],
          [
            78.0191173,
            30.5144549
          ],
          [
            78.0187871,
            30.5147127
          ],
          [
            78.018591,
            30.5151484
          ],
          [
            78.0184672,
            30.515504
          ],
          [
            78.0183846,
            30.5157796
          ],
          [
            78.0182711,
            30.5161174
          ],
          [
            78.0178583,
            30.5165975
          ],
          [
            78.0173733,
            30.5167486
          ],
          [
            78.0171126,
            30.5167005
          ],
          [
            78.0169399,
            30.5166686
          ],
          [
            78.0165684,
            30.5164819
          ],
          [
            78.0156912,
            30.5160907
          ],
          [
            78.0148656,
            30.5159129
          ],
          [
            78.0140814,
            30.5156818
          ],
          [
            78.0136479,
            30.5155484
          ],
          [
            78.0129153,
            30.5154062
          ],
          [
            78.0125541,
            30.5152728
          ],
          [
            78.0121929,
            30.5150328
          ],
          [
            78.0118627,
            30.5146505
          ],
          [
            78.0117698,
            30.514206
          ],
          [
            78.0117182,
            30.5137081
          ],
          [
            78.0116872,
            30.5132458
          ],
          [
            78.0110681,
            30.5127035
          ],
          [
            78.0098194,
            30.5128013
          ],
          [
            78.009355,
            30.5128724
          ],
          [
            78.0087049,
            30.5130236
          ],
          [
            78.0072656,
            30.5134721
          ],
          [
            78.00693,
            30.5136104
          ],
          [
            78.0062733,
            30.513799
          ],
          [
            78.0054998,
            30.5140756
          ],
          [
            78.0046095,
            30.5143522
          ],
          [
            78.0043323,
            30.5143522
          ],
          [
            78.0035734,
            30.5140379
          ],
          [
            78.0030042,
            30.5136985
          ],
          [
            78.0026248,
            30.5134093
          ],
          [
            78.0024058,
            30.5133213
          ],
          [
            78.0020678,
            30.5131666
          ],
          [
            78.0017898,
            30.5130743
          ],
          [
            78.0013405,
            30.5130118
          ],
          [
            78.0008799,
            30.5130456
          ],
          [
            78.0005436,
            30.513238
          ],
          [
            78.000562,
            30.5135614
          ],
          [
            78.0007625,
            30.5137999
          ],
          [
            78.001101,
            30.5141201
          ],
          [
            78.0011148,
            30.514488
          ],
          [
            78.000919,
            30.5147499
          ],
          [
            78.0006495,
            30.5149761
          ],
          [
            78.0004215,
            30.5149225
          ],
          [
            78.0002811,
            30.5148154
          ],
          [
            77.9999724,
            30.5145833
          ],
          [
            77.9993711,
            30.5139978
          ],
          [
            77.99909,
            30.5135648
          ],
          [
            77.9986957,
            30.5129395
          ],
          [
            77.9984541,
            30.5126456
          ],
          [
            77.9980161,
            30.5125162
          ],
          [
            77.9974756,
            30.5126167
          ],
          [
            77.9965391,
            30.513183
          ],
          [
            77.9962404,
            30.513519
          ],
          [
            77.9959115,
            30.5138996
          ],
          [
            77.9954737,
            30.5142014
          ],
          [
            77.9949045,
            30.514302
          ],
          [
            77.993343,
            30.5142139
          ],
          [
            77.992409,
            30.5140254
          ],
          [
            77.991203,
            30.5138866
          ],
          [
            77.9891184,
            30.514516
          ],
          [
            77.9887301,
            30.5145562
          ],
          [
            77.9874185,
            30.5146048
          ]
        ]
      }
    },
    {
      "type": "Feature",
      "properties": {
        "name": "Jalkur Nadi",
        "waterway": "river",
        "source": "OpenStreetMap"
      },
      "geometry": {
        "type": "LineString",
        "coordinates": [
          [
            78.5190014,
            30.6049014
          ],
          [
            78.5189164,
            30.6042848
          ],
          [
            78.5187595,
            30.6037957
          ],
          [
            78.5179618,
            30.6032136
          ],
          [
            78.5178426,
            30.6031266
          ],
          [
            78.5170512,
            30.6023794
          ],
          [
            78.5166364,
            30.6015092
          ],
          [
            78.5166015,
            30.6005189
          ],
          [
            78.5169432,
            30.5993516
          ],
          [
            78.5166154,
            30.5986284
          ],
          [
            78.5164959,
            30.5984788
          ],
          [
            78.5160402,
            30.5979082
          ],
          [
            78.5147572,
            30.5963567
          ],
          [
            78.5135719,
            30.5956485
          ],
          [
            78.5130638,
            30.5945694
          ],
          [
            78.5124361,
            30.5939001
          ],
          [
            78.5127856,
            30.5930589
          ],
          [
            78.5116372,
            30.5915975
          ],
          [
            78.5105886,
            30.591051
          ],
          [
            78.5098182,
            30.5904984
          ],
          [
            78.5083393,
            30.5902189
          ],
          [
            78.5079994,
            30.5896831
          ],
          [
            78.5093324,
            30.5884351
          ],
          [
            78.5093616,
            30.5878823
          ],
          [
            78.5086319,
            30.5870405
          ],
          [
            78.5080116,
            30.5869337
          ],
          [
            78.5066325,
            30.5871473
          ],
          [
            78.5055233,
            30.5866887
          ],
          [
            78.5039033,
            30.5855643
          ],
          [
            78.5033195,
            30.5842325
          ],
          [
            78.5023855,
            30.5835917
          ],
          [
            78.5016668,
            30.5829342
          ],
          [
            78.5013494,
            30.582581
          ],
          [
            78.5011765,
            30.5825409
          ],
          [
            78.5008157,
            30.5822385
          ],
          [
            78.500203,
            30.5814051
          ],
          [
            78.4999111,
            30.5807832
          ],
          [
            78.4999841,
            30.580312
          ],
          [
            78.5004557,
            30.5799657
          ],
          [
            78.5009559,
            30.5795704
          ],
          [
            78.5010268,
            30.5792812
          ],
          [
            78.5008477,
            30.5789599
          ],
          [
            78.4998436,
            30.5784457
          ],
          [
            78.4995077,
            30.5780697
          ],
          [
            78.4992725,
            30.5775042
          ],
          [
            78.4995487,
            30.5766269
          ],
          [
            78.4994853,
            30.5764083
          ],
          [
            78.4989329,
            30.5760227
          ],
          [
            78.4988134,
            30.5757881
          ],
          [
            78.4993621,
            30.575335
          ],
          [
            78.4997578,
            30.5748497
          ],
          [
            78.4995358,
            30.5742299
          ],
          [
            78.4996122,
            30.5737499
          ],
          [
            78.4992352,
            30.5727651
          ],
          [
            78.4991973,
            30.5718445
          ],
          [
            78.4991265,
            30.5716446
          ],
          [
            78.4990137,
            30.5713261
          ],
          [
            78.4990434,
            30.5709867
          ],
          [
            78.4993783,
            30.5704752
          ],
          [
            78.4993783,
            30.5702079
          ],
          [
            78.4991652,
            30.5699999
          ],
          [
            78.4985038,
            30.5693544
          ],
          [
            78.4983524,
            30.5686674
          ],
          [
            78.4990244,
            30.5679038
          ],
          [
            78.4993089,
            30.5676279
          ],
          [
            78.4992978,
            30.5671047
          ],
          [
            78.4991293,
            30.5668574
          ],
          [
            78.4989788,
            30.5659104
          ],
          [
            78.4991314,
            30.5654529
          ],
          [
            78.4985153,
            30.5651318
          ],
          [
            78.4982215,
            30.5641585
          ],
          [
            78.4979954,
            30.5628836
          ],
          [
            78.497888,
            30.5622656
          ],
          [
            78.4962717,
            30.5611706
          ],
          [
            78.4961191,
            30.5607521
          ],
          [
            78.4962397,
            30.5598297
          ],
          [
            78.4963378,
            30.5584567
          ],
          [
            78.4956101,
            30.5565065
          ],
          [
            78.4962642,
            30.5561615
          ],
          [
            78.4962724,
            30.5555771
          ],
          [
            78.4961497,
            30.5544787
          ],
          [
            78.4974089,
            30.5540562
          ],
          [
            78.4978341,
            30.5536549
          ],
          [
            78.4982429,
            30.5529437
          ],
          [
            78.4988561,
            30.5523171
          ],
          [
            78.4987743,
            30.5518805
          ],
          [
            78.4971146,
            30.5509722
          ],
          [
            78.496485,
            30.5503666
          ],
          [
            78.4962214,
            30.5496595
          ],
          [
            78.4961564,
            30.5483148
          ],
          [
            78.496807,
            30.5478665
          ],
          [
            78.4968011,
            30.5474641
          ],
          [
            78.4960262,
            30.54697
          ],
          [
            78.4957009,
            30.5463027
          ],
          [
            78.4957691,
            30.5447989
          ]
        ]
      }
    },
    {
      "type": "Feature",
      "properties": {
        "name": "Dharm Ganga",
        "waterway": "river",
        "source": "OpenStreetMap"
      },
      "geometry": {
        "type": "LineString",
        "coordinates": [
          [
            78.7410307,
            30.7142419
          ],
          [
            78.7413311,
            30.7121389
          ],
          [
            78.7417602,
            30.7103678
          ],
          [
            78.7411594,
            30.7092609
          ],
          [
            78.740344,
            30.7080802
          ],
          [
            78.7401723,
            30.7067519
          ],
          [
            78.740344,
            30.7053497
          ],
          [
            78.7390137,
            30.7033018
          ],
          [
            78.7376189,
            30.7022133
          ],
          [
            78.7372756,
            30.7013092
          ],
          [
            78.7373185,
            30.7004051
          ],
          [
            78.7372021,
            30.6990351
          ],
          [
            78.7366641,
            30.698883
          ],
          [
            78.7363958,
            30.6987446
          ],
          [
            78.7361598,
            30.6982741
          ],
          [
            78.7356019,
            30.6979512
          ],
          [
            78.7349582,
            30.6976929
          ],
          [
            78.7345827,
            30.6976191
          ],
          [
            78.7339389,
            30.6977759
          ],
          [
            78.733542,
            30.6977298
          ],
          [
            78.7331772,
            30.6975361
          ],
          [
            78.7330699,
            30.6973516
          ],
          [
            78.7330592,
            30.6970287
          ],
          [
            78.7331986,
            30.6967058
          ],
          [
            78.7333381,
            30.696512
          ],
          [
            78.7333488,
            30.6962814
          ],
          [
            78.7331772,
            30.69606
          ],
          [
            78.732909,
            30.6960323
          ],
          [
            78.7326407,
            30.6960692
          ],
          [
            78.732394,
            30.6960415
          ],
          [
            78.7321472,
            30.69594
          ],
          [
            78.7320131,
            30.6957325
          ],
          [
            78.7320453,
            30.6953542
          ],
          [
            78.7320507,
            30.6952435
          ],
          [
            78.7319487,
            30.6950867
          ],
          [
            78.7320024,
            30.6946623
          ],
          [
            78.7318951,
            30.6945147
          ],
          [
            78.7317932,
            30.6943486
          ],
          [
            78.7313211,
            30.6938827
          ],
          [
            78.7308919,
            30.6938181
          ],
          [
            78.730098,
            30.6941041
          ],
          [
            78.7295508,
            30.6941779
          ],
          [
            78.729186,
            30.6940396
          ],
          [
            78.7287569,
            30.6935875
          ],
          [
            78.7280273,
            30.692997
          ],
          [
            78.7271798,
            30.6925911
          ],
          [
            78.7262356,
            30.6923605
          ],
          [
            78.725903,
            30.6922682
          ],
          [
            78.7256133,
            30.6922405
          ],
          [
            78.7252808,
            30.6921298
          ],
          [
            78.7250233,
            30.6919914
          ],
          [
            78.7244546,
            30.6919914
          ],
          [
            78.722105,
            30.6924112
          ],
          [
            78.7215149,
            30.6928356
          ],
          [
            78.7213218,
            30.6928725
          ],
          [
            78.7208712,
            30.6928725
          ],
          [
            78.7201846,
            30.6930109
          ],
          [
            78.7198949,
            30.6933015
          ],
          [
            78.7194389,
            30.6933199
          ],
          [
            78.7187791,
            30.6932969
          ],
          [
            78.7186557,
            30.6932969
          ],
          [
            78.7182265,
            30.6933615
          ],
          [
            78.718071,
            30.6934353
          ],
          [
            78.717497,
            30.6933984
          ],
          [
            78.7169981,
            30.6930063
          ],
          [
            78.7164456,
            30.6928217
          ],
          [
            78.7159735,
            30.692831
          ],
          [
            78.7153566,
            30.693117
          ],
          [
            78.7149596,
            30.6934076
          ],
          [
            78.7146378,
            30.6936336
          ],
          [
            78.714214,
            30.6936797
          ],
          [
            78.7137848,
            30.6935783
          ],
          [
            78.713479,
            30.6933015
          ],
          [
            78.7136024,
            30.69314
          ],
          [
            78.7139565,
            30.6928356
          ],
          [
            78.7139082,
            30.6926787
          ],
          [
            78.7136936,
            30.6922451
          ],
          [
            78.713066,
            30.6920975
          ],
          [
            78.7124544,
            30.6916178
          ],
          [
            78.7119555,
            30.6914609
          ],
          [
            78.7112367,
            30.6914148
          ],
          [
            78.7105876,
            30.6912902
          ],
          [
            78.7101853,
            30.6913133
          ],
          [
            78.7096703,
            30.6914194
          ],
          [
            78.7088281,
            30.6915209
          ],
          [
            78.7080127,
            30.691364
          ],
          [
            78.7074226,
            30.6914332
          ],
          [
            78.70709,
            30.6916316
          ],
          [
            78.7067896,
            30.6917377
          ],
          [
            78.7064892,
            30.6917146
          ],
          [
            78.7062961,
            30.6914655
          ],
          [
            78.7061137,
            30.6908289
          ],
          [
            78.7061834,
            30.6904507
          ],
          [
            78.7059688,
            30.6898233
          ],
          [
            78.7055182,
            30.6891682
          ],
          [
            78.7045848,
            30.689076
          ],
          [
            78.7029111,
            30.6881533
          ],
          [
            78.7030506,
            30.687323
          ],
          [
            78.7029648,
            30.6861696
          ],
          [
            78.7016451,
            30.6850163
          ],
          [
            78.7007332,
            30.6846565
          ],
          [
            78.7002396,
            30.6843889
          ],
          [
            78.6999661,
            30.6835677
          ],
          [
            78.6997086,
            30.6828388
          ],
          [
            78.69973,
            30.6826081
          ],
          [
            78.6995476,
            30.6822806
          ],
          [
            78.6990434,
            30.6818792
          ],
          [
            78.6985981,
            30.6819669
          ],
          [
            78.6983514,
            30.6819069
          ],
          [
            78.6979169,
            30.6812564
          ],
          [
            78.6977345,
            30.6810395
          ],
          [
            78.6971605,
            30.6809519
          ],
          [
            78.6969566,
            30.6808781
          ],
          [
            78.6965167,
            30.6799784
          ],
          [
            78.6960393,
            30.6794802
          ],
          [
            78.6953258,
            30.6792587
          ],
          [
            78.6949289,
            30.6790972
          ],
          [
            78.6947197,
            30.6789312
          ],
          [
            78.6942315,
            30.6779946
          ],
          [
            78.6937809,
            30.6773256
          ],
          [
            78.6933464,
            30.676998
          ],
          [
            78.6924452,
            30.6762368
          ],
          [
            78.6923647,
            30.6753279
          ],
          [
            78.692016,
            30.6750787
          ],
          [
            78.6914688,
            30.6749449
          ],
          [
            78.6911416,
            30.674442
          ],
          [
            78.691147,
            30.6740913
          ],
          [
            78.6904389,
            30.6736946
          ],
          [
            78.6896557,
            30.6733393
          ],
          [
            78.6895698,
            30.6730302
          ],
          [
            78.6899561,
            30.6723196
          ],
          [
            78.6898273,
            30.6720382
          ],
          [
            78.6898005,
            30.6717336
          ],
          [
            78.689822,
            30.6711384
          ],
          [
            78.6898541,
            30.6708524
          ],
          [
            78.6897469,
            30.669888
          ],
          [
            78.689146,
            30.6690068
          ],
          [
            78.6888027,
            30.668513
          ],
          [
            78.6886418,
            30.6683839
          ],
          [
            78.6885023,
            30.6682454
          ],
          [
            78.6883322,
            30.6674336
          ],
          [
            78.6881804,
            30.6667089
          ],
          [
            78.6883628,
            30.6660998
          ],
          [
            78.6879551,
            30.6649832
          ],
          [
            78.6876217,
            30.6644846
          ],
          [
            78.687129,
            30.6645218
          ],
          [
            78.6870217,
            30.6644572
          ],
          [
            78.6865175,
            30.6633636
          ],
          [
            78.6863244,
            30.6633451
          ],
          [
            78.6861741,
            30.6635435
          ],
          [
            78.6860669,
            30.6638019
          ],
          [
            78.6857557,
            30.6637373
          ],
          [
            78.6856055,
            30.6635066
          ],
          [
            78.6854339,
            30.6630729
          ],
          [
            78.6852085,
            30.6629806
          ],
          [
            78.6848116,
            30.6628052
          ],
          [
            78.6843824,
            30.6626437
          ],
          [
            78.6846574,
            30.6623927
          ],
          [
            78.6846934,
            30.6622288
          ],
          [
            78.6844975,
            30.6612974
          ],
          [
            78.6841772,
            30.6603044
          ],
          [
            78.6841406,
            30.6592426
          ],
          [
            78.6843731,
            30.6588233
          ],
          [
            78.684141,
            30.6582369
          ],
          [
            78.6839747,
            30.6579323
          ],
          [
            78.6838084,
            30.6579092
          ],
          [
            78.6833847,
            30.6579046
          ],
          [
            78.6833053,
            30.6577056
          ],
          [
            78.6829984,
            30.6569725
          ],
          [
            78.6829287,
            30.6565848
          ],
          [
            78.6827195,
            30.6563126
          ],
          [
            78.6824942,
            30.6562203
          ],
          [
            78.6822635,
            30.6562157
          ],
          [
            78.6820543,
            30.6563356
          ],
          [
            78.6814535,
            30.6565479
          ],
          [
            78.6811316,
            30.6565664
          ],
          [
            78.6805522,
            30.6564556
          ],
          [
            78.6798656,
            30.6563633
          ],
          [
            78.6789858,
            30.6562895
          ],
          [
            78.6784279,
            30.6562987
          ],
          [
            78.6778915,
            30.6560034
          ],
          [
            78.6776662,
            30.6556619
          ],
          [
            78.677398,
            30.6548866
          ],
          [
            78.6765182,
            30.6543975
          ],
          [
            78.6762178,
            30.6540929
          ],
          [
            78.6756921,
            30.6538898
          ],
          [
            78.6752629,
            30.6538991
          ],
          [
            78.6747801,
            30.6541852
          ],
          [
            78.6738467,
            30.6549974
          ],
          [
            78.6730099,
            30.6553573
          ],
          [
            78.6724412,
            30.6553942
          ],
          [
            78.6719692,
            30.6547666
          ],
          [
            78.6716688,
            30.6540375
          ],
          [
            78.6717868,
            30.6534099
          ],
          [
            78.6713147,
            30.6529576
          ],
          [
            78.6705422,
            30.6526438
          ],
          [
            78.6700809,
            30.6525977
          ],
          [
            78.66992,
            30.6523854
          ],
          [
            78.6694908,
            30.6524038
          ],
          [
            78.6688578,
            30.6526992
          ],
          [
            78.6678278,
            30.6528561
          ],
          [
            78.6667871,
            30.6522285
          ],
          [
            78.6661649,
            30.6515916
          ],
          [
            78.6655533,
            30.6511486
          ],
          [
            78.664695,
            30.6511486
          ],
          [
            78.663826,
            30.6517393
          ],
          [
            78.6632681,
            30.6520347
          ],
          [
            78.6628818,
            30.6518408
          ],
          [
            78.6628389,
            30.6516562
          ],
          [
            78.6625063,
            30.6511947
          ],
          [
            78.6620664,
            30.6509917
          ],
          [
            78.6612511,
            30.6507794
          ],
          [
            78.6608434,
            30.650521
          ],
          [
            78.6605537,
            30.6499118
          ],
          [
            78.6601138,
            30.649561
          ],
          [
            78.6601353,
            30.6492749
          ],
          [
            78.6604035,
            30.6490165
          ],
          [
            78.6606073,
            30.6485642
          ],
          [
            78.6604008,
            30.6484556
          ],
          [
            78.6602211,
            30.6483611
          ],
          [
            78.660154,
            30.6482594
          ],
          [
            78.6599958,
            30.6480196
          ],
          [
            78.6600709,
            30.6476966
          ],
          [
            78.6603713,
            30.6473181
          ],
          [
            78.6608755,
            30.6468474
          ],
          [
            78.6609077,
            30.6465151
          ],
          [
            78.660661,
            30.6461366
          ],
          [
            78.6604357,
            30.6458874
          ],
          [
            78.6600494,
            30.6458043
          ],
          [
            78.6595559,
            30.645832
          ],
          [
            78.659277,
            30.6456567
          ],
          [
            78.6589658,
            30.6456843
          ],
          [
            78.6588156,
            30.6459428
          ],
          [
            78.6586761,
            30.6464412
          ],
          [
            78.658129,
            30.6466166
          ],
          [
            78.6573243,
            30.6464043
          ],
          [
            78.6572277,
            30.6460259
          ],
          [
            78.6575603,
            30.6456751
          ],
          [
            78.6577535,
            30.6450382
          ],
          [
            78.6578071,
            30.644549
          ],
          [
            78.6574638,
            30.6437829
          ],
          [
            78.6570668,
            30.6434413
          ],
          [
            78.6556721,
            30.642629
          ],
          [
            78.6555608,
            30.6424092
          ],
          [
            78.6554897,
            30.642269
          ],
          [
            78.6551951,
            30.6418346
          ],
          [
            78.6550391,
            30.6416044
          ],
          [
            78.6544919,
            30.6414013
          ],
          [
            78.6538911,
            30.6411706
          ],
          [
            78.6532903,
            30.6410783
          ],
          [
            78.6525822,
            30.6408937
          ],
          [
            78.6521423,
            30.6406167
          ],
          [
            78.650887,
            30.6402106
          ],
          [
            78.6507583,
            30.6398875
          ],
          [
            78.6504042,
            30.6395275
          ],
          [
            78.649385,
            30.6393244
          ],
          [
            78.6486018,
            30.6389736
          ],
          [
            78.6474323,
            30.6386505
          ],
          [
            78.6462521,
            30.6380505
          ],
          [
            78.6455977,
            30.6380413
          ],
          [
            78.6450827,
            30.6377551
          ],
          [
            78.6446857,
            30.6374136
          ],
          [
            78.6441493,
            30.6373951
          ],
          [
            78.6431408,
            30.6372659
          ],
          [
            78.6424971,
            30.6370535
          ],
          [
            78.6420357,
            30.6364258
          ],
          [
            78.6418319,
            30.6363427
          ],
          [
            78.6408985,
            30.6357704
          ],
          [
            78.6395144,
            30.6354842
          ],
          [
            78.6391604,
            30.6350873
          ],
          [
            78.638581,
            30.6346903
          ],
          [
            78.6381519,
            30.6343211
          ],
          [
            78.6373794,
            30.6338502
          ],
          [
            78.636049,
            30.6337487
          ],
          [
            78.6357593,
            30.633361
          ],
          [
            78.6352658,
            30.6326501
          ],
          [
            78.6348903,
            30.6321424
          ],
          [
            78.6343377,
            30.631667
          ],
          [
            78.6342975,
            30.6313877
          ],
          [
            78.6342573,
            30.6311915
          ],
          [
            78.6342788,
            30.6310854
          ],
          [
            78.6341017,
            30.6307946
          ],
          [
            78.6338603,
            30.6305822
          ],
          [
            78.6336082,
            30.6303468
          ],
          [
            78.6331146,
            30.630248
          ],
          [
            78.6329497,
            30.6300181
          ],
          [
            78.6328357,
            30.6290682
          ],
          [
            78.6326694,
            30.6276834
          ],
          [
            78.6326373,
            30.6273695
          ],
          [
            78.6329269,
            30.6268294
          ],
          [
            78.633104,
            30.6262385
          ],
          [
            78.6330825,
            30.6260354
          ],
          [
            78.6329377,
            30.6255969
          ],
          [
            78.6330986,
            30.6247798
          ],
          [
            78.6333507,
            30.6238935
          ],
          [
            78.6332917,
            30.6235473
          ],
          [
            78.6330825,
            30.6232796
          ],
          [
            78.6329055,
            30.6227395
          ],
          [
            78.6332166,
            30.6224625
          ],
          [
            78.6340481,
            30.6212253
          ],
          [
            78.6345577,
            30.6197157
          ],
          [
            78.6348045,
            30.6185524
          ],
          [
            78.6347938,
            30.6174352
          ],
          [
            78.6348474,
            30.6167473
          ],
          [
            78.6353785,
            30.6160271
          ],
          [
            78.6355394,
            30.61509
          ],
          [
            78.6357593,
            30.6144621
          ],
          [
            78.6363012,
            30.6139496
          ],
          [
            78.6365211,
            30.6127262
          ],
          [
            78.6365855,
            30.6116736
          ],
          [
            78.637256,
            30.6106117
          ],
          [
            78.6374921,
            30.6097668
          ],
          [
            78.6374062,
            30.6090789
          ],
          [
            78.6372453,
            30.6083217
          ],
          [
            78.6370093,
            30.607703
          ],
          [
            78.636446,
            30.6071305
          ],
          [
            78.6363119,
            30.6064333
          ],
          [
            78.6366445,
            30.6056161
          ],
          [
            78.6370951,
            30.6047943
          ],
          [
            78.6370683,
            30.60382
          ],
          [
            78.6369288,
            30.603229
          ],
          [
            78.637433,
            30.6029566
          ],
          [
            78.6388063,
            30.602735
          ],
          [
            78.6393803,
            30.6024626
          ],
          [
            78.6402333,
            30.6015991
          ],
          [
            78.6402976,
            30.6007403
          ],
          [
            78.6405337,
            30.5996137
          ],
          [
            78.6407804,
            30.5989534
          ],
          [
            78.6412042,
            30.5988518
          ],
          [
            78.6422127,
            30.5982931
          ],
          [
            78.64254,
            30.5973696
          ],
          [
            78.642835,
            30.5962429
          ],
          [
            78.6431462,
            30.5950331
          ],
          [
            78.6436129,
            30.5944513
          ],
          [
            78.644675,
            30.5938833
          ],
          [
            78.6456674,
            30.5927658
          ],
          [
            78.6461341,
            30.5921101
          ],
          [
            78.6462629,
            30.5912881
          ],
          [
            78.6460268,
            30.5902353
          ],
          [
            78.6458927,
            30.5896073
          ],
          [
            78.6464721,
            30.5885405
          ],
          [
            78.6466974,
            30.5876539
          ],
          [
            78.6468369,
            30.5867118
          ],
          [
            78.6473036,
            30.5861253
          ],
          [
            78.6480278,
            30.5857466
          ],
          [
            78.6485588,
            30.5853587
          ],
          [
            78.6486983,
            30.5849246
          ],
          [
            78.6485428,
            30.5844628
          ],
          [
            78.6481994,
            30.5834237
          ],
          [
            78.6481512,
            30.5827772
          ],
          [
            78.6484194,
            30.5819182
          ],
          [
            78.6483604,
            30.5810823
          ],
          [
            78.6484677,
            30.5803434
          ],
          [
            78.6482423,
            30.5799185
          ],
          [
            78.6476093,
            30.5793042
          ],
          [
            78.6463541,
            30.5780619
          ],
          [
            78.6450865,
            30.577188
          ],
          [
            78.6449631,
            30.5762772
          ]
        ]
      }
    },
    {
      "type": "Feature",
      "properties": {
        "name": "Takoli Gad",
        "waterway": "river",
        "source": "OpenStreetMap"
      },
      "geometry": {
        "type": "LineString",
        "coordinates": [
          [
            78.6465723,
            30.3463177
          ],
          [
            78.6464442,
            30.3462595
          ],
          [
            78.6459182,
            30.3460151
          ],
          [
            78.6454326,
            30.3456601
          ],
          [
            78.6445965,
            30.3452527
          ],
          [
            78.6444144,
            30.3448686
          ],
          [
            78.6439221,
            30.3442634
          ],
          [
            78.6429308,
            30.3435708
          ],
          [
            78.6421755,
            30.3426629
          ],
          [
            78.6416226,
            30.3424593
          ],
          [
            78.6406785,
            30.3423894
          ],
          [
            78.6400244,
            30.3424534
          ],
          [
            78.6396063,
            30.3418831
          ],
          [
            78.6392052,
            30.3413447
          ],
          [
            78.6387808,
            30.3411677
          ],
          [
            78.638366,
            30.340785
          ],
          [
            78.6380221,
            30.3405449
          ],
          [
            78.6379427,
            30.3404894
          ],
          [
            78.637662,
            30.340178
          ],
          [
            78.637662,
            30.3394305
          ],
          [
            78.6379066,
            30.3391917
          ],
          [
            78.6383116,
            30.3388941
          ],
          [
            78.638484,
            30.3387142
          ],
          [
            78.6387727,
            30.3384131
          ],
          [
            78.6388769,
            30.3381259
          ],
          [
            78.6393437,
            30.3377988
          ],
          [
            78.6393777,
            30.3377401
          ],
          [
            78.6395308,
            30.3374587
          ],
          [
            78.6395535,
            30.33717
          ],
          [
            78.6393975,
            30.3370109
          ],
          [
            78.6392416,
            30.3367809
          ],
          [
            78.6393204,
            30.336487
          ],
          [
            78.6394508,
            30.3360417
          ],
          [
            78.6396332,
            30.3358321
          ],
          [
            78.639606,
            30.3356194
          ],
          [
            78.6395917,
            30.335356
          ],
          [
            78.6393246,
            30.3351378
          ],
          [
            78.6394367,
            30.3347641
          ],
          [
            78.6395279,
            30.334639
          ],
          [
            78.6396164,
            30.334477
          ],
          [
            78.6397022,
            30.3343705
          ],
          [
            78.6400294,
            30.3343149
          ],
          [
            78.6404157,
            30.3341899
          ],
          [
            78.6406302,
            30.3340649
          ],
          [
            78.6406839,
            30.3336853
          ],
          [
            78.6408448,
            30.3334306
          ],
          [
            78.640995,
            30.3333102
          ],
          [
            78.6412471,
            30.3330463
          ],
          [
            78.6414993,
            30.3329491
          ],
          [
            78.6416924,
            30.332662
          ],
          [
            78.6425373,
            30.3320277
          ],
          [
            78.6427411,
            30.331868
          ],
          [
            78.6429504,
            30.3318078
          ],
          [
            78.6431488,
            30.3316758
          ],
          [
            78.6432964,
            30.3316272
          ],
          [
            78.6435083,
            30.3316179
          ],
          [
            78.6440983,
            30.3317314
          ],
          [
            78.6443558,
            30.3317823
          ],
          [
            78.6445892,
            30.3316758
          ],
          [
            78.644608,
            30.3316249
          ],
          [
            78.6447206,
            30.3313795
          ],
          [
            78.6450183,
            30.3312545
          ],
          [
            78.6458471,
            30.3310623
          ],
          [
            78.6460349,
            30.330972
          ],
          [
            78.646566,
            30.3305507
          ],
          [
            78.6471668,
            30.3301594
          ],
          [
            78.6475772,
            30.3297937
          ],
          [
            78.6479875,
            30.3289602
          ],
          [
            78.6482236,
            30.3288421
          ],
          [
            78.6487305,
            30.3287866
          ],
          [
            78.6490899,
            30.3287472
          ],
          [
            78.6494574,
            30.3285597
          ],
          [
            78.6498034,
            30.3284393
          ],
          [
            78.6509567,
            30.3279485
          ],
          [
            78.6515495,
            30.3276035
          ],
          [
            78.651689,
            30.3272702
          ],
          [
            78.6519733,
            30.3270548
          ],
          [
            78.6522013,
            30.3269067
          ],
          [
            78.6521691,
            30.3265941
          ],
          [
            78.652389,
            30.3260593
          ],
          [
            78.6531213,
            30.3252536
          ],
          [
            78.6532178,
            30.3250592
          ],
          [
            78.6533654,
            30.3249758
          ],
          [
            78.6535773,
            30.3249758
          ],
          [
            78.6540359,
            30.3248878
          ],
          [
            78.6543095,
            30.3247327
          ],
          [
            78.6543632,
            30.3246748
          ],
          [
            78.6543953,
            30.3240983
          ],
          [
            78.6546797,
            30.3236723
          ],
          [
            78.6546421,
            30.3233366
          ],
          [
            78.654567,
            30.3232486
          ],
          [
            78.6545429,
            30.3231282
          ],
          [
            78.6546314,
            30.3229778
          ],
          [
            78.6550149,
            30.3228249
          ],
          [
            78.6552536,
            30.3227694
          ],
          [
            78.6554763,
            30.3226281
          ],
          [
            78.6555648,
            30.3224059
          ],
          [
            78.6557043,
            30.3219127
          ],
          [
            78.6556372,
            30.3216905
          ],
          [
            78.6555272,
            30.3211093
          ],
          [
            78.6553797,
            30.3204796
          ],
          [
            78.6554065,
            30.3202827
          ],
          [
            78.6555782,
            30.3200489
          ],
          [
            78.655774,
            30.319991
          ],
          [
            78.6561736,
            30.3200026
          ],
          [
            78.6564285,
            30.3198683
          ],
          [
            78.6564875,
            30.3197757
          ],
          [
            78.6565223,
            30.3195974
          ],
          [
            78.6566779,
            30.3193636
          ],
          [
            78.6567932,
            30.31922
          ],
          [
            78.6567476,
            30.3190209
          ],
          [
            78.6567986,
            30.318882
          ],
          [
            78.65715,
            30.3187708
          ],
          [
            78.6573565,
            30.3188195
          ],
          [
            78.6576918,
            30.3187546
          ],
          [
            78.6579439,
            30.3186435
          ],
          [
            78.6581343,
            30.3183726
          ],
          [
            78.6583462,
            30.3180438
          ],
          [
            78.6586815,
            30.3179026
          ],
          [
            78.6592501,
            30.3175576
          ],
          [
            78.6593494,
            30.3173353
          ],
          [
            78.6595371,
            30.3171871
          ],
          [
            78.6597222,
            30.3169926
          ],
          [
            78.6598134,
            30.3167773
          ],
          [
            78.6601299,
            30.316518
          ],
          [
            78.6603445,
            30.3164462
          ],
          [
            78.6606288,
            30.3161429
          ],
          [
            78.6607227,
            30.3159854
          ],
          [
            78.6610338,
            30.3157492
          ],
          [
            78.6616454,
            30.3154366
          ],
          [
            78.6618492,
            30.3153417
          ],
          [
            78.6620343,
            30.315344
          ],
          [
            78.6622059,
            30.3153255
          ],
          [
            78.6624527,
            30.3150129
          ],
          [
            78.662619,
            30.3148647
          ],
          [
            78.6628711,
            30.3148115
          ],
          [
            78.6629945,
            30.3147698
          ],
          [
            78.6633244,
            30.3142812
          ],
          [
            78.6633968,
            30.3140358
          ],
          [
            78.663429,
            30.3136375
          ],
          [
            78.6635014,
            30.3134546
          ],
          [
            78.663649,
            30.3131906
          ],
          [
            78.6638984,
            30.3128642
          ],
          [
            78.663952,
            30.3127669
          ],
          [
            78.6641398,
            30.3127299
          ],
          [
            78.6644402,
            30.3128341
          ],
          [
            78.6645958,
            30.3128896
          ],
          [
            78.664856,
            30.3128804
          ],
          [
            78.6651027,
            30.3127993
          ],
          [
            78.66532,
            30.3124404
          ],
          [
            78.6654675,
            30.312327
          ],
          [
            78.6656713,
            30.3122297
          ],
          [
            78.6657089,
            30.3120213
          ],
          [
            78.6656633,
            30.3118083
          ],
          [
            78.6655319,
            30.3116392
          ],
          [
            78.6655641,
            30.3113544
          ],
          [
            78.6658564,
            30.3112225
          ],
          [
            78.66613,
            30.3112062
          ],
          [
            78.6662051,
            30.3111576
          ],
          [
            78.6662614,
            30.3111044
          ],
          [
            78.6661541,
            30.3107177
          ],
          [
            78.6662936,
            30.310192
          ],
          [
            78.6665484,
            30.3097058
          ],
          [
            78.6667362,
            30.3096016
          ],
          [
            78.6670312,
            30.309407
          ],
          [
            78.6672619,
            30.3090528
          ],
          [
            78.6675516,
            30.308981
          ],
          [
            78.6678949,
            30.3088837
          ],
          [
            78.6681873,
            30.3088721
          ],
          [
            78.668375,
            30.3087888
          ],
          [
            78.6684448,
            30.3087402
          ],
          [
            78.6684957,
            30.3085711
          ],
          [
            78.6685654,
            30.3084067
          ],
          [
            78.6688068,
            30.3080872
          ],
          [
            78.6689436,
            30.3077815
          ],
          [
            78.6691985,
            30.3076819
          ],
          [
            78.6698475,
            30.3075638
          ],
          [
            78.6701748,
            30.307543
          ],
          [
            78.6703625,
            30.3073948
          ],
          [
            78.6705422,
            30.3072165
          ],
          [
            78.6709607,
            30.3069108
          ],
          [
            78.6714354,
            30.3067881
          ],
          [
            78.6718163,
            30.3067557
          ],
          [
            78.6721301,
            30.3067094
          ],
          [
            78.672291,
            30.3065218
          ],
          [
            78.6724734,
            30.3060679
          ],
          [
            78.6729535,
            30.3058132
          ],
          [
            78.6735329,
            30.3054867
          ],
          [
            78.6738467,
            30.3053732
          ],
          [
            78.6743537,
            30.3052736
          ],
          [
            78.6748767,
            30.3049888
          ],
          [
            78.6754212,
            30.3046044
          ],
          [
            78.6755633,
            30.3042895
          ],
          [
            78.6755741,
            30.3040185
          ],
          [
            78.6758503,
            30.3036388
          ],
          [
            78.6762124,
            30.3034558
          ],
          [
            78.6766148,
            30.3032682
          ],
          [
            78.6773685,
            30.3027819
          ],
          [
            78.6777627,
            30.3026661
          ],
          [
            78.6782107,
            30.3025828
          ],
          [
            78.678377,
            30.3025064
          ],
          [
            78.6784118,
            30.3023975
          ],
          [
            78.6784199,
            30.3022655
          ],
          [
            78.678259,
            30.3019297
          ],
          [
            78.6785218,
            30.3011702
          ],
          [
            78.6786854,
            30.3010891
          ],
          [
            78.6788785,
            30.3011215
          ],
          [
            78.6790743,
            30.3011794
          ],
          [
            78.6792567,
            30.3011748
          ],
          [
            78.6796537,
            30.3010544
          ],
          [
            78.6797851,
            30.3008992
          ],
          [
            78.6798388,
            30.3007464
          ],
          [
            78.680512,
            30.3004129
          ],
          [
            78.6813408,
            30.3001165
          ],
          [
            78.6820114,
            30.2999636
          ],
          [
            78.6830923,
            30.299563
          ],
          [
            78.683382,
            30.2993407
          ],
          [
            78.6835778,
            30.2988937
          ],
          [
            78.6838192,
            30.2987409
          ],
          [
            78.6841035,
            30.2986853
          ],
          [
            78.684817,
            30.2981781
          ],
          [
            78.6851871,
            30.2980207
          ],
          [
            78.6860079,
            30.2977729
          ],
          [
            78.6867455,
            30.2976733
          ],
          [
            78.6874589,
            30.2973699
          ],
          [
            78.6881831,
            30.2973421
          ],
          [
            78.6886364,
            30.2974139
          ],
          [
            78.6893365,
            30.297451
          ],
          [
            78.689661,
            30.2973398
          ],
          [
            78.6903128,
            30.2972356
          ],
          [
            78.6910611,
            30.2963231
          ],
          [
            78.6919329,
            30.2955959
          ],
          [
            78.6921635,
            30.2952207
          ],
          [
            78.6928931,
            30.294607
          ],
          [
            78.6933705,
            30.2940257
          ],
          [
            78.6935985,
            30.2937177
          ],
          [
            78.6934859,
            30.2932823
          ],
          [
            78.6933222,
            30.2931294
          ],
          [
            78.6932659,
            30.2930739
          ],
          [
            78.6932364,
            30.2929395
          ],
          [
            78.6934403,
            30.2926477
          ],
          [
            78.6940277,
            30.2923675
          ],
          [
            78.6943763,
            30.2918997
          ],
          [
            78.6948645,
            30.2914318
          ],
          [
            78.6949557,
            30.2912141
          ],
          [
            78.6952883,
            30.2910288
          ],
          [
            78.6954278,
            30.2907833
          ],
          [
            78.6953902,
            30.2899774
          ],
          [
            78.695637,
            30.289718
          ],
          [
            78.696093,
            30.2896809
          ],
          [
            78.6965597,
            30.2898616
          ],
          [
            78.6970371,
            30.289931
          ],
          [
            78.6973536,
            30.2898523
          ],
          [
            78.6976433,
            30.2895605
          ],
          [
            78.6978364,
            30.2891158
          ],
          [
            78.6983514,
            30.2889444
          ],
          [
            78.6990005,
            30.2888749
          ],
          [
            78.6993384,
            30.2889212
          ],
          [
            78.6996496,
            30.2889398
          ],
          [
            78.7002343,
            30.2887591
          ],
          [
            78.7011301,
            30.2882866
          ],
          [
            78.7015486,
            30.2879439
          ],
          [
            78.7023693,
            30.2876474
          ],
          [
            78.7027395,
            30.2874204
          ],
          [
            78.7029058,
            30.2872583
          ],
          [
            78.7031096,
            30.2867904
          ],
          [
            78.7033939,
            30.2866376
          ],
          [
            78.7038928,
            30.2866515
          ],
          [
            78.7041235,
            30.2867071
          ],
          [
            78.7043112,
            30.2866607
          ],
          [
            78.7045795,
            30.2863921
          ],
          [
            78.7046385,
            30.2857621
          ],
          [
            78.7051266,
            30.285549
          ],
          [
            78.7057006,
            30.2852618
          ],
          [
            78.7064731,
            30.28478
          ],
          [
            78.7073314,
            30.2846503
          ],
          [
            78.7078035,
            30.2845114
          ],
          [
            78.7081093,
            30.284201
          ],
          [
            78.7084794,
            30.2840527
          ],
          [
            78.7091285,
            30.283886
          ],
          [
            78.7100941,
            30.2829919
          ],
          [
            78.7110221,
            30.2822924
          ],
          [
            78.7112904,
            30.28226
          ],
          [
            78.7115639,
            30.2824152
          ],
          [
            78.7118778,
            30.2826098
          ],
          [
            78.7121245,
            30.2826445
          ],
          [
            78.7124088,
            30.2826746
          ],
          [
            78.71261,
            30.2825866
          ],
          [
            78.7127495,
            30.2825032
          ],
          [
            78.7130901,
            30.2820701
          ],
          [
            78.7135541,
            30.2816161
          ],
          [
            78.7138599,
            30.2814076
          ],
          [
            78.7141657,
            30.2810602
          ],
          [
            78.7143937,
            30.2808008
          ],
          [
            78.7146914,
            30.2803792
          ],
          [
            78.7149664,
            30.2799553
          ],
          [
            78.7151903,
            30.2796102
          ],
          [
            78.7153405,
            30.279184
          ],
          [
            78.7154746,
            30.278818
          ],
          [
            78.7155175,
            30.2783455
          ],
          [
            78.7157696,
            30.2779332
          ],
          [
            78.7161559,
            30.2776923
          ],
          [
            78.7163436,
            30.2774838
          ],
          [
            78.7166065,
            30.2768908
          ],
          [
            78.7168372,
            30.2765573
          ],
          [
            78.7170517,
            30.2755103
          ],
          [
            78.7168425,
            30.2752787
          ],
          [
            78.7164348,
            30.2750563
          ],
          [
            78.7161237,
            30.2749034
          ],
          [
            78.716011,
            30.2747876
          ],
          [
            78.7156972,
            30.2747181
          ],
          [
            78.7156033,
            30.2745745
          ],
          [
            78.7156221,
            30.2744471
          ],
          [
            78.7155926,
            30.2743173
          ],
          [
            78.7154344,
            30.2741923
          ],
          [
            78.7152842,
            30.2740672
          ],
          [
            78.7151715,
            30.2738934
          ],
          [
            78.7151447,
            30.2737058
          ],
          [
            78.7151796,
            30.2729808
          ],
          [
            78.7151527,
            30.2727769
          ],
          [
            78.7152734,
            30.2723623
          ],
          [
            78.7152895,
            30.272214
          ],
          [
            78.7152117,
            30.2720542
          ],
          [
            78.7150675,
            30.2719899
          ],
          [
            78.7148261,
            30.2719876
          ],
          [
            78.714287,
            30.2718602
          ],
          [
            78.7142656,
            30.2717073
          ],
          [
            78.7144319,
            30.2714201
          ],
          [
            78.7144882,
            30.2708548
          ],
          [
            78.7144748,
            30.2700811
          ],
          [
            78.7144158,
            30.2699699
          ],
          [
            78.714338,
            30.2699306
          ],
          [
            78.7139356,
            30.2698657
          ],
          [
            78.7138364,
            30.2697846
          ],
          [
            78.7137385,
            30.2687132
          ],
          [
            78.7137653,
            30.2684908
          ],
          [
            78.7141408,
            30.267907
          ],
          [
            78.7144251,
            30.2673279
          ],
          [
            78.7144144,
            30.2670823
          ],
          [
            78.7141086,
            30.2664476
          ],
          [
            78.7141033,
            30.2661186
          ],
          [
            78.7141408,
            30.2660352
          ],
          [
            78.7146397,
            30.2656044
          ],
          [
            78.7147148,
            30.2655627
          ],
          [
            78.7149026,
            30.2655627
          ],
          [
            78.7153639,
            30.2656692
          ],
          [
            78.7159701,
            30.2660213
          ],
          [
            78.7162115,
            30.2661047
          ],
          [
            78.7163027,
            30.2660723
          ],
          [
            78.7165655,
            30.2655812
          ],
          [
            78.7166675,
            30.2650947
          ],
          [
            78.7167587,
            30.2648908
          ],
          [
            78.7169947,
            30.2646314
          ],
          [
            78.7173756,
            30.264358
          ],
          [
            78.7174989,
            30.2641402
          ],
          [
            78.7174238,
            30.2630885
          ],
          [
            78.7172254,
            30.262361
          ],
          [
            78.7172575,
            30.2620043
          ],
          [
            78.7173917,
            30.2615316
          ],
          [
            78.7175794,
            30.261337
          ],
          [
            78.7178047,
            30.2613046
          ],
          [
            78.7187113,
            30.2613648
          ],
          [
            78.7188079,
            30.2613556
          ],
          [
            78.7189259,
            30.2612305
          ],
          [
            78.7189259,
            30.2611517
          ],
          [
            78.7186898,
            30.2608366
          ],
          [
            78.7180729,
            30.2595439
          ],
          [
            78.7180729,
            30.2593863
          ],
          [
            78.7180837,
            30.2593076
          ],
          [
            78.7185504,
            30.2589832
          ],
          [
            78.7188454,
            30.2589508
          ],
          [
            78.7191834,
            30.2586264
          ],
          [
            78.7196072,
            30.2583762
          ],
          [
            78.7198271,
            30.2581214
          ],
          [
            78.7199022,
            30.2578758
          ],
          [
            78.7198915,
            30.2576349
          ],
          [
            78.7198325,
            30.2574773
          ],
          [
            78.7192316,
            30.2570464
          ],
          [
            78.7191941,
            30.2569722
          ],
          [
            78.7191995,
            30.2566525
          ],
          [
            78.7192692,
            30.2562448
          ],
          [
            78.7192316,
            30.2560826
          ],
          [
            78.7189581,
            30.2556702
          ],
          [
            78.7190171,
            30.2553505
          ],
          [
            78.7191995,
            30.2550678
          ],
          [
            78.719178,
            30.2549056
          ],
          [
            78.7192316,
            30.2543079
          ],
          [
            78.7192048,
            30.2536452
          ],
          [
            78.7192437,
            30.2532062
          ],
          [
            78.7194368,
            30.2522284
          ],
          [
            78.71941,
            30.2520616
          ],
          [
            78.7192544,
            30.2517558
          ],
          [
            78.7189326,
            30.2515334
          ],
          [
            78.718659,
            30.2503702
          ],
          [
            78.7184712,
            30.249791
          ],
          [
            78.7181198,
            30.2492974
          ],
          [
            78.7178784,
            30.2486672
          ],
          [
            78.7177765,
            30.2481111
          ],
          [
            78.7180126,
            30.2476338
          ],
          [
            78.718034,
            30.2473836
          ],
          [
            78.7179804,
            30.2472307
          ],
          [
            78.717621,
            30.246656
          ],
          [
            78.7175512,
            30.2460211
          ],
          [
            78.7173259,
            30.2455855
          ],
          [
            78.7172991,
            30.245187
          ],
          [
            78.7171274,
            30.2449089
          ],
          [
            78.7157488,
            30.2433472
          ],
          [
            78.7151533,
            30.2422118
          ],
          [
            78.7144345,
            30.2414703
          ],
          [
            78.7138712,
            30.2410625
          ],
          [
            78.7135279,
            30.2409559
          ],
          [
            78.7131792,
            30.2409281
          ],
          [
            78.7129003,
            30.2409281
          ],
          [
            78.7125194,
            30.2410486
          ],
          [
            78.7124228,
            30.2410486
          ],
          [
            78.7121814,
            30.2409327
          ],
          [
            78.7117898,
            30.2403071
          ],
          [
            78.7117523,
            30.2398251
          ],
          [
            78.7109369,
            30.239167
          ],
          [
            78.710497,
            30.2389816
          ],
          [
            78.7099123,
            30.2389538
          ],
          [
            78.7091184,
            30.2386896
          ],
          [
            78.7090486,
            30.2386386
          ],
          [
            78.7089628,
            30.2385042
          ],
          [
            78.7090218,
            30.2382725
          ],
          [
            78.7095904,
            30.2378832
          ],
          [
            78.7096226,
            30.2375634
          ],
          [
            78.7095797,
            30.2373966
          ],
          [
            78.709231,
            30.2371417
          ],
          [
            78.7089628,
            30.2370629
          ],
          [
            78.7088126,
            30.2369656
          ],
          [
            78.7077075,
            30.2366643
          ],
          [
            78.7075895,
            30.2365299
          ],
          [
            78.7074661,
            30.2361453
          ],
          [
            78.7074661,
            30.235983
          ],
          [
            78.7074876,
            30.2358116
          ],
          [
            78.7076861,
            30.2354362
          ],
          [
            78.7077451,
            30.2347247
          ],
          [
            78.7076633,
            30.2341697
          ],
          [
            78.7074433,
            30.2337155
          ],
          [
            78.7073307,
            30.2330435
          ],
          [
            78.7070624,
            30.2327098
          ],
          [
            78.7069605,
            30.2322926
          ],
          [
            78.706581,
            30.231339
          ]
        ]
      }
    },
    {
      "type": "Feature",
      "properties": {
        "name": "River",
        "waterway": "canal",
        "source": "OpenStreetMap"
      },
      "geometry": {
        "type": "LineString",
        "coordinates": [
          [
            78.3193016,
            30.607329
          ],
          [
            78.3192748,
            30.6070843
          ],
          [
            78.3200955,
            30.6069227
          ],
          [
            78.3204549,
            30.6067704
          ],
          [
            78.3208091,
            30.6061469
          ]
        ]
      }
    },
    {
      "type": "Feature",
      "properties": {
        "name": "Nailchami Gad",
        "waterway": "river",
        "source": "OpenStreetMap"
      },
      "geometry": {
        "type": "LineString",
        "coordinates": [
          [
            78.834566,
            30.3896824
          ],
          [
            78.8334949,
            30.3893428
          ],
          [
            78.8324238,
            30.3890438
          ],
          [
            78.8313842,
            30.3886634
          ],
          [
            78.8302658,
            30.3881471
          ],
          [
            78.8294625,
            30.3872503
          ],
          [
            78.829116,
            30.3865437
          ],
          [
            78.8282339,
            30.3860138
          ],
          [
            78.8265169,
            30.3850898
          ],
          [
            78.8253609,
            30.3842454
          ],
          [
            78.8249703,
            30.3836371
          ],
          [
            78.8246773,
            30.383038
          ],
          [
            78.8243735,
            30.3824858
          ],
          [
            78.8235381,
            30.3822425
          ],
          [
            78.822752,
            30.3813404
          ],
          [
            78.8220625,
            30.3802769
          ],
          [
            78.8204459,
            30.379734
          ],
          [
            78.8185706,
            30.3792562
          ],
          [
            78.8163773,
            30.3779182
          ],
          [
            78.8157046,
            30.3777778
          ],
          [
            78.8150102,
            30.3778807
          ],
          [
            78.8136106,
            30.3780586
          ],
          [
            78.8125473,
            30.377965
          ],
          [
            78.811777,
            30.3774876
          ],
          [
            78.8111586,
            30.3768885
          ],
          [
            78.8087786,
            30.3766932
          ],
          [
            78.8086026,
            30.376677
          ],
          [
            78.8081315,
            30.3769447
          ],
          [
            78.8077517,
            30.3774033
          ],
          [
            78.807589,
            30.3778152
          ],
          [
            78.8073286,
            30.377993
          ],
          [
            78.8071008,
            30.3782177
          ],
          [
            78.8068396,
            30.3781853
          ],
          [
            78.8065583,
            30.3779462
          ],
          [
            78.8059073,
            30.3778246
          ],
          [
            78.8054407,
            30.3775718
          ],
          [
            78.8049649,
            30.3774438
          ],
          [
            78.8042798,
            30.377525
          ],
          [
            78.8037699,
            30.377525
          ],
          [
            78.8035637,
            30.3771693
          ],
          [
            78.8031514,
            30.377057
          ],
          [
            78.8025113,
            30.3768605
          ],
          [
            78.8022075,
            30.3765048
          ],
          [
            78.8006343,
            30.3762614
          ],
          [
            78.8000267,
            30.3765048
          ],
          [
            78.79943,
            30.3764205
          ],
          [
            78.79892,
            30.3764954
          ],
          [
            78.7983884,
            30.3763644
          ],
          [
            78.7979544,
            30.3766732
          ],
          [
            78.7972492,
            30.3765048
          ],
          [
            78.7966091,
            30.3763644
          ],
          [
            78.7960449,
            30.3762146
          ],
          [
            78.7955753,
            30.3762487
          ],
          [
            78.7953466,
            30.3760989
          ],
          [
            78.7951769,
            30.3757559
          ],
          [
            78.7951455,
            30.3756462
          ],
          [
            78.795139,
            30.3756237
          ],
          [
            78.7950074,
            30.3755717
          ],
          [
            78.7945206,
            30.375161
          ],
          [
            78.7937686,
            30.3750856
          ],
          [
            78.793349,
            30.3751962
          ],
          [
            78.7928652,
            30.3755231
          ],
          [
            78.7925329,
            30.3758449
          ],
          [
            78.7921657,
            30.3758449
          ],
          [
            78.7919967,
            30.3758198
          ],
          [
            78.7917413,
            30.3761417
          ],
          [
            78.7913847,
            30.376212
          ],
          [
            78.7910466,
            30.3764182
          ],
          [
            78.7908018,
            30.3766746
          ],
          [
            78.7903471,
            30.3764584
          ],
          [
            78.7900674,
            30.376207
          ],
          [
            78.7900732,
            30.375865
          ],
          [
            78.7898983,
            30.375513
          ],
          [
            78.7896827,
            30.3753471
          ],
          [
            78.7892688,
            30.3753722
          ],
          [
            78.7890007,
            30.3752063
          ],
          [
            78.7886393,
            30.3751057
          ],
          [
            78.7884644,
            30.3751811
          ],
          [
            78.7875202,
            30.3749196
          ],
          [
            78.7872812,
            30.3747688
          ],
          [
            78.7867799,
            30.374633
          ],
          [
            78.7854684,
            30.373753
          ],
          [
            78.7852644,
            30.3736574
          ],
          [
            78.7847049,
            30.3737027
          ],
          [
            78.78453,
            30.3731847
          ],
          [
            78.7843377,
            30.3729232
          ],
          [
            78.7834459,
            30.3725561
          ],
          [
            78.7831894,
            30.3726014
          ],
          [
            78.7830087,
            30.3727472
          ],
          [
            78.7827406,
            30.3731093
          ],
          [
            78.7824958,
            30.3733255
          ],
          [
            78.7820003,
            30.3734412
          ],
          [
            78.7817089,
            30.3731546
          ],
          [
            78.7808579,
            30.3728126
          ],
          [
            78.7801701,
            30.3727975
          ],
          [
            78.7797096,
            30.373059
          ],
          [
            78.7794182,
            30.373753
          ],
          [
            78.7790742,
            30.3740031
          ],
          [
            78.7784739,
            30.3737882
          ],
          [
            78.7781009,
            30.3738133
          ],
          [
            78.7768768,
            30.3736574
          ],
          [
            78.7764105,
            30.3738787
          ],
          [
            78.7755362,
            30.3745928
          ],
          [
            78.7749242,
            30.3749297
          ],
          [
            78.7741772,
            30.375439
          ],
          [
            78.7732688,
            30.3754426
          ],
          [
            78.7725268,
            30.3753383
          ],
          [
            78.7724819,
            30.375332
          ],
          [
            78.7716018,
            30.3757293
          ],
          [
            78.7699639,
            30.3756991
          ],
          [
            78.769142,
            30.3756689
          ],
          [
            78.7688797,
            30.3756941
          ],
          [
            78.7685358,
            30.3759555
          ],
          [
            78.7675916,
            30.3772338
          ],
          [
            78.7668105,
            30.3775446
          ],
          [
            78.7664491,
            30.3776854
          ],
          [
            78.7660353,
            30.3781933
          ],
          [
            78.7650146,
            30.378489
          ],
          [
            78.7645513,
            30.3789578
          ],
          [
            78.7638553,
            30.3789475
          ],
          [
            78.7629985,
            30.3792643
          ],
          [
            78.7622932,
            30.3793699
          ],
          [
            78.7618094,
            30.3796616
          ],
          [
            78.7613139,
            30.3802147
          ],
          [
            78.7602356,
            30.3805315
          ],
          [
            78.7598451,
            30.3808332
          ],
          [
            78.7585103,
            30.3810545
          ],
          [
            78.7576889,
            30.3811806
          ],
          [
            78.7567034,
            30.380793
          ],
          [
            78.75639,
            30.3807745
          ],
          [
            78.7561846,
            30.3809388
          ],
          [
            78.7554269,
            30.3809036
          ],
          [
            78.7548906,
            30.3808684
          ],
          [
            78.754436,
            30.3811148
          ],
          [
            78.7545642,
            30.382372
          ],
          [
            78.7544185,
            30.3837346
          ],
          [
            78.7539988,
            30.3842525
          ],
          [
            78.7537365,
            30.3843128
          ],
          [
            78.7531272,
            30.3843089
          ],
          [
            78.7525125,
            30.3844083
          ],
          [
            78.7521278,
            30.3846095
          ],
          [
            78.749668,
            30.3854039
          ],
          [
            78.7494465,
            30.3856805
          ],
          [
            78.7485141,
            30.3854866
          ],
          [
            78.748479,
            30.3854793
          ],
          [
            78.7478611,
            30.3851123
          ],
          [
            78.746299,
            30.3854592
          ],
          [
            78.7452731,
            30.3859369
          ],
          [
            78.7445912,
            30.3857509
          ],
          [
            78.7424054,
            30.3866911
          ],
          [
            78.7416243,
            30.3872442
          ],
          [
            78.74075,
            30.3872693
          ],
          [
            78.7404236,
            30.3878425
          ],
          [
            78.7404352,
            30.38828
          ],
          [
            78.7401671,
            30.3890442
          ],
          [
            78.7396075,
            30.3891599
          ],
          [
            78.7385409,
            30.3885515
          ],
          [
            78.7379638,
            30.3886018
          ],
          [
            78.7375208,
            30.3888833
          ],
          [
            78.7371303,
            30.388994
          ],
          [
            78.7365649,
            30.3897532
          ],
          [
            78.7350902,
            30.3896979
          ],
          [
            78.7344491,
            30.389532
          ],
          [
            78.7336622,
            30.3897029
          ],
          [
            78.7328403,
            30.3894364
          ],
          [
            78.732578,
            30.3894666
          ],
          [
            78.7322516,
            30.3900096
          ],
          [
            78.7315347,
            30.3905023
          ],
          [
            78.7300658,
            30.3923677
          ],
          [
            78.7298152,
            30.3924632
          ],
          [
            78.7288418,
            30.3922571
          ],
          [
            78.7271339,
            30.3926291
          ],
          [
            78.7260206,
            30.3926744
          ],
          [
            78.7250647,
            30.3931922
          ],
          [
            78.724307,
            30.3930665
          ],
          [
            78.723794,
            30.3931218
          ],
          [
            78.7231529,
            30.3937754
          ],
          [
            78.7226108,
            30.3938458
          ],
          [
            78.721958,
            30.3937352
          ],
          [
            78.7210953,
            30.3941978
          ],
          [
            78.7209321,
            30.394595
          ],
          [
            78.7191077,
            30.3945849
          ],
          [
            78.7188163,
            30.394605
          ],
          [
            78.7186239,
            30.3951782
          ],
          [
            78.7185656,
            30.3959424
          ],
          [
            78.7187521,
            30.3963597
          ],
          [
            78.7186239,
            30.397149
          ],
          [
            78.7183091,
            30.3975311
          ],
          [
            78.717872,
            30.3976518
          ],
          [
            78.7177088,
            30.3981947
          ],
          [
            78.7171201,
            30.3985115
          ],
          [
            78.7160534,
            30.399522
          ],
          [
            78.7156687,
            30.4001605
          ],
          [
            78.7152082,
            30.4004621
          ],
          [
            78.7147827,
            30.400447
          ],
          [
            78.7142989,
            30.4002208
          ],
          [
            78.7123754,
            30.400256
          ],
          [
            78.7109357,
            30.4012212
          ],
          [
            78.7102479,
            30.4014022
          ],
          [
            78.7097175,
            30.4012514
          ],
          [
            78.7089362,
            30.400896
          ],
          [
            78.7087558,
            30.400814
          ],
          [
            78.7077416,
            30.4006833
          ],
          [
            78.706908,
            30.4011257
          ],
          [
            78.7060512,
            30.4024529
          ],
          [
            78.7057656,
            30.40284
          ],
          [
            78.7047864,
            30.4028652
          ],
          [
            78.7041976,
            30.403383
          ],
          [
            78.7026997,
            30.4040839
          ],
          [
            78.7026952,
            30.4042652
          ],
          [
            78.702321,
            30.4049584
          ],
          [
            78.7021651,
            30.4056423
          ],
          [
            78.7017371,
            30.4060831
          ],
          [
            78.7013453,
            30.4061968
          ],
          [
            78.7004746,
            30.406613
          ],
          [
            78.700388,
            30.4066728
          ],
          [
            78.6996337,
            30.4071935
          ],
          [
            78.6992723,
            30.4072237
          ],
          [
            78.6982523,
            30.4070276
          ],
          [
            78.6972964,
            30.4073594
          ],
          [
            78.6968825,
            30.4077767
          ],
          [
            78.6964978,
            30.4083397
          ],
          [
            78.6956701,
            30.4083799
          ],
          [
            78.6932628,
            30.4088726
          ],
          [
            78.6930297,
            30.4093551
          ],
          [
            78.6914559,
            30.4098478
          ],
          [
            78.6911703,
            30.4105365
          ],
          [
            78.6897947,
            30.4110794
          ],
          [
            78.6894275,
            30.4112452
          ],
          [
            78.6889146,
            30.4117982
          ],
          [
            78.6885007,
            30.4118635
          ],
          [
            78.688151,
            30.4116022
          ],
          [
            78.6880402,
            30.4114513
          ],
          [
            78.6872067,
            30.4114312
          ],
          [
            78.6860286,
            30.4111463
          ],
          [
            78.6858354,
            30.4114055
          ],
          [
            78.6859163,
            30.4119359
          ],
          [
            78.685767,
            30.4125572
          ],
          [
            78.6855962,
            30.4126611
          ],
          [
            78.6854115,
            30.4127734
          ],
          [
            78.6848577,
            30.4127231
          ],
          [
            78.6846479,
            30.4126528
          ],
          [
            78.683931,
            30.4127885
          ],
          [
            78.6831499,
            30.4128136
          ],
          [
            78.6825262,
            30.4128739
          ],
          [
            78.6818326,
            30.4140854
          ],
          [
            78.6803696,
            30.414764
          ],
          [
            78.6791222,
            30.416091
          ],
          [
            78.6775426,
            30.4165735
          ],
          [
            78.6760038,
            30.4168952
          ],
          [
            78.6756716,
            30.4172471
          ],
          [
            78.6754442,
            30.4178603
          ],
          [
            78.674465,
            30.4182725
          ],
          [
            78.6743193,
            30.4188455
          ],
          [
            78.673853,
            30.4190466
          ],
          [
            78.6733634,
            30.4190164
          ],
          [
            78.6728796,
            30.4192376
          ],
          [
            78.6721836,
            30.4200828
          ],
          [
            78.6722151,
            30.4211024
          ],
          [
            78.6717255,
            30.4216201
          ],
          [
            78.6704851,
            30.4220996
          ],
          [
            78.6692949,
            30.4227711
          ],
          [
            78.6686537,
            30.4230425
          ],
          [
            78.6684788,
            30.4233491
          ],
          [
            78.6685896,
            30.4237814
          ],
          [
            78.6682865,
            30.4248017
          ],
          [
            78.6677561,
            30.4250077
          ],
          [
            78.667249,
            30.4248469
          ],
          [
            78.6668536,
            30.4249384
          ],
          [
            78.6658442,
            30.4243845
          ],
          [
            78.6653871,
            30.4247886
          ],
          [
            78.6652089,
            30.4249223
          ],
          [
            78.6650162,
            30.4251099
          ],
          [
            78.6647039,
            30.4254575
          ],
          [
            78.6646964,
            30.4263451
          ],
          [
            78.664593,
            30.4264955
          ],
          [
            78.6637459,
            30.426591
          ],
          [
            78.6632213,
            30.4266965
          ],
          [
            78.6629794,
            30.4267203
          ]
        ]
      }
    },
    {
      "type": "Feature",
      "properties": {
        "name": "Jalkur",
        "waterway": "river",
        "source": "OpenStreetMap"
      },
      "geometry": {
        "type": "LineString",
        "coordinates": [
          [
            78.4957691,
            30.5447989
          ],
          [
            78.4952076,
            30.5433958
          ],
          [
            78.4960064,
            30.5426533
          ],
          [
            78.4957771,
            30.5419382
          ],
          [
            78.4951206,
            30.5412093
          ],
          [
            78.4953184,
            30.5406304
          ],
          [
            78.4961567,
            30.5402285
          ],
          [
            78.4966154,
            30.5400037
          ],
          [
            78.4965521,
            30.5397721
          ],
          [
            78.4971215,
            30.5391591
          ],
          [
            78.4970187,
            30.5386074
          ],
          [
            78.4962832,
            30.5378581
          ],
          [
            78.4960459,
            30.5375243
          ],
          [
            78.4959748,
            30.5370747
          ],
          [
            78.4967024,
            30.5364753
          ],
          [
            78.4970662,
            30.5356102
          ],
          [
            78.4970503,
            30.5350108
          ],
          [
            78.4965916,
            30.5338664
          ],
          [
            78.4967024,
            30.5331307
          ],
          [
            78.4980073,
            30.5325926
          ],
          [
            78.4982999,
            30.5320272
          ],
          [
            78.4979677,
            30.5315503
          ],
          [
            78.4972797,
            30.5312915
          ],
          [
            78.4967024,
            30.5308214
          ],
          [
            78.4968878,
            30.5304887
          ],
          [
            78.4972718,
            30.5297996
          ],
          [
            78.4966154,
            30.5290162
          ],
          [
            78.4966233,
            30.5278377
          ],
          [
            78.4964888,
            30.526918
          ],
          [
            78.4968131,
            30.5260051
          ],
          [
            78.4976039,
            30.5251808
          ],
          [
            78.4974141,
            30.5245336
          ],
          [
            78.4963939,
            30.5243361
          ],
          [
            78.4961567,
            30.5238796
          ],
          [
            78.4962595,
            30.5223604
          ],
          [
            78.4954844,
            30.5218154
          ],
          [
            78.4946857,
            30.5205346
          ],
          [
            78.4948597,
            30.519499
          ],
          [
            78.4949407,
            30.5189742
          ],
          [
            78.4953974,
            30.5179865
          ],
          [
            78.4952472,
            30.517496
          ],
          [
            78.4945196,
            30.5167193
          ],
          [
            78.49357,
            30.516372
          ],
          [
            78.4931277,
            30.5159971
          ],
          [
            78.4933175,
            30.5151727
          ],
          [
            78.4934203,
            30.5140008
          ],
          [
            78.4934361,
            30.5127336
          ],
          [
            78.4933649,
            30.5122634
          ],
          [
            78.4938955,
            30.5114472
          ],
          [
            78.4930769,
            30.5091396
          ],
          [
            78.4931921,
            30.5082578
          ],
          [
            78.4927691,
            30.5077847
          ],
          [
            78.4923191,
            30.5077339
          ],
          [
            78.4920442,
            30.5074871
          ],
          [
            78.4916883,
            30.5068739
          ],
          [
            78.4927085,
            30.5060494
          ],
          [
            78.4928825,
            30.5055316
          ],
          [
            78.4920205,
            30.5049047
          ],
          [
            78.4913799,
            30.5043527
          ],
          [
            78.4905653,
            30.503903
          ],
          [
            78.489727,
            30.5031398
          ],
          [
            78.4896004,
            30.5029014
          ],
          [
            78.489814,
            30.5021586
          ],
          [
            78.4900829,
            30.5018997
          ],
          [
            78.4901936,
            30.5014908
          ],
          [
            78.4899959,
            30.5011706
          ],
          [
            78.4897349,
            30.500898
          ],
          [
            78.4898614,
            30.5004891
          ],
          [
            78.4905574,
            30.5003324
          ],
          [
            78.4910556,
            30.4999917
          ],
          [
            78.4911031,
            30.4994397
          ],
          [
            78.4904783,
            30.4984517
          ],
          [
            78.4901461,
            30.4977293
          ],
          [
            78.4888887,
            30.4957872
          ],
          [
            78.4868324,
            30.4950376
          ],
          [
            78.4867217,
            30.4943152
          ],
          [
            78.4879871,
            30.4936747
          ],
          [
            78.4879475,
            30.4935111
          ],
          [
            78.4861048,
            30.4922572
          ],
          [
            78.4858834,
            30.4909624
          ],
          [
            78.4858597,
            30.4907307
          ],
          [
            78.4848553,
            30.4904853
          ],
          [
            78.484792,
            30.4899674
          ],
          [
            78.4841831,
            30.4891768
          ],
          [
            78.4833922,
            30.4886385
          ],
          [
            78.4831866,
            30.4877048
          ],
          [
            78.4830917,
            30.4870846
          ],
          [
            78.4819133,
            30.486294
          ],
          [
            78.4803078,
            30.484672
          ],
          [
            78.4798412,
            30.484488
          ],
          [
            78.4789412,
            30.4845966
          ],
          [
            78.4778641,
            30.4847265
          ],
          [
            78.4776585,
            30.4849446
          ],
          [
            78.4765275,
            30.4854762
          ],
          [
            78.4759186,
            30.4854489
          ],
          [
            78.474495,
            30.4846788
          ],
          [
            78.4737409,
            30.4849221
          ],
          [
            78.4722688,
            30.4846415
          ],
          [
            78.4713439,
            30.48417
          ],
          [
            78.4700021,
            30.4838669
          ],
          [
            78.4697156,
            30.4831147
          ],
          [
            78.4687125,
            30.4824973
          ],
          [
            78.4678527,
            30.4817788
          ],
          [
            78.4664328,
            30.4818798
          ],
          [
            78.4657722,
            30.4817431
          ],
          [
            78.4653108,
            30.4818818
          ],
          [
            78.4642916,
            30.4813918
          ],
          [
            78.463444,
            30.4806336
          ],
          [
            78.4621136,
            30.480911
          ],
          [
            78.4611373,
            30.4807815
          ],
          [
            78.4608476,
            30.4798477
          ],
          [
            78.4598069,
            30.4793391
          ],
          [
            78.4587877,
            30.4793854
          ],
          [
            78.4581427,
            30.4790632
          ],
          [
            78.4571135,
            30.4785805
          ],
          [
            78.4553027,
            30.4780462
          ],
          [
            78.4544229,
            30.4773435
          ],
          [
            78.4533929,
            30.4772417
          ],
          [
            78.4525561,
            30.4768534
          ],
          [
            78.4514081,
            30.4770106
          ],
          [
            78.4506571,
            30.4763633
          ],
          [
            78.4491872,
            30.4763818
          ],
          [
            78.4479534,
            30.4752445
          ],
          [
            78.4466123,
            30.4747544
          ],
          [
            78.4462261,
            30.4741719
          ],
          [
            78.4451317,
            30.4738945
          ],
          [
            78.4444129,
            30.4741164
          ],
          [
            78.4436726,
            30.4748931
          ],
          [
            78.4408831,
            30.4762524
          ],
          [
            78.439939,
            30.4776578
          ],
          [
            78.4377396,
            30.4781202
          ],
          [
            78.4369134,
            30.4784345
          ],
          [
            78.4362888,
            30.4792928
          ],
          [
            78.4357631,
            30.480051
          ],
          [
            78.4350335,
            30.4807352
          ],
          [
            78.4341109,
            30.4810034
          ],
          [
            78.4328771,
            30.4808277
          ],
          [
            78.4320509,
            30.4802267
          ],
          [
            78.4311283,
            30.4798291
          ],
          [
            78.4296369,
            30.4798568
          ],
          [
            78.4290583,
            30.4798125
          ],
          [
            78.4277058,
            30.4797089
          ],
          [
            78.4259248,
            30.4800787
          ],
          [
            78.425163,
            30.4805411
          ],
          [
            78.4245837,
            30.4808739
          ],
          [
            78.424015,
            30.4808739
          ],
          [
            78.423264,
            30.4805318
          ],
          [
            78.4219873,
            30.4803561
          ],
          [
            78.4196699,
            30.4806335
          ],
          [
            78.418597,
            30.480689
          ],
          [
            78.4181893,
            30.4804856
          ],
          [
            78.4174812,
            30.47945
          ],
          [
            78.4165048,
            30.4781185
          ],
          [
            78.4159577,
            30.4774436
          ],
          [
            78.415035,
            30.4758624
          ],
          [
            78.4142625,
            30.4739668
          ],
          [
            78.4135866,
            30.4728295
          ],
          [
            78.4133398,
            30.4719695
          ],
          [
            78.413372,
            30.4708691
          ],
          [
            78.4135115,
            30.4692231
          ],
          [
            78.4137368,
            30.4688532
          ],
          [
            78.4140745,
            30.4682537
          ]
        ]
      }
    },
    {
      "type": "Feature",
      "properties": {
        "name": "River",
        "waterway": "river",
        "source": "OpenStreetMap"
      },
      "geometry": {
        "type": "LineString",
        "coordinates": [
          [
            78.3506804,
            30.6227785
          ],
          [
            78.3501279,
            30.6227192
          ],
          [
            78.3496901,
            30.6228488
          ],
          [
            78.3493849,
            30.6227295
          ],
          [
            78.3487464,
            30.6227295
          ],
          [
            78.3486062,
            30.6229061
          ]
        ]
      }
    },
    {
      "type": "Feature",
      "properties": {
        "name": "River",
        "waterway": "river",
        "source": "OpenStreetMap"
      },
      "geometry": {
        "type": "LineString",
        "coordinates": [
          [
            78.4419062,
            30.2585602
          ],
          [
            78.4421583,
            30.2585695
          ],
          [
            78.4424372,
            30.2585324
          ],
          [
            78.4426786,
            30.2583934
          ],
          [
            78.4428503,
            30.2582729
          ]
        ]
      }
    },
    {
      "type": "Feature",
      "properties": {
        "name": "Nagun Gad",
        "waterway": "river",
        "source": "OpenStreetMap"
      },
      "geometry": {
        "type": "LineString",
        "coordinates": [
          [
            78.1624675,
            30.6460905
          ],
          [
            78.1643557,
            30.6478442
          ],
          [
            78.1657719,
            30.6487119
          ],
          [
            78.1677031,
            30.6494872
          ],
          [
            78.1681752,
            30.6508809
          ],
          [
            78.1687331,
            30.6519424
          ],
          [
            78.1692132,
            30.6517693
          ],
          [
            78.1702968,
            30.6516331
          ],
          [
            78.1713402,
            30.6516009
          ],
          [
            78.1728101,
            30.6515916
          ],
          [
            78.173604,
            30.6513055
          ],
          [
            78.174819,
            30.6505417
          ],
          [
            78.1758678,
            30.6501726
          ],
          [
            78.176938,
            30.6500756
          ],
          [
            78.1777373,
            30.6503017
          ],
          [
            78.179183,
            30.6502071
          ],
          [
            78.1801271,
            30.6491734
          ],
          [
            78.1824016,
            30.6469951
          ],
          [
            78.1838607,
            30.6462936
          ],
          [
            78.1859207,
            30.6459244
          ],
          [
            78.1880664,
            30.6454813
          ],
          [
            78.1883239,
            30.6443367
          ],
          [
            78.1883668,
            30.6431921
          ],
          [
            78.190341,
            30.6416414
          ],
          [
            78.1910705,
            30.6402752
          ],
          [
            78.1904697,
            30.638429
          ],
          [
            78.1898689,
            30.6367305
          ],
          [
            78.1898689,
            30.6352535
          ],
          [
            78.1900956,
            30.632752
          ],
          [
            78.1900065,
            30.6326615
          ],
          [
            78.1899093,
            30.6324524
          ],
          [
            78.1899093,
            30.6321668
          ],
          [
            78.1899944,
            30.6319194
          ],
          [
            78.1903061,
            30.6316964
          ],
          [
            78.1905167,
            30.631463
          ],
          [
            78.1904268,
            30.6310069
          ],
          [
            78.1905116,
            30.6307354
          ],
          [
            78.1906653,
            30.6305999
          ],
          [
            78.190834,
            30.6304935
          ],
          [
            78.1910552,
            30.6304064
          ],
          [
            78.1916137,
            30.6301999
          ],
          [
            78.1922679,
            30.6300773
          ],
          [
            78.1924198,
            30.6299241
          ],
          [
            78.1925528,
            30.6298386
          ],
          [
            78.1927657,
            30.629419
          ],
          [
            78.1941497,
            30.6287266
          ],
          [
            78.1950312,
            30.6284385
          ],
          [
            78.1955337,
            30.6282742
          ],
          [
            78.1966924,
            30.6278496
          ],
          [
            78.1982374,
            30.627111
          ],
          [
            78.2007894,
            30.6270105
          ],
          [
            78.2014602,
            30.6273447
          ],
          [
            78.2019132,
            30.6276231
          ],
          [
            78.2023309,
            30.6277902
          ],
          [
            78.202578,
            30.6278914
          ],
          [
            78.2027428,
            30.628018
          ],
          [
            78.2028958,
            30.6281243
          ],
          [
            78.2032605,
            30.6282458
          ],
          [
            78.2033517,
            30.6285344
          ],
          [
            78.2035018,
            30.628699
          ],
          [
            78.2036753,
            30.6287572
          ],
          [
            78.2038548,
            30.6287901
          ],
          [
            78.2042578,
            30.6288559
          ],
          [
            78.2045402,
            30.6289926
          ],
          [
            78.204652,
            30.6290609
          ],
          [
            78.2050786,
            30.6292078
          ],
          [
            78.2052521,
            30.6291546
          ],
          [
            78.2054404,
            30.6289344
          ],
          [
            78.2056081,
            30.6287951
          ],
          [
            78.2057728,
            30.6287825
          ],
          [
            78.2059905,
            30.6287774
          ],
          [
            78.2061906,
            30.6287749
          ],
          [
            78.2064406,
            30.6288002
          ],
          [
            78.206673,
            30.6288458
          ],
          [
            78.2069289,
            30.6288281
          ],
          [
            78.2071878,
            30.6287724
          ],
          [
            78.2075644,
            30.6285395
          ],
          [
            78.2079733,
            30.6281522
          ],
          [
            78.2080939,
            30.6279775
          ],
          [
            78.2084028,
            30.6279016
          ],
          [
            78.2086028,
            30.6278737
          ],
          [
            78.2087911,
            30.6278383
          ],
          [
            78.2089147,
            30.6278256
          ],
          [
            78.20905,
            30.6278332
          ],
          [
            78.2092244,
            30.6279272
          ],
          [
            78.2097556,
            30.6280148
          ],
          [
            78.2101737,
            30.6278462
          ],
          [
            78.2105919,
            30.6278981
          ],
          [
            78.2111043,
            30.6275869
          ],
          [
            78.2112286,
            30.6272141
          ],
          [
            78.2110138,
            30.6268056
          ],
          [
            78.2112399,
            30.6262902
          ],
          [
            78.2114998,
            30.6261378
          ],
          [
            78.211545,
            30.6259725
          ],
          [
            78.2114433,
            30.6258039
          ],
          [
            78.2114207,
            30.6255964
          ],
          [
            78.2119255,
            30.6249383
          ],
          [
            78.2128975,
            30.624572
          ],
          [
            78.2128711,
            30.6242251
          ],
          [
            78.2123324,
            30.6237583
          ],
          [
            78.2119406,
            30.6233531
          ],
          [
            78.2118087,
            30.6228344
          ],
          [
            78.2120762,
            30.6221114
          ],
          [
            78.212517,
            30.6219493
          ],
          [
            78.2128523,
            30.6224745
          ],
          [
            78.2134588,
            30.6226431
          ],
          [
            78.2137414,
            30.6225556
          ],
          [
            78.2137074,
            30.6222508
          ],
          [
            78.2137941,
            30.621395
          ],
          [
            78.2142047,
            30.6210286
          ],
          [
            78.2152407,
            30.6210481
          ],
          [
            78.2156627,
            30.6205488
          ],
          [
            78.2157795,
            30.6201209
          ],
          [
            78.2162579,
            30.6197318
          ],
          [
            78.2163445,
            30.6196378
          ],
          [
            78.2167439,
            30.6196702
          ],
          [
            78.2170302,
            30.6193136
          ],
          [
            78.2174031,
            30.619171
          ],
          [
            78.2175953,
            30.6186263
          ],
          [
            78.2179155,
            30.6185842
          ],
          [
            78.2182244,
            30.6189019
          ],
          [
            78.2186267,
            30.6184758
          ],
          [
            78.2192769,
            30.6181773
          ],
          [
            78.2194503,
            30.6174259
          ],
          [
            78.2192212,
            30.6169409
          ],
          [
            78.2192955,
            30.6163599
          ],
          [
            78.2194379,
            30.6159016
          ],
          [
            78.2197786,
            30.6156884
          ],
          [
            78.2200629,
            30.6156213
          ],
          [
            78.2206388,
            30.6154561
          ],
          [
            78.2209587,
            30.615357
          ],
          [
            78.2214024,
            30.6154525
          ],
          [
            78.2220209,
            30.6153276
          ],
          [
            78.2224005,
            30.6152762
          ],
          [
            78.2226778,
            30.6157021
          ],
          [
            78.2232836,
            30.6157168
          ],
          [
            78.2235182,
            30.6151918
          ],
          [
            78.2236931,
            30.6143915
          ],
          [
            78.223885,
            30.6140978
          ],
          [
            78.2243841,
            30.6141088
          ],
          [
            78.2246315,
            30.6136499
          ],
          [
            78.2248406,
            30.6129928
          ],
          [
            78.2251818,
            30.6125816
          ],
          [
            78.2257492,
            30.6127321
          ],
          [
            78.2262141,
            30.6127284
          ],
          [
            78.226372,
            30.6125926
          ],
          [
            78.2260435,
            30.6123173
          ],
          [
            78.2258729,
            30.6120529
          ],
          [
            78.2260051,
            30.6116307
          ],
          [
            78.225907,
            30.6113113
          ],
          [
            78.2260051,
            30.6109479
          ],
          [
            78.2268412,
            30.6107937
          ],
          [
            78.2269564,
            30.6102136
          ],
          [
            78.2270374,
            30.6097914
          ],
          [
            78.2270118,
            30.6088626
          ],
          [
            78.2273446,
            30.6086423
          ],
          [
            78.2283641,
            30.6081503
          ],
          [
            78.2291618,
            30.6079117
          ],
          [
            78.229422,
            30.6075482
          ],
          [
            78.2305481,
            30.6065496
          ],
          [
            78.2311325,
            30.606377
          ],
          [
            78.2314354,
            30.6063586
          ],
          [
            78.2322886,
            30.6059364
          ],
          [
            78.2342679,
            30.6060576
          ],
          [
            78.2346134,
            30.6058556
          ],
          [
            78.2344812,
            30.6054885
          ],
          [
            78.2337816,
            30.6053747
          ],
          [
            78.2335811,
            30.6050553
          ],
          [
            78.2337389,
            30.6045706
          ],
          [
            78.234302,
            30.6039465
          ],
          [
            78.23476,
            30.6039444
          ],
          [
            78.2350954,
            30.6039428
          ],
          [
            78.2369852,
            30.6037078
          ],
          [
            78.2373989,
            30.6028046
          ],
          [
            78.2381241,
            30.6022649
          ],
          [
            78.2398262,
            30.6021474
          ],
          [
            78.240867,
            30.6019858
          ],
          [
            78.2412509,
            30.6013396
          ],
          [
            78.2417628,
            30.6011707
          ],
          [
            78.2417031,
            30.6009357
          ],
          [
            78.2409822,
            30.6007668
          ],
          [
            78.2408243,
            30.6004547
          ],
          [
            78.2412296,
            30.5999407
          ],
          [
            78.2415879,
            30.5997681
          ],
          [
            78.241669,
            30.599434
          ],
          [
            78.241413,
            30.5990374
          ],
          [
            78.241413,
            30.5987107
          ],
          [
            78.2416178,
            30.5983655
          ],
          [
            78.2418439,
            30.598024
          ],
          [
            78.2425477,
            30.5979726
          ],
          [
            78.243179,
            30.5975394
          ],
          [
            78.2428122,
            30.5969592
          ],
          [
            78.242761,
            30.5965223
          ],
          [
            78.2434819,
            30.596559
          ],
          [
            78.2441303,
            30.5964709
          ],
          [
            78.2441986,
            30.5962138
          ],
          [
            78.2432532,
            30.5955561
          ],
          [
            78.2432089,
            30.5953326
          ],
          [
            78.243499,
            30.5948919
          ],
          [
            78.2443052,
            30.5947451
          ],
          [
            78.2445142,
            30.5943155
          ],
          [
            78.244591,
            30.59375
          ],
          [
            78.2448725,
            30.5932212
          ],
          [
            78.2456574,
            30.5927549
          ],
          [
            78.2460925,
            30.5923656
          ],
          [
            78.2463613,
            30.5915211
          ],
          [
            78.2467025,
            30.5911686
          ],
          [
            78.247304,
            30.5909813
          ],
          [
            78.2476581,
            30.5906435
          ],
          [
            78.2478628,
            30.5900963
          ],
          [
            78.2480889,
            30.5896263
          ],
          [
            78.249134,
            30.5893949
          ],
          [
            78.2499531,
            30.5896263
          ],
          [
            78.2503882,
            30.589652
          ],
          [
            78.2516935,
            30.5890755
          ],
          [
            78.2523675,
            30.5888258
          ],
          [
            78.25305,
            30.5891783
          ],
          [
            78.253515,
            30.5893435
          ],
          [
            78.2541463,
            30.5890718
          ],
          [
            78.2547051,
            30.5886899
          ],
          [
            78.2555881,
            30.5887156
          ],
          [
            78.2563901,
            30.5890534
          ],
          [
            78.2570001,
            30.5887303
          ],
          [
            78.2578082,
            30.5883821
          ],
          [
            78.2589484,
            30.5888554
          ],
          [
            78.2594167,
            30.5878651
          ],
          [
            78.2607707,
            30.5881104
          ],
          [
            78.2610558,
            30.5885574
          ],
          [
            78.2613553,
            30.5886328
          ],
          [
            78.2615898,
            30.5886328
          ],
          [
            78.2618128,
            30.5886288
          ],
          [
            78.2619208,
            30.588615
          ],
          [
            78.2622266,
            30.5885517
          ],
          [
            78.2623485,
            30.5884685
          ],
          [
            78.262537,
            30.5883993
          ],
          [
            78.2627623,
            30.5884012
          ],
          [
            78.2629278,
            30.5885695
          ],
          [
            78.2629508,
            30.5886447
          ],
          [
            78.2629692,
            30.5887496
          ],
          [
            78.2629991,
            30.5888545
          ],
          [
            78.2630658,
            30.5889396
          ],
          [
            78.2631485,
            30.5889712
          ],
          [
            78.2632704,
            30.5889475
          ],
          [
            78.2633003,
            30.5888545
          ],
          [
            78.2634428,
            30.5887872
          ],
          [
            78.2635876,
            30.5887832
          ],
          [
            78.2639348,
            30.5885497
          ],
          [
            78.2642636,
            30.5884844
          ],
          [
            78.2643371,
            30.5884586
          ],
          [
            78.2643969,
            30.5884151
          ],
          [
            78.2645188,
            30.5882924
          ],
          [
            78.2645693,
            30.58814
          ],
          [
            78.2646728,
            30.5878788
          ],
          [
            78.2647969,
            30.5876452
          ],
          [
            78.2649234,
            30.5875601
          ],
          [
            78.2652108,
            30.5874928
          ],
          [
            78.2654269,
            30.5874948
          ],
          [
            78.2656499,
            30.587572
          ],
          [
            78.2658384,
            30.5876472
          ],
          [
            78.2661442,
            30.5876531
          ],
          [
            78.2664132,
            30.5876828
          ],
          [
            78.2667569,
            30.5878212
          ],
          [
            78.2669856,
            30.5878134
          ],
          [
            78.2671539,
            30.5877949
          ],
          [
            78.2672569,
            30.5876531
          ],
          [
            78.2672983,
            30.5875819
          ],
          [
            78.2673282,
            30.587475
          ],
          [
            78.2673328,
            30.5873642
          ],
          [
            78.2674178,
            30.5872593
          ],
          [
            78.267588,
            30.587283
          ],
          [
            78.2677121,
            30.5873404
          ],
          [
            78.2681452,
            30.5875461
          ],
          [
            78.2682838,
            30.5875751
          ],
          [
            78.2685499,
            30.587588
          ],
          [
            78.2687372,
            30.5875816
          ],
          [
            78.2688159,
            30.5874364
          ],
          [
            78.2688459,
            30.5873687
          ],
          [
            78.2689321,
            30.5872493
          ],
          [
            78.269082,
            30.5871106
          ],
          [
            78.2691232,
            30.5869913
          ],
          [
            78.2691232,
            30.5868622
          ],
          [
            78.2690932,
            30.5867332
          ],
          [
            78.2690782,
            30.5865655
          ],
          [
            78.2691532,
            30.5863881
          ],
          [
            78.2692393,
            30.5860687
          ],
          [
            78.2691269,
            30.5857848
          ],
          [
            78.2691194,
            30.585601
          ],
          [
            78.2692019,
            30.5853977
          ],
          [
            78.269393,
            30.5852203
          ],
          [
            78.2695578,
            30.5850687
          ],
          [
            78.2697714,
            30.5849881
          ],
          [
            78.2698913,
            30.5849687
          ],
          [
            78.2700113,
            30.5849171
          ],
          [
            78.2701199,
            30.5848139
          ],
          [
            78.2702548,
            30.5846977
          ],
          [
            78.2704122,
            30.5845655
          ],
          [
            78.2705846,
            30.5844461
          ],
          [
            78.2711429,
            30.5841203
          ],
          [
            78.2719694,
            30.5836687
          ],
          [
            78.2722992,
            30.5835042
          ],
          [
            78.2724528,
            30.5834268
          ],
          [
            78.2726121,
            30.5833155
          ],
          [
            78.2726327,
            30.583251
          ],
          [
            78.2725259,
            30.5829316
          ],
          [
            78.2724603,
            30.5828171
          ],
          [
            78.2724603,
            30.58273
          ],
          [
            78.272479,
            30.5825284
          ],
          [
            78.2724247,
            30.5823913
          ],
          [
            78.2724378,
            30.5823139
          ],
          [
            78.2724884,
            30.5822348
          ],
          [
            78.2726907,
            30.5821735
          ],
          [
            78.2735413,
            30.5819671
          ],
          [
            78.2738336,
            30.5818284
          ],
          [
            78.2740622,
            30.5817026
          ],
          [
            78.274212,
            30.5814122
          ],
          [
            78.2745104,
            30.5809157
          ],
          [
            78.2746603,
            30.5807676
          ],
          [
            78.2747905,
            30.5806957
          ],
          [
            78.2749306,
            30.5806343
          ],
          [
            78.2750657,
            30.580611
          ],
          [
            78.2752082,
            30.5806872
          ],
          [
            78.2753163,
            30.5808226
          ],
          [
            78.2753483,
            30.5809411
          ],
          [
            78.2754171,
            30.581032
          ],
          [
            78.2754834,
            30.5810743
          ],
          [
            78.2756456,
            30.5810891
          ],
          [
            78.2759036,
            30.5809368
          ],
          [
            78.2760535,
            30.5807718
          ],
          [
            78.2762157,
            30.5804164
          ],
          [
            78.276282,
            30.5797247
          ],
          [
            78.2762378,
            30.5795046
          ],
          [
            78.2762575,
            30.5791577
          ],
          [
            78.2763754,
            30.5790244
          ],
          [
            78.2765671,
            30.578906
          ],
          [
            78.2767637,
            30.5787727
          ],
          [
            78.2768226,
            30.5786923
          ],
          [
            78.2769283,
            30.5784807
          ],
          [
            78.2769135,
            30.5783496
          ],
          [
            78.2768742,
            30.5781719
          ],
          [
            78.2768767,
            30.5778355
          ],
          [
            78.2773651,
            30.5773652
          ],
          [
            78.2780065,
            30.5771987
          ],
          [
            78.2787802,
            30.5770409
          ],
          [
            78.2795437,
            30.5766991
          ],
          [
            78.2797066,
            30.5764712
          ],
          [
            78.2795539,
            30.5761644
          ],
          [
            78.280857,
            30.5756473
          ],
          [
            78.2826081,
            30.575735
          ],
          [
            78.2838399,
            30.5761469
          ],
          [
            78.2843693,
            30.5761119
          ],
          [
            78.284461,
            30.5758927
          ],
          [
            78.284522,
            30.5752792
          ],
          [
            78.2848376,
            30.5751828
          ],
          [
            78.2852041,
            30.5756648
          ],
          [
            78.2860084,
            30.5755246
          ],
          [
            78.2861917,
            30.5752091
          ],
          [
            78.2859473,
            30.5748497
          ],
          [
            78.2866803,
            30.5743588
          ],
          [
            78.2869043,
            30.5739118
          ],
          [
            78.2871079,
            30.5734122
          ],
          [
            78.2875355,
            30.5730353
          ],
          [
            78.2874948,
            30.5725707
          ],
          [
            78.2876373,
            30.5722902
          ],
          [
            78.2882787,
            30.5719834
          ],
          [
            78.289083,
            30.5716767
          ],
          [
            78.2903759,
            30.5716065
          ],
          [
            78.290101,
            30.5712997
          ],
          [
            78.2898355,
            30.5708116
          ],
          [
            78.2900807,
            30.5702303
          ],
          [
            78.2910747,
            30.5702489
          ],
          [
            78.2923815,
            30.5702566
          ],
          [
            78.2932366,
            30.5699761
          ],
          [
            78.2936744,
            30.5699761
          ],
          [
            78.2944278,
            30.5694853
          ],
          [
            78.2954255,
            30.5692661
          ],
          [
            78.296189,
            30.5694414
          ],
          [
            78.2963817,
            30.5693055
          ],
          [
            78.2966675,
            30.569196
          ],
          [
            78.2968202,
            30.568898
          ],
          [
            78.2966268,
            30.5685736
          ],
          [
            78.2975838,
            30.5675042
          ],
          [
            78.2979401,
            30.5671799
          ],
          [
            78.2981335,
            30.5668029
          ],
          [
            78.2989887,
            30.5661104
          ],
          [
            78.2994468,
            30.5654442
          ],
          [
            78.30019,
            30.5646465
          ],
          [
            78.301147,
            30.564629
          ],
          [
            78.3026232,
            30.5640592
          ],
          [
            78.3029082,
            30.5637611
          ],
          [
            78.3027962,
            30.562604
          ],
          [
            78.3030202,
            30.562306
          ],
          [
            78.3038245,
            30.5621306
          ],
          [
            78.3039568,
            30.5618326
          ],
          [
            78.3036107,
            30.5615521
          ],
          [
            78.3032849,
            30.5613943
          ],
          [
            78.3032136,
            30.5607543
          ],
          [
            78.3037023,
            30.5606754
          ],
          [
            78.3044862,
            30.5608858
          ],
          [
            78.3053617,
            30.5605614
          ],
          [
            78.305433,
            30.559904
          ],
          [
            78.3066343,
            30.559641
          ],
          [
            78.3069194,
            30.559527
          ],
          [
            78.3071433,
            30.5589572
          ],
          [
            78.3068685,
            30.5581769
          ],
          [
            78.3072757,
            30.5576246
          ],
          [
            78.3081105,
            30.5573792
          ],
          [
            78.3084261,
            30.5572301
          ],
          [
            78.3079781,
            30.5565288
          ],
          [
            78.3080102,
            30.5563286
          ],
          [
            78.3080596,
            30.5560203
          ],
          [
            78.3085177,
            30.5550209
          ],
          [
            78.308701,
            30.5540741
          ],
          [
            78.3094951,
            30.5536533
          ],
          [
            78.3097699,
            30.5534516
          ],
          [
            78.3097801,
            30.5531974
          ],
          [
            78.3105335,
            30.5527415
          ],
          [
            78.3108593,
            30.5528467
          ],
          [
            78.3115515,
            30.5517595
          ],
          [
            78.3115617,
            30.5513913
          ],
          [
            78.3119995,
            30.5512423
          ],
          [
            78.3130684,
            30.5519174
          ],
          [
            78.3143906,
            30.551742
          ],
          [
            78.315826,
            30.5518122
          ],
          [
            78.3170884,
            30.5519875
          ],
          [
            78.3180149,
            30.5516017
          ],
          [
            78.3189922,
            30.5516017
          ],
          [
            78.320448,
            30.5522593
          ],
          [
            78.3213948,
            30.5525311
          ],
          [
            78.3224129,
            30.5530396
          ],
          [
            78.3228303,
            30.5535656
          ],
          [
            78.3226165,
            30.5541004
          ],
          [
            78.3237364,
            30.5548982
          ],
          [
            78.3244796,
            30.5557573
          ],
          [
            78.3257725,
            30.5569321
          ],
          [
            78.3270756,
            30.557686
          ],
          [
            78.327264,
            30.5574438
          ],
          [
            78.3276783,
            30.5575324
          ],
          [
            78.3280544,
            30.5576412
          ],
          [
            78.3284775,
            30.5579094
          ],
          [
            78.3286655,
            30.5582206
          ],
          [
            78.3291063,
            30.5583927
          ],
          [
            78.3298379,
            30.5592757
          ],
          [
            78.3302287,
            30.5598146
          ],
          [
            78.3308399,
            30.560098
          ],
          [
            78.3309427,
            30.5601815
          ],
          [
            78.3308105,
            30.5602852
          ],
          [
            78.3311454,
            30.5606141
          ],
          [
            78.3315538,
            30.5608646
          ],
          [
            78.3320005,
            30.5610063
          ],
          [
            78.3323002,
            30.5614769
          ],
          [
            78.3325272,
            30.5615709
          ],
          [
            78.3326252,
            30.5619569
          ],
          [
            78.3325951,
            30.5624532
          ],
          [
            78.3331752,
            30.5626122
          ],
          [
            78.3339297,
            30.5626298
          ]
        ]
      }
    },
    {
      "type": "Feature",
      "properties": {
        "name": "River",
        "waterway": "river",
        "source": "OpenStreetMap"
      },
      "geometry": {
        "type": "LineString",
        "coordinates": [
          [
            78.3736417,
            30.2623798
          ],
          [
            78.3741153,
            30.2619085
          ],
          [
            78.3745485,
            30.2612688
          ],
          [
            78.3747441,
            30.260951
          ],
          [
            78.3750095,
            30.2610315
          ],
          [
            78.3754846,
            30.2609108
          ],
          [
            78.3758479,
            30.2608263
          ],
          [
            78.3759599,
            30.2607974
          ]
        ]
      }
    }
  ]
}