{
  "type": "FeatureCollection",
  "features": [
    {
      "type": "Feature",
      "properties": {
        "depth_band": "0.1 - 0.5",
        "min_depth": 0.1,
        "max_depth": 0.5,
        "max_depth_m": 33.9,
        "avg_depth_m": 16.9,
        "hazard_level": "Moderate",
        "zone": "reservoir",
        "timestep_min": 0
      },
      "geometry": {
        "type": "Polygon",
        "coordinates": [
          [
            [
              76.38999166815711,
              31.458085510794213
            ],
            [
              76.38846908947566,
              31.459608089475655
            ],
            [
              76.38391208947566,
              31.46416508947567
            ],
            [
              76.38322669128502,
              31.46492130984471
            ],
            [
              76.38261871603204,
              31.465741069576605
            ],
            [
              76.38209401885078,
              31.46661647393702
            ],
            [
              76.38165765286188,
              31.467539092303415
            ],
            [
              76.38131382050838,
              31.468500039356567
            ],
            [
              76.38106583308381,
              31.469490060651044
            ],
            [
              76.3809160788426,
              31.470499621740586
            ],
            [
              76.380866,
              31.47151900000001
            ],
            [
              76.38091607884262,
              31.47253837825944
            ],
            [
              76.38106583308381,
              31.47354793934898
            ],
            [
              76.3813138205084,
              31.47453796064346
            ],
            [
              76.38165765286189,
              31.475498907696608
            ],
            [
              76.38209401885078,
              31.476421526063003
            ],
            [
              76.38261871603206,
              31.477296930423414
            ],
            [
              76.38322669128503,
              31.47811669015531
            ],
            [
              76.38391208947567,
              31.47887291052435
            ],
            [
              76.38466830984471,
              31.47955830871498
            ],
            [
              76.38548806957661,
              31.480166283967954
            ],
            [
              76.38636347393702,
              31.48069098114923
            ],
            [
              76.38728609230341,
              31.481127347138123
            ],
            [
              76.38824703935657,
              31.48147117949162
            ],
            [
              76.38923706065104,
              31.481719166916196
            ],
            [
              76.39024662174059,
              31.481868921157393
            ],
            [
              76.39126600000002,
              31.481919
            ],
            [
              76.39228537825944,
              31.48186892115739
            ],
            [
              76.39329493934898,
              31.481719166916193
            ],
            [
              76.39428496064346,
              31.481471179491614
            ],
            [
              76.3952459076966,
              31.481127347138113
            ],
            [
              76.39616852606301,
              31.480690981149216
            ],
            [
              76.39704393042342,
              31.48016628396794
            ],
            [
              76.39786369015532,
              31.479558308714964
            ],
            [
              76.39861991052435,
              31.47887291052433
            ],
            [
              76.40317691052434,
              31.474315910524336
            ],
            [
              76.40773391052433,
              31.469758910524344
            ],
            [
              76.40924482104869,
              31.468248
            ],
            [
              76.414051,
              31.468248
            ],
            [
              76.41507037825943,
              31.46819792115739
            ],
            [
              76.41607993934898,
              31.46804816691619
            ],
            [
              76.41706996064345,
              31.467800179491615
            ],
            [
              76.4180309076966,
              31.467456347138114
            ],
            [
              76.41895352606299,
              31.46701998114922
            ],
            [
              76.4198289304234,
              31.466495283967944
            ],
            [
              76.4206486901553,
              31.465887308714972
            ],
            [
              76.42140491052434,
              31.46520191052434
            ],
            [
              76.42209030871497,
              31.4644456901553
            ],
            [
              76.42269828396795,
              31.4636259304234
            ],
            [
              76.42322298114922,
              31.46275052606299
            ],
            [
              76.42365934713811,
              31.461827907696595
            ],
            [
              76.42400317949162,
              31.460866960643443
            ],
            [
              76.42425116691619,
              31.459876939348966
            ],
            [
              76.42440092115739,
              31.458867378259427
            ],
            [
              76.424451,
              31.457848
            ],
            [
              76.424451,
              31.45304182104869
            ],
            [
              76.42596191052435,
              31.451530910524344
            ],
            [
              76.42664730871498,
              31.450774690155303
            ],
            [
              76.42725528396795,
              31.449954930423402
            ],
            [
              76.42777998114923,
              31.44907952606299
            ],
            [
              76.42821634713812,
              31.448156907696596
            ],
            [
              76.42856017949163,
              31.447195960643445
            ],
            [
              76.4288081669162,
              31.446205939348967
            ],
            [
              76.42895792115739,
              31.44519637825943
            ],
            [
              76.42900800000001,
              31.444177
            ],
            [
              76.42895792115739,
              31.44315762174057
            ],
            [
              76.4288081669162,
              31.442148060651032
            ],
            [
              76.42856017949163,
              31.441158039356555
            ],
            [
              76.42821634713812,
              31.440197092303404
            ],
            [
              76.4282052312712,
              31.440173589777476
            ],
            [
              76.43051891052434,
              31.437859910524335
            ],
            [
              76.43507591052435,
              31.433302910524343
            ],
            [
              76.43963271744929,
              31.428745103510845
            ],
            [
              76.44031794216622,
              31.427988918217164
            ],
            [
              76.4409257594624,
              31.42716921873227
            ],
            [
              76.44145031735927,
              31.426293897006335
            ],
            [
              76.44188656548795,
              31.42537138051256
            ],
            [
              76.44223030371343,
              31.42441055110865
            ],
            [
              76.44247822257293,
              31.42342065952359
            ],
            [
              76.44262793513889,
              31.422411236292895
            ],
            [
              76.442678,
              31.421392
            ],
            [
              76.442678,
              31.416835
            ],
            [
              76.44262793513889,
              31.415815763707105
            ],
            [
              76.44247822257293,
              31.41480634047641
            ],
            [
              76.44223030371343,
              31.41381644889135
            ],
            [
              76.44188656548795,
              31.41285561948744
            ],
            [
              76.44145031735927,
              31.411933102993665
            ],
            [
              76.4409257594624,
              31.41105778126773
            ],
            [
              76.44031794216622,
              31.410238081782836
            ],
            [
              76.43963271744929,
              31.409481896489154
            ],
            [
              76.43507671744929,
              31.404924896489156
            ],
            [
              76.43432057229585,
              31.40423941532006
            ],
            [
              76.43350087928404,
              31.403631350115766
            ],
            [
              76.43262553250567,
              31.403106556876597
            ],
            [
              76.43170296202874,
              31.40267008964833
            ],
            [
              76.43074205271125,
              31.402326151848964
            ],
            [
              76.42975205863522,
              31.402078055787527
            ],
            [
              76.42874251398479,
              31.401928190764714
            ],
            [
              76.42772314122682,
              31.401878000062617
            ],
            [
              76.42670375747821,
              31.401927967045136
            ],
            [
              76.42569417996171,
              31.40207761050291
            ],
            [
              76.4247041314607,
              31.402325489287648
            ],
            [
              76.42374314668346,
              31.402669216191136
            ],
            [
              76.42282048043873,
              31.4031054809354
            ],
            [
              76.4219450185068,
              31.40363008205247
            ],
            [
              76.42112519206468,
              31.404237967346802
            ],
            [
              76.42036889648917,
              31.404923282550715
            ],
            [
              76.41968341532007,
              31.40567942770416
            ],
            [
              76.41907535011576,
              31.406499120715964
            ],
            [
              76.4185505568766,
              31.40737446749433
            ],
            [
              76.41811408964833,
              31.408297037971266
            ],
            [
              76.41777015184897,
              31.409257947288758
            ],
            [
              76.41752205578753,
              31.410247941364783
            ],
            [
              76.41737219076471,
              31.411257486015213
            ],
            [
              76.41732200006261,
              31.412276858773183
            ],
            [
              76.41737196704514,
              31.413296242521792
            ],
            [
              76.41752161050292,
              31.41430582003829
            ],
            [
              76.41776948928765,
              31.415295868539296
            ],
            [
              76.41811321619114,
              31.416256853316536
            ],
            [
              76.41854948093541,
              31.417179519561277
            ],
            [
              76.41907408205248,
              31.4180549814932
            ],
            [
              76.4196819673468,
              31.41887480793532
            ],
            [
              76.41987516416344,
              31.41908801478787
            ],
            [
              76.41581108947565,
              31.423152089475657
            ],
            [
              76.41125408947566,
              31.427709089475666
            ],
            [
              76.40973151079422,
              31.429231668157108
            ],
            [
              76.40949399999998,
              31.42922
            ],
            [
              76.40847462174055,
              31.429270078842613
            ],
            [
              76.40746506065102,
              31.42941983308381
            ],
            [
              76.40647503935654,
              31.42966782050839
            ],
            [
              76.40551409230339,
              31.430011652861886
            ],
            [
              76.404591473937,
              31.430448018850782
            ],
            [
              76.40371606957659,
              31.43097271603206
            ],
            [
              76.40289630984469,
              31.431580691285035
            ],
            [
              76.40214008947565,
              31.432266089475668
            ],
            [
              76.39758308947566,
              31.436823089475666
            ],
            [
              76.39302608947565,
              31.441380089475658
            ],
            [
              76.39234069128503,
              31.4421363098447
            ],
            [
              76.39173271603205,
              31.4429560695766
            ],
            [
              76.39120801885078,
              31.44383147393701
            ],
            [
              76.39077165286189,
              31.444754092303405
            ],
            [
              76.39042782050838,
              31.445715039356557
            ],
            [
              76.3901798330838,
              31.446705060651034
            ],
            [
              76.39003007884261,
              31.447714621740573
            ],
            [
              76.38998,
              31.448734
            ],
            [
              76.38998,
              31.457848
            ],
            [
              76.38999166815711,
              31.458085510794213
            ]
          ]
        ]
      }
    },
    {
      "type": "Feature",
      "properties": {
        "depth_band": "0.5 - 1.0",
        "min_depth": 0.5,
        "max_depth": 1.0,
        "max_depth_m": 33.9,
        "avg_depth_m": 16.9,
        "hazard_level": "Moderate",
        "zone": "reservoir",
        "timestep_min": 0
      },
      "geometry": {
        "type": "Polygon",
        "coordinates": [
          [
            [
              76.39323747851466,
              31.45925204675125
            ],
            [
              76.39067526263295,
              31.461814262632956
            ],
            [
              76.38611826263296,
              31.46637126263297
            ],
            [
              76.38563848389951,
              31.466900616891294
            ],
            [
              76.38521290122243,
              31.467474448703626
            ],
            [
              76.38484561319554,
              31.468087231755916
            ],
            [
              76.38454015700331,
              31.46873306461239
            ],
            [
              76.38429947435587,
              31.469405727549596
            ],
            [
              76.38412588315866,
              31.470098742455733
            ],
            [
              76.38402105518983,
              31.47080543521841
            ],
            [
              76.38398600000001,
              31.471519000000008
            ],
            [
              76.38402105518983,
              31.47223256478161
            ],
            [
              76.38412588315867,
              31.472939257544287
            ],
            [
              76.38429947435587,
              31.47363227245042
            ],
            [
              76.38454015700333,
              31.474304935387625
            ],
            [
              76.38484561319555,
              31.474950768244103
            ],
            [
              76.38521290122245,
              31.47556355129639
            ],
            [
              76.38563848389953,
              31.476137383108718
            ],
            [
              76.38611826263298,
              31.476666737367044
            ],
            [
              76.3866476168913,
              31.477146516100486
            ],
            [
              76.38722144870363,
              31.477572098777568
            ],
            [
              76.38783423175592,
              31.47793938680446
            ],
            [
              76.3884800646124,
              31.478244842996688
            ],
            [
              76.3891527275496,
              31.478485525644135
            ],
            [
              76.38984574245573,
              31.47865911684134
            ],
            [
              76.39055243521841,
              31.478763944810176
            ],
            [
              76.39126600000002,
              31.478799000000002
            ],
            [
              76.39197956478161,
              31.478763944810172
            ],
            [
              76.39268625754428,
              31.478659116841335
            ],
            [
              76.39337927245042,
              31.47848552564413
            ],
            [
              76.39405193538762,
              31.47824484299668
            ],
            [
              76.3946977682441,
              31.477939386804454
            ],
            [
              76.39531055129639,
              31.477572098777557
            ],
            [
              76.39588438310872,
              31.477146516100476
            ],
            [
              76.39641373736704,
              31.476666737367033
            ],
            [
              76.40097073736703,
              31.47210973736703
            ],
            [
              76.40552773736704,
              31.467552737367043
            ],
            [
              76.40795247473407,
              31.465128
            ],
            [
              76.414051,
              31.465128
            ],
            [
              76.4147645647816,
              31.465092944810173
            ],
            [
              76.41547125754428,
              31.464988116841333
            ],
            [
              76.41616427245042,
              31.46481452564413
            ],
            [
              76.41683693538762,
              31.464573842996682
            ],
            [
              76.4174827682441,
              31.464268386804456
            ],
            [
              76.41809555129639,
              31.463901098777562
            ],
            [
              76.4186693831087,
              31.46347551610048
            ],
            [
              76.41919873736704,
              31.462995737367038
            ],
            [
              76.41967851610048,
              31.46246638310871
            ],
            [
              76.42010409877756,
              31.46189255129638
            ],
            [
              76.42047138680445,
              31.461279768244093
            ],
            [
              76.42077684299669,
              31.460633935387616
            ],
            [
              76.42101752564413,
              31.45996127245041
            ],
            [
              76.42119111684134,
              31.459268257544277
            ],
            [
              76.42129594481017,
              31.458561564781597
            ],
            [
              76.421331,
              31.457848
            ],
            [
              76.421331,
              31.451749474734086
            ],
            [
              76.42375573736705,
              31.44932473736704
            ],
            [
              76.42423551610048,
              31.44879538310871
            ],
            [
              76.42466109877756,
              31.44822155129638
            ],
            [
              76.42502838680446,
              31.447608768244095
            ],
            [
              76.4253338429967,
              31.446962935387617
            ],
            [
              76.42557452564414,
              31.446290272450412
            ],
            [
              76.42574811684135,
              31.44559725754428
            ],
            [
              76.42585294481017,
              31.4448905647816
            ],
            [
              76.425888,
              31.444177
            ],
            [
              76.42585294481017,
              31.4434634352184
            ],
            [
              76.42574811684135,
              31.44275674245572
            ],
            [
              76.42557452564414,
              31.442063727549588
            ],
            [
              76.4253338429967,
              31.441391064612382
            ],
            [
              76.42502838680446,
              31.440745231755905
            ],
            [
              76.42466109877756,
              31.44013244870362
            ],
            [
              76.42430890473037,
              31.439657570003718
            ],
            [
              76.42831273736704,
              31.435653737367034
            ],
            [
              76.43286973736704,
              31.43109673736704
            ],
            [
              76.43742630221449,
              31.42653917245759
            ],
            [
              76.43790595951634,
              31.426009842752016
            ],
            [
              76.43833143162367,
              31.425436053112595
            ],
            [
              76.43869862215149,
              31.424823327904438
            ],
            [
              76.43900399584156,
              31.424177566358793
            ],
            [
              76.4392446125994,
              31.423504985776056
            ],
            [
              76.43941815580105,
              31.422812061666512
            ],
            [
              76.43952295459722,
              31.42210546540503
            ],
            [
              76.43955799999999,
              31.421392
            ],
            [
              76.43955799999999,
              31.416835
            ],
            [
              76.43952295459722,
              31.41612153459497
            ],
            [
              76.43941815580105,
              31.415414938333488
            ],
            [
              76.4392446125994,
              31.414722014223944
            ],
            [
              76.43900399584156,
              31.414049433641207
            ],
            [
              76.43869862215149,
              31.413403672095562
            ],
            [
              76.43833143162367,
              31.412790946887405
            ],
            [
              76.43790595951634,
              31.412217157247984
            ],
            [
              76.43742630221449,
              31.41168782754241
            ],
            [
              76.4328703022145,
              31.40713082754241
            ],
            [
              76.4323410006071,
              31.406650990724042
            ],
            [
              76.43176721549882,
              31.406225345081037
            ],
            [
              76.43115447275397,
              31.40585798981362
            ],
            [
              76.43050867342012,
              31.40555246275383
            ],
            [
              76.42983603689787,
              31.405311706294274
            ],
            [
              76.42914304104465,
              31.40513803905127
            ],
            [
              76.42843635978936,
              31.405033133535298
            ],
            [
              76.42772279885878,
              31.404998000043832
            ],
            [
              76.42700923023475,
              31.405032976931594
            ],
            [
              76.4263025259732,
              31.405137727352038
            ],
            [
              76.42560949202249,
              31.40531124250135
            ],
            [
              76.42493680267843,
              31.405551851333797
            ],
            [
              76.42429093630712,
              31.405857236654782
            ],
            [
              76.42367811295476,
              31.40622445743673
            ],
            [
              76.42310423444528,
              31.406649977142763
            ],
            [
              76.42257482754242,
              31.4071296977855
            ],
            [
              76.42209499072405,
              31.407658999392915
            ],
            [
              76.42166934508104,
              31.408232784501177
            ],
            [
              76.42130198981361,
              31.40884552724603
            ],
            [
              76.42099646275383,
              31.409491326579886
            ],
            [
              76.42075570629427,
              31.41016396310213
            ],
            [
              76.42058203905127,
              31.41085695895535
            ],
            [
              76.4204771335353,
              31.411563640210648
            ],
            [
              76.42044200004383,
              31.41227720114123
            ],
            [
              76.4204769769316,
              31.412990769765255
            ],
            [
              76.42058172735204,
              31.4136974740268
            ],
            [
              76.42075524250136,
              31.414390507977508
            ],
            [
              76.4209958513338,
              31.415063197321576
            ],
            [
              76.42130123665478,
              31.415709063692894
            ],
            [
              76.42166845743672,
              31.41632188704524
            ],
            [
              76.42209397714277,
              31.416895765554724
            ],
            [
              76.42257369778551,
              31.41742517245759
            ],
            [
              76.4242616548369,
              31.4191135
            ],
            [
              76.42257398023406,
              31.42080154503186
            ],
            [
              76.41801726263296,
              31.42535826263296
            ],
            [
              76.41346026263297,
              31.429915262632967
            ],
            [
              76.41089804675126,
              31.432477478514677
            ],
            [
              76.41020756478159,
              31.432375055189826
            ],
            [
              76.409494,
              31.43234
            ],
            [
              76.40878043521839,
              31.43237505518983
            ],
            [
              76.40807374245571,
              31.432479883158667
            ],
            [
              76.40738072754958,
              31.432653474355874
            ],
            [
              76.40670806461237,
              31.43289415700332
            ],
            [
              76.4060622317559,
              31.433199613195548
            ],
            [
              76.4054494487036,
              31.43356690122244
            ],
            [
              76.40487561689127,
              31.433992483899523
            ],
            [
              76.40434626263296,
              31.43447226263297
            ],
            [
              76.39978926263296,
              31.439029262632967
            ],
            [
              76.39523226263296,
              31.443586262632962
            ],
            [
              76.39475248389952,
              31.444115616891292
            ],
            [
              76.39432690122244,
              31.44468944870362
            ],
            [
              76.39395961319555,
              31.445302231755907
            ],
            [
              76.39365415700331,
              31.445948064612384
            ],
            [
              76.39341347435587,
              31.44662072754959
            ],
            [
              76.39323988315866,
              31.447313742455723
            ],
            [
              76.39313505518983,
              31.448020435218403
            ],
            [
              76.3931,
              31.448734
            ],
            [
              76.3931,
              31.457848
            ],
            [
              76.39313505518983,
              31.458561564781597
            ],
            [
              76.39323747851466,
              31.45925204675125
            ]
          ]
        ]
      }
    },
    {
      "type": "Feature",
      "properties": {
        "depth_band": "1.0 - 2.0",
        "min_depth": 1.0,
        "max_depth": 2.0,
        "max_depth_m": 33.9,
        "avg_depth_m": 16.9,
        "hazard_level": "Moderate",
        "zone": "reservoir",
        "timestep_min": 0
      },
      "geometry": {
        "type": "Polygon",
        "coordinates": [
          [
            [
              76.39620756989436,
              31.459958910633734
            ],
            [
              76.39251374026404,
              31.463652740264042
            ],
            [
              76.38795674026404,
              31.46820974026405
            ],
            [
              76.38764831107827,
              31.46855003943012
            ],
            [
              76.38737472221442,
              31.468918931309474
            ],
            [
              76.38713860848284,
              31.46931286327166
            ],
            [
              76.38694224378784,
              31.469728041536538
            ],
            [
              76.38678751922878,
              31.470160467710453
            ],
            [
              76.38667592488771,
              31.47060597729297
            ],
            [
              76.38660853547917,
              31.471060279783263
            ],
            [
              76.38658600000001,
              31.471519000000008
            ],
            [
              76.38660853547917,
              31.47197772021675
            ],
            [
              76.38667592488771,
              31.472432022707043
            ],
            [
              76.38678751922878,
              31.472877532289555
            ],
            [
              76.38694224378786,
              31.473309958463474
            ],
            [
              76.38713860848286,
              31.47372513672835
            ],
            [
              76.38737472221443,
              31.474119068690538
            ],
            [
              76.38764831107827,
              31.474487960569892
            ],
            [
              76.38795674026406,
              31.474828259735958
            ],
            [
              76.38829703943011,
              31.47513668892174
            ],
            [
              76.38866593130948,
              31.47541027778558
            ],
            [
              76.38905986327165,
              31.475646391517152
            ],
            [
              76.38947504153654,
              31.475842756212156
            ],
            [
              76.38990746771046,
              31.47599748077123
            ],
            [
              76.39035297729298,
              31.476109075112287
            ],
            [
              76.39080727978326,
              31.476176464520826
            ],
            [
              76.391266,
              31.476199
            ],
            [
              76.39172472021674,
              31.476176464520826
            ],
            [
              76.39217902270704,
              31.476109075112287
            ],
            [
              76.39262453228956,
              31.475997480771227
            ],
            [
              76.39305695846348,
              31.475842756212153
            ],
            [
              76.39347213672835,
              31.47564639151715
            ],
            [
              76.39386606869054,
              31.475410277785574
            ],
            [
              76.39423496056989,
              31.475136688921737
            ],
            [
              76.39457525973596,
              31.47482825973595
            ],
            [
              76.39913225973595,
              31.47027125973595
            ],
            [
              76.40368925973596,
              31.465714259735957
            ],
            [
              76.40687551947191,
              31.462528
            ],
            [
              76.414051,
              31.462528
            ],
            [
              76.41450972021674,
              31.462505464520824
            ],
            [
              76.41496402270704,
              31.462438075112285
            ],
            [
              76.41540953228956,
              31.462326480771225
            ],
            [
              76.41584195846347,
              31.46217175621215
            ],
            [
              76.41625713672835,
              31.46197539151715
            ],
            [
              76.41665106869053,
              31.461739277785576
            ],
            [
              76.41701996056989,
              31.461465688921734
            ],
            [
              76.41736025973596,
              31.461157259735952
            ],
            [
              76.41766868892174,
              31.460816960569883
            ],
            [
              76.41794227778557,
              31.460448068690532
            ],
            [
              76.41817839151715,
              31.460054136728345
            ],
            [
              76.41837475621216,
              31.45963895846347
            ],
            [
              76.41852948077123,
              31.45920653228955
            ],
            [
              76.41864107511229,
              31.458761022707034
            ],
            [
              76.41870846452083,
              31.45830672021674
            ],
            [
              76.418731,
              31.457848
            ],
            [
              76.418731,
              31.45067251947192
            ],
            [
              76.42191725973596,
              31.447486259735953
            ],
            [
              76.42222568892174,
              31.447145960569884
            ],
            [
              76.42249927778559,
              31.44677706869053
            ],
            [
              76.42273539151715,
              31.446383136728343
            ],
            [
              76.42293175621217,
              31.445967958463466
            ],
            [
              76.42308648077123,
              31.445535532289547
            ],
            [
              76.4231980751123,
              31.445090022707035
            ],
            [
              76.42326546452084,
              31.44463572021674
            ],
            [
              76.423288,
              31.444177
            ],
            [
              76.42326546452084,
              31.443718279783255
            ],
            [
              76.4231980751123,
              31.44326397729296
            ],
            [
              76.42308648077123,
              31.44281846771045
            ],
            [
              76.42293175621217,
              31.44238604153653
            ],
            [
              76.42273539151715,
              31.441970863271653
            ],
            [
              76.42249927778558,
              31.441576931309466
            ],
            [
              76.42222568892174,
              31.441208039430112
            ],
            [
              76.42191725973596,
              31.440867740264046
            ],
            [
              76.4215769605699,
              31.44055931107826
            ],
            [
              76.42120806869053,
              31.440285722214423
            ],
            [
              76.42081413672835,
              31.44004960848285
            ],
            [
              76.42042429323129,
              31.439865226240627
            ],
            [
              76.42191725973596,
              31.438372259735953
            ],
            [
              76.42647425973595,
              31.43381525973595
            ],
            [
              76.43103125973596,
              31.429258259735953
            ],
            [
              76.43558762285218,
              31.424700896579882
            ],
            [
              76.4358959739748,
              31.42436061319772
            ],
            [
              76.43616949175808,
              31.423991748429522
            ],
            [
              76.43640554281167,
              31.42359785365285
            ],
            [
              76.43660185446957,
              31.42318272123065
            ],
            [
              76.43675653667104,
              31.422750347998893
            ],
            [
              76.43686810015781,
              31.422304896785615
            ],
            [
              76.4369354708125,
              31.421850656331802
            ],
            [
              76.43695799999999,
              31.421392
            ],
            [
              76.43695799999999,
              31.416835
            ],
            [
              76.4369354708125,
              31.416376343668198
            ],
            [
              76.43686810015781,
              31.415922103214385
            ],
            [
              76.43675653667104,
              31.415476652001107
            ],
            [
              76.43660185446957,
              31.41504427876935
            ],
            [
              76.43640554281167,
              31.41462914634715
            ],
            [
              76.43616949175808,
              31.414235251570478
            ],
            [
              76.4358959739748,
              31.41386638680228
            ],
            [
              76.43558762285218,
              31.413526103420118
            ],
            [
              76.43103162285219,
              31.40896910342012
            ],
            [
              76.43069135753314,
              31.408660636894027
            ],
            [
              76.43032249567781,
              31.408387007552093
            ],
            [
              76.42992858962755,
              31.40815085059447
            ],
            [
              76.42951343291293,
              31.407954440341747
            ],
            [
              76.42908102372006,
              31.407799668332032
            ],
            [
              76.42863552638585,
              31.407688025104388
            ],
            [
              76.42818123129315,
              31.40762058584412
            ],
            [
              76.42772251355207,
              31.407598000028177
            ],
            [
              76.4272637908652,
              31.407620485170312
            ],
            [
              76.42680948098277,
              31.40768782472631
            ],
            [
              76.42636395915731,
              31.40779937017944
            ],
            [
              76.42593151600757,
              31.40795404728601
            ],
            [
              76.42551631619743,
              31.40815036642093
            ],
            [
              76.42512235832807,
              31.40838643692361
            ],
            [
              76.42475343642911,
              31.408659985306063
            ],
            [
              76.42441310342012,
              31.408968377147822
            ],
            [
              76.42410463689403,
              31.409308642466872
            ],
            [
              76.4238310075521,
              31.409677504322186
            ],
            [
              76.42359485059447,
              31.41007141037245
            ],
            [
              76.42339844034176,
              31.41048656708707
            ],
            [
              76.42324366833203,
              31.41091897627994
            ],
            [
              76.4231320251044,
              31.411364473614153
            ],
            [
              76.42306458584412,
              31.411818768706844
            ],
            [
              76.42304200002818,
              31.412277486447934
            ],
            [
              76.42306448517031,
              31.412736209134806
            ],
            [
              76.42313182472631,
              31.41319051901723
            ],
            [
              76.42324337017945,
              31.413636040842682
            ],
            [
              76.42339804728601,
              31.41406848399244
            ],
            [
              76.42359436642093,
              31.414483683802576
            ],
            [
              76.42383043692361,
              31.41487764167194
            ],
            [
              76.42410398530606,
              31.415246563570893
            ],
            [
              76.42441237714782,
              31.41558689657988
            ],
            [
              76.427598,
              31.41877321864692
            ],
            [
              76.427598,
              31.41945378135308
            ],
            [
              76.42441255867564,
              31.42263992185245
            ],
            [
              76.41985574026404,
              31.427196740264048
            ],
            [
              76.41529874026405,
              31.43175374026405
            ],
            [
              76.41160491063374,
              31.435447569894357
            ],
            [
              76.41128495846347,
              31.43529624378785
            ],
            [
              76.41085253228954,
              31.435141519228775
            ],
            [
              76.41040702270703,
              31.435029924887715
            ],
            [
              76.40995272021674,
              31.434962535479176
            ],
            [
              76.409494,
              31.43494
            ],
            [
              76.40903527978325,
              31.434962535479176
            ],
            [
              76.40858097729296,
              31.435029924887715
            ],
            [
              76.40813546771044,
              31.435141519228775
            ],
            [
              76.40770304153652,
              31.43529624378785
            ],
            [
              76.40728786327165,
              31.435492608482853
            ],
            [
              76.40689393130945,
              31.435728722214428
            ],
            [
              76.40652503943011,
              31.436002311078266
            ],
            [
              76.40618474026404,
              31.43631074026405
            ],
            [
              76.40162774026405,
              31.44086774026405
            ],
            [
              76.39707074026404,
              31.44542474026405
            ],
            [
              76.39676231107826,
              31.445765039430118
            ],
            [
              76.39648872221443,
              31.446133931309472
            ],
            [
              76.39625260848285,
              31.44652786327166
            ],
            [
              76.39605624378784,
              31.446943041536535
            ],
            [
              76.39590151922877,
              31.44737546771045
            ],
            [
              76.39578992488771,
              31.447820977292967
            ],
            [
              76.39572253547917,
              31.44827527978326
            ],
            [
              76.3957,
              31.448734
            ],
            [
              76.3957,
              31.457848
            ],
            [
              76.39572253547917,
              31.45830672021674
            ],
            [
              76.39578992488771,
              31.458761022707034
            ],
            [
              76.39590151922877,
              31.45920653228955
            ],
            [
              76.39605624378784,
              31.45963895846347
            ],
            [
              76.39620756989436,
              31.459958910633734
            ]
          ]
        ]
      }
    },
    {
      "type": "Feature",
      "properties": {
        "depth_band": "2.0 - 3.0",
        "min_depth": 2.0,
        "max_depth": 3.0,
        "max_depth_m": 33.9,
        "avg_depth_m": 16.9,
        "hazard_level": "Moderate",
        "zone": "reservoir",
        "timestep_min": 0
      },
      "geometry": {
        "type": "Polygon",
        "coordinates": [
          [
            [
              76.39766147763108,
              31.46880047763108
            ],
            [
              76.40221847763108,
              31.464243477631086
            ],
            [
              76.40601395526217,
              31.460448
            ],
            [
              76.414051,
              31.460448
            ],
            [
              76.41430584456485,
              31.460435480289345
            ],
            [
              76.41455823483724,
              31.460398041729047
            ],
            [
              76.41480574016086,
              31.460336044872903
            ],
            [
              76.41504597692415,
              31.460250086784527
            ],
            [
              76.41527663151575,
              31.460140995287304
            ],
            [
              76.41549548260585,
              31.460009820991985
            ],
            [
              76.41570042253882,
              31.45985782717874
            ],
            [
              76.41588947763108,
              31.459686477631085
            ],
            [
              76.41606082717874,
              31.459497422538824
            ],
            [
              76.41621282099199,
              31.45929248260585
            ],
            [
              76.4163439952873,
              31.459073631515746
            ],
            [
              76.41645308678453,
              31.45884297692415
            ],
            [
              76.4165390448729,
              31.45860274016086
            ],
            [
              76.41660104172905,
              31.458355234837242
            ],
            [
              76.41663848028935,
              31.458102844564856
            ],
            [
              76.416651,
              31.457848
            ],
            [
              76.416651,
              31.44981095526217
            ],
            [
              76.42044647763109,
              31.446015477631086
            ],
            [
              76.42061782717875,
              31.445826422538826
            ],
            [
              76.42076982099199,
              31.44562148260585
            ],
            [
              76.42090099528731,
              31.445402631515748
            ],
            [
              76.42101008678453,
              31.44517197692415
            ],
            [
              76.42109604487291,
              31.444931740160865
            ],
            [
              76.42115804172906,
              31.444684234837244
            ],
            [
              76.42119548028936,
              31.444431844564857
            ],
            [
              76.42120800000001,
              31.444177
            ],
            [
              76.42119548028936,
              31.443922155435146
            ],
            [
              76.42115804172906,
              31.44366976516276
            ],
            [
              76.42109604487291,
              31.44342225983914
            ],
            [
              76.42101008678453,
              31.443182023075853
            ],
            [
              76.42090099528731,
              31.442951368484252
            ],
            [
              76.42076982099199,
              31.44273251739415
            ],
            [
              76.42061782717875,
              31.442527577461174
            ],
            [
              76.42044647763109,
              31.442338522368914
            ],
            [
              76.42025742253884,
              31.442167172821257
            ],
            [
              76.42005248260585,
              31.442015179008013
            ],
            [
              76.41983363151576,
              31.441884004712694
            ],
            [
              76.41960297692415,
              31.441774913215472
            ],
            [
              76.41936274016086,
              31.441688955127095
            ],
            [
              76.41911523483725,
              31.44162695827095
            ],
            [
              76.41886284456486,
              31.441589519710654
            ],
            [
              76.418608,
              31.441577
            ],
            [
              76.41577095526218,
              31.441577
            ],
            [
              76.41588947763108,
              31.441458477631087
            ],
            [
              76.42044647763109,
              31.436901477631086
            ],
            [
              76.42500347763108,
              31.432344477631084
            ],
            [
              76.42956047763109,
              31.427787477631085
            ],
            [
              76.43411667936232,
              31.42323027587771
            ],
            [
              76.43428798554154,
              31.42304122955429
            ],
            [
              76.4344399398656,
              31.422836304683067
            ],
            [
              76.43457107933982,
              31.422617474251584
            ],
            [
              76.43468014137198,
              31.422386845128138
            ],
            [
              76.43476607592835,
              31.422146637777164
            ],
            [
              76.43482805564322,
              31.421899164880898
            ],
            [
              76.43486548378472,
              31.421646809073223
            ],
            [
              76.434878,
              31.421392
            ],
            [
              76.434878,
              31.416835
            ],
            [
              76.43486548378472,
              31.416580190926776
            ],
            [
              76.43482805564322,
              31.4163278351191
            ],
            [
              76.43476607592835,
              31.416080362222836
            ],
            [
              76.43468014137198,
              31.415840154871862
            ],
            [
              76.43457107933982,
              31.415609525748415
            ],
            [
              76.4344399398656,
              31.415390695316933
            ],
            [
              76.43428798554154,
              31.41518577044571
            ],
            [
              76.43411667936232,
              31.41499672412229
            ],
            [
              76.42956067936233,
              31.41043972412229
            ],
            [
              76.42937164307396,
              31.410268353830016
            ],
            [
              76.42916671982101,
              31.41011633752894
            ],
            [
              76.42894788312643,
              31.40998513921915
            ],
            [
              76.42871724050718,
              31.40987602241208
            ],
            [
              76.42847701317781,
              31.409790037962242
            ],
            [
              76.42822951465881,
              31.409728013946882
            ],
            [
              76.4279771284962,
              31.409690547691177
            ],
            [
              76.4277222853067,
              31.409678000015653
            ],
            [
              76.42746743936955,
              31.409690491761285
            ],
            [
              76.42721504499043,
              31.40972790262573
            ],
            [
              76.42696753286518,
              31.409789872321912
            ],
            [
              76.42672728667087,
              31.409875804047786
            ],
            [
              76.42649662010969,
              31.409984870233853
            ],
            [
              76.42627775462671,
              31.41011602051312
            ],
            [
              76.42607279801618,
              31.4102679918367
            ],
            [
              76.42588372412229,
              31.41043932063768
            ],
            [
              76.42571235383002,
              31.41062835692604
            ],
            [
              76.42556033752895,
              31.41083328017899
            ],
            [
              76.42542913921915,
              31.411052116873584
            ],
            [
              76.42532002241208,
              31.411282759492817
            ],
            [
              76.42523403796224,
              31.411522986822188
            ],
            [
              76.42517201394688,
              31.411770485341197
            ],
            [
              76.42513454769119,
              31.412022871503805
            ],
            [
              76.42512200001566,
              31.412277714693296
            ],
            [
              76.42513449176128,
              31.41253256063045
            ],
            [
              76.42517190262573,
              31.412784955009574
            ],
            [
              76.42523387232191,
              31.413032467134826
            ],
            [
              76.42531980404779,
              31.413272713329135
            ],
            [
              76.42542887023386,
              31.41350337989032
            ],
            [
              76.42556002051312,
              31.4137222453733
            ],
            [
              76.4257119918367,
              31.41392720198383
            ],
            [
              76.42588332063768,
              31.41411627587771
            ],
            [
              76.429678,
              31.417911788137168
            ],
            [
              76.429678,
              31.42031521186283
            ],
            [
              76.42588342149367,
              31.424110623244168
            ],
            [
              76.42132652236891,
              31.428667522368915
            ],
            [
              76.41676952236892,
              31.433224522368917
            ],
            [
              76.41221252236892,
              31.437781522368915
            ],
            [
              76.4117725,
              31.438221544737836
            ],
            [
              76.41133247763108,
              31.437781522368915
            ],
            [
              76.41114342253881,
              31.437610172821255
            ],
            [
              76.41093848260584,
              31.437458179008015
            ],
            [
              76.41071963151575,
              31.437327004712696
            ],
            [
              76.41048897692414,
              31.43721791321547
            ],
            [
              76.41024874016085,
              31.437131955127096
            ],
            [
              76.41000123483724,
              31.437069958270953
            ],
            [
              76.40974884456485,
              31.437032519710655
            ],
            [
              76.409494,
              31.43702
            ],
            [
              76.40923915543513,
              31.437032519710655
            ],
            [
              76.40898676516275,
              31.437069958270953
            ],
            [
              76.40873925983914,
              31.437131955127096
            ],
            [
              76.40849902307585,
              31.437217913215473
            ],
            [
              76.40826836848424,
              31.437327004712696
            ],
            [
              76.40804951739415,
              31.437458179008015
            ],
            [
              76.40784457746118,
              31.43761017282126
            ],
            [
              76.40765552236891,
              31.43778152236892
            ],
            [
              76.40309852236892,
              31.442338522368917
            ],
            [
              76.39854152236892,
              31.446895522368916
            ],
            [
              76.39837017282126,
              31.447084577461176
            ],
            [
              76.39821817900801,
              31.44728951739415
            ],
            [
              76.39808700471269,
              31.447508368484254
            ],
            [
              76.39797791321547,
              31.44773902307585
            ],
            [
              76.3978919551271,
              31.44797925983914
            ],
            [
              76.39782995827095,
              31.448226765162758
            ],
            [
              76.39779251971065,
              31.448479155435145
            ],
            [
              76.39778,
              31.448734
            ],
            [
              76.39778,
              31.457848
            ],
            [
              76.39779251971065,
              31.458102844564856
            ],
            [
              76.39782995827095,
              31.45835523483724
            ],
            [
              76.3978919551271,
              31.45860274016086
            ],
            [
              76.39797791321547,
              31.458842976924146
            ],
            [
              76.39808700471269,
              31.459073631515746
            ],
            [
              76.39821817900801,
              31.45929248260585
            ],
            [
              76.39837017282126,
              31.459497422538824
            ],
            [
              76.39854152236892,
              31.459686477631085
            ],
            [
              76.39873057746117,
              31.45985782717874
            ],
            [
              76.39893551739415,
              31.460009820991985
            ],
            [
              76.39903724847971,
              31.460070796258115
            ],
            [
              76.39854152236892,
              31.460566522368914
            ],
            [
              76.39398452236891,
              31.465123522368913
            ],
            [
              76.38942752236892,
              31.469680522368918
            ],
            [
              76.38925617282126,
              31.46986957746118
            ],
            [
              76.38910417900802,
              31.470074517394153
            ],
            [
              76.3889730047127,
              31.470293368484256
            ],
            [
              76.38886391321547,
              31.470524023075853
            ],
            [
              76.3887779551271,
              31.470764259839143
            ],
            [
              76.38871595827095,
              31.47101176516276
            ],
            [
              76.38867851971065,
              31.471264155435147
            ],
            [
              76.388666,
              31.471519000000004
            ],
            [
              76.38867851971065,
              31.47177384456486
            ],
            [
              76.38871595827095,
              31.472026234837244
            ],
            [
              76.3887779551271,
              31.472273740160865
            ],
            [
              76.38886391321547,
              31.47251397692415
            ],
            [
              76.3889730047127,
              31.472744631515752
            ],
            [
              76.38910417900802,
              31.472963482605856
            ],
            [
              76.38925617282126,
              31.47316842253883
            ],
            [
              76.38942752236892,
              31.473357477631087
            ],
            [
              76.38961657746118,
              31.473528827178747
            ],
            [
              76.38982151739415,
              31.47368082099199
            ],
            [
              76.39004036848425,
              31.473811995287306
            ],
            [
              76.39027102307585,
              31.473921086784532
            ],
            [
              76.39051125983914,
              31.474007044872906
            ],
            [
              76.39075876516276,
              31.47406904172905
            ],
            [
              76.39101115543515,
              31.47410648028935
            ],
            [
              76.391266,
              31.474119
            ],
            [
              76.39152084456487,
              31.474106480289347
            ],
            [
              76.39177323483725,
              31.47406904172905
            ],
            [
              76.39202074016086,
              31.474007044872902
            ],
            [
              76.39226097692415,
              31.47392108678453
            ],
            [
              76.39249163151575,
              31.473811995287306
            ],
            [
              76.39271048260585,
              31.473680820991987
            ],
            [
              76.39291542253883,
              31.473528827178743
            ],
            [
              76.39310447763108,
              31.473357477631083
            ],
            [
              76.39766147763108,
              31.46880047763108
            ]
          ],
          [
            [
              76.40665695526218,
              31.455247999999997
            ],
            [
              76.40677547763109,
              31.455129477631086
            ],
            [
              76.40694682717874,
              31.454940422538826
            ],
            [
              76.40709882099199,
              31.45473548260585
            ],
            [
              76.40722999528731,
              31.454516631515748
            ],
            [
              76.40733908678453,
              31.45428597692415
            ],
            [
              76.40742504487291,
              31.45404574016086
            ],
            [
              76.40748704172906,
              31.453798234837244
            ],
            [
              76.40752448028935,
              31.453545844564857
            ],
            [
              76.407537,
              31.453291
            ],
            [
              76.407537,
              31.449810955262162
            ],
            [
              76.41133247763108,
              31.446015477631082
            ],
            [
              76.4117725,
              31.445575455262166
            ],
            [
              76.41221252236892,
              31.446015477631086
            ],
            [
              76.41240157746118,
              31.446186827178746
            ],
            [
              76.41260651739415,
              31.446338820991986
            ],
            [
              76.41270824847972,
              31.446399796258117
            ],
            [
              76.41221252236892,
              31.446895522368916
            ],
            [
              76.41204117282126,
              31.447084577461176
            ],
            [
              76.41188917900801,
              31.44728951739415
            ],
            [
              76.4117580047127,
              31.447508368484254
            ],
            [
              76.41164891321547,
              31.44773902307585
            ],
            [
              76.4115629551271,
              31.44797925983914
            ],
            [
              76.41150095827095,
              31.448226765162758
            ],
            [
              76.41146351971065,
              31.448479155435145
            ],
            [
              76.411451,
              31.448734
            ],
            [
              76.411451,
              31.455247999999997
            ],
            [
              76.40665695526218,
              31.455247999999997
            ]
          ]
        ]
      }
    },
    {
      "type": "Feature",
      "properties": {
        "depth_band": "0.1 - 0.5",
        "min_depth": 0.1,
        "max_depth": 0.5,
        "max_depth_m": 33.9,
        "avg_depth_m": 16.9,
        "hazard_level": "Moderate",
        "zone": "reservoir",
        "timestep_min": 30
      },
      "geometry": {
        "type": "Polygon",
        "coordinates": [
          [
            [
              76.38999166815711,
              31.458085510794213
            ],
            [
              76.38846908947566,
              31.459608089475655
            ],
            [
              76.38391208947566,
              31.46416508947567
            ],
            [
              76.38322669128502,
              31.46492130984471
            ],
            [
              76.38261871603204,
              31.465741069576605
            ],
            [
              76.38209401885078,
              31.46661647393702
            ],
            [
              76.38165765286188,
              31.467539092303415
            ],
            [
              76.38131382050838,
              31.468500039356567
            ],
            [
              76.38106583308381,
              31.469490060651044
            ],
            [
              76.3809160788426,
              31.470499621740586
            ],
            [
              76.380866,
              31.47151900000001
            ],
            [
              76.38091607884262,
              31.47253837825944
            ],
            [
              76.38106583308381,
              31.47354793934898
            ],
            [
              76.3813138205084,
              31.47453796064346
            ],
            [
              76.38165765286189,
              31.475498907696608
            ],
            [
              76.38209401885078,
              31.476421526063003
            ],
            [
              76.38261871603206,
              31.477296930423414
            ],
            [
              76.38322669128503,
              31.47811669015531
            ],
            [
              76.38391208947567,
              31.47887291052435
            ],
            [
              76.38466830984471,
              31.47955830871498
            ],
            [
              76.38548806957661,
              31.480166283967954
            ],
            [
              76.38636347393702,
              31.48069098114923
            ],
            [
              76.38728609230341,
              31.481127347138123
            ],
            [
              76.38824703935657,
              31.48147117949162
            ],
            [
              76.38923706065104,
              31.481719166916196
            ],
            [
              76.39024662174059,
              31.481868921157393
            ],
            [
              76.39126600000002,
              31.481919
            ],
            [
              76.39228537825944,
              31.48186892115739
            ],
            [
              76.39329493934898,
              31.481719166916193
            ],
            [
              76.39428496064346,
              31.481471179491614
            ],
            [
              76.3952459076966,
              31.481127347138113
            ],
            [
              76.39616852606301,
              31.480690981149216
            ],
            [
              76.39704393042342,
              31.48016628396794
            ],
            [
              76.39786369015532,
              31.479558308714964
            ],
            [
              76.39861991052435,
              31.47887291052433
            ],
            [
              76.40317691052434,
              31.474315910524336
            ],
            [
              76.40773391052433,
              31.469758910524344
            ],
            [
              76.40924482104869,
              31.468248
            ],
            [
              76.414051,
              31.468248
            ],
            [
              76.41507037825943,
              31.46819792115739
            ],
            [
              76.41607993934898,
              31.46804816691619
            ],
            [
              76.41706996064345,
              31.467800179491615
            ],
            [
              76.4180309076966,
              31.467456347138114
            ],
            [
              76.41895352606299,
              31.46701998114922
            ],
            [
              76.4198289304234,
              31.466495283967944
            ],
            [
              76.4206486901553,
              31.465887308714972
            ],
            [
              76.42140491052434,
              31.46520191052434
            ],
            [
              76.42209030871497,
              31.4644456901553
            ],
            [
              76.42269828396795,
              31.4636259304234
            ],
            [
              76.42322298114922,
              31.46275052606299
            ],
            [
              76.42365934713811,
              31.461827907696595
            ],
            [
              76.42400317949162,
              31.460866960643443
            ],
            [
              76.42425116691619,
              31.459876939348966
            ],
            [
              76.42440092115739,
              31.458867378259427
            ],
            [
              76.424451,
              31.457848
            ],
            [
              76.424451,
              31.45304182104869
            ],
            [
              76.42596191052435,
              31.451530910524344
            ],
            [
              76.42664730871498,
              31.450774690155303
            ],
            [
              76.42725528396795,
              31.449954930423402
            ],
            [
              76.42777998114923,
              31.44907952606299
            ],
            [
              76.42821634713812,
              31.448156907696596
            ],
            [
              76.42856017949163,
              31.447195960643445
            ],
            [
              76.4288081669162,
              31.446205939348967
            ],
            [
              76.42895792115739,
              31.44519637825943
            ],
            [
              76.42900800000001,
              31.444177
            ],
            [
              76.42895792115739,
              31.44315762174057
            ],
            [
              76.4288081669162,
              31.442148060651032
            ],
            [
              76.42856017949163,
              31.441158039356555
            ],
            [
              76.42821634713812,
              31.440197092303404
            ],
            [
              76.4282052312712,
              31.440173589777476
            ],
            [
              76.43051891052434,
              31.437859910524335
            ],
            [
              76.43507591052435,
              31.433302910524343
            ],
            [
              76.43963271744929,
              31.428745103510845
            ],
            [
              76.44031794216622,
              31.427988918217164
            ],
            [
              76.4409257594624,
              31.42716921873227
            ],
            [
              76.44145031735927,
              31.426293897006335
            ],
            [
              76.44188656548795,
              31.42537138051256
            ],
            [
              76.44223030371343,
              31.42441055110865
            ],
            [
              76.44247822257293,
              31.42342065952359
            ],
            [
              76.44262793513889,
              31.422411236292895
            ],
            [
              76.442678,
              31.421392
            ],
            [
              76.442678,
              31.416835
            ],
            [
              76.44262793513889,
              31.415815763707105
            ],
            [
              76.44247822257293,
              31.41480634047641
            ],
            [
              76.44223030371343,
              31.41381644889135
            ],
            [
              76.44188656548795,
              31.41285561948744
            ],
            [
              76.44145031735927,
              31.411933102993665
            ],
            [
              76.4409257594624,
              31.41105778126773
            ],
            [
              76.44031794216622,
              31.410238081782836
            ],
            [
              76.43963271744929,
              31.409481896489154
            ],
            [
              76.43507671744929,
              31.404924896489156
            ],
            [
              76.43432057229585,
              31.40423941532006
            ],
            [
              76.43350087928404,
              31.403631350115766
            ],
            [
              76.43262553250567,
              31.403106556876597
            ],
            [
              76.43170296202874,
              31.40267008964833
            ],
            [
              76.43074205271125,
              31.402326151848964
            ],
            [
              76.42975205863522,
              31.402078055787527
            ],
            [
              76.42874251398479,
              31.401928190764714
            ],
            [
              76.42772314122682,
              31.401878000062617
            ],
            [
              76.42670375747821,
              31.401927967045136
            ],
            [
              76.42569417996171,
              31.40207761050291
            ],
            [
              76.4247041314607,
              31.402325489287648
            ],
            [
              76.42374314668346,
              31.402669216191136
            ],
            [
              76.42282048043873,
              31.4031054809354
            ],
            [
              76.4219450185068,
              31.40363008205247
            ],
            [
              76.42112519206468,
              31.404237967346802
            ],
            [
              76.42036889648917,
              31.404923282550715
            ],
            [
              76.41968341532007,
              31.40567942770416
            ],
            [
              76.41907535011576,
              31.406499120715964
            ],
            [
              76.4185505568766,
              31.40737446749433
            ],
            [
              76.41811408964833,
              31.408297037971266
            ],
            [
              76.41777015184897,
              31.409257947288758
            ],
            [
              76.41752205578753,
              31.410247941364783
            ],
            [
              76.41737219076471,
              31.411257486015213
            ],
            [
              76.41732200006261,
              31.412276858773183
            ],
            [
              76.41737196704514,
              31.413296242521792
            ],
            [
              76.41752161050292,
              31.41430582003829
            ],
            [
              76.41776948928765,
              31.415295868539296
            ],
            [
              76.41811321619114,
              31.416256853316536
            ],
            [
              76.41854948093541,
              31.417179519561277
            ],
            [
              76.41907408205248,
              31.4180549814932
            ],
            [
              76.4196819673468,
              31.41887480793532
            ],
            [
              76.41987516416344,
              31.41908801478787
            ],
            [
              76.41581108947565,
              31.423152089475657
            ],
            [
              76.41125408947566,
              31.427709089475666
            ],
            [
              76.40973151079422,
              31.429231668157108
            ],
            [
              76.40949399999998,
              31.42922
            ],
            [
              76.40847462174055,
              31.429270078842613
            ],
            [
              76.40746506065102,
              31.42941983308381
            ],
            [
              76.40647503935654,
              31.42966782050839
            ],
            [
              76.40551409230339,
              31.430011652861886
            ],
            [
              76.404591473937,
              31.430448018850782
            ],
            [
              76.40371606957659,
              31.43097271603206
            ],
            [
              76.40289630984469,
              31.431580691285035
            ],
            [
              76.40214008947565,
              31.432266089475668
            ],
            [
              76.39758308947566,
              31.436823089475666
            ],
            [
              76.39302608947565,
              31.441380089475658
            ],
            [
              76.39234069128503,
              31.4421363098447
            ],
            [
              76.39173271603205,
              31.4429560695766
            ],
            [
              76.39120801885078,
              31.44383147393701
            ],
            [
              76.39077165286189,
              31.444754092303405
            ],
            [
              76.39042782050838,
              31.445715039356557
            ],
            [
              76.3901798330838,
              31.446705060651034
            ],
            [
              76.39003007884261,
              31.447714621740573
            ],
            [
              76.38998,
              31.448734
            ],
            [
              76.38998,
              31.457848
            ],
            [
              76.38999166815711,
              31.458085510794213
            ]
          ]
        ]
      }
    },
    {
      "type": "Feature",
      "properties": {
        "depth_band": "0.5 - 1.0",
        "min_depth": 0.5,
        "max_depth": 1.0,
        "max_depth_m": 33.9,
        "avg_depth_m": 16.9,
        "hazard_level": "Moderate",
        "zone": "reservoir",
        "timestep_min": 30
      },
      "geometry": {
        "type": "Polygon",
        "coordinates": [
          [
            [
              76.39323747851466,
              31.45925204675125
            ],
            [
              76.39067526263295,
              31.461814262632956
            ],
            [
              76.38611826263296,
              31.46637126263297
            ],
            [
              76.38563848389951,
              31.466900616891294
            ],
            [
              76.38521290122243,
              31.467474448703626
            ],
            [
              76.38484561319554,
              31.468087231755916
            ],
            [
              76.38454015700331,
              31.46873306461239
            ],
            [
              76.38429947435587,
              31.469405727549596
            ],
            [
              76.38412588315866,
              31.470098742455733
            ],
            [
              76.38402105518983,
              31.47080543521841
            ],
            [
              76.38398600000001,
              31.471519000000008
            ],
            [
              76.38402105518983,
              31.47223256478161
            ],
            [
              76.38412588315867,
              31.472939257544287
            ],
            [
              76.38429947435587,
              31.47363227245042
            ],
            [
              76.38454015700333,
              31.474304935387625
            ],
            [
              76.38484561319555,
              31.474950768244103
            ],
            [
              76.38521290122245,
              31.47556355129639
            ],
            [
              76.38563848389953,
              31.476137383108718
            ],
            [
              76.38611826263298,
              31.476666737367044
            ],
            [
              76.3866476168913,
              31.477146516100486
            ],
            [
              76.38722144870363,
              31.477572098777568
            ],
            [
              76.38783423175592,
              31.47793938680446
            ],
            [
              76.3884800646124,
              31.478244842996688
            ],
            [
              76.3891527275496,
              31.478485525644135
            ],
            [
              76.38984574245573,
              31.47865911684134
            ],
            [
              76.39055243521841,
              31.478763944810176
            ],
            [
              76.39126600000002,
              31.478799000000002
            ],
            [
              76.39197956478161,
              31.478763944810172
            ],
            [
              76.39268625754428,
              31.478659116841335
            ],
            [
              76.39337927245042,
              31.47848552564413
            ],
            [
              76.39405193538762,
              31.47824484299668
            ],
            [
              76.3946977682441,
              31.477939386804454
            ],
            [
              76.39531055129639,
              31.477572098777557
            ],
            [
              76.39588438310872,
              31.477146516100476
            ],
            [
              76.39641373736704,
              31.476666737367033
            ],
            [
              76.40097073736703,
              31.47210973736703
            ],
            [
              76.40552773736704,
              31.467552737367043
            ],
            [
              76.40795247473407,
              31.465128
            ],
            [
              76.414051,
              31.465128
            ],
            [
              76.4147645647816,
              31.465092944810173
            ],
            [
              76.41547125754428,
              31.464988116841333
            ],
            [
              76.41616427245042,
              31.46481452564413
            ],
            [
              76.41683693538762,
              31.464573842996682
            ],
            [
              76.4174827682441,
              31.464268386804456
            ],
            [
              76.41809555129639,
              31.463901098777562
            ],
            [
              76.4186693831087,
              31.46347551610048
            ],
            [
              76.41919873736704,
              31.462995737367038
            ],
            [
              76.41967851610048,
              31.46246638310871
            ],
            [
              76.42010409877756,
              31.46189255129638
            ],
            [
              76.42047138680445,
              31.461279768244093
            ],
            [
              76.42077684299669,
              31.460633935387616
            ],
            [
              76.42101752564413,
              31.45996127245041
            ],
            [
              76.42119111684134,
              31.459268257544277
            ],
            [
              76.42129594481017,
              31.458561564781597
            ],
            [
              76.421331,
              31.457848
            ],
            [
              76.421331,
              31.451749474734086
            ],
            [
              76.42375573736705,
              31.44932473736704
            ],
            [
              76.42423551610048,
              31.44879538310871
            ],
            [
              76.42466109877756,
              31.44822155129638
            ],
            [
              76.42502838680446,
              31.447608768244095
            ],
            [
              76.4253338429967,
              31.446962935387617
            ],
            [
              76.42557452564414,
              31.446290272450412
            ],
            [
              76.42574811684135,
              31.44559725754428
            ],
            [
              76.42585294481017,
              31.4448905647816
            ],
            [
              76.425888,
              31.444177
            ],
            [
              76.42585294481017,
              31.4434634352184
            ],
            [
              76.42574811684135,
              31.44275674245572
            ],
            [
              76.42557452564414,
              31.442063727549588
            ],
            [
              76.4253338429967,
              31.441391064612382
            ],
            [
              76.42502838680446,
              31.440745231755905
            ],
            [
              76.42466109877756,
              31.44013244870362
            ],
            [
              76.42430890473037,
              31.439657570003718
            ],
            [
              76.42831273736704,
              31.435653737367034
            ],
            [
              76.43286973736704,
              31.43109673736704
            ],
            [
              76.43742630221449,
              31.42653917245759
            ],
            [
              76.43790595951634,
              31.426009842752016
            ],
            [
              76.43833143162367,
              31.425436053112595
            ],
            [
              76.43869862215149,
              31.424823327904438
            ],
            [
              76.43900399584156,
              31.424177566358793
            ],
            [
              76.4392446125994,
              31.423504985776056
            ],
            [
              76.43941815580105,
              31.422812061666512
            ],
            [
              76.43952295459722,
              31.42210546540503
            ],
            [
              76.43955799999999,
              31.421392
            ],
            [
              76.43955799999999,
              31.416835
            ],
            [
              76.43952295459722,
              31.41612153459497
            ],
            [
              76.43941815580105,
              31.415414938333488
            ],
            [
              76.4392446125994,
              31.414722014223944
            ],
            [
              76.43900399584156,
              31.414049433641207
            ],
            [
              76.43869862215149,
              31.413403672095562
            ],
            [
              76.43833143162367,
              31.412790946887405
            ],
            [
              76.43790595951634,
              31.412217157247984
            ],
            [
              76.43742630221449,
              31.41168782754241
            ],
            [
              76.4328703022145,
              31.40713082754241
            ],
            [
              76.4323410006071,
              31.406650990724042
            ],
            [
              76.43176721549882,
              31.406225345081037
            ],
            [
              76.43115447275397,
              31.40585798981362
            ],
            [
              76.43050867342012,
              31.40555246275383
            ],
            [
              76.42983603689787,
              31.405311706294274
            ],
            [
              76.42914304104465,
              31.40513803905127
            ],
            [
              76.42843635978936,
              31.405033133535298
            ],
            [
              76.42772279885878,
              31.404998000043832
            ],
            [
              76.42700923023475,
              31.405032976931594
            ],
            [
              76.4263025259732,
              31.405137727352038
            ],
            [
              76.42560949202249,
              31.40531124250135
            ],
            [
              76.42493680267843,
              31.405551851333797
            ],
            [
              76.42429093630712,
              31.405857236654782
            ],
            [
              76.42367811295476,
              31.40622445743673
            ],
            [
              76.42310423444528,
              31.406649977142763
            ],
            [
              76.42257482754242,
              31.4071296977855
            ],
            [
              76.42209499072405,
              31.407658999392915
            ],
            [
              76.42166934508104,
              31.408232784501177
            ],
            [
              76.42130198981361,
              31.40884552724603
            ],
            [
              76.42099646275383,
              31.409491326579886
            ],
            [
              76.42075570629427,
              31.41016396310213
            ],
            [
              76.42058203905127,
              31.41085695895535
            ],
            [
              76.4204771335353,
              31.411563640210648
            ],
            [
              76.42044200004383,
              31.41227720114123
            ],
            [
              76.4204769769316,
              31.412990769765255
            ],
            [
              76.42058172735204,
              31.4136974740268
            ],
            [
              76.42075524250136,
              31.414390507977508
            ],
            [
              76.4209958513338,
              31.415063197321576
            ],
            [
              76.42130123665478,
              31.415709063692894
            ],
            [
              76.42166845743672,
              31.41632188704524
            ],
            [
              76.42209397714277,
              31.416895765554724
            ],
            [
              76.42257369778551,
              31.41742517245759
            ],
            [
              76.4242616548369,
              31.4191135
            ],
            [
              76.42257398023406,
              31.42080154503186
            ],
            [
              76.41801726263296,
              31.42535826263296
            ],
            [
              76.41346026263297,
              31.429915262632967
            ],
            [
              76.41089804675126,
              31.432477478514677
            ],
            [
              76.41020756478159,
              31.432375055189826
            ],
            [
              76.409494,
              31.43234
            ],
            [
              76.40878043521839,
              31.43237505518983
            ],
            [
              76.40807374245571,
              31.432479883158667
            ],
            [
              76.40738072754958,
              31.432653474355874
            ],
            [
              76.40670806461237,
              31.43289415700332
            ],
            [
              76.4060622317559,
              31.433199613195548
            ],
            [
              76.4054494487036,
              31.43356690122244
            ],
            [
              76.40487561689127,
              31.433992483899523
            ],
            [
              76.40434626263296,
              31.43447226263297
            ],
            [
              76.39978926263296,
              31.439029262632967
            ],
            [
              76.39523226263296,
              31.443586262632962
            ],
            [
              76.39475248389952,
              31.444115616891292
            ],
            [
              76.39432690122244,
              31.44468944870362
            ],
            [
              76.39395961319555,
              31.445302231755907
            ],
            [
              76.39365415700331,
              31.445948064612384
            ],
            [
              76.39341347435587,
              31.44662072754959
            ],
            [
              76.39323988315866,
              31.447313742455723
            ],
            [
              76.39313505518983,
              31.448020435218403
            ],
            [
              76.3931,
              31.448734
            ],
            [
              76.3931,
              31.457848
            ],
            [
              76.39313505518983,
              31.458561564781597
            ],
            [
              76.39323747851466,
              31.45925204675125
            ]
          ]
        ]
      }
    },
    {
      "type": "Feature",
      "properties": {
        "depth_band": "1.0 - 2.0",
        "min_depth": 1.0,
        "max_depth": 2.0,
        "max_depth_m": 33.9,
        "avg_depth_m": 16.9,
        "hazard_level": "Moderate",
        "zone": "reservoir",
        "timestep_min": 30
      },
      "geometry": {
        "type": "Polygon",
        "coordinates": [
          [
            [
              76.39620756989436,
              31.459958910633734
            ],
            [
              76.39251374026404,
              31.463652740264042
            ],
            [
              76.38795674026404,
              31.46820974026405
            ],
            [
              76.38764831107827,
              31.46855003943012
            ],
            [
              76.38737472221442,
              31.468918931309474
            ],
            [
              76.38713860848284,
              31.46931286327166
            ],
            [
              76.38694224378784,
              31.469728041536538
            ],
            [
              76.38678751922878,
              31.470160467710453
            ],
            [
              76.38667592488771,
              31.47060597729297
            ],
            [
              76.38660853547917,
              31.471060279783263
            ],
            [
              76.38658600000001,
              31.471519000000008
            ],
            [
              76.38660853547917,
              31.47197772021675
            ],
            [
              76.38667592488771,
              31.472432022707043
            ],
            [
              76.38678751922878,
              31.472877532289555
            ],
            [
              76.38694224378786,
              31.473309958463474
            ],
            [
              76.38713860848286,
              31.47372513672835
            ],
            [
              76.38737472221443,
              31.474119068690538
            ],
            [
              76.38764831107827,
              31.474487960569892
            ],
            [
              76.38795674026406,
              31.474828259735958
            ],
            [
              76.38829703943011,
              31.47513668892174
            ],
            [
              76.38866593130948,
              31.47541027778558
            ],
            [
              76.38905986327165,
              31.475646391517152
            ],
            [
              76.38947504153654,
              31.475842756212156
            ],
            [
              76.38990746771046,
              31.47599748077123
            ],
            [
              76.39035297729298,
              31.476109075112287
            ],
            [
              76.39080727978326,
              31.476176464520826
            ],
            [
              76.391266,
              31.476199
            ],
            [
              76.39172472021674,
              31.476176464520826
            ],
            [
              76.39217902270704,
              31.476109075112287
            ],
            [
              76.39262453228956,
              31.475997480771227
            ],
            [
              76.39305695846348,
              31.475842756212153
            ],
            [
              76.39347213672835,
              31.47564639151715
            ],
            [
              76.39386606869054,
              31.475410277785574
            ],
            [
              76.39423496056989,
              31.475136688921737
            ],
            [
              76.39457525973596,
              31.47482825973595
            ],
            [
              76.39913225973595,
              31.47027125973595
            ],
            [
              76.40368925973596,
              31.465714259735957
            ],
            [
              76.40687551947191,
              31.462528
            ],
            [
              76.414051,
              31.462528
            ],
            [
              76.41450972021674,
              31.462505464520824
            ],
            [
              76.41496402270704,
              31.462438075112285
            ],
            [
              76.41540953228956,
              31.462326480771225
            ],
            [
              76.41584195846347,
              31.46217175621215
            ],
            [
              76.41625713672835,
              31.46197539151715
            ],
            [
              76.41665106869053,
              31.461739277785576
            ],
            [
              76.41701996056989,
              31.461465688921734
            ],
            [
              76.41736025973596,
              31.461157259735952
            ],
            [
              76.41766868892174,
              31.460816960569883
            ],
            [
              76.41794227778557,
              31.460448068690532
            ],
            [
              76.41817839151715,
              31.460054136728345
            ],
            [
              76.41837475621216,
              31.45963895846347
            ],
            [
              76.41852948077123,
              31.45920653228955
            ],
            [
              76.41864107511229,
              31.458761022707034
            ],
            [
              76.41870846452083,
              31.45830672021674
            ],
            [
              76.418731,
              31.457848
            ],
            [
              76.418731,
              31.45067251947192
            ],
            [
              76.42191725973596,
              31.447486259735953
            ],
            [
              76.42222568892174,
              31.447145960569884
            ],
            [
              76.42249927778559,
              31.44677706869053
            ],
            [
              76.42273539151715,
              31.446383136728343
            ],
            [
              76.42293175621217,
              31.445967958463466
            ],
            [
              76.42308648077123,
              31.445535532289547
            ],
            [
              76.4231980751123,
              31.445090022707035
            ],
            [
              76.42326546452084,
              31.44463572021674
            ],
            [
              76.423288,
              31.444177
            ],
            [
              76.42326546452084,
              31.443718279783255
            ],
            [
              76.4231980751123,
              31.44326397729296
            ],
            [
              76.42308648077123,
              31.44281846771045
            ],
            [
              76.42293175621217,
              31.44238604153653
            ],
            [
              76.42273539151715,
              31.441970863271653
            ],
            [
              76.42249927778558,
              31.441576931309466
            ],
            [
              76.42222568892174,
              31.441208039430112
            ],
            [
              76.42191725973596,
              31.440867740264046
            ],
            [
              76.4215769605699,
              31.44055931107826
            ],
            [
              76.42120806869053,
              31.440285722214423
            ],
            [
              76.42081413672835,
              31.44004960848285
            ],
            [
              76.42042429323129,
              31.439865226240627
            ],
            [
              76.42191725973596,
              31.438372259735953
            ],
            [
              76.42647425973595,
              31.43381525973595
            ],
            [
              76.43103125973596,
              31.429258259735953
            ],
            [
              76.43558762285218,
              31.424700896579882
            ],
            [
              76.4358959739748,
              31.42436061319772
            ],
            [
              76.43616949175808,
              31.423991748429522
            ],
            [
              76.43640554281167,
              31.42359785365285
            ],
            [
              76.43660185446957,
              31.42318272123065
            ],
            [
              76.43675653667104,
              31.422750347998893
            ],
            [
              76.43686810015781,
              31.422304896785615
            ],
            [
              76.4369354708125,
              31.421850656331802
            ],
            [
              76.43695799999999,
              31.421392
            ],
            [
              76.43695799999999,
              31.416835
            ],
            [
              76.4369354708125,
              31.416376343668198
            ],
            [
              76.43686810015781,
              31.415922103214385
            ],
            [
              76.43675653667104,
              31.415476652001107
            ],
            [
              76.43660185446957,
              31.41504427876935
            ],
            [
              76.43640554281167,
              31.41462914634715
            ],
            [
              76.43616949175808,
              31.414235251570478
            ],
            [
              76.4358959739748,
              31.41386638680228
            ],
            [
              76.43558762285218,
              31.413526103420118
            ],
            [
              76.43103162285219,
              31.40896910342012
            ],
            [
              76.43069135753314,
              31.408660636894027
            ],
            [
              76.43032249567781,
              31.408387007552093
            ],
            [
              76.42992858962755,
              31.40815085059447
            ],
            [
              76.42951343291293,
              31.407954440341747
            ],
            [
              76.42908102372006,
              31.407799668332032
            ],
            [
              76.42863552638585,
              31.407688025104388
            ],
            [
              76.42818123129315,
              31.40762058584412
            ],
            [
              76.42772251355207,
              31.407598000028177
            ],
            [
              76.4272637908652,
              31.407620485170312
            ],
            [
              76.42680948098277,
              31.40768782472631
            ],
            [
              76.42636395915731,
              31.40779937017944
            ],
            [
              76.42593151600757,
              31.40795404728601
            ],
            [
              76.42551631619743,
              31.40815036642093
            ],
            [
              76.42512235832807,
              31.40838643692361
            ],
            [
              76.42475343642911,
              31.408659985306063
            ],
            [
              76.42441310342012,
              31.408968377147822
            ],
            [
              76.42410463689403,
              31.409308642466872
            ],
            [
              76.4238310075521,
              31.409677504322186
            ],
            [
              76.42359485059447,
              31.41007141037245
            ],
            [
              76.42339844034176,
              31.41048656708707
            ],
            [
              76.42324366833203,
              31.41091897627994
            ],
            [
              76.4231320251044,
              31.411364473614153
            ],
            [
              76.42306458584412,
              31.411818768706844
            ],
            [
              76.42304200002818,
              31.412277486447934
            ],
            [
              76.42306448517031,
              31.412736209134806
            ],
            [
              76.42313182472631,
              31.41319051901723
            ],
            [
              76.42324337017945,
              31.413636040842682
            ],
            [
              76.42339804728601,
              31.41406848399244
            ],
            [
              76.42359436642093,
              31.414483683802576
            ],
            [
              76.42383043692361,
              31.41487764167194
            ],
            [
              76.42410398530606,
              31.415246563570893
            ],
            [
              76.42441237714782,
              31.41558689657988
            ],
            [
              76.427598,
              31.41877321864692
            ],
            [
              76.427598,
              31.41945378135308
            ],
            [
              76.42441255867564,
              31.42263992185245
            ],
            [
              76.41985574026404,
              31.427196740264048
            ],
            [
              76.41529874026405,
              31.43175374026405
            ],
            [
              76.41160491063374,
              31.435447569894357
            ],
            [
              76.41128495846347,
              31.43529624378785
            ],
            [
              76.41085253228954,
              31.435141519228775
            ],
            [
              76.41040702270703,
              31.435029924887715
            ],
            [
              76.40995272021674,
              31.434962535479176
            ],
            [
              76.409494,
              31.43494
            ],
            [
              76.40903527978325,
              31.434962535479176
            ],
            [
              76.40858097729296,
              31.435029924887715
            ],
            [
              76.40813546771044,
              31.435141519228775
            ],
            [
              76.40770304153652,
              31.43529624378785
            ],
            [
              76.40728786327165,
              31.435492608482853
            ],
            [
              76.40689393130945,
              31.435728722214428
            ],
            [
              76.40652503943011,
              31.436002311078266
            ],
            [
              76.40618474026404,
              31.43631074026405
            ],
            [
              76.40162774026405,
              31.44086774026405
            ],
            [
              76.39707074026404,
              31.44542474026405
            ],
            [
              76.39676231107826,
              31.445765039430118
            ],
            [
              76.39648872221443,
              31.446133931309472
            ],
            [
              76.39625260848285,
              31.44652786327166
            ],
            [
              76.39605624378784,
              31.446943041536535
            ],
            [
              76.39590151922877,
              31.44737546771045
            ],
            [
              76.39578992488771,
              31.447820977292967
            ],
            [
              76.39572253547917,
              31.44827527978326
            ],
            [
              76.3957,
              31.448734
            ],
            [
              76.3957,
              31.457848
            ],
            [
              76.39572253547917,
              31.45830672021674
            ],
            [
              76.39578992488771,
              31.458761022707034
            ],
            [
              76.39590151922877,
              31.45920653228955
            ],
            [
              76.39605624378784,
              31.45963895846347
            ],
            [
              76.39620756989436,
              31.459958910633734
            ]
          ]
        ]
      }
    },
    {
      "type": "Feature",
      "properties": {
        "depth_band": "2.0 - 3.0",
        "min_depth": 2.0,
        "max_depth": 3.0,
        "max_depth_m": 33.9,
        "avg_depth_m": 16.9,
        "hazard_level": "Moderate",
        "zone": "reservoir",
        "timestep_min": 30
      },
      "geometry": {
        "type": "Polygon",
        "coordinates": [
          [
            [
              76.39766147763108,
              31.46880047763108
            ],
            [
              76.40221847763108,
              31.464243477631086
            ],
            [
              76.40601395526217,
              31.460448
            ],
            [
              76.414051,
              31.460448
            ],
            [
              76.41430584456485,
              31.460435480289345
            ],
            [
              76.41455823483724,
              31.460398041729047
            ],
            [
              76.41480574016086,
              31.460336044872903
            ],
            [
              76.41504597692415,
              31.460250086784527
            ],
            [
              76.41527663151575,
              31.460140995287304
            ],
            [
              76.41549548260585,
              31.460009820991985
            ],
            [
              76.41570042253882,
              31.45985782717874
            ],
            [
              76.41588947763108,
              31.459686477631085
            ],
            [
              76.41606082717874,
              31.459497422538824
            ],
            [
              76.41621282099199,
              31.45929248260585
            ],
            [
              76.4163439952873,
              31.459073631515746
            ],
            [
              76.41645308678453,
              31.45884297692415
            ],
            [
              76.4165390448729,
              31.45860274016086
            ],
            [
              76.41660104172905,
              31.458355234837242
            ],
            [
              76.41663848028935,
              31.458102844564856
            ],
            [
              76.416651,
              31.457848
            ],
            [
              76.416651,
              31.44981095526217
            ],
            [
              76.42044647763109,
              31.446015477631086
            ],
            [
              76.42061782717875,
              31.445826422538826
            ],
            [
              76.42076982099199,
              31.44562148260585
            ],
            [
              76.42090099528731,
              31.445402631515748
            ],
            [
              76.42101008678453,
              31.44517197692415
            ],
            [
              76.42109604487291,
              31.444931740160865
            ],
            [
              76.42115804172906,
              31.444684234837244
            ],
            [
              76.42119548028936,
              31.444431844564857
            ],
            [
              76.42120800000001,
              31.444177
            ],
            [
              76.42119548028936,
              31.443922155435146
            ],
            [
              76.42115804172906,
              31.44366976516276
            ],
            [
              76.42109604487291,
              31.44342225983914
            ],
            [
              76.42101008678453,
              31.443182023075853
            ],
            [
              76.42090099528731,
              31.442951368484252
            ],
            [
              76.42076982099199,
              31.44273251739415
            ],
            [
              76.42061782717875,
              31.442527577461174
            ],
            [
              76.42044647763109,
              31.442338522368914
            ],
            [
              76.42025742253884,
              31.442167172821257
            ],
            [
              76.42005248260585,
              31.442015179008013
            ],
            [
              76.41983363151576,
              31.441884004712694
            ],
            [
              76.41960297692415,
              31.441774913215472
            ],
            [
              76.41936274016086,
              31.441688955127095
            ],
            [
              76.41911523483725,
              31.44162695827095
            ],
            [
              76.41886284456486,
              31.441589519710654
            ],
            [
              76.418608,
              31.441577
            ],
            [
              76.41577095526218,
              31.441577
            ],
            [
              76.41588947763108,
              31.441458477631087
            ],
            [
              76.42044647763109,
              31.436901477631086
            ],
            [
              76.42500347763108,
              31.432344477631084
            ],
            [
              76.42956047763109,
              31.427787477631085
            ],
            [
              76.43411667936232,
              31.42323027587771
            ],
            [
              76.43428798554154,
              31.42304122955429
            ],
            [
              76.4344399398656,
              31.422836304683067
            ],
            [
              76.43457107933982,
              31.422617474251584
            ],
            [
              76.43468014137198,
              31.422386845128138
            ],
            [
              76.43476607592835,
              31.422146637777164
            ],
            [
              76.43482805564322,
              31.421899164880898
            ],
            [
              76.43486548378472,
              31.421646809073223
            ],
            [
              76.434878,
              31.421392
            ],
            [
              76.434878,
              31.416835
            ],
            [
              76.43486548378472,
              31.416580190926776
            ],
            [
              76.43482805564322,
              31.4163278351191
            ],
            [
              76.43476607592835,
              31.416080362222836
            ],
            [
              76.43468014137198,
              31.415840154871862
            ],
            [
              76.43457107933982,
              31.415609525748415
            ],
            [
              76.4344399398656,
              31.415390695316933
            ],
            [
              76.43428798554154,
              31.41518577044571
            ],
            [
              76.43411667936232,
              31.41499672412229
            ],
            [
              76.42956067936233,
              31.41043972412229
            ],
            [
              76.42937164307396,
              31.410268353830016
            ],
            [
              76.42916671982101,
              31.41011633752894
            ],
            [
              76.42894788312643,
              31.40998513921915
            ],
            [
              76.42871724050718,
              31.40987602241208
            ],
            [
              76.42847701317781,
              31.409790037962242
            ],
            [
              76.42822951465881,
              31.409728013946882
            ],
            [
              76.4279771284962,
              31.409690547691177
            ],
            [
              76.4277222853067,
              31.409678000015653
            ],
            [
              76.42746743936955,
              31.409690491761285
            ],
            [
              76.42721504499043,
              31.40972790262573
            ],
            [
              76.42696753286518,
              31.409789872321912
            ],
            [
              76.42672728667087,
              31.409875804047786
            ],
            [
              76.42649662010969,
              31.409984870233853
            ],
            [
              76.42627775462671,
              31.41011602051312
            ],
            [
              76.42607279801618,
              31.4102679918367
            ],
            [
              76.42588372412229,
              31.41043932063768
            ],
            [
              76.42571235383002,
              31.41062835692604
            ],
            [
              76.42556033752895,
              31.41083328017899
            ],
            [
              76.42542913921915,
              31.411052116873584
            ],
            [
              76.42532002241208,
              31.411282759492817
            ],
            [
              76.42523403796224,
              31.411522986822188
            ],
            [
              76.42517201394688,
              31.411770485341197
            ],
            [
              76.42513454769119,
              31.412022871503805
            ],
            [
              76.42512200001566,
              31.412277714693296
            ],
            [
              76.42513449176128,
              31.41253256063045
            ],
            [
              76.42517190262573,
              31.412784955009574
            ],
            [
              76.42523387232191,
              31.413032467134826
            ],
            [
              76.42531980404779,
              31.413272713329135
            ],
            [
              76.42542887023386,
              31.41350337989032
            ],
            [
              76.42556002051312,
              31.4137222453733
            ],
            [
              76.4257119918367,
              31.41392720198383
            ],
            [
              76.42588332063768,
              31.41411627587771
            ],
            [
              76.429678,
              31.417911788137168
            ],
            [
              76.429678,
              31.42031521186283
            ],
            [
              76.42588342149367,
              31.424110623244168
            ],
            [
              76.42132652236891,
              31.428667522368915
            ],
            [
              76.41676952236892,
              31.433224522368917
            ],
            [
              76.41221252236892,
              31.437781522368915
            ],
            [
              76.4117725,
              31.438221544737836
            ],
            [
              76.41133247763108,
              31.437781522368915
            ],
            [
              76.41114342253881,
              31.437610172821255
            ],
            [
              76.41093848260584,
              31.437458179008015
            ],
            [
              76.41071963151575,
              31.437327004712696
            ],
            [
              76.41048897692414,
              31.43721791321547
            ],
            [
              76.41024874016085,
              31.437131955127096
            ],
            [
              76.41000123483724,
              31.437069958270953
            ],
            [
              76.40974884456485,
              31.437032519710655
            ],
            [
              76.409494,
              31.43702
            ],
            [
              76.40923915543513,
              31.437032519710655
            ],
            [
              76.40898676516275,
              31.437069958270953
            ],
            [
              76.40873925983914,
              31.437131955127096
            ],
            [
              76.40849902307585,
              31.437217913215473
            ],
            [
              76.40826836848424,
              31.437327004712696
            ],
            [
              76.40804951739415,
              31.437458179008015
            ],
            [
              76.40784457746118,
              31.43761017282126
            ],
            [
              76.40765552236891,
              31.43778152236892
            ],
            [
              76.40309852236892,
              31.442338522368917
            ],
            [
              76.39854152236892,
              31.446895522368916
            ],
            [
              76.39837017282126,
              31.447084577461176
            ],
            [
              76.39821817900801,
              31.44728951739415
            ],
            [
              76.39808700471269,
              31.447508368484254
            ],
            [
              76.39797791321547,
              31.44773902307585
            ],
            [
              76.3978919551271,
              31.44797925983914
            ],
            [
              76.39782995827095,
              31.448226765162758
            ],
            [
              76.39779251971065,
              31.448479155435145
            ],
            [
              76.39778,
              31.448734
            ],
            [
              76.39778,
              31.457848
            ],
            [
              76.39779251971065,
              31.458102844564856
            ],
            [
              76.39782995827095,
              31.45835523483724
            ],
            [
              76.3978919551271,
              31.45860274016086
            ],
            [
              76.39797791321547,
              31.458842976924146
            ],
            [
              76.39808700471269,
              31.459073631515746
            ],
            [
              76.39821817900801,
              31.45929248260585
            ],
            [
              76.39837017282126,
              31.459497422538824
            ],
            [
              76.39854152236892,
              31.459686477631085
            ],
            [
              76.39873057746117,
              31.45985782717874
            ],
            [
              76.39893551739415,
              31.460009820991985
            ],
            [
              76.39903724847971,
              31.460070796258115
            ],
            [
              76.39854152236892,
              31.460566522368914
            ],
            [
              76.39398452236891,
              31.465123522368913
            ],
            [
              76.38942752236892,
              31.469680522368918
            ],
            [
              76.38925617282126,
              31.46986957746118
            ],
            [
              76.38910417900802,
              31.470074517394153
            ],
            [
              76.3889730047127,
              31.470293368484256
            ],
            [
              76.38886391321547,
              31.470524023075853
            ],
            [
              76.3887779551271,
              31.470764259839143
            ],
            [
              76.38871595827095,
              31.47101176516276
            ],
            [
              76.38867851971065,
              31.471264155435147
            ],
            [
              76.388666,
              31.471519000000004
            ],
            [
              76.38867851971065,
              31.47177384456486
            ],
            [
              76.38871595827095,
              31.472026234837244
            ],
            [
              76.3887779551271,
              31.472273740160865
            ],
            [
              76.38886391321547,
              31.47251397692415
            ],
            [
              76.3889730047127,
              31.472744631515752
            ],
            [
              76.38910417900802,
              31.472963482605856
            ],
            [
              76.38925617282126,
              31.47316842253883
            ],
            [
              76.38942752236892,
              31.473357477631087
            ],
            [
              76.38961657746118,
              31.473528827178747
            ],
            [
              76.38982151739415,
              31.47368082099199
            ],
            [
              76.39004036848425,
              31.473811995287306
            ],
            [
              76.39027102307585,
              31.473921086784532
            ],
            [
              76.39051125983914,
              31.474007044872906
            ],
            [
              76.39075876516276,
              31.47406904172905
            ],
            [
              76.39101115543515,
              31.47410648028935
            ],
            [
              76.391266,
              31.474119
            ],
            [
              76.39152084456487,
              31.474106480289347
            ],
            [
              76.39177323483725,
              31.47406904172905
            ],
            [
              76.39202074016086,
              31.474007044872902
            ],
            [
              76.39226097692415,
              31.47392108678453
            ],
            [
              76.39249163151575,
              31.473811995287306
            ],
            [
              76.39271048260585,
              31.473680820991987
            ],
            [
              76.39291542253883,
              31.473528827178743
            ],
            [
              76.39310447763108,
              31.473357477631083
            ],
            [
              76.39766147763108,
              31.46880047763108
            ]
          ],
          [
            [
              76.40665695526218,
              31.455247999999997
            ],
            [
              76.40677547763109,
              31.455129477631086
            ],
            [
              76.40694682717874,
              31.454940422538826
            ],
            [
              76.40709882099199,
              31.45473548260585
            ],
            [
              76.40722999528731,
              31.454516631515748
            ],
            [
              76.40733908678453,
              31.45428597692415
            ],
            [
              76.40742504487291,
              31.45404574016086
            ],
            [
              76.40748704172906,
              31.453798234837244
            ],
            [
              76.40752448028935,
              31.453545844564857
            ],
            [
              76.407537,
              31.453291
            ],
            [
              76.407537,
              31.449810955262162
            ],
            [
              76.41133247763108,
              31.446015477631082
            ],
            [
              76.4117725,
              31.445575455262166
            ],
            [
              76.41221252236892,
              31.446015477631086
            ],
            [
              76.41240157746118,
              31.446186827178746
            ],
            [
              76.41260651739415,
              31.446338820991986
            ],
            [
              76.41270824847972,
              31.446399796258117
            ],
            [
              76.41221252236892,
              31.446895522368916
            ],
            [
              76.41204117282126,
              31.447084577461176
            ],
            [
              76.41188917900801,
              31.44728951739415
            ],
            [
              76.4117580047127,
              31.447508368484254
            ],
            [
              76.41164891321547,
              31.44773902307585
            ],
            [
              76.4115629551271,
              31.44797925983914
            ],
            [
              76.41150095827095,
              31.448226765162758
            ],
            [
              76.41146351971065,
              31.448479155435145
            ],
            [
              76.411451,
              31.448734
            ],
            [
              76.411451,
              31.455247999999997
            ],
            [
              76.40665695526218,
              31.455247999999997
            ]
          ]
        ]
      }
    },
    {
      "type": "Feature",
      "properties": {
        "timestep_min": 30,
        "depth_band": "0.1 - 0.5",
        "min_depth": 0.1,
        "max_depth": 0.5,
        "max_depth_m": 14.7,
        "avg_depth_m": 8.1,
        "inundated_area_km2": 1.86,
        "hazard_level": "Moderate",
        "zone": "downstream",
        "wave_front_km": 9.0
      },
      "geometry": {
        "type": "Polygon",
        "coordinates": [
          [
            [
              76.43495822293197,
              31.40040324738873
            ],
            [
              76.38082516417633,
              31.36345719817
            ],
            [
              76.37123733834936,
              31.406459053247957
            ],
            [
              76.42883993269153,
              31.4119798527336
            ],
            [
              76.43495822293197,
              31.40040324738873
            ]
          ]
        ]
      }
    },
    {
      "type": "Feature",
      "properties": {
        "timestep_min": 30,
        "depth_band": "0.5 - 1.0",
        "min_depth": 0.5,
        "max_depth": 1.0,
        "max_depth_m": 14.7,
        "avg_depth_m": 8.1,
        "inundated_area_km2": 1.4,
        "hazard_level": "Moderate",
        "zone": "downstream",
        "wave_front_km": 9.0
      },
      "geometry": {
        "type": "Polygon",
        "coordinates": [
          [
            [
              76.42596579683155,
              31.39866656240968
            ],
            [
              76.38536600276483,
              31.370957025495635
            ],
            [
              76.37817513339459,
              31.4032084168041
            ],
            [
              76.42137707915123,
              31.407349016418337
            ],
            [
              76.42596579683155,
              31.39866656240968
            ]
          ]
        ]
      }
    },
    {
      "type": "Feature",
      "properties": {
        "timestep_min": 30,
        "depth_band": "1.0 - 2.0",
        "min_depth": 1.0,
        "max_depth": 2.0,
        "max_depth_m": 14.7,
        "avg_depth_m": 8.1,
        "inundated_area_km2": 1.02,
        "hazard_level": "High",
        "zone": "downstream",
        "wave_front_km": 9.0
      },
      "geometry": {
        "type": "Polygon",
        "coordinates": [
          [
            [
              76.41877185595122,
              31.397277214426442
            ],
            [
              76.38899867363563,
              31.37695688735614
            ],
            [
              76.38372536943078,
              31.400607907649015
            ],
            [
              76.41540679631899,
              31.40364434736612
            ],
            [
              76.41877185595122,
              31.397277214426442
            ]
          ]
        ]
      }
    },
    {
      "type": "Feature",
      "properties": {
        "timestep_min": 30,
        "depth_band": "2.0 - 3.0",
        "min_depth": 2.0,
        "max_depth": 3.0,
        "max_depth_m": 14.7,
        "avg_depth_m": 8.1,
        "inundated_area_km2": 0.71,
        "hazard_level": "High",
        "zone": "downstream",
        "wave_front_km": 9.0
      },
      "geometry": {
        "type": "Polygon",
        "coordinates": [
          [
            [
              76.41265700620293,
              31.396096268640687
            ],
            [
              76.3920864438758,
              31.38205676993757
            ],
            [
              76.38844307006156,
              31.398397474867192
            ],
            [
              76.41033205591157,
              31.400495378671735
            ],
            [
              76.41265700620293,
              31.396096268640687
            ]
          ]
        ]
      }
    },
    {
      "type": "Feature",
      "properties": {
        "timestep_min": 30,
        "depth_band": "3.0 - 5.0",
        "min_depth": 3.0,
        "max_depth": 5.0,
        "max_depth_m": 14.7,
        "avg_depth_m": 8.1,
        "inundated_area_km2": 0.41,
        "hazard_level": "Critical",
        "zone": "downstream",
        "wave_front_km": 9.0
      },
      "geometry": {
        "type": "Polygon",
        "coordinates": [
          [
            [
              76.40690185349867,
              31.394984790254096
            ],
            [
              76.39499258057242,
              31.386856659425973
            ],
            [
              76.39288325889049,
              31.396317067543126
            ],
            [
              76.40555582964578,
              31.397531643429968
            ],
            [
              76.40690185349867,
              31.394984790254096
            ]
          ]
        ]
      }
    },
    {
      "type": "Feature",
      "properties": {
        "timestep_min": 30,
        "depth_band": "> 5.0",
        "min_depth": 5.0,
        "max_depth": 99.0,
        "max_depth_m": 14.7,
        "avg_depth_m": 8.1,
        "inundated_area_km2": 0.19,
        "hazard_level": "Critical",
        "zone": "downstream",
        "wave_front_km": 9.0
      },
      "geometry": {
        "type": "Polygon",
        "coordinates": [
          [
            [
              76.40258548897046,
              31.394151181464153
            ],
            [
              76.39717218309491,
              31.39045657654228
            ],
            [
              76.39621340051221,
              31.394756762050076
            ],
            [
              76.40197365994642,
              31.39530884199864
            ],
            [
              76.40258548897046,
              31.394151181464153
            ]
          ]
        ]
      }
    },
    {
      "type": "Feature",
      "properties": {
        "depth_band": "0.1 - 0.5",
        "min_depth": 0.1,
        "max_depth": 0.5,
        "max_depth_m": 33.9,
        "avg_depth_m": 16.9,
        "hazard_level": "Moderate",
        "zone": "reservoir",
        "timestep_min": 60
      },
      "geometry": {
        "type": "Polygon",
        "coordinates": [
          [
            [
              76.38999166815711,
              31.458085510794213
            ],
            [
              76.38846908947566,
              31.459608089475655
            ],
            [
              76.38391208947566,
              31.46416508947567
            ],
            [
              76.38322669128502,
              31.46492130984471
            ],
            [
              76.38261871603204,
              31.465741069576605
            ],
            [
              76.38209401885078,
              31.46661647393702
            ],
            [
              76.38165765286188,
              31.467539092303415
            ],
            [
              76.38131382050838,
              31.468500039356567
            ],
            [
              76.38106583308381,
              31.469490060651044
            ],
            [
              76.3809160788426,
              31.470499621740586
            ],
            [
              76.380866,
              31.47151900000001
            ],
            [
              76.38091607884262,
              31.47253837825944
            ],
            [
              76.38106583308381,
              31.47354793934898
            ],
            [
              76.3813138205084,
              31.47453796064346
            ],
            [
              76.38165765286189,
              31.475498907696608
            ],
            [
              76.38209401885078,
              31.476421526063003
            ],
            [
              76.38261871603206,
              31.477296930423414
            ],
            [
              76.38322669128503,
              31.47811669015531
            ],
            [
              76.38391208947567,
              31.47887291052435
            ],
            [
              76.38466830984471,
              31.47955830871498
            ],
            [
              76.38548806957661,
              31.480166283967954
            ],
            [
              76.38636347393702,
              31.48069098114923
            ],
            [
              76.38728609230341,
              31.481127347138123
            ],
            [
              76.38824703935657,
              31.48147117949162
            ],
            [
              76.38923706065104,
              31.481719166916196
            ],
            [
              76.39024662174059,
              31.481868921157393
            ],
            [
              76.39126600000002,
              31.481919
            ],
            [
              76.39228537825944,
              31.48186892115739
            ],
            [
              76.39329493934898,
              31.481719166916193
            ],
            [
              76.39428496064346,
              31.481471179491614
            ],
            [
              76.3952459076966,
              31.481127347138113
            ],
            [
              76.39616852606301,
              31.480690981149216
            ],
            [
              76.39704393042342,
              31.48016628396794
            ],
            [
              76.39786369015532,
              31.479558308714964
            ],
            [
              76.39861991052435,
              31.47887291052433
            ],
            [
              76.40317691052434,
              31.474315910524336
            ],
            [
              76.40773391052433,
              31.469758910524344
            ],
            [
              76.40924482104869,
              31.468248
            ],
            [
              76.414051,
              31.468248
            ],
            [
              76.41507037825943,
              31.46819792115739
            ],
            [
              76.41607993934898,
              31.46804816691619
            ],
            [
              76.41706996064345,
              31.467800179491615
            ],
            [
              76.4180309076966,
              31.467456347138114
            ],
            [
              76.41895352606299,
              31.46701998114922
            ],
            [
              76.4198289304234,
              31.466495283967944
            ],
            [
              76.4206486901553,
              31.465887308714972
            ],
            [
              76.42140491052434,
              31.46520191052434
            ],
            [
              76.42209030871497,
              31.4644456901553
            ],
            [
              76.42269828396795,
              31.4636259304234
            ],
            [
              76.42322298114922,
              31.46275052606299
            ],
            [
              76.42365934713811,
              31.461827907696595
            ],
            [
              76.42400317949162,
              31.460866960643443
            ],
            [
              76.42425116691619,
              31.459876939348966
            ],
            [
              76.42440092115739,
              31.458867378259427
            ],
            [
              76.424451,
              31.457848
            ],
            [
              76.424451,
              31.45304182104869
            ],
            [
              76.42596191052435,
              31.451530910524344
            ],
            [
              76.42664730871498,
              31.450774690155303
            ],
            [
              76.42725528396795,
              31.449954930423402
            ],
            [
              76.42777998114923,
              31.44907952606299
            ],
            [
              76.42821634713812,
              31.448156907696596
            ],
            [
              76.42856017949163,
              31.447195960643445
            ],
            [
              76.4288081669162,
              31.446205939348967
            ],
            [
              76.42895792115739,
              31.44519637825943
            ],
            [
              76.42900800000001,
              31.444177
            ],
            [
              76.42895792115739,
              31.44315762174057
            ],
            [
              76.4288081669162,
              31.442148060651032
            ],
            [
              76.42856017949163,
              31.441158039356555
            ],
            [
              76.42821634713812,
              31.440197092303404
            ],
            [
              76.4282052312712,
              31.440173589777476
            ],
            [
              76.43051891052434,
              31.437859910524335
            ],
            [
              76.43507591052435,
              31.433302910524343
            ],
            [
              76.43963271744929,
              31.428745103510845
            ],
            [
              76.44031794216622,
              31.427988918217164
            ],
            [
              76.4409257594624,
              31.42716921873227
            ],
            [
              76.44145031735927,
              31.426293897006335
            ],
            [
              76.44188656548795,
              31.42537138051256
            ],
            [
              76.44223030371343,
              31.42441055110865
            ],
            [
              76.44247822257293,
              31.42342065952359
            ],
            [
              76.44262793513889,
              31.422411236292895
            ],
            [
              76.442678,
              31.421392
            ],
            [
              76.442678,
              31.416835
            ],
            [
              76.44262793513889,
              31.415815763707105
            ],
            [
              76.44247822257293,
              31.41480634047641
            ],
            [
              76.44223030371343,
              31.41381644889135
            ],
            [
              76.44188656548795,
              31.41285561948744
            ],
            [
              76.44145031735927,
              31.411933102993665
            ],
            [
              76.4409257594624,
              31.41105778126773
            ],
            [
              76.44031794216622,
              31.410238081782836
            ],
            [
              76.43963271744929,
              31.409481896489154
            ],
            [
              76.43507671744929,
              31.404924896489156
            ],
            [
              76.43432057229585,
              31.40423941532006
            ],
            [
              76.43350087928404,
              31.403631350115766
            ],
            [
              76.43262553250567,
              31.403106556876597
            ],
            [
              76.43170296202874,
              31.40267008964833
            ],
            [
              76.43074205271125,
              31.402326151848964
            ],
            [
              76.42975205863522,
              31.402078055787527
            ],
            [
              76.42874251398479,
              31.401928190764714
            ],
            [
              76.42772314122682,
              31.401878000062617
            ],
            [
              76.42670375747821,
              31.401927967045136
            ],
            [
              76.42569417996171,
              31.40207761050291
            ],
            [
              76.4247041314607,
              31.402325489287648
            ],
            [
              76.42374314668346,
              31.402669216191136
            ],
            [
              76.42282048043873,
              31.4031054809354
            ],
            [
              76.4219450185068,
              31.40363008205247
            ],
            [
              76.42112519206468,
              31.404237967346802
            ],
            [
              76.42036889648917,
              31.404923282550715
            ],
            [
              76.41968341532007,
              31.40567942770416
            ],
            [
              76.41907535011576,
              31.406499120715964
            ],
            [
              76.4185505568766,
              31.40737446749433
            ],
            [
              76.41811408964833,
              31.408297037971266
            ],
            [
              76.41777015184897,
              31.409257947288758
            ],
            [
              76.41752205578753,
              31.410247941364783
            ],
            [
              76.41737219076471,
              31.411257486015213
            ],
            [
              76.41732200006261,
              31.412276858773183
            ],
            [
              76.41737196704514,
              31.413296242521792
            ],
            [
              76.41752161050292,
              31.41430582003829
            ],
            [
              76.41776948928765,
              31.415295868539296
            ],
            [
              76.41811321619114,
              31.416256853316536
            ],
            [
              76.41854948093541,
              31.417179519561277
            ],
            [
              76.41907408205248,
              31.4180549814932
            ],
            [
              76.4196819673468,
              31.41887480793532
            ],
            [
              76.41987516416344,
              31.41908801478787
            ],
            [
              76.41581108947565,
              31.423152089475657
            ],
            [
              76.41125408947566,
              31.427709089475666
            ],
            [
              76.40973151079422,
              31.429231668157108
            ],
            [
              76.40949399999998,
              31.42922
            ],
            [
              76.40847462174055,
              31.429270078842613
            ],
            [
              76.40746506065102,
              31.42941983308381
            ],
            [
              76.40647503935654,
              31.42966782050839
            ],
            [
              76.40551409230339,
              31.430011652861886
            ],
            [
              76.404591473937,
              31.430448018850782
            ],
            [
              76.40371606957659,
              31.43097271603206
            ],
            [
              76.40289630984469,
              31.431580691285035
            ],
            [
              76.40214008947565,
              31.432266089475668
            ],
            [
              76.39758308947566,
              31.436823089475666
            ],
            [
              76.39302608947565,
              31.441380089475658
            ],
            [
              76.39234069128503,
              31.4421363098447
            ],
            [
              76.39173271603205,
              31.4429560695766
            ],
            [
              76.39120801885078,
              31.44383147393701
            ],
            [
              76.39077165286189,
              31.444754092303405
            ],
            [
              76.39042782050838,
              31.445715039356557
            ],
            [
              76.3901798330838,
              31.446705060651034
            ],
            [
              76.39003007884261,
              31.447714621740573
            ],
            [
              76.38998,
              31.448734
            ],
            [
              76.38998,
              31.457848
            ],
            [
              76.38999166815711,
              31.458085510794213
            ]
          ]
        ]
      }
    },
    {
      "type": "Feature",
      "properties": {
        "depth_band": "0.5 - 1.0",
        "min_depth": 0.5,
        "max_depth": 1.0,
        "max_depth_m": 33.9,
        "avg_depth_m": 16.9,
        "hazard_level": "Moderate",
        "zone": "reservoir",
        "timestep_min": 60
      },
      "geometry": {
        "type": "Polygon",
        "coordinates": [
          [
            [
              76.39323747851466,
              31.45925204675125
            ],
            [
              76.39067526263295,
              31.461814262632956
            ],
            [
              76.38611826263296,
              31.46637126263297
            ],
            [
              76.38563848389951,
              31.466900616891294
            ],
            [
              76.38521290122243,
              31.467474448703626
            ],
            [
              76.38484561319554,
              31.468087231755916
            ],
            [
              76.38454015700331,
              31.46873306461239
            ],
            [
              76.38429947435587,
              31.469405727549596
            ],
            [
              76.38412588315866,
              31.470098742455733
            ],
            [
              76.38402105518983,
              31.47080543521841
            ],
            [
              76.38398600000001,
              31.471519000000008
            ],
            [
              76.38402105518983,
              31.47223256478161
            ],
            [
              76.38412588315867,
              31.472939257544287
            ],
            [
              76.38429947435587,
              31.47363227245042
            ],
            [
              76.38454015700333,
              31.474304935387625
            ],
            [
              76.38484561319555,
              31.474950768244103
            ],
            [
              76.38521290122245,
              31.47556355129639
            ],
            [
              76.38563848389953,
              31.476137383108718
            ],
            [
              76.38611826263298,
              31.476666737367044
            ],
            [
              76.3866476168913,
              31.477146516100486
            ],
            [
              76.38722144870363,
              31.477572098777568
            ],
            [
              76.38783423175592,
              31.47793938680446
            ],
            [
              76.3884800646124,
              31.478244842996688
            ],
            [
              76.3891527275496,
              31.478485525644135
            ],
            [
              76.38984574245573,
              31.47865911684134
            ],
            [
              76.39055243521841,
              31.478763944810176
            ],
            [
              76.39126600000002,
              31.478799000000002
            ],
            [
              76.39197956478161,
              31.478763944810172
            ],
            [
              76.39268625754428,
              31.478659116841335
            ],
            [
              76.39337927245042,
              31.47848552564413
            ],
            [
              76.39405193538762,
              31.47824484299668
            ],
            [
              76.3946977682441,
              31.477939386804454
            ],
            [
              76.39531055129639,
              31.477572098777557
            ],
            [
              76.39588438310872,
              31.477146516100476
            ],
            [
              76.39641373736704,
              31.476666737367033
            ],
            [
              76.40097073736703,
              31.47210973736703
            ],
            [
              76.40552773736704,
              31.467552737367043
            ],
            [
              76.40795247473407,
              31.465128
            ],
            [
              76.414051,
              31.465128
            ],
            [
              76.4147645647816,
              31.465092944810173
            ],
            [
              76.41547125754428,
              31.464988116841333
            ],
            [
              76.41616427245042,
              31.46481452564413
            ],
            [
              76.41683693538762,
              31.464573842996682
            ],
            [
              76.4174827682441,
              31.464268386804456
            ],
            [
              76.41809555129639,
              31.463901098777562
            ],
            [
              76.4186693831087,
              31.46347551610048
            ],
            [
              76.41919873736704,
              31.462995737367038
            ],
            [
              76.41967851610048,
              31.46246638310871
            ],
            [
              76.42010409877756,
              31.46189255129638
            ],
            [
              76.42047138680445,
              31.461279768244093
            ],
            [
              76.42077684299669,
              31.460633935387616
            ],
            [
              76.42101752564413,
              31.45996127245041
            ],
            [
              76.42119111684134,
              31.459268257544277
            ],
            [
              76.42129594481017,
              31.458561564781597
            ],
            [
              76.421331,
              31.457848
            ],
            [
              76.421331,
              31.451749474734086
            ],
            [
              76.42375573736705,
              31.44932473736704
            ],
            [
              76.42423551610048,
              31.44879538310871
            ],
            [
              76.42466109877756,
              31.44822155129638
            ],
            [
              76.42502838680446,
              31.447608768244095
            ],
            [
              76.4253338429967,
              31.446962935387617
            ],
            [
              76.42557452564414,
              31.446290272450412
            ],
            [
              76.42574811684135,
              31.44559725754428
            ],
            [
              76.42585294481017,
              31.4448905647816
            ],
            [
              76.425888,
              31.444177
            ],
            [
              76.42585294481017,
              31.4434634352184
            ],
            [
              76.42574811684135,
              31.44275674245572
            ],
            [
              76.42557452564414,
              31.442063727549588
            ],
            [
              76.4253338429967,
              31.441391064612382
            ],
            [
              76.42502838680446,
              31.440745231755905
            ],
            [
              76.42466109877756,
              31.44013244870362
            ],
            [
              76.42430890473037,
              31.439657570003718
            ],
            [
              76.42831273736704,
              31.435653737367034
            ],
            [
              76.43286973736704,
              31.43109673736704
            ],
            [
              76.43742630221449,
              31.42653917245759
            ],
            [
              76.43790595951634,
              31.426009842752016
            ],
            [
              76.43833143162367,
              31.425436053112595
            ],
            [
              76.43869862215149,
              31.424823327904438
            ],
            [
              76.43900399584156,
              31.424177566358793
            ],
            [
              76.4392446125994,
              31.423504985776056
            ],
            [
              76.43941815580105,
              31.422812061666512
            ],
            [
              76.43952295459722,
              31.42210546540503
            ],
            [
              76.43955799999999,
              31.421392
            ],
            [
              76.43955799999999,
              31.416835
            ],
            [
              76.43952295459722,
              31.41612153459497
            ],
            [
              76.43941815580105,
              31.415414938333488
            ],
            [
              76.4392446125994,
              31.414722014223944
            ],
            [
              76.43900399584156,
              31.414049433641207
            ],
            [
              76.43869862215149,
              31.413403672095562
            ],
            [
              76.43833143162367,
              31.412790946887405
            ],
            [
              76.43790595951634,
              31.412217157247984
            ],
            [
              76.43742630221449,
              31.41168782754241
            ],
            [
              76.4328703022145,
              31.40713082754241
            ],
            [
              76.4323410006071,
              31.406650990724042
            ],
            [
              76.43176721549882,
              31.406225345081037
            ],
            [
              76.43115447275397,
              31.40585798981362
            ],
            [
              76.43050867342012,
              31.40555246275383
            ],
            [
              76.42983603689787,
              31.405311706294274
            ],
            [
              76.42914304104465,
              31.40513803905127
            ],
            [
              76.42843635978936,
              31.405033133535298
            ],
            [
              76.42772279885878,
              31.404998000043832
            ],
            [
              76.42700923023475,
              31.405032976931594
            ],
            [
              76.4263025259732,
              31.405137727352038
            ],
            [
              76.42560949202249,
              31.40531124250135
            ],
            [
              76.42493680267843,
              31.405551851333797
            ],
            [
              76.42429093630712,
              31.405857236654782
            ],
            [
              76.42367811295476,
              31.40622445743673
            ],
            [
              76.42310423444528,
              31.406649977142763
            ],
            [
              76.42257482754242,
              31.4071296977855
            ],
            [
              76.42209499072405,
              31.407658999392915
            ],
            [
              76.42166934508104,
              31.408232784501177
            ],
            [
              76.42130198981361,
              31.40884552724603
            ],
            [
              76.42099646275383,
              31.409491326579886
            ],
            [
              76.42075570629427,
              31.41016396310213
            ],
            [
              76.42058203905127,
              31.41085695895535
            ],
            [
              76.4204771335353,
              31.411563640210648
            ],
            [
              76.42044200004383,
              31.41227720114123
            ],
            [
              76.4204769769316,
              31.412990769765255
            ],
            [
              76.42058172735204,
              31.4136974740268
            ],
            [
              76.42075524250136,
              31.414390507977508
            ],
            [
              76.4209958513338,
              31.415063197321576
            ],
            [
              76.42130123665478,
              31.415709063692894
            ],
            [
              76.42166845743672,
              31.41632188704524
            ],
            [
              76.42209397714277,
              31.416895765554724
            ],
            [
              76.42257369778551,
              31.41742517245759
            ],
            [
              76.4242616548369,
              31.4191135
            ],
            [
              76.42257398023406,
              31.42080154503186
            ],
            [
              76.41801726263296,
              31.42535826263296
            ],
            [
              76.41346026263297,
              31.429915262632967
            ],
            [
              76.41089804675126,
              31.432477478514677
            ],
            [
              76.41020756478159,
              31.432375055189826
            ],
            [
              76.409494,
              31.43234
            ],
            [
              76.40878043521839,
              31.43237505518983
            ],
            [
              76.40807374245571,
              31.432479883158667
            ],
            [
              76.40738072754958,
              31.432653474355874
            ],
            [
              76.40670806461237,
              31.43289415700332
            ],
            [
              76.4060622317559,
              31.433199613195548
            ],
            [
              76.4054494487036,
              31.43356690122244
            ],
            [
              76.40487561689127,
              31.433992483899523
            ],
            [
              76.40434626263296,
              31.43447226263297
            ],
            [
              76.39978926263296,
              31.439029262632967
            ],
            [
              76.39523226263296,
              31.443586262632962
            ],
            [
              76.39475248389952,
              31.444115616891292
            ],
            [
              76.39432690122244,
              31.44468944870362
            ],
            [
              76.39395961319555,
              31.445302231755907
            ],
            [
              76.39365415700331,
              31.445948064612384
            ],
            [
              76.39341347435587,
              31.44662072754959
            ],
            [
              76.39323988315866,
              31.447313742455723
            ],
            [
              76.39313505518983,
              31.448020435218403
            ],
            [
              76.3931,
              31.448734
            ],
            [
              76.3931,
              31.457848
            ],
            [
              76.39313505518983,
              31.458561564781597
            ],
            [
              76.39323747851466,
              31.45925204675125
            ]
          ]
        ]
      }
    },
    {
      "type": "Feature",
      "properties": {
        "depth_band": "1.0 - 2.0",
        "min_depth": 1.0,
        "max_depth": 2.0,
        "max_depth_m": 33.9,
        "avg_depth_m": 16.9,
        "hazard_level": "Moderate",
        "zone": "reservoir",
        "timestep_min": 60
      },
      "geometry": {
        "type": "Polygon",
        "coordinates": [
          [
            [
              76.39620756989436,
              31.459958910633734
            ],
            [
              76.39251374026404,
              31.463652740264042
            ],
            [
              76.38795674026404,
              31.46820974026405
            ],
            [
              76.38764831107827,
              31.46855003943012
            ],
            [
              76.38737472221442,
              31.468918931309474
            ],
            [
              76.38713860848284,
              31.46931286327166
            ],
            [
              76.38694224378784,
              31.469728041536538
            ],
            [
              76.38678751922878,
              31.470160467710453
            ],
            [
              76.38667592488771,
              31.47060597729297
            ],
            [
              76.38660853547917,
              31.471060279783263
            ],
            [
              76.38658600000001,
              31.471519000000008
            ],
            [
              76.38660853547917,
              31.47197772021675
            ],
            [
              76.38667592488771,
              31.472432022707043
            ],
            [
              76.38678751922878,
              31.472877532289555
            ],
            [
              76.38694224378786,
              31.473309958463474
            ],
            [
              76.38713860848286,
              31.47372513672835
            ],
            [
              76.38737472221443,
              31.474119068690538
            ],
            [
              76.38764831107827,
              31.474487960569892
            ],
            [
              76.38795674026406,
              31.474828259735958
            ],
            [
              76.38829703943011,
              31.47513668892174
            ],
            [
              76.38866593130948,
              31.47541027778558
            ],
            [
              76.38905986327165,
              31.475646391517152
            ],
            [
              76.38947504153654,
              31.475842756212156
            ],
            [
              76.38990746771046,
              31.47599748077123
            ],
            [
              76.39035297729298,
              31.476109075112287
            ],
            [
              76.39080727978326,
              31.476176464520826
            ],
            [
              76.391266,
              31.476199
            ],
            [
              76.39172472021674,
              31.476176464520826
            ],
            [
              76.39217902270704,
              31.476109075112287
            ],
            [
              76.39262453228956,
              31.475997480771227
            ],
            [
              76.39305695846348,
              31.475842756212153
            ],
            [
              76.39347213672835,
              31.47564639151715
            ],
            [
              76.39386606869054,
              31.475410277785574
            ],
            [
              76.39423496056989,
              31.475136688921737
            ],
            [
              76.39457525973596,
              31.47482825973595
            ],
            [
              76.39913225973595,
              31.47027125973595
            ],
            [
              76.40368925973596,
              31.465714259735957
            ],
            [
              76.40687551947191,
              31.462528
            ],
            [
              76.414051,
              31.462528
            ],
            [
              76.41450972021674,
              31.462505464520824
            ],
            [
              76.41496402270704,
              31.462438075112285
            ],
            [
              76.41540953228956,
              31.462326480771225
            ],
            [
              76.41584195846347,
              31.46217175621215
            ],
            [
              76.41625713672835,
              31.46197539151715
            ],
            [
              76.41665106869053,
              31.461739277785576
            ],
            [
              76.41701996056989,
              31.461465688921734
            ],
            [
              76.41736025973596,
              31.461157259735952
            ],
            [
              76.41766868892174,
              31.460816960569883
            ],
            [
              76.41794227778557,
              31.460448068690532
            ],
            [
              76.41817839151715,
              31.460054136728345
            ],
            [
              76.41837475621216,
              31.45963895846347
            ],
            [
              76.41852948077123,
              31.45920653228955
            ],
            [
              76.41864107511229,
              31.458761022707034
            ],
            [
              76.41870846452083,
              31.45830672021674
            ],
            [
              76.418731,
              31.457848
            ],
            [
              76.418731,
              31.45067251947192
            ],
            [
              76.42191725973596,
              31.447486259735953
            ],
            [
              76.42222568892174,
              31.447145960569884
            ],
            [
              76.42249927778559,
              31.44677706869053
            ],
            [
              76.42273539151715,
              31.446383136728343
            ],
            [
              76.42293175621217,
              31.445967958463466
            ],
            [
              76.42308648077123,
              31.445535532289547
            ],
            [
              76.4231980751123,
              31.445090022707035
            ],
            [
              76.42326546452084,
              31.44463572021674
            ],
            [
              76.423288,
              31.444177
            ],
            [
              76.42326546452084,
              31.443718279783255
            ],
            [
              76.4231980751123,
              31.44326397729296
            ],
            [
              76.42308648077123,
              31.44281846771045
            ],
            [
              76.42293175621217,
              31.44238604153653
            ],
            [
              76.42273539151715,
              31.441970863271653
            ],
            [
              76.42249927778558,
              31.441576931309466
            ],
            [
              76.42222568892174,
              31.441208039430112
            ],
            [
              76.42191725973596,
              31.440867740264046
            ],
            [
              76.4215769605699,
              31.44055931107826
            ],
            [
              76.42120806869053,
              31.440285722214423
            ],
            [
              76.42081413672835,
              31.44004960848285
            ],
            [
              76.42042429323129,
              31.439865226240627
            ],
            [
              76.42191725973596,
              31.438372259735953
            ],
            [
              76.42647425973595,
              31.43381525973595
            ],
            [
              76.43103125973596,
              31.429258259735953
            ],
            [
              76.43558762285218,
              31.424700896579882
            ],
            [
              76.4358959739748,
              31.42436061319772
            ],
            [
              76.43616949175808,
              31.423991748429522
            ],
            [
              76.43640554281167,
              31.42359785365285
            ],
            [
              76.43660185446957,
              31.42318272123065
            ],
            [
              76.43675653667104,
              31.422750347998893
            ],
            [
              76.43686810015781,
              31.422304896785615
            ],
            [
              76.4369354708125,
              31.421850656331802
            ],
            [
              76.43695799999999,
              31.421392
            ],
            [
              76.43695799999999,
              31.416835
            ],
            [
              76.4369354708125,
              31.416376343668198
            ],
            [
              76.43686810015781,
              31.415922103214385
            ],
            [
              76.43675653667104,
              31.415476652001107
            ],
            [
              76.43660185446957,
              31.41504427876935
            ],
            [
              76.43640554281167,
              31.41462914634715
            ],
            [
              76.43616949175808,
              31.414235251570478
            ],
            [
              76.4358959739748,
              31.41386638680228
            ],
            [
              76.43558762285218,
              31.413526103420118
            ],
            [
              76.43103162285219,
              31.40896910342012
            ],
            [
              76.43069135753314,
              31.408660636894027
            ],
            [
              76.43032249567781,
              31.408387007552093
            ],
            [
              76.42992858962755,
              31.40815085059447
            ],
            [
              76.42951343291293,
              31.407954440341747
            ],
            [
              76.42908102372006,
              31.407799668332032
            ],
            [
              76.42863552638585,
              31.407688025104388
            ],
            [
              76.42818123129315,
              31.40762058584412
            ],
            [
              76.42772251355207,
              31.407598000028177
            ],
            [
              76.4272637908652,
              31.407620485170312
            ],
            [
              76.42680948098277,
              31.40768782472631
            ],
            [
              76.42636395915731,
              31.40779937017944
            ],
            [
              76.42593151600757,
              31.40795404728601
            ],
            [
              76.42551631619743,
              31.40815036642093
            ],
            [
              76.42512235832807,
              31.40838643692361
            ],
            [
              76.42475343642911,
              31.408659985306063
            ],
            [
              76.42441310342012,
              31.408968377147822
            ],
            [
              76.42410463689403,
              31.409308642466872
            ],
            [
              76.4238310075521,
              31.409677504322186
            ],
            [
              76.42359485059447,
              31.41007141037245
            ],
            [
              76.42339844034176,
              31.41048656708707
            ],
            [
              76.42324366833203,
              31.41091897627994
            ],
            [
              76.4231320251044,
              31.411364473614153
            ],
            [
              76.42306458584412,
              31.411818768706844
            ],
            [
              76.42304200002818,
              31.412277486447934
            ],
            [
              76.42306448517031,
              31.412736209134806
            ],
            [
              76.42313182472631,
              31.41319051901723
            ],
            [
              76.42324337017945,
              31.413636040842682
            ],
            [
              76.42339804728601,
              31.41406848399244
            ],
            [
              76.42359436642093,
              31.414483683802576
            ],
            [
              76.42383043692361,
              31.41487764167194
            ],
            [
              76.42410398530606,
              31.415246563570893
            ],
            [
              76.42441237714782,
              31.41558689657988
            ],
            [
              76.427598,
              31.41877321864692
            ],
            [
              76.427598,
              31.41945378135308
            ],
            [
              76.42441255867564,
              31.42263992185245
            ],
            [
              76.41985574026404,
              31.427196740264048
            ],
            [
              76.41529874026405,
              31.43175374026405
            ],
            [
              76.41160491063374,
              31.435447569894357
            ],
            [
              76.41128495846347,
              31.43529624378785
            ],
            [
              76.41085253228954,
              31.435141519228775
            ],
            [
              76.41040702270703,
              31.435029924887715
            ],
            [
              76.40995272021674,
              31.434962535479176
            ],
            [
              76.409494,
              31.43494
            ],
            [
              76.40903527978325,
              31.434962535479176
            ],
            [
              76.40858097729296,
              31.435029924887715
            ],
            [
              76.40813546771044,
              31.435141519228775
            ],
            [
              76.40770304153652,
              31.43529624378785
            ],
            [
              76.40728786327165,
              31.435492608482853
            ],
            [
              76.40689393130945,
              31.435728722214428
            ],
            [
              76.40652503943011,
              31.436002311078266
            ],
            [
              76.40618474026404,
              31.43631074026405
            ],
            [
              76.40162774026405,
              31.44086774026405
            ],
            [
              76.39707074026404,
              31.44542474026405
            ],
            [
              76.39676231107826,
              31.445765039430118
            ],
            [
              76.39648872221443,
              31.446133931309472
            ],
            [
              76.39625260848285,
              31.44652786327166
            ],
            [
              76.39605624378784,
              31.446943041536535
            ],
            [
              76.39590151922877,
              31.44737546771045
            ],
            [
              76.39578992488771,
              31.447820977292967
            ],
            [
              76.39572253547917,
              31.44827527978326
            ],
            [
              76.3957,
              31.448734
            ],
            [
              76.3957,
              31.457848
            ],
            [
              76.39572253547917,
              31.45830672021674
            ],
            [
              76.39578992488771,
              31.458761022707034
            ],
            [
              76.39590151922877,
              31.45920653228955
            ],
            [
              76.39605624378784,
              31.45963895846347
            ],
            [
              76.39620756989436,
              31.459958910633734
            ]
          ]
        ]
      }
    },
    {
      "type": "Feature",
      "properties": {
        "depth_band": "2.0 - 3.0",
        "min_depth": 2.0,
        "max_depth": 3.0,
        "max_depth_m": 33.9,
        "avg_depth_m": 16.9,
        "hazard_level": "Moderate",
        "zone": "reservoir",
        "timestep_min": 60
      },
      "geometry": {
        "type": "Polygon",
        "coordinates": [
          [
            [
              76.39766147763108,
              31.46880047763108
            ],
            [
              76.40221847763108,
              31.464243477631086
            ],
            [
              76.40601395526217,
              31.460448
            ],
            [
              76.414051,
              31.460448
            ],
            [
              76.41430584456485,
              31.460435480289345
            ],
            [
              76.41455823483724,
              31.460398041729047
            ],
            [
              76.41480574016086,
              31.460336044872903
            ],
            [
              76.41504597692415,
              31.460250086784527
            ],
            [
              76.41527663151575,
              31.460140995287304
            ],
            [
              76.41549548260585,
              31.460009820991985
            ],
            [
              76.41570042253882,
              31.45985782717874
            ],
            [
              76.41588947763108,
              31.459686477631085
            ],
            [
              76.41606082717874,
              31.459497422538824
            ],
            [
              76.41621282099199,
              31.45929248260585
            ],
            [
              76.4163439952873,
              31.459073631515746
            ],
            [
              76.41645308678453,
              31.45884297692415
            ],
            [
              76.4165390448729,
              31.45860274016086
            ],
            [
              76.41660104172905,
              31.458355234837242
            ],
            [
              76.41663848028935,
              31.458102844564856
            ],
            [
              76.416651,
              31.457848
            ],
            [
              76.416651,
              31.44981095526217
            ],
            [
              76.42044647763109,
              31.446015477631086
            ],
            [
              76.42061782717875,
              31.445826422538826
            ],
            [
              76.42076982099199,
              31.44562148260585
            ],
            [
              76.42090099528731,
              31.445402631515748
            ],
            [
              76.42101008678453,
              31.44517197692415
            ],
            [
              76.42109604487291,
              31.444931740160865
            ],
            [
              76.42115804172906,
              31.444684234837244
            ],
            [
              76.42119548028936,
              31.444431844564857
            ],
            [
              76.42120800000001,
              31.444177
            ],
            [
              76.42119548028936,
              31.443922155435146
            ],
            [
              76.42115804172906,
              31.44366976516276
            ],
            [
              76.42109604487291,
              31.44342225983914
            ],
            [
              76.42101008678453,
              31.443182023075853
            ],
            [
              76.42090099528731,
              31.442951368484252
            ],
            [
              76.42076982099199,
              31.44273251739415
            ],
            [
              76.42061782717875,
              31.442527577461174
            ],
            [
              76.42044647763109,
              31.442338522368914
            ],
            [
              76.42025742253884,
              31.442167172821257
            ],
            [
              76.42005248260585,
              31.442015179008013
            ],
            [
              76.41983363151576,
              31.441884004712694
            ],
            [
              76.41960297692415,
              31.441774913215472
            ],
            [
              76.41936274016086,
              31.441688955127095
            ],
            [
              76.41911523483725,
              31.44162695827095
            ],
            [
              76.41886284456486,
              31.441589519710654
            ],
            [
              76.418608,
              31.441577
            ],
            [
              76.41577095526218,
              31.441577
            ],
            [
              76.41588947763108,
              31.441458477631087
            ],
            [
              76.42044647763109,
              31.436901477631086
            ],
            [
              76.42500347763108,
              31.432344477631084
            ],
            [
              76.42956047763109,
              31.427787477631085
            ],
            [
              76.43411667936232,
              31.42323027587771
            ],
            [
              76.43428798554154,
              31.42304122955429
            ],
            [
              76.4344399398656,
              31.422836304683067
            ],
            [
              76.43457107933982,
              31.422617474251584
            ],
            [
              76.43468014137198,
              31.422386845128138
            ],
            [
              76.43476607592835,
              31.422146637777164
            ],
            [
              76.43482805564322,
              31.421899164880898
            ],
            [
              76.43486548378472,
              31.421646809073223
            ],
            [
              76.434878,
              31.421392
            ],
            [
              76.434878,
              31.416835
            ],
            [
              76.43486548378472,
              31.416580190926776
            ],
            [
              76.43482805564322,
              31.4163278351191
            ],
            [
              76.43476607592835,
              31.416080362222836
            ],
            [
              76.43468014137198,
              31.415840154871862
            ],
            [
              76.43457107933982,
              31.415609525748415
            ],
            [
              76.4344399398656,
              31.415390695316933
            ],
            [
              76.43428798554154,
              31.41518577044571
            ],
            [
              76.43411667936232,
              31.41499672412229
            ],
            [
              76.42956067936233,
              31.41043972412229
            ],
            [
              76.42937164307396,
              31.410268353830016
            ],
            [
              76.42916671982101,
              31.41011633752894
            ],
            [
              76.42894788312643,
              31.40998513921915
            ],
            [
              76.42871724050718,
              31.40987602241208
            ],
            [
              76.42847701317781,
              31.409790037962242
            ],
            [
              76.42822951465881,
              31.409728013946882
            ],
            [
              76.4279771284962,
              31.409690547691177
            ],
            [
              76.4277222853067,
              31.409678000015653
            ],
            [
              76.42746743936955,
              31.409690491761285
            ],
            [
              76.42721504499043,
              31.40972790262573
            ],
            [
              76.42696753286518,
              31.409789872321912
            ],
            [
              76.42672728667087,
              31.409875804047786
            ],
            [
              76.42649662010969,
              31.409984870233853
            ],
            [
              76.42627775462671,
              31.41011602051312
            ],
            [
              76.42607279801618,
              31.4102679918367
            ],
            [
              76.42588372412229,
              31.41043932063768
            ],
            [
              76.42571235383002,
              31.41062835692604
            ],
            [
              76.42556033752895,
              31.41083328017899
            ],
            [
              76.42542913921915,
              31.411052116873584
            ],
            [
              76.42532002241208,
              31.411282759492817
            ],
            [
              76.42523403796224,
              31.411522986822188
            ],
            [
              76.42517201394688,
              31.411770485341197
            ],
            [
              76.42513454769119,
              31.412022871503805
            ],
            [
              76.42512200001566,
              31.412277714693296
            ],
            [
              76.42513449176128,
              31.41253256063045
            ],
            [
              76.42517190262573,
              31.412784955009574
            ],
            [
              76.42523387232191,
              31.413032467134826
            ],
            [
              76.42531980404779,
              31.413272713329135
            ],
            [
              76.42542887023386,
              31.41350337989032
            ],
            [
              76.42556002051312,
              31.4137222453733
            ],
            [
              76.4257119918367,
              31.41392720198383
            ],
            [
              76.42588332063768,
              31.41411627587771
            ],
            [
              76.429678,
              31.417911788137168
            ],
            [
              76.429678,
              31.42031521186283
            ],
            [
              76.42588342149367,
              31.424110623244168
            ],
            [
              76.42132652236891,
              31.428667522368915
            ],
            [
              76.41676952236892,
              31.433224522368917
            ],
            [
              76.41221252236892,
              31.437781522368915
            ],
            [
              76.4117725,
              31.438221544737836
            ],
            [
              76.41133247763108,
              31.437781522368915
            ],
            [
              76.41114342253881,
              31.437610172821255
            ],
            [
              76.41093848260584,
              31.437458179008015
            ],
            [
              76.41071963151575,
              31.437327004712696
            ],
            [
              76.41048897692414,
              31.43721791321547
            ],
            [
              76.41024874016085,
              31.437131955127096
            ],
            [
              76.41000123483724,
              31.437069958270953
            ],
            [
              76.40974884456485,
              31.437032519710655
            ],
            [
              76.409494,
              31.43702
            ],
            [
              76.40923915543513,
              31.437032519710655
            ],
            [
              76.40898676516275,
              31.437069958270953
            ],
            [
              76.40873925983914,
              31.437131955127096
            ],
            [
              76.40849902307585,
              31.437217913215473
            ],
            [
              76.40826836848424,
              31.437327004712696
            ],
            [
              76.40804951739415,
              31.437458179008015
            ],
            [
              76.40784457746118,
              31.43761017282126
            ],
            [
              76.40765552236891,
              31.43778152236892
            ],
            [
              76.40309852236892,
              31.442338522368917
            ],
            [
              76.39854152236892,
              31.446895522368916
            ],
            [
              76.39837017282126,
              31.447084577461176
            ],
            [
              76.39821817900801,
              31.44728951739415
            ],
            [
              76.39808700471269,
              31.447508368484254
            ],
            [
              76.39797791321547,
              31.44773902307585
            ],
            [
              76.3978919551271,
              31.44797925983914
            ],
            [
              76.39782995827095,
              31.448226765162758
            ],
            [
              76.39779251971065,
              31.448479155435145
            ],
            [
              76.39778,
              31.448734
            ],
            [
              76.39778,
              31.457848
            ],
            [
              76.39779251971065,
              31.458102844564856
            ],
            [
              76.39782995827095,
              31.45835523483724
            ],
            [
              76.3978919551271,
              31.45860274016086
            ],
            [
              76.39797791321547,
              31.458842976924146
            ],
            [
              76.39808700471269,
              31.459073631515746
            ],
            [
              76.39821817900801,
              31.45929248260585
            ],
            [
              76.39837017282126,
              31.459497422538824
            ],
            [
              76.39854152236892,
              31.459686477631085
            ],
            [
              76.39873057746117,
              31.45985782717874
            ],
            [
              76.39893551739415,
              31.460009820991985
            ],
            [
              76.39903724847971,
              31.460070796258115
            ],
            [
              76.39854152236892,
              31.460566522368914
            ],
            [
              76.39398452236891,
              31.465123522368913
            ],
            [
              76.38942752236892,
              31.469680522368918
            ],
            [
              76.38925617282126,
              31.46986957746118
            ],
            [
              76.38910417900802,
              31.470074517394153
            ],
            [
              76.3889730047127,
              31.470293368484256
            ],
            [
              76.38886391321547,
              31.470524023075853
            ],
            [
              76.3887779551271,
              31.470764259839143
            ],
            [
              76.38871595827095,
              31.47101176516276
            ],
            [
              76.38867851971065,
              31.471264155435147
            ],
            [
              76.388666,
              31.471519000000004
            ],
            [
              76.38867851971065,
              31.47177384456486
            ],
            [
              76.38871595827095,
              31.472026234837244
            ],
            [
              76.3887779551271,
              31.472273740160865
            ],
            [
              76.38886391321547,
              31.47251397692415
            ],
            [
              76.3889730047127,
              31.472744631515752
            ],
            [
              76.38910417900802,
              31.472963482605856
            ],
            [
              76.38925617282126,
              31.47316842253883
            ],
            [
              76.38942752236892,
              31.473357477631087
            ],
            [
              76.38961657746118,
              31.473528827178747
            ],
            [
              76.38982151739415,
              31.47368082099199
            ],
            [
              76.39004036848425,
              31.473811995287306
            ],
            [
              76.39027102307585,
              31.473921086784532
            ],
            [
              76.39051125983914,
              31.474007044872906
            ],
            [
              76.39075876516276,
              31.47406904172905
            ],
            [
              76.39101115543515,
              31.47410648028935
            ],
            [
              76.391266,
              31.474119
            ],
            [
              76.39152084456487,
              31.474106480289347
            ],
            [
              76.39177323483725,
              31.47406904172905
            ],
            [
              76.39202074016086,
              31.474007044872902
            ],
            [
              76.39226097692415,
              31.47392108678453
            ],
            [
              76.39249163151575,
              31.473811995287306
            ],
            [
              76.39271048260585,
              31.473680820991987
            ],
            [
              76.39291542253883,
              31.473528827178743
            ],
            [
              76.39310447763108,
              31.473357477631083
            ],
            [
              76.39766147763108,
              31.46880047763108
            ]
          ],
          [
            [
              76.40665695526218,
              31.455247999999997
            ],
            [
              76.40677547763109,
              31.455129477631086
            ],
            [
              76.40694682717874,
              31.454940422538826
            ],
            [
              76.40709882099199,
              31.45473548260585
            ],
            [
              76.40722999528731,
              31.454516631515748
            ],
            [
              76.40733908678453,
              31.45428597692415
            ],
            [
              76.40742504487291,
              31.45404574016086
            ],
            [
              76.40748704172906,
              31.453798234837244
            ],
            [
              76.40752448028935,
              31.453545844564857
            ],
            [
              76.407537,
              31.453291
            ],
            [
              76.407537,
              31.449810955262162
            ],
            [
              76.41133247763108,
              31.446015477631082
            ],
            [
              76.4117725,
              31.445575455262166
            ],
            [
              76.41221252236892,
              31.446015477631086
            ],
            [
              76.41240157746118,
              31.446186827178746
            ],
            [
              76.41260651739415,
              31.446338820991986
            ],
            [
              76.41270824847972,
              31.446399796258117
            ],
            [
              76.41221252236892,
              31.446895522368916
            ],
            [
              76.41204117282126,
              31.447084577461176
            ],
            [
              76.41188917900801,
              31.44728951739415
            ],
            [
              76.4117580047127,
              31.447508368484254
            ],
            [
              76.41164891321547,
              31.44773902307585
            ],
            [
              76.4115629551271,
              31.44797925983914
            ],
            [
              76.41150095827095,
              31.448226765162758
            ],
            [
              76.41146351971065,
              31.448479155435145
            ],
            [
              76.411451,
              31.448734
            ],
            [
              76.411451,
              31.455247999999997
            ],
            [
              76.40665695526218,
              31.455247999999997
            ]
          ]
        ]
      }
    },
    {
      "type": "Feature",
      "properties": {
        "timestep_min": 60,
        "depth_band": "0.1 - 0.5",
        "min_depth": 0.1,
        "max_depth": 0.5,
        "max_depth_m": 5.6,
        "avg_depth_m": 3.1,
        "inundated_area_km2": 0.41,
        "hazard_level": "Moderate",
        "zone": "downstream",
        "wave_front_km": 22.3
      },
      "geometry": {
        "type": "Polygon",
        "coordinates": [
          [
            [
              76.43655448607541,
              31.397382908746412
            ],
            [
              76.40945287746536,
              31.29896290411477
            ],
            [
              76.38611564529668,
              31.297489861237946
            ],
            [
              76.42877663314701,
              31.412099623750752
            ],
            [
              76.43655448607541,
              31.397382908746412
            ]
          ]
        ]
      }
    },
    {
      "type": "Feature",
      "properties": {
        "timestep_min": 60,
        "depth_band": "0.5 - 1.0",
        "min_depth": 0.5,
        "max_depth": 1.0,
        "max_depth_m": 5.6,
        "avg_depth_m": 3.1,
        "inundated_area_km2": 0.3,
        "hazard_level": "Moderate",
        "zone": "downstream",
        "wave_front_km": 22.3
      },
      "geometry": {
        "type": "Polygon",
        "coordinates": [
          [
            [
              76.43074065002224,
              31.384649958828877
            ],
            [
              76.4104144435647,
              31.310834955355144
            ],
            [
              76.3929115194382,
              31.309730173197526
            ],
            [
              76.42490726032594,
              31.395687495082132
            ],
            [
              76.43074065002224,
              31.384649958828877
            ]
          ]
        ]
      }
    },
    {
      "type": "Feature",
      "properties": {
        "timestep_min": 60,
        "depth_band": "1.0 - 2.0",
        "min_depth": 1.0,
        "max_depth": 2.0,
        "max_depth_m": 5.6,
        "avg_depth_m": 3.1,
        "inundated_area_km2": 0.22,
        "hazard_level": "High",
        "zone": "downstream",
        "wave_front_km": 22.3
      },
      "geometry": {
        "type": "Polygon",
        "coordinates": [
          [
            [
              76.42608958117972,
              31.374463598894845
            ],
            [
              76.4111836964442,
              31.32033259634744
            ],
            [
              76.39834821875141,
              31.31952242276519
            ],
            [
              76.4218117620691,
              31.38255779214723
            ],
            [
              76.42608958117972,
              31.374463598894845
            ]
          ]
        ]
      }
    },
    {
      "type": "Feature",
      "properties": {
        "timestep_min": 60,
        "depth_band": "2.0 - 3.0",
        "min_depth": 2.0,
        "max_depth": 3.0,
        "max_depth_m": 5.6,
        "avg_depth_m": 3.1,
        "inundated_area_km2": 0.15,
        "hazard_level": "High",
        "zone": "downstream",
        "wave_front_km": 22.3
      },
      "geometry": {
        "type": "Polygon",
        "coordinates": [
          [
            [
              76.42213617266357,
              31.36580519295092
            ],
            [
              76.41183756139175,
              31.328405591190894
            ],
            [
              76.40296941316765,
              31.3278458348977
            ],
            [
              76.41918058855077,
              31.371397544652567
            ],
            [
              76.42213617266357,
              31.36580519295092
            ]
          ]
        ]
      }
    },
    {
      "type": "Feature",
      "properties": {
        "timestep_min": 60,
        "depth_band": "3.0 - 5.0",
        "min_depth": 3.0,
        "max_depth": 5.0,
        "max_depth_m": 5.6,
        "avg_depth_m": 3.1,
        "inundated_area_km2": 0.09,
        "hazard_level": "Critical",
        "zone": "downstream",
        "wave_front_km": 22.3
      },
      "geometry": {
        "type": "Polygon",
        "coordinates": [
          [
            [
              76.41841531758953,
              31.357656105003695
            ],
            [
              76.41245296369533,
              31.336003703984733
            ],
            [
              76.40731877261823,
              31.33567963455183
            ],
            [
              76.41670418994529,
              31.36089378230465
            ],
            [
              76.41841531758953,
              31.357656105003695
            ]
          ]
        ]
      }
    },
    {
      "type": "Feature",
      "properties": {
        "timestep_min": 60,
        "depth_band": "> 5.0",
        "min_depth": 5.0,
        "max_depth": 99.0,
        "max_depth_m": 5.6,
        "avg_depth_m": 3.1,
        "inundated_area_km2": 0.04,
        "hazard_level": "Critical",
        "zone": "downstream",
        "wave_front_km": 22.3
      },
      "geometry": {
        "type": "Polygon",
        "coordinates": [
          [
            [
              76.41562467628404,
              31.351544289043275
            ],
            [
              76.41291451542303,
              31.341702288580112
            ],
            [
              76.41058079220616,
              31.34155498429243
            ],
            [
              76.4148468909912,
              31.35301596054371
            ],
            [
              76.41562467628404,
              31.351544289043275
            ]
          ]
        ]
      }
    },
    {
      "type": "Feature",
      "properties": {
        "depth_band": "0.1 - 0.5",
        "min_depth": 0.1,
        "max_depth": 0.5,
        "max_depth_m": 33.9,
        "avg_depth_m": 16.9,
        "hazard_level": "Moderate",
        "zone": "reservoir",
        "timestep_min": 90
      },
      "geometry": {
        "type": "Polygon",
        "coordinates": [
          [
            [
              76.38999166815711,
              31.458085510794213
            ],
            [
              76.38846908947566,
              31.459608089475655
            ],
            [
              76.38391208947566,
              31.46416508947567
            ],
            [
              76.38322669128502,
              31.46492130984471
            ],
            [
              76.38261871603204,
              31.465741069576605
            ],
            [
              76.38209401885078,
              31.46661647393702
            ],
            [
              76.38165765286188,
              31.467539092303415
            ],
            [
              76.38131382050838,
              31.468500039356567
            ],
            [
              76.38106583308381,
              31.469490060651044
            ],
            [
              76.3809160788426,
              31.470499621740586
            ],
            [
              76.380866,
              31.47151900000001
            ],
            [
              76.38091607884262,
              31.47253837825944
            ],
            [
              76.38106583308381,
              31.47354793934898
            ],
            [
              76.3813138205084,
              31.47453796064346
            ],
            [
              76.38165765286189,
              31.475498907696608
            ],
            [
              76.38209401885078,
              31.476421526063003
            ],
            [
              76.38261871603206,
              31.477296930423414
            ],
            [
              76.38322669128503,
              31.47811669015531
            ],
            [
              76.38391208947567,
              31.47887291052435
            ],
            [
              76.38466830984471,
              31.47955830871498
            ],
            [
              76.38548806957661,
              31.480166283967954
            ],
            [
              76.38636347393702,
              31.48069098114923
            ],
            [
              76.38728609230341,
              31.481127347138123
            ],
            [
              76.38824703935657,
              31.48147117949162
            ],
            [
              76.38923706065104,
              31.481719166916196
            ],
            [
              76.39024662174059,
              31.481868921157393
            ],
            [
              76.39126600000002,
              31.481919
            ],
            [
              76.39228537825944,
              31.48186892115739
            ],
            [
              76.39329493934898,
              31.481719166916193
            ],
            [
              76.39428496064346,
              31.481471179491614
            ],
            [
              76.3952459076966,
              31.481127347138113
            ],
            [
              76.39616852606301,
              31.480690981149216
            ],
            [
              76.39704393042342,
              31.48016628396794
            ],
            [
              76.39786369015532,
              31.479558308714964
            ],
            [
              76.39861991052435,
              31.47887291052433
            ],
            [
              76.40317691052434,
              31.474315910524336
            ],
            [
              76.40773391052433,
              31.469758910524344
            ],
            [
              76.40924482104869,
              31.468248
            ],
            [
              76.414051,
              31.468248
            ],
            [
              76.41507037825943,
              31.46819792115739
            ],
            [
              76.41607993934898,
              31.46804816691619
            ],
            [
              76.41706996064345,
              31.467800179491615
            ],
            [
              76.4180309076966,
              31.467456347138114
            ],
            [
              76.41895352606299,
              31.46701998114922
            ],
            [
              76.4198289304234,
              31.466495283967944
            ],
            [
              76.4206486901553,
              31.465887308714972
            ],
            [
              76.42140491052434,
              31.46520191052434
            ],
            [
              76.42209030871497,
              31.4644456901553
            ],
            [
              76.42269828396795,
              31.4636259304234
            ],
            [
              76.42322298114922,
              31.46275052606299
            ],
            [
              76.42365934713811,
              31.461827907696595
            ],
            [
              76.42400317949162,
              31.460866960643443
            ],
            [
              76.42425116691619,
              31.459876939348966
            ],
            [
              76.42440092115739,
              31.458867378259427
            ],
            [
              76.424451,
              31.457848
            ],
            [
              76.424451,
              31.45304182104869
            ],
            [
              76.42596191052435,
              31.451530910524344
            ],
            [
              76.42664730871498,
              31.450774690155303
            ],
            [
              76.42725528396795,
              31.449954930423402
            ],
            [
              76.42777998114923,
              31.44907952606299
            ],
            [
              76.42821634713812,
              31.448156907696596
            ],
            [
              76.42856017949163,
              31.447195960643445
            ],
            [
              76.4288081669162,
              31.446205939348967
            ],
            [
              76.42895792115739,
              31.44519637825943
            ],
            [
              76.42900800000001,
              31.444177
            ],
            [
              76.42895792115739,
              31.44315762174057
            ],
            [
              76.4288081669162,
              31.442148060651032
            ],
            [
              76.42856017949163,
              31.441158039356555
            ],
            [
              76.42821634713812,
              31.440197092303404
            ],
            [
              76.4282052312712,
              31.440173589777476
            ],
            [
              76.43051891052434,
              31.437859910524335
            ],
            [
              76.43507591052435,
              31.433302910524343
            ],
            [
              76.43963271744929,
              31.428745103510845
            ],
            [
              76.44031794216622,
              31.427988918217164
            ],
            [
              76.4409257594624,
              31.42716921873227
            ],
            [
              76.44145031735927,
              31.426293897006335
            ],
            [
              76.44188656548795,
              31.42537138051256
            ],
            [
              76.44223030371343,
              31.42441055110865
            ],
            [
              76.44247822257293,
              31.42342065952359
            ],
            [
              76.44262793513889,
              31.422411236292895
            ],
            [
              76.442678,
              31.421392
            ],
            [
              76.442678,
              31.416835
            ],
            [
              76.44262793513889,
              31.415815763707105
            ],
            [
              76.44247822257293,
              31.41480634047641
            ],
            [
              76.44223030371343,
              31.41381644889135
            ],
            [
              76.44188656548795,
              31.41285561948744
            ],
            [
              76.44145031735927,
              31.411933102993665
            ],
            [
              76.4409257594624,
              31.41105778126773
            ],
            [
              76.44031794216622,
              31.410238081782836
            ],
            [
              76.43963271744929,
              31.409481896489154
            ],
            [
              76.43507671744929,
              31.404924896489156
            ],
            [
              76.43432057229585,
              31.40423941532006
            ],
            [
              76.43350087928404,
              31.403631350115766
            ],
            [
              76.43262553250567,
              31.403106556876597
            ],
            [
              76.43170296202874,
              31.40267008964833
            ],
            [
              76.43074205271125,
              31.402326151848964
            ],
            [
              76.42975205863522,
              31.402078055787527
            ],
            [
              76.42874251398479,
              31.401928190764714
            ],
            [
              76.42772314122682,
              31.401878000062617
            ],
            [
              76.42670375747821,
              31.401927967045136
            ],
            [
              76.42569417996171,
              31.40207761050291
            ],
            [
              76.4247041314607,
              31.402325489287648
            ],
            [
              76.42374314668346,
              31.402669216191136
            ],
            [
              76.42282048043873,
              31.4031054809354
            ],
            [
              76.4219450185068,
              31.40363008205247
            ],
            [
              76.42112519206468,
              31.404237967346802
            ],
            [
              76.42036889648917,
              31.404923282550715
            ],
            [
              76.41968341532007,
              31.40567942770416
            ],
            [
              76.41907535011576,
              31.406499120715964
            ],
            [
              76.4185505568766,
              31.40737446749433
            ],
            [
              76.41811408964833,
              31.408297037971266
            ],
            [
              76.41777015184897,
              31.409257947288758
            ],
            [
              76.41752205578753,
              31.410247941364783
            ],
            [
              76.41737219076471,
              31.411257486015213
            ],
            [
              76.41732200006261,
              31.412276858773183
            ],
            [
              76.41737196704514,
              31.413296242521792
            ],
            [
              76.41752161050292,
              31.41430582003829
            ],
            [
              76.41776948928765,
              31.415295868539296
            ],
            [
              76.41811321619114,
              31.416256853316536
            ],
            [
              76.41854948093541,
              31.417179519561277
            ],
            [
              76.41907408205248,
              31.4180549814932
            ],
            [
              76.4196819673468,
              31.41887480793532
            ],
            [
              76.41987516416344,
              31.41908801478787
            ],
            [
              76.41581108947565,
              31.423152089475657
            ],
            [
              76.41125408947566,
              31.427709089475666
            ],
            [
              76.40973151079422,
              31.429231668157108
            ],
            [
              76.40949399999998,
              31.42922
            ],
            [
              76.40847462174055,
              31.429270078842613
            ],
            [
              76.40746506065102,
              31.42941983308381
            ],
            [
              76.40647503935654,
              31.42966782050839
            ],
            [
              76.40551409230339,
              31.430011652861886
            ],
            [
              76.404591473937,
              31.430448018850782
            ],
            [
              76.40371606957659,
              31.43097271603206
            ],
            [
              76.40289630984469,
              31.431580691285035
            ],
            [
              76.40214008947565,
              31.432266089475668
            ],
            [
              76.39758308947566,
              31.436823089475666
            ],
            [
              76.39302608947565,
              31.441380089475658
            ],
            [
              76.39234069128503,
              31.4421363098447
            ],
            [
              76.39173271603205,
              31.4429560695766
            ],
            [
              76.39120801885078,
              31.44383147393701
            ],
            [
              76.39077165286189,
              31.444754092303405
            ],
            [
              76.39042782050838,
              31.445715039356557
            ],
            [
              76.3901798330838,
              31.446705060651034
            ],
            [
              76.39003007884261,
              31.447714621740573
            ],
            [
              76.38998,
              31.448734
            ],
            [
              76.38998,
              31.457848
            ],
            [
              76.38999166815711,
              31.458085510794213
            ]
          ]
        ]
      }
    },
    {
      "type": "Feature",
      "properties": {
        "depth_band": "0.5 - 1.0",
        "min_depth": 0.5,
        "max_depth": 1.0,
        "max_depth_m": 33.9,
        "avg_depth_m": 16.9,
        "hazard_level": "Moderate",
        "zone": "reservoir",
        "timestep_min": 90
      },
      "geometry": {
        "type": "Polygon",
        "coordinates": [
          [
            [
              76.39323747851466,
              31.45925204675125
            ],
            [
              76.39067526263295,
              31.461814262632956
            ],
            [
              76.38611826263296,
              31.46637126263297
            ],
            [
              76.38563848389951,
              31.466900616891294
            ],
            [
              76.38521290122243,
              31.467474448703626
            ],
            [
              76.38484561319554,
              31.468087231755916
            ],
            [
              76.38454015700331,
              31.46873306461239
            ],
            [
              76.38429947435587,
              31.469405727549596
            ],
            [
              76.38412588315866,
              31.470098742455733
            ],
            [
              76.38402105518983,
              31.47080543521841
            ],
            [
              76.38398600000001,
              31.471519000000008
            ],
            [
              76.38402105518983,
              31.47223256478161
            ],
            [
              76.38412588315867,
              31.472939257544287
            ],
            [
              76.38429947435587,
              31.47363227245042
            ],
            [
              76.38454015700333,
              31.474304935387625
            ],
            [
              76.38484561319555,
              31.474950768244103
            ],
            [
              76.38521290122245,
              31.47556355129639
            ],
            [
              76.38563848389953,
              31.476137383108718
            ],
            [
              76.38611826263298,
              31.476666737367044
            ],
            [
              76.3866476168913,
              31.477146516100486
            ],
            [
              76.38722144870363,
              31.477572098777568
            ],
            [
              76.38783423175592,
              31.47793938680446
            ],
            [
              76.3884800646124,
              31.478244842996688
            ],
            [
              76.3891527275496,
              31.478485525644135
            ],
            [
              76.38984574245573,
              31.47865911684134
            ],
            [
              76.39055243521841,
              31.478763944810176
            ],
            [
              76.39126600000002,
              31.478799000000002
            ],
            [
              76.39197956478161,
              31.478763944810172
            ],
            [
              76.39268625754428,
              31.478659116841335
            ],
            [
              76.39337927245042,
              31.47848552564413
            ],
            [
              76.39405193538762,
              31.47824484299668
            ],
            [
              76.3946977682441,
              31.477939386804454
            ],
            [
              76.39531055129639,
              31.477572098777557
            ],
            [
              76.39588438310872,
              31.477146516100476
            ],
            [
              76.39641373736704,
              31.476666737367033
            ],
            [
              76.40097073736703,
              31.47210973736703
            ],
            [
              76.40552773736704,
              31.467552737367043
            ],
            [
              76.40795247473407,
              31.465128
            ],
            [
              76.414051,
              31.465128
            ],
            [
              76.4147645647816,
              31.465092944810173
            ],
            [
              76.41547125754428,
              31.464988116841333
            ],
            [
              76.41616427245042,
              31.46481452564413
            ],
            [
              76.41683693538762,
              31.464573842996682
            ],
            [
              76.4174827682441,
              31.464268386804456
            ],
            [
              76.41809555129639,
              31.463901098777562
            ],
            [
              76.4186693831087,
              31.46347551610048
            ],
            [
              76.41919873736704,
              31.462995737367038
            ],
            [
              76.41967851610048,
              31.46246638310871
            ],
            [
              76.42010409877756,
              31.46189255129638
            ],
            [
              76.42047138680445,
              31.461279768244093
            ],
            [
              76.42077684299669,
              31.460633935387616
            ],
            [
              76.42101752564413,
              31.45996127245041
            ],
            [
              76.42119111684134,
              31.459268257544277
            ],
            [
              76.42129594481017,
              31.458561564781597
            ],
            [
              76.421331,
              31.457848
            ],
            [
              76.421331,
              31.451749474734086
            ],
            [
              76.42375573736705,
              31.44932473736704
            ],
            [
              76.42423551610048,
              31.44879538310871
            ],
            [
              76.42466109877756,
              31.44822155129638
            ],
            [
              76.42502838680446,
              31.447608768244095
            ],
            [
              76.4253338429967,
              31.446962935387617
            ],
            [
              76.42557452564414,
              31.446290272450412
            ],
            [
              76.42574811684135,
              31.44559725754428
            ],
            [
              76.42585294481017,
              31.4448905647816
            ],
            [
              76.425888,
              31.444177
            ],
            [
              76.42585294481017,
              31.4434634352184
            ],
            [
              76.42574811684135,
              31.44275674245572
            ],
            [
              76.42557452564414,
              31.442063727549588
            ],
            [
              76.4253338429967,
              31.441391064612382
            ],
            [
              76.42502838680446,
              31.440745231755905
            ],
            [
              76.42466109877756,
              31.44013244870362
            ],
            [
              76.42430890473037,
              31.439657570003718
            ],
            [
              76.42831273736704,
              31.435653737367034
            ],
            [
              76.43286973736704,
              31.43109673736704
            ],
            [
              76.43742630221449,
              31.42653917245759
            ],
            [
              76.43790595951634,
              31.426009842752016
            ],
            [
              76.43833143162367,
              31.425436053112595
            ],
            [
              76.43869862215149,
              31.424823327904438
            ],
            [
              76.43900399584156,
              31.424177566358793
            ],
            [
              76.4392446125994,
              31.423504985776056
            ],
            [
              76.43941815580105,
              31.422812061666512
            ],
            [
              76.43952295459722,
              31.42210546540503
            ],
            [
              76.43955799999999,
              31.421392
            ],
            [
              76.43955799999999,
              31.416835
            ],
            [
              76.43952295459722,
              31.41612153459497
            ],
            [
              76.43941815580105,
              31.415414938333488
            ],
            [
              76.4392446125994,
              31.414722014223944
            ],
            [
              76.43900399584156,
              31.414049433641207
            ],
            [
              76.43869862215149,
              31.413403672095562
            ],
            [
              76.43833143162367,
              31.412790946887405
            ],
            [
              76.43790595951634,
              31.412217157247984
            ],
            [
              76.43742630221449,
              31.41168782754241
            ],
            [
              76.4328703022145,
              31.40713082754241
            ],
            [
              76.4323410006071,
              31.406650990724042
            ],
            [
              76.43176721549882,
              31.406225345081037
            ],
            [
              76.43115447275397,
              31.40585798981362
            ],
            [
              76.43050867342012,
              31.40555246275383
            ],
            [
              76.42983603689787,
              31.405311706294274
            ],
            [
              76.42914304104465,
              31.40513803905127
            ],
            [
              76.42843635978936,
              31.405033133535298
            ],
            [
              76.42772279885878,
              31.404998000043832
            ],
            [
              76.42700923023475,
              31.405032976931594
            ],
            [
              76.4263025259732,
              31.405137727352038
            ],
            [
              76.42560949202249,
              31.40531124250135
            ],
            [
              76.42493680267843,
              31.405551851333797
            ],
            [
              76.42429093630712,
              31.405857236654782
            ],
            [
              76.42367811295476,
              31.40622445743673
            ],
            [
              76.42310423444528,
              31.406649977142763
            ],
            [
              76.42257482754242,
              31.4071296977855
            ],
            [
              76.42209499072405,
              31.407658999392915
            ],
            [
              76.42166934508104,
              31.408232784501177
            ],
            [
              76.42130198981361,
              31.40884552724603
            ],
            [
              76.42099646275383,
              31.409491326579886
            ],
            [
              76.42075570629427,
              31.41016396310213
            ],
            [
              76.42058203905127,
              31.41085695895535
            ],
            [
              76.4204771335353,
              31.411563640210648
            ],
            [
              76.42044200004383,
              31.41227720114123
            ],
            [
              76.4204769769316,
              31.412990769765255
            ],
            [
              76.42058172735204,
              31.4136974740268
            ],
            [
              76.42075524250136,
              31.414390507977508
            ],
            [
              76.4209958513338,
              31.415063197321576
            ],
            [
              76.42130123665478,
              31.415709063692894
            ],
            [
              76.42166845743672,
              31.41632188704524
            ],
            [
              76.42209397714277,
              31.416895765554724
            ],
            [
              76.42257369778551,
              31.41742517245759
            ],
            [
              76.4242616548369,
              31.4191135
            ],
            [
              76.42257398023406,
              31.42080154503186
            ],
            [
              76.41801726263296,
              31.42535826263296
            ],
            [
              76.41346026263297,
              31.429915262632967
            ],
            [
              76.41089804675126,
              31.432477478514677
            ],
            [
              76.41020756478159,
              31.432375055189826
            ],
            [
              76.409494,
              31.43234
            ],
            [
              76.40878043521839,
              31.43237505518983
            ],
            [
              76.40807374245571,
              31.432479883158667
            ],
            [
              76.40738072754958,
              31.432653474355874
            ],
            [
              76.40670806461237,
              31.43289415700332
            ],
            [
              76.4060622317559,
              31.433199613195548
            ],
            [
              76.4054494487036,
              31.43356690122244
            ],
            [
              76.40487561689127,
              31.433992483899523
            ],
            [
              76.40434626263296,
              31.43447226263297
            ],
            [
              76.39978926263296,
              31.439029262632967
            ],
            [
              76.39523226263296,
              31.443586262632962
            ],
            [
              76.39475248389952,
              31.444115616891292
            ],
            [
              76.39432690122244,
              31.44468944870362
            ],
            [
              76.39395961319555,
              31.445302231755907
            ],
            [
              76.39365415700331,
              31.445948064612384
            ],
            [
              76.39341347435587,
              31.44662072754959
            ],
            [
              76.39323988315866,
              31.447313742455723
            ],
            [
              76.39313505518983,
              31.448020435218403
            ],
            [
              76.3931,
              31.448734
            ],
            [
              76.3931,
              31.457848
            ],
            [
              76.39313505518983,
              31.458561564781597
            ],
            [
              76.39323747851466,
              31.45925204675125
            ]
          ]
        ]
      }
    },
    {
      "type": "Feature",
      "properties": {
        "depth_band": "1.0 - 2.0",
        "min_depth": 1.0,
        "max_depth": 2.0,
        "max_depth_m": 33.9,
        "avg_depth_m": 16.9,
        "hazard_level": "Moderate",
        "zone": "reservoir",
        "timestep_min": 90
      },
      "geometry": {
        "type": "Polygon",
        "coordinates": [
          [
            [
              76.39620756989436,
              31.459958910633734
            ],
            [
              76.39251374026404,
              31.463652740264042
            ],
            [
              76.38795674026404,
              31.46820974026405
            ],
            [
              76.38764831107827,
              31.46855003943012
            ],
            [
              76.38737472221442,
              31.468918931309474
            ],
            [
              76.38713860848284,
              31.46931286327166
            ],
            [
              76.38694224378784,
              31.469728041536538
            ],
            [
              76.38678751922878,
              31.470160467710453
            ],
            [
              76.38667592488771,
              31.47060597729297
            ],
            [
              76.38660853547917,
              31.471060279783263
            ],
            [
              76.38658600000001,
              31.471519000000008
            ],
            [
              76.38660853547917,
              31.47197772021675
            ],
            [
              76.38667592488771,
              31.472432022707043
            ],
            [
              76.38678751922878,
              31.472877532289555
            ],
            [
              76.38694224378786,
              31.473309958463474
            ],
            [
              76.38713860848286,
              31.47372513672835
            ],
            [
              76.38737472221443,
              31.474119068690538
            ],
            [
              76.38764831107827,
              31.474487960569892
            ],
            [
              76.38795674026406,
              31.474828259735958
            ],
            [
              76.38829703943011,
              31.47513668892174
            ],
            [
              76.38866593130948,
              31.47541027778558
            ],
            [
              76.38905986327165,
              31.475646391517152
            ],
            [
              76.38947504153654,
              31.475842756212156
            ],
            [
              76.38990746771046,
              31.47599748077123
            ],
            [
              76.39035297729298,
              31.476109075112287
            ],
            [
              76.39080727978326,
              31.476176464520826
            ],
            [
              76.391266,
              31.476199
            ],
            [
              76.39172472021674,
              31.476176464520826
            ],
            [
              76.39217902270704,
              31.476109075112287
            ],
            [
              76.39262453228956,
              31.475997480771227
            ],
            [
              76.39305695846348,
              31.475842756212153
            ],
            [
              76.39347213672835,
              31.47564639151715
            ],
            [
              76.39386606869054,
              31.475410277785574
            ],
            [
              76.39423496056989,
              31.475136688921737
            ],
            [
              76.39457525973596,
              31.47482825973595
            ],
            [
              76.39913225973595,
              31.47027125973595
            ],
            [
              76.40368925973596,
              31.465714259735957
            ],
            [
              76.40687551947191,
              31.462528
            ],
            [
              76.414051,
              31.462528
            ],
            [
              76.41450972021674,
              31.462505464520824
            ],
            [
              76.41496402270704,
              31.462438075112285
            ],
            [
              76.41540953228956,
              31.462326480771225
            ],
            [
              76.41584195846347,
              31.46217175621215
            ],
            [
              76.41625713672835,
              31.46197539151715
            ],
            [
              76.41665106869053,
              31.461739277785576
            ],
            [
              76.41701996056989,
              31.461465688921734
            ],
            [
              76.41736025973596,
              31.461157259735952
            ],
            [
              76.41766868892174,
              31.460816960569883
            ],
            [
              76.41794227778557,
              31.460448068690532
            ],
            [
              76.41817839151715,
              31.460054136728345
            ],
            [
              76.41837475621216,
              31.45963895846347
            ],
            [
              76.41852948077123,
              31.45920653228955
            ],
            [
              76.41864107511229,
              31.458761022707034
            ],
            [
              76.41870846452083,
              31.45830672021674
            ],
            [
              76.418731,
              31.457848
            ],
            [
              76.418731,
              31.45067251947192
            ],
            [
              76.42191725973596,
              31.447486259735953
            ],
            [
              76.42222568892174,
              31.447145960569884
            ],
            [
              76.42249927778559,
              31.44677706869053
            ],
            [
              76.42273539151715,
              31.446383136728343
            ],
            [
              76.42293175621217,
              31.445967958463466
            ],
            [
              76.42308648077123,
              31.445535532289547
            ],
            [
              76.4231980751123,
              31.445090022707035
            ],
            [
              76.42326546452084,
              31.44463572021674
            ],
            [
              76.423288,
              31.444177
            ],
            [
              76.42326546452084,
              31.443718279783255
            ],
            [
              76.4231980751123,
              31.44326397729296
            ],
            [
              76.42308648077123,
              31.44281846771045
            ],
            [
              76.42293175621217,
              31.44238604153653
            ],
            [
              76.42273539151715,
              31.441970863271653
            ],
            [
              76.42249927778558,
              31.441576931309466
            ],
            [
              76.42222568892174,
              31.441208039430112
            ],
            [
              76.42191725973596,
              31.440867740264046
            ],
            [
              76.4215769605699,
              31.44055931107826
            ],
            [
              76.42120806869053,
              31.440285722214423
            ],
            [
              76.42081413672835,
              31.44004960848285
            ],
            [
              76.42042429323129,
              31.439865226240627
            ],
            [
              76.42191725973596,
              31.438372259735953
            ],
            [
              76.42647425973595,
              31.43381525973595
            ],
            [
              76.43103125973596,
              31.429258259735953
            ],
            [
              76.43558762285218,
              31.424700896579882
            ],
            [
              76.4358959739748,
              31.42436061319772
            ],
            [
              76.43616949175808,
              31.423991748429522
            ],
            [
              76.43640554281167,
              31.42359785365285
            ],
            [
              76.43660185446957,
              31.42318272123065
            ],
            [
              76.43675653667104,
              31.422750347998893
            ],
            [
              76.43686810015781,
              31.422304896785615
            ],
            [
              76.4369354708125,
              31.421850656331802
            ],
            [
              76.43695799999999,
              31.421392
            ],
            [
              76.43695799999999,
              31.416835
            ],
            [
              76.4369354708125,
              31.416376343668198
            ],
            [
              76.43686810015781,
              31.415922103214385
            ],
            [
              76.43675653667104,
              31.415476652001107
            ],
            [
              76.43660185446957,
              31.41504427876935
            ],
            [
              76.43640554281167,
              31.41462914634715
            ],
            [
              76.43616949175808,
              31.414235251570478
            ],
            [
              76.4358959739748,
              31.41386638680228
            ],
            [
              76.43558762285218,
              31.413526103420118
            ],
            [
              76.43103162285219,
              31.40896910342012
            ],
            [
              76.43069135753314,
              31.408660636894027
            ],
            [
              76.43032249567781,
              31.408387007552093
            ],
            [
              76.42992858962755,
              31.40815085059447
            ],
            [
              76.42951343291293,
              31.407954440341747
            ],
            [
              76.42908102372006,
              31.407799668332032
            ],
            [
              76.42863552638585,
              31.407688025104388
            ],
            [
              76.42818123129315,
              31.40762058584412
            ],
            [
              76.42772251355207,
              31.407598000028177
            ],
            [
              76.4272637908652,
              31.407620485170312
            ],
            [
              76.42680948098277,
              31.40768782472631
            ],
            [
              76.42636395915731,
              31.40779937017944
            ],
            [
              76.42593151600757,
              31.40795404728601
            ],
            [
              76.42551631619743,
              31.40815036642093
            ],
            [
              76.42512235832807,
              31.40838643692361
            ],
            [
              76.42475343642911,
              31.408659985306063
            ],
            [
              76.42441310342012,
              31.408968377147822
            ],
            [
              76.42410463689403,
              31.409308642466872
            ],
            [
              76.4238310075521,
              31.409677504322186
            ],
            [
              76.42359485059447,
              31.41007141037245
            ],
            [
              76.42339844034176,
              31.41048656708707
            ],
            [
              76.42324366833203,
              31.41091897627994
            ],
            [
              76.4231320251044,
              31.411364473614153
            ],
            [
              76.42306458584412,
              31.411818768706844
            ],
            [
              76.42304200002818,
              31.412277486447934
            ],
            [
              76.42306448517031,
              31.412736209134806
            ],
            [
              76.42313182472631,
              31.41319051901723
            ],
            [
              76.42324337017945,
              31.413636040842682
            ],
            [
              76.42339804728601,
              31.41406848399244
            ],
            [
              76.42359436642093,
              31.414483683802576
            ],
            [
              76.42383043692361,
              31.41487764167194
            ],
            [
              76.42410398530606,
              31.415246563570893
            ],
            [
              76.42441237714782,
              31.41558689657988
            ],
            [
              76.427598,
              31.41877321864692
            ],
            [
              76.427598,
              31.41945378135308
            ],
            [
              76.42441255867564,
              31.42263992185245
            ],
            [
              76.41985574026404,
              31.427196740264048
            ],
            [
              76.41529874026405,
              31.43175374026405
            ],
            [
              76.41160491063374,
              31.435447569894357
            ],
            [
              76.41128495846347,
              31.43529624378785
            ],
            [
              76.41085253228954,
              31.435141519228775
            ],
            [
              76.41040702270703,
              31.435029924887715
            ],
            [
              76.40995272021674,
              31.434962535479176
            ],
            [
              76.409494,
              31.43494
            ],
            [
              76.40903527978325,
              31.434962535479176
            ],
            [
              76.40858097729296,
              31.435029924887715
            ],
            [
              76.40813546771044,
              31.435141519228775
            ],
            [
              76.40770304153652,
              31.43529624378785
            ],
            [
              76.40728786327165,
              31.435492608482853
            ],
            [
              76.40689393130945,
              31.435728722214428
            ],
            [
              76.40652503943011,
              31.436002311078266
            ],
            [
              76.40618474026404,
              31.43631074026405
            ],
            [
              76.40162774026405,
              31.44086774026405
            ],
            [
              76.39707074026404,
              31.44542474026405
            ],
            [
              76.39676231107826,
              31.445765039430118
            ],
            [
              76.39648872221443,
              31.446133931309472
            ],
            [
              76.39625260848285,
              31.44652786327166
            ],
            [
              76.39605624378784,
              31.446943041536535
            ],
            [
              76.39590151922877,
              31.44737546771045
            ],
            [
              76.39578992488771,
              31.447820977292967
            ],
            [
              76.39572253547917,
              31.44827527978326
            ],
            [
              76.3957,
              31.448734
            ],
            [
              76.3957,
              31.457848
            ],
            [
              76.39572253547917,
              31.45830672021674
            ],
            [
              76.39578992488771,
              31.458761022707034
            ],
            [
              76.39590151922877,
              31.45920653228955
            ],
            [
              76.39605624378784,
              31.45963895846347
            ],
            [
              76.39620756989436,
              31.459958910633734
            ]
          ]
        ]
      }
    },
    {
      "type": "Feature",
      "properties": {
        "depth_band": "2.0 - 3.0",
        "min_depth": 2.0,
        "max_depth": 3.0,
        "max_depth_m": 33.9,
        "avg_depth_m": 16.9,
        "hazard_level": "Moderate",
        "zone": "reservoir",
        "timestep_min": 90
      },
      "geometry": {
        "type": "Polygon",
        "coordinates": [
          [
            [
              76.39766147763108,
              31.46880047763108
            ],
            [
              76.40221847763108,
              31.464243477631086
            ],
            [
              76.40601395526217,
              31.460448
            ],
            [
              76.414051,
              31.460448
            ],
            [
              76.41430584456485,
              31.460435480289345
            ],
            [
              76.41455823483724,
              31.460398041729047
            ],
            [
              76.41480574016086,
              31.460336044872903
            ],
            [
              76.41504597692415,
              31.460250086784527
            ],
            [
              76.41527663151575,
              31.460140995287304
            ],
            [
              76.41549548260585,
              31.460009820991985
            ],
            [
              76.41570042253882,
              31.45985782717874
            ],
            [
              76.41588947763108,
              31.459686477631085
            ],
            [
              76.41606082717874,
              31.459497422538824
            ],
            [
              76.41621282099199,
              31.45929248260585
            ],
            [
              76.4163439952873,
              31.459073631515746
            ],
            [
              76.41645308678453,
              31.45884297692415
            ],
            [
              76.4165390448729,
              31.45860274016086
            ],
            [
              76.41660104172905,
              31.458355234837242
            ],
            [
              76.41663848028935,
              31.458102844564856
            ],
            [
              76.416651,
              31.457848
            ],
            [
              76.416651,
              31.44981095526217
            ],
            [
              76.42044647763109,
              31.446015477631086
            ],
            [
              76.42061782717875,
              31.445826422538826
            ],
            [
              76.42076982099199,
              31.44562148260585
            ],
            [
              76.42090099528731,
              31.445402631515748
            ],
            [
              76.42101008678453,
              31.44517197692415
            ],
            [
              76.42109604487291,
              31.444931740160865
            ],
            [
              76.42115804172906,
              31.444684234837244
            ],
            [
              76.42119548028936,
              31.444431844564857
            ],
            [
              76.42120800000001,
              31.444177
            ],
            [
              76.42119548028936,
              31.443922155435146
            ],
            [
              76.42115804172906,
              31.44366976516276
            ],
            [
              76.42109604487291,
              31.44342225983914
            ],
            [
              76.42101008678453,
              31.443182023075853
            ],
            [
              76.42090099528731,
              31.442951368484252
            ],
            [
              76.42076982099199,
              31.44273251739415
            ],
            [
              76.42061782717875,
              31.442527577461174
            ],
            [
              76.42044647763109,
              31.442338522368914
            ],
            [
              76.42025742253884,
              31.442167172821257
            ],
            [
              76.42005248260585,
              31.442015179008013
            ],
            [
              76.41983363151576,
              31.441884004712694
            ],
            [
              76.41960297692415,
              31.441774913215472
            ],
            [
              76.41936274016086,
              31.441688955127095
            ],
            [
              76.41911523483725,
              31.44162695827095
            ],
            [
              76.41886284456486,
              31.441589519710654
            ],
            [
              76.418608,
              31.441577
            ],
            [
              76.41577095526218,
              31.441577
            ],
            [
              76.41588947763108,
              31.441458477631087
            ],
            [
              76.42044647763109,
              31.436901477631086
            ],
            [
              76.42500347763108,
              31.432344477631084
            ],
            [
              76.42956047763109,
              31.427787477631085
            ],
            [
              76.43411667936232,
              31.42323027587771
            ],
            [
              76.43428798554154,
              31.42304122955429
            ],
            [
              76.4344399398656,
              31.422836304683067
            ],
            [
              76.43457107933982,
              31.422617474251584
            ],
            [
              76.43468014137198,
              31.422386845128138
            ],
            [
              76.43476607592835,
              31.422146637777164
            ],
            [
              76.43482805564322,
              31.421899164880898
            ],
            [
              76.43486548378472,
              31.421646809073223
            ],
            [
              76.434878,
              31.421392
            ],
            [
              76.434878,
              31.416835
            ],
            [
              76.43486548378472,
              31.416580190926776
            ],
            [
              76.43482805564322,
              31.4163278351191
            ],
            [
              76.43476607592835,
              31.416080362222836
            ],
            [
              76.43468014137198,
              31.415840154871862
            ],
            [
              76.43457107933982,
              31.415609525748415
            ],
            [
              76.4344399398656,
              31.415390695316933
            ],
            [
              76.43428798554154,
              31.41518577044571
            ],
            [
              76.43411667936232,
              31.41499672412229
            ],
            [
              76.42956067936233,
              31.41043972412229
            ],
            [
              76.42937164307396,
              31.410268353830016
            ],
            [
              76.42916671982101,
              31.41011633752894
            ],
            [
              76.42894788312643,
              31.40998513921915
            ],
            [
              76.42871724050718,
              31.40987602241208
            ],
            [
              76.42847701317781,
              31.409790037962242
            ],
            [
              76.42822951465881,
              31.409728013946882
            ],
            [
              76.4279771284962,
              31.409690547691177
            ],
            [
              76.4277222853067,
              31.409678000015653
            ],
            [
              76.42746743936955,
              31.409690491761285
            ],
            [
              76.42721504499043,
              31.40972790262573
            ],
            [
              76.42696753286518,
              31.409789872321912
            ],
            [
              76.42672728667087,
              31.409875804047786
            ],
            [
              76.42649662010969,
              31.409984870233853
            ],
            [
              76.42627775462671,
              31.41011602051312
            ],
            [
              76.42607279801618,
              31.4102679918367
            ],
            [
              76.42588372412229,
              31.41043932063768
            ],
            [
              76.42571235383002,
              31.41062835692604
            ],
            [
              76.42556033752895,
              31.41083328017899
            ],
            [
              76.42542913921915,
              31.411052116873584
            ],
            [
              76.42532002241208,
              31.411282759492817
            ],
            [
              76.42523403796224,
              31.411522986822188
            ],
            [
              76.42517201394688,
              31.411770485341197
            ],
            [
              76.42513454769119,
              31.412022871503805
            ],
            [
              76.42512200001566,
              31.412277714693296
            ],
            [
              76.42513449176128,
              31.41253256063045
            ],
            [
              76.42517190262573,
              31.412784955009574
            ],
            [
              76.42523387232191,
              31.413032467134826
            ],
            [
              76.42531980404779,
              31.413272713329135
            ],
            [
              76.42542887023386,
              31.41350337989032
            ],
            [
              76.42556002051312,
              31.4137222453733
            ],
            [
              76.4257119918367,
              31.41392720198383
            ],
            [
              76.42588332063768,
              31.41411627587771
            ],
            [
              76.429678,
              31.417911788137168
            ],
            [
              76.429678,
              31.42031521186283
            ],
            [
              76.42588342149367,
              31.424110623244168
            ],
            [
              76.42132652236891,
              31.428667522368915
            ],
            [
              76.41676952236892,
              31.433224522368917
            ],
            [
              76.41221252236892,
              31.437781522368915
            ],
            [
              76.4117725,
              31.438221544737836
            ],
            [
              76.41133247763108,
              31.437781522368915
            ],
            [
              76.41114342253881,
              31.437610172821255
            ],
            [
              76.41093848260584,
              31.437458179008015
            ],
            [
              76.41071963151575,
              31.437327004712696
            ],
            [
              76.41048897692414,
              31.43721791321547
            ],
            [
              76.41024874016085,
              31.437131955127096
            ],
            [
              76.41000123483724,
              31.437069958270953
            ],
            [
              76.40974884456485,
              31.437032519710655
            ],
            [
              76.409494,
              31.43702
            ],
            [
              76.40923915543513,
              31.437032519710655
            ],
            [
              76.40898676516275,
              31.437069958270953
            ],
            [
              76.40873925983914,
              31.437131955127096
            ],
            [
              76.40849902307585,
              31.437217913215473
            ],
            [
              76.40826836848424,
              31.437327004712696
            ],
            [
              76.40804951739415,
              31.437458179008015
            ],
            [
              76.40784457746118,
              31.43761017282126
            ],
            [
              76.40765552236891,
              31.43778152236892
            ],
            [
              76.40309852236892,
              31.442338522368917
            ],
            [
              76.39854152236892,
              31.446895522368916
            ],
            [
              76.39837017282126,
              31.447084577461176
            ],
            [
              76.39821817900801,
              31.44728951739415
            ],
            [
              76.39808700471269,
              31.447508368484254
            ],
            [
              76.39797791321547,
              31.44773902307585
            ],
            [
              76.3978919551271,
              31.44797925983914
            ],
            [
              76.39782995827095,
              31.448226765162758
            ],
            [
              76.39779251971065,
              31.448479155435145
            ],
            [
              76.39778,
              31.448734
            ],
            [
              76.39778,
              31.457848
            ],
            [
              76.39779251971065,
              31.458102844564856
            ],
            [
              76.39782995827095,
              31.45835523483724
            ],
            [
              76.3978919551271,
              31.45860274016086
            ],
            [
              76.39797791321547,
              31.458842976924146
            ],
            [
              76.39808700471269,
              31.459073631515746
            ],
            [
              76.39821817900801,
              31.45929248260585
            ],
            [
              76.39837017282126,
              31.459497422538824
            ],
            [
              76.39854152236892,
              31.459686477631085
            ],
            [
              76.39873057746117,
              31.45985782717874
            ],
            [
              76.39893551739415,
              31.460009820991985
            ],
            [
              76.39903724847971,
              31.460070796258115
            ],
            [
              76.39854152236892,
              31.460566522368914
            ],
            [
              76.39398452236891,
              31.465123522368913
            ],
            [
              76.38942752236892,
              31.469680522368918
            ],
            [
              76.38925617282126,
              31.46986957746118
            ],
            [
              76.38910417900802,
              31.470074517394153
            ],
            [
              76.3889730047127,
              31.470293368484256
            ],
            [
              76.38886391321547,
              31.470524023075853
            ],
            [
              76.3887779551271,
              31.470764259839143
            ],
            [
              76.38871595827095,
              31.47101176516276
            ],
            [
              76.38867851971065,
              31.471264155435147
            ],
            [
              76.388666,
              31.471519000000004
            ],
            [
              76.38867851971065,
              31.47177384456486
            ],
            [
              76.38871595827095,
              31.472026234837244
            ],
            [
              76.3887779551271,
              31.472273740160865
            ],
            [
              76.38886391321547,
              31.47251397692415
            ],
            [
              76.3889730047127,
              31.472744631515752
            ],
            [
              76.38910417900802,
              31.472963482605856
            ],
            [
              76.38925617282126,
              31.47316842253883
            ],
            [
              76.38942752236892,
              31.473357477631087
            ],
            [
              76.38961657746118,
              31.473528827178747
            ],
            [
              76.38982151739415,
              31.47368082099199
            ],
            [
              76.39004036848425,
              31.473811995287306
            ],
            [
              76.39027102307585,
              31.473921086784532
            ],
            [
              76.39051125983914,
              31.474007044872906
            ],
            [
              76.39075876516276,
              31.47406904172905
            ],
            [
              76.39101115543515,
              31.47410648028935
            ],
            [
              76.391266,
              31.474119
            ],
            [
              76.39152084456487,
              31.474106480289347
            ],
            [
              76.39177323483725,
              31.47406904172905
            ],
            [
              76.39202074016086,
              31.474007044872902
            ],
            [
              76.39226097692415,
              31.47392108678453
            ],
            [
              76.39249163151575,
              31.473811995287306
            ],
            [
              76.39271048260585,
              31.473680820991987
            ],
            [
              76.39291542253883,
              31.473528827178743
            ],
            [
              76.39310447763108,
              31.473357477631083
            ],
            [
              76.39766147763108,
              31.46880047763108
            ]
          ],
          [
            [
              76.40665695526218,
              31.455247999999997
            ],
            [
              76.40677547763109,
              31.455129477631086
            ],
            [
              76.40694682717874,
              31.454940422538826
            ],
            [
              76.40709882099199,
              31.45473548260585
            ],
            [
              76.40722999528731,
              31.454516631515748
            ],
            [
              76.40733908678453,
              31.45428597692415
            ],
            [
              76.40742504487291,
              31.45404574016086
            ],
            [
              76.40748704172906,
              31.453798234837244
            ],
            [
              76.40752448028935,
              31.453545844564857
            ],
            [
              76.407537,
              31.453291
            ],
            [
              76.407537,
              31.449810955262162
            ],
            [
              76.41133247763108,
              31.446015477631082
            ],
            [
              76.4117725,
              31.445575455262166
            ],
            [
              76.41221252236892,
              31.446015477631086
            ],
            [
              76.41240157746118,
              31.446186827178746
            ],
            [
              76.41260651739415,
              31.446338820991986
            ],
            [
              76.41270824847972,
              31.446399796258117
            ],
            [
              76.41221252236892,
              31.446895522368916
            ],
            [
              76.41204117282126,
              31.447084577461176
            ],
            [
              76.41188917900801,
              31.44728951739415
            ],
            [
              76.4117580047127,
              31.447508368484254
            ],
            [
              76.41164891321547,
              31.44773902307585
            ],
            [
              76.4115629551271,
              31.44797925983914
            ],
            [
              76.41150095827095,
              31.448226765162758
            ],
            [
              76.41146351971065,
              31.448479155435145
            ],
            [
              76.411451,
              31.448734
            ],
            [
              76.411451,
              31.455247999999997
            ],
            [
              76.40665695526218,
              31.455247999999997
            ]
          ]
        ]
      }
    },
    {
      "type": "Feature",
      "properties": {
        "timestep_min": 90,
        "depth_band": "0.1 - 0.5",
        "min_depth": 0.1,
        "max_depth": 0.5,
        "max_depth_m": 20.0,
        "avg_depth_m": 11.0,
        "inundated_area_km2": 1.87,
        "hazard_level": "Moderate",
        "zone": "downstream",
        "wave_front_km": 37.2
      },
      "geometry": {
        "type": "Polygon",
        "coordinates": [
          [
            [
              76.43947055279173,
              31.391865329127352
            ],
            [
              76.44295554326037,
              31.26992631191074
            ],
            [
              76.43568199001218,
              31.23038653337411
            ],
            [
              76.43154995054827,
              31.2705644018349
            ],
            [
              76.35200965673964,
              31.315147688089258
            ],
            [
              76.42878740674405,
              31.412079238696094
            ],
            [
              76.43947055279173,
              31.391865329127352
            ]
          ]
        ]
      }
    },
    {
      "type": "Feature",
      "properties": {
        "timestep_min": 90,
        "depth_band": "0.5 - 1.0",
        "min_depth": 0.5,
        "max_depth": 1.0,
        "max_depth_m": 20.0,
        "avg_depth_m": 11.0,
        "inundated_area_km2": 1.4,
        "hazard_level": "Moderate",
        "zone": "downstream",
        "wave_front_km": 37.2
      },
      "geometry": {
        "type": "Polygon",
        "coordinates": [
          [
            [
              76.43243923363039,
              31.376571667234558
            ],
            [
              76.43505297648187,
              31.2851174043221
            ],
            [
              76.42959781154573,
              31.255462570419624
            ],
            [
              76.4264987819478,
              31.28559597176522
            ],
            [
              76.36684356159132,
              31.31903343645599
            ],
            [
              76.42442687409464,
              31.391732099411115
            ],
            [
              76.43243923363039,
              31.376571667234558
            ]
          ]
        ]
      }
    },
    {
      "type": "Feature",
      "properties": {
        "timestep_min": 90,
        "depth_band": "1.0 - 2.0",
        "min_depth": 1.0,
        "max_depth": 2.0,
        "max_depth_m": 20.0,
        "avg_depth_m": 11.0,
        "inundated_area_km2": 1.03,
        "hazard_level": "High",
        "zone": "downstream",
        "wave_front_km": 37.2
      },
      "geometry": {
        "type": "Polygon",
        "coordinates": [
          [
            [
              76.42681417830133,
              31.364336737720322
            ],
            [
              76.42873092305908,
              31.297270278251187
            ],
            [
              76.42473046877258,
              31.275523400056038
            ],
            [
              76.42245784706742,
              31.297621227709474
            ],
            [
              76.37871068547268,
              31.322142035149373
            ],
            [
              76.4209384479751,
              31.375454387983133
            ],
            [
              76.42681417830133,
              31.364336737720322
            ]
          ]
        ]
      }
    },
    {
      "type": "Feature",
      "properties": {
        "timestep_min": 90,
        "depth_band": "2.0 - 3.0",
        "min_depth": 2.0,
        "max_depth": 3.0,
        "max_depth_m": 20.0,
        "avg_depth_m": 11.0,
        "inundated_area_km2": 0.71,
        "hazard_level": "High",
        "zone": "downstream",
        "wave_front_km": 37.2
      },
      "geometry": {
        "type": "Polygon",
        "coordinates": [
          [
            [
              76.42203288127162,
              31.35393704763322
            ],
            [
              76.4233571776497,
              31.307600221090908
            ],
            [
              76.4205932274154,
              31.29257510524699
            ],
            [
              76.4190230524191,
              31.30784269526209
            ],
            [
              76.38879774077182,
              31.324784344038747
            ],
            [
              76.4179732857735,
              31.36161833326934
            ],
            [
              76.42203288127162,
              31.35393704763322
            ]
          ]
        ]
      }
    },
    {
      "type": "Feature",
      "properties": {
        "timestep_min": 90,
        "depth_band": "3.0 - 5.0",
        "min_depth": 3.0,
        "max_depth": 5.0,
        "max_depth_m": 20.0,
        "avg_depth_m": 11.0,
        "inundated_area_km2": 0.41,
        "hazard_level": "Critical",
        "zone": "downstream",
        "wave_front_km": 37.2
      },
      "geometry": {
        "type": "Polygon",
        "coordinates": [
          [
            [
              76.41753283700837,
              31.344149104021835
            ],
            [
              76.41829953491147,
              31.31732252023418
            ],
            [
              76.41669935319686,
              31.30862376895612
            ],
            [
              76.41579030451481,
              31.317462900017492
            ],
            [
              76.39829143987691,
              31.327271222993453
            ],
            [
              76.41518254487788,
              31.348596164126956
            ],
            [
              76.41753283700837,
              31.344149104021835
            ]
          ]
        ]
      }
    },
    {
      "type": "Feature",
      "properties": {
        "timestep_min": 90,
        "depth_band": "> 5.0",
        "min_depth": 5.0,
        "max_depth": 99.0,
        "max_depth_m": 20.0,
        "avg_depth_m": 11.0,
        "inundated_area_km2": 0.19,
        "hazard_level": "Critical",
        "zone": "downstream",
        "wave_front_km": 37.2
      },
      "geometry": {
        "type": "Polygon",
        "coordinates": [
          [
            [
              76.41415780381092,
              31.33680814631329
            ],
            [
              76.41450630285779,
              31.32461424459163
            ],
            [
              76.41377894753298,
              31.320660266737967
            ],
            [
              76.41336574358658,
              31.324678053584048
            ],
            [
              76.40541171420571,
              31.329136382209484
            ],
            [
              76.41308948920616,
              31.338829537270165
            ],
            [
              76.41415780381092,
              31.33680814631329
            ]
          ]
        ]
      }
    },
    {
      "type": "Feature",
      "properties": {
        "depth_band": "0.1 - 0.5",
        "min_depth": 0.1,
        "max_depth": 0.5,
        "max_depth_m": 33.9,
        "avg_depth_m": 16.9,
        "hazard_level": "Moderate",
        "zone": "reservoir",
        "timestep_min": 120
      },
      "geometry": {
        "type": "Polygon",
        "coordinates": [
          [
            [
              76.38999166815711,
              31.458085510794213
            ],
            [
              76.38846908947566,
              31.459608089475655
            ],
            [
              76.38391208947566,
              31.46416508947567
            ],
            [
              76.38322669128502,
              31.46492130984471
            ],
            [
              76.38261871603204,
              31.465741069576605
            ],
            [
              76.38209401885078,
              31.46661647393702
            ],
            [
              76.38165765286188,
              31.467539092303415
            ],
            [
              76.38131382050838,
              31.468500039356567
            ],
            [
              76.38106583308381,
              31.469490060651044
            ],
            [
              76.3809160788426,
              31.470499621740586
            ],
            [
              76.380866,
              31.47151900000001
            ],
            [
              76.38091607884262,
              31.47253837825944
            ],
            [
              76.38106583308381,
              31.47354793934898
            ],
            [
              76.3813138205084,
              31.47453796064346
            ],
            [
              76.38165765286189,
              31.475498907696608
            ],
            [
              76.38209401885078,
              31.476421526063003
            ],
            [
              76.38261871603206,
              31.477296930423414
            ],
            [
              76.38322669128503,
              31.47811669015531
            ],
            [
              76.38391208947567,
              31.47887291052435
            ],
            [
              76.38466830984471,
              31.47955830871498
            ],
            [
              76.38548806957661,
              31.480166283967954
            ],
            [
              76.38636347393702,
              31.48069098114923
            ],
            [
              76.38728609230341,
              31.481127347138123
            ],
            [
              76.38824703935657,
              31.48147117949162
            ],
            [
              76.38923706065104,
              31.481719166916196
            ],
            [
              76.39024662174059,
              31.481868921157393
            ],
            [
              76.39126600000002,
              31.481919
            ],
            [
              76.39228537825944,
              31.48186892115739
            ],
            [
              76.39329493934898,
              31.481719166916193
            ],
            [
              76.39428496064346,
              31.481471179491614
            ],
            [
              76.3952459076966,
              31.481127347138113
            ],
            [
              76.39616852606301,
              31.480690981149216
            ],
            [
              76.39704393042342,
              31.48016628396794
            ],
            [
              76.39786369015532,
              31.479558308714964
            ],
            [
              76.39861991052435,
              31.47887291052433
            ],
            [
              76.40317691052434,
              31.474315910524336
            ],
            [
              76.40773391052433,
              31.469758910524344
            ],
            [
              76.40924482104869,
              31.468248
            ],
            [
              76.414051,
              31.468248
            ],
            [
              76.41507037825943,
              31.46819792115739
            ],
            [
              76.41607993934898,
              31.46804816691619
            ],
            [
              76.41706996064345,
              31.467800179491615
            ],
            [
              76.4180309076966,
              31.467456347138114
            ],
            [
              76.41895352606299,
              31.46701998114922
            ],
            [
              76.4198289304234,
              31.466495283967944
            ],
            [
              76.4206486901553,
              31.465887308714972
            ],
            [
              76.42140491052434,
              31.46520191052434
            ],
            [
              76.42209030871497,
              31.4644456901553
            ],
            [
              76.42269828396795,
              31.4636259304234
            ],
            [
              76.42322298114922,
              31.46275052606299
            ],
            [
              76.42365934713811,
              31.461827907696595
            ],
            [
              76.42400317949162,
              31.460866960643443
            ],
            [
              76.42425116691619,
              31.459876939348966
            ],
            [
              76.42440092115739,
              31.458867378259427
            ],
            [
              76.424451,
              31.457848
            ],
            [
              76.424451,
              31.45304182104869
            ],
            [
              76.42596191052435,
              31.451530910524344
            ],
            [
              76.42664730871498,
              31.450774690155303
            ],
            [
              76.42725528396795,
              31.449954930423402
            ],
            [
              76.42777998114923,
              31.44907952606299
            ],
            [
              76.42821634713812,
              31.448156907696596
            ],
            [
              76.42856017949163,
              31.447195960643445
            ],
            [
              76.4288081669162,
              31.446205939348967
            ],
            [
              76.42895792115739,
              31.44519637825943
            ],
            [
              76.42900800000001,
              31.444177
            ],
            [
              76.42895792115739,
              31.44315762174057
            ],
            [
              76.4288081669162,
              31.442148060651032
            ],
            [
              76.42856017949163,
              31.441158039356555
            ],
            [
              76.42821634713812,
              31.440197092303404
            ],
            [
              76.4282052312712,
              31.440173589777476
            ],
            [
              76.43051891052434,
              31.437859910524335
            ],
            [
              76.43507591052435,
              31.433302910524343
            ],
            [
              76.43963271744929,
              31.428745103510845
            ],
            [
              76.44031794216622,
              31.427988918217164
            ],
            [
              76.4409257594624,
              31.42716921873227
            ],
            [
              76.44145031735927,
              31.426293897006335
            ],
            [
              76.44188656548795,
              31.42537138051256
            ],
            [
              76.44223030371343,
              31.42441055110865
            ],
            [
              76.44247822257293,
              31.42342065952359
            ],
            [
              76.44262793513889,
              31.422411236292895
            ],
            [
              76.442678,
              31.421392
            ],
            [
              76.442678,
              31.416835
            ],
            [
              76.44262793513889,
              31.415815763707105
            ],
            [
              76.44247822257293,
              31.41480634047641
            ],
            [
              76.44223030371343,
              31.41381644889135
            ],
            [
              76.44188656548795,
              31.41285561948744
            ],
            [
              76.44145031735927,
              31.411933102993665
            ],
            [
              76.4409257594624,
              31.41105778126773
            ],
            [
              76.44031794216622,
              31.410238081782836
            ],
            [
              76.43963271744929,
              31.409481896489154
            ],
            [
              76.43507671744929,
              31.404924896489156
            ],
            [
              76.43432057229585,
              31.40423941532006
            ],
            [
              76.43350087928404,
              31.403631350115766
            ],
            [
              76.43262553250567,
              31.403106556876597
            ],
            [
              76.43170296202874,
              31.40267008964833
            ],
            [
              76.43074205271125,
              31.402326151848964
            ],
            [
              76.42975205863522,
              31.402078055787527
            ],
            [
              76.42874251398479,
              31.401928190764714
            ],
            [
              76.42772314122682,
              31.401878000062617
            ],
            [
              76.42670375747821,
              31.401927967045136
            ],
            [
              76.42569417996171,
              31.40207761050291
            ],
            [
              76.4247041314607,
              31.402325489287648
            ],
            [
              76.42374314668346,
              31.402669216191136
            ],
            [
              76.42282048043873,
              31.4031054809354
            ],
            [
              76.4219450185068,
              31.40363008205247
            ],
            [
              76.42112519206468,
              31.404237967346802
            ],
            [
              76.42036889648917,
              31.404923282550715
            ],
            [
              76.41968341532007,
              31.40567942770416
            ],
            [
              76.41907535011576,
              31.406499120715964
            ],
            [
              76.4185505568766,
              31.40737446749433
            ],
            [
              76.41811408964833,
              31.408297037971266
            ],
            [
              76.41777015184897,
              31.409257947288758
            ],
            [
              76.41752205578753,
              31.410247941364783
            ],
            [
              76.41737219076471,
              31.411257486015213
            ],
            [
              76.41732200006261,
              31.412276858773183
            ],
            [
              76.41737196704514,
              31.413296242521792
            ],
            [
              76.41752161050292,
              31.41430582003829
            ],
            [
              76.41776948928765,
              31.415295868539296
            ],
            [
              76.41811321619114,
              31.416256853316536
            ],
            [
              76.41854948093541,
              31.417179519561277
            ],
            [
              76.41907408205248,
              31.4180549814932
            ],
            [
              76.4196819673468,
              31.41887480793532
            ],
            [
              76.41987516416344,
              31.41908801478787
            ],
            [
              76.41581108947565,
              31.423152089475657
            ],
            [
              76.41125408947566,
              31.427709089475666
            ],
            [
              76.40973151079422,
              31.429231668157108
            ],
            [
              76.40949399999998,
              31.42922
            ],
            [
              76.40847462174055,
              31.429270078842613
            ],
            [
              76.40746506065102,
              31.42941983308381
            ],
            [
              76.40647503935654,
              31.42966782050839
            ],
            [
              76.40551409230339,
              31.430011652861886
            ],
            [
              76.404591473937,
              31.430448018850782
            ],
            [
              76.40371606957659,
              31.43097271603206
            ],
            [
              76.40289630984469,
              31.431580691285035
            ],
            [
              76.40214008947565,
              31.432266089475668
            ],
            [
              76.39758308947566,
              31.436823089475666
            ],
            [
              76.39302608947565,
              31.441380089475658
            ],
            [
              76.39234069128503,
              31.4421363098447
            ],
            [
              76.39173271603205,
              31.4429560695766
            ],
            [
              76.39120801885078,
              31.44383147393701
            ],
            [
              76.39077165286189,
              31.444754092303405
            ],
            [
              76.39042782050838,
              31.445715039356557
            ],
            [
              76.3901798330838,
              31.446705060651034
            ],
            [
              76.39003007884261,
              31.447714621740573
            ],
            [
              76.38998,
              31.448734
            ],
            [
              76.38998,
              31.457848
            ],
            [
              76.38999166815711,
              31.458085510794213
            ]
          ]
        ]
      }
    },
    {
      "type": "Feature",
      "properties": {
        "depth_band": "0.5 - 1.0",
        "min_depth": 0.5,
        "max_depth": 1.0,
        "max_depth_m": 33.9,
        "avg_depth_m": 16.9,
        "hazard_level": "Moderate",
        "zone": "reservoir",
        "timestep_min": 120
      },
      "geometry": {
        "type": "Polygon",
        "coordinates": [
          [
            [
              76.39323747851466,
              31.45925204675125
            ],
            [
              76.39067526263295,
              31.461814262632956
            ],
            [
              76.38611826263296,
              31.46637126263297
            ],
            [
              76.38563848389951,
              31.466900616891294
            ],
            [
              76.38521290122243,
              31.467474448703626
            ],
            [
              76.38484561319554,
              31.468087231755916
            ],
            [
              76.38454015700331,
              31.46873306461239
            ],
            [
              76.38429947435587,
              31.469405727549596
            ],
            [
              76.38412588315866,
              31.470098742455733
            ],
            [
              76.38402105518983,
              31.47080543521841
            ],
            [
              76.38398600000001,
              31.471519000000008
            ],
            [
              76.38402105518983,
              31.47223256478161
            ],
            [
              76.38412588315867,
              31.472939257544287
            ],
            [
              76.38429947435587,
              31.47363227245042
            ],
            [
              76.38454015700333,
              31.474304935387625
            ],
            [
              76.38484561319555,
              31.474950768244103
            ],
            [
              76.38521290122245,
              31.47556355129639
            ],
            [
              76.38563848389953,
              31.476137383108718
            ],
            [
              76.38611826263298,
              31.476666737367044
            ],
            [
              76.3866476168913,
              31.477146516100486
            ],
            [
              76.38722144870363,
              31.477572098777568
            ],
            [
              76.38783423175592,
              31.47793938680446
            ],
            [
              76.3884800646124,
              31.478244842996688
            ],
            [
              76.3891527275496,
              31.478485525644135
            ],
            [
              76.38984574245573,
              31.47865911684134
            ],
            [
              76.39055243521841,
              31.478763944810176
            ],
            [
              76.39126600000002,
              31.478799000000002
            ],
            [
              76.39197956478161,
              31.478763944810172
            ],
            [
              76.39268625754428,
              31.478659116841335
            ],
            [
              76.39337927245042,
              31.47848552564413
            ],
            [
              76.39405193538762,
              31.47824484299668
            ],
            [
              76.3946977682441,
              31.477939386804454
            ],
            [
              76.39531055129639,
              31.477572098777557
            ],
            [
              76.39588438310872,
              31.477146516100476
            ],
            [
              76.39641373736704,
              31.476666737367033
            ],
            [
              76.40097073736703,
              31.47210973736703
            ],
            [
              76.40552773736704,
              31.467552737367043
            ],
            [
              76.40795247473407,
              31.465128
            ],
            [
              76.414051,
              31.465128
            ],
            [
              76.4147645647816,
              31.465092944810173
            ],
            [
              76.41547125754428,
              31.464988116841333
            ],
            [
              76.41616427245042,
              31.46481452564413
            ],
            [
              76.41683693538762,
              31.464573842996682
            ],
            [
              76.4174827682441,
              31.464268386804456
            ],
            [
              76.41809555129639,
              31.463901098777562
            ],
            [
              76.4186693831087,
              31.46347551610048
            ],
            [
              76.41919873736704,
              31.462995737367038
            ],
            [
              76.41967851610048,
              31.46246638310871
            ],
            [
              76.42010409877756,
              31.46189255129638
            ],
            [
              76.42047138680445,
              31.461279768244093
            ],
            [
              76.42077684299669,
              31.460633935387616
            ],
            [
              76.42101752564413,
              31.45996127245041
            ],
            [
              76.42119111684134,
              31.459268257544277
            ],
            [
              76.42129594481017,
              31.458561564781597
            ],
            [
              76.421331,
              31.457848
            ],
            [
              76.421331,
              31.451749474734086
            ],
            [
              76.42375573736705,
              31.44932473736704
            ],
            [
              76.42423551610048,
              31.44879538310871
            ],
            [
              76.42466109877756,
              31.44822155129638
            ],
            [
              76.42502838680446,
              31.447608768244095
            ],
            [
              76.4253338429967,
              31.446962935387617
            ],
            [
              76.42557452564414,
              31.446290272450412
            ],
            [
              76.42574811684135,
              31.44559725754428
            ],
            [
              76.42585294481017,
              31.4448905647816
            ],
            [
              76.425888,
              31.444177
            ],
            [
              76.42585294481017,
              31.4434634352184
            ],
            [
              76.42574811684135,
              31.44275674245572
            ],
            [
              76.42557452564414,
              31.442063727549588
            ],
            [
              76.4253338429967,
              31.441391064612382
            ],
            [
              76.42502838680446,
              31.440745231755905
            ],
            [
              76.42466109877756,
              31.44013244870362
            ],
            [
              76.42430890473037,
              31.439657570003718
            ],
            [
              76.42831273736704,
              31.435653737367034
            ],
            [
              76.43286973736704,
              31.43109673736704
            ],
            [
              76.43742630221449,
              31.42653917245759
            ],
            [
              76.43790595951634,
              31.426009842752016
            ],
            [
              76.43833143162367,
              31.425436053112595
            ],
            [
              76.43869862215149,
              31.424823327904438
            ],
            [
              76.43900399584156,
              31.424177566358793
            ],
            [
              76.4392446125994,
              31.423504985776056
            ],
            [
              76.43941815580105,
              31.422812061666512
            ],
            [
              76.43952295459722,
              31.42210546540503
            ],
            [
              76.43955799999999,
              31.421392
            ],
            [
              76.43955799999999,
              31.416835
            ],
            [
              76.43952295459722,
              31.41612153459497
            ],
            [
              76.43941815580105,
              31.415414938333488
            ],
            [
              76.4392446125994,
              31.414722014223944
            ],
            [
              76.43900399584156,
              31.414049433641207
            ],
            [
              76.43869862215149,
              31.413403672095562
            ],
            [
              76.43833143162367,
              31.412790946887405
            ],
            [
              76.43790595951634,
              31.412217157247984
            ],
            [
              76.43742630221449,
              31.41168782754241
            ],
            [
              76.4328703022145,
              31.40713082754241
            ],
            [
              76.4323410006071,
              31.406650990724042
            ],
            [
              76.43176721549882,
              31.406225345081037
            ],
            [
              76.43115447275397,
              31.40585798981362
            ],
            [
              76.43050867342012,
              31.40555246275383
            ],
            [
              76.42983603689787,
              31.405311706294274
            ],
            [
              76.42914304104465,
              31.40513803905127
            ],
            [
              76.42843635978936,
              31.405033133535298
            ],
            [
              76.42772279885878,
              31.404998000043832
            ],
            [
              76.42700923023475,
              31.405032976931594
            ],
            [
              76.4263025259732,
              31.405137727352038
            ],
            [
              76.42560949202249,
              31.40531124250135
            ],
            [
              76.42493680267843,
              31.405551851333797
            ],
            [
              76.42429093630712,
              31.405857236654782
            ],
            [
              76.42367811295476,
              31.40622445743673
            ],
            [
              76.42310423444528,
              31.406649977142763
            ],
            [
              76.42257482754242,
              31.4071296977855
            ],
            [
              76.42209499072405,
              31.407658999392915
            ],
            [
              76.42166934508104,
              31.408232784501177
            ],
            [
              76.42130198981361,
              31.40884552724603
            ],
            [
              76.42099646275383,
              31.409491326579886
            ],
            [
              76.42075570629427,
              31.41016396310213
            ],
            [
              76.42058203905127,
              31.41085695895535
            ],
            [
              76.4204771335353,
              31.411563640210648
            ],
            [
              76.42044200004383,
              31.41227720114123
            ],
            [
              76.4204769769316,
              31.412990769765255
            ],
            [
              76.42058172735204,
              31.4136974740268
            ],
            [
              76.42075524250136,
              31.414390507977508
            ],
            [
              76.4209958513338,
              31.415063197321576
            ],
            [
              76.42130123665478,
              31.415709063692894
            ],
            [
              76.42166845743672,
              31.41632188704524
            ],
            [
              76.42209397714277,
              31.416895765554724
            ],
            [
              76.42257369778551,
              31.41742517245759
            ],
            [
              76.4242616548369,
              31.4191135
            ],
            [
              76.42257398023406,
              31.42080154503186
            ],
            [
              76.41801726263296,
              31.42535826263296
            ],
            [
              76.41346026263297,
              31.429915262632967
            ],
            [
              76.41089804675126,
              31.432477478514677
            ],
            [
              76.41020756478159,
              31.432375055189826
            ],
            [
              76.409494,
              31.43234
            ],
            [
              76.40878043521839,
              31.43237505518983
            ],
            [
              76.40807374245571,
              31.432479883158667
            ],
            [
              76.40738072754958,
              31.432653474355874
            ],
            [
              76.40670806461237,
              31.43289415700332
            ],
            [
              76.4060622317559,
              31.433199613195548
            ],
            [
              76.4054494487036,
              31.43356690122244
            ],
            [
              76.40487561689127,
              31.433992483899523
            ],
            [
              76.40434626263296,
              31.43447226263297
            ],
            [
              76.39978926263296,
              31.439029262632967
            ],
            [
              76.39523226263296,
              31.443586262632962
            ],
            [
              76.39475248389952,
              31.444115616891292
            ],
            [
              76.39432690122244,
              31.44468944870362
            ],
            [
              76.39395961319555,
              31.445302231755907
            ],
            [
              76.39365415700331,
              31.445948064612384
            ],
            [
              76.39341347435587,
              31.44662072754959
            ],
            [
              76.39323988315866,
              31.447313742455723
            ],
            [
              76.39313505518983,
              31.448020435218403
            ],
            [
              76.3931,
              31.448734
            ],
            [
              76.3931,
              31.457848
            ],
            [
              76.39313505518983,
              31.458561564781597
            ],
            [
              76.39323747851466,
              31.45925204675125
            ]
          ]
        ]
      }
    },
    {
      "type": "Feature",
      "properties": {
        "depth_band": "1.0 - 2.0",
        "min_depth": 1.0,
        "max_depth": 2.0,
        "max_depth_m": 33.9,
        "avg_depth_m": 16.9,
        "hazard_level": "Moderate",
        "zone": "reservoir",
        "timestep_min": 120
      },
      "geometry": {
        "type": "Polygon",
        "coordinates": [
          [
            [
              76.39620756989436,
              31.459958910633734
            ],
            [
              76.39251374026404,
              31.463652740264042
            ],
            [
              76.38795674026404,
              31.46820974026405
            ],
            [
              76.38764831107827,
              31.46855003943012
            ],
            [
              76.38737472221442,
              31.468918931309474
            ],
            [
              76.38713860848284,
              31.46931286327166
            ],
            [
              76.38694224378784,
              31.469728041536538
            ],
            [
              76.38678751922878,
              31.470160467710453
            ],
            [
              76.38667592488771,
              31.47060597729297
            ],
            [
              76.38660853547917,
              31.471060279783263
            ],
            [
              76.38658600000001,
              31.471519000000008
            ],
            [
              76.38660853547917,
              31.47197772021675
            ],
            [
              76.38667592488771,
              31.472432022707043
            ],
            [
              76.38678751922878,
              31.472877532289555
            ],
            [
              76.38694224378786,
              31.473309958463474
            ],
            [
              76.38713860848286,
              31.47372513672835
            ],
            [
              76.38737472221443,
              31.474119068690538
            ],
            [
              76.38764831107827,
              31.474487960569892
            ],
            [
              76.38795674026406,
              31.474828259735958
            ],
            [
              76.38829703943011,
              31.47513668892174
            ],
            [
              76.38866593130948,
              31.47541027778558
            ],
            [
              76.38905986327165,
              31.475646391517152
            ],
            [
              76.38947504153654,
              31.475842756212156
            ],
            [
              76.38990746771046,
              31.47599748077123
            ],
            [
              76.39035297729298,
              31.476109075112287
            ],
            [
              76.39080727978326,
              31.476176464520826
            ],
            [
              76.391266,
              31.476199
            ],
            [
              76.39172472021674,
              31.476176464520826
            ],
            [
              76.39217902270704,
              31.476109075112287
            ],
            [
              76.39262453228956,
              31.475997480771227
            ],
            [
              76.39305695846348,
              31.475842756212153
            ],
            [
              76.39347213672835,
              31.47564639151715
            ],
            [
              76.39386606869054,
              31.475410277785574
            ],
            [
              76.39423496056989,
              31.475136688921737
            ],
            [
              76.39457525973596,
              31.47482825973595
            ],
            [
              76.39913225973595,
              31.47027125973595
            ],
            [
              76.40368925973596,
              31.465714259735957
            ],
            [
              76.40687551947191,
              31.462528
            ],
            [
              76.414051,
              31.462528
            ],
            [
              76.41450972021674,
              31.462505464520824
            ],
            [
              76.41496402270704,
              31.462438075112285
            ],
            [
              76.41540953228956,
              31.462326480771225
            ],
            [
              76.41584195846347,
              31.46217175621215
            ],
            [
              76.41625713672835,
              31.46197539151715
            ],
            [
              76.41665106869053,
              31.461739277785576
            ],
            [
              76.41701996056989,
              31.461465688921734
            ],
            [
              76.41736025973596,
              31.461157259735952
            ],
            [
              76.41766868892174,
              31.460816960569883
            ],
            [
              76.41794227778557,
              31.460448068690532
            ],
            [
              76.41817839151715,
              31.460054136728345
            ],
            [
              76.41837475621216,
              31.45963895846347
            ],
            [
              76.41852948077123,
              31.45920653228955
            ],
            [
              76.41864107511229,
              31.458761022707034
            ],
            [
              76.41870846452083,
              31.45830672021674
            ],
            [
              76.418731,
              31.457848
            ],
            [
              76.418731,
              31.45067251947192
            ],
            [
              76.42191725973596,
              31.447486259735953
            ],
            [
              76.42222568892174,
              31.447145960569884
            ],
            [
              76.42249927778559,
              31.44677706869053
            ],
            [
              76.42273539151715,
              31.446383136728343
            ],
            [
              76.42293175621217,
              31.445967958463466
            ],
            [
              76.42308648077123,
              31.445535532289547
            ],
            [
              76.4231980751123,
              31.445090022707035
            ],
            [
              76.42326546452084,
              31.44463572021674
            ],
            [
              76.423288,
              31.444177
            ],
            [
              76.42326546452084,
              31.443718279783255
            ],
            [
              76.4231980751123,
              31.44326397729296
            ],
            [
              76.42308648077123,
              31.44281846771045
            ],
            [
              76.42293175621217,
              31.44238604153653
            ],
            [
              76.42273539151715,
              31.441970863271653
            ],
            [
              76.42249927778558,
              31.441576931309466
            ],
            [
              76.42222568892174,
              31.441208039430112
            ],
            [
              76.42191725973596,
              31.440867740264046
            ],
            [
              76.4215769605699,
              31.44055931107826
            ],
            [
              76.42120806869053,
              31.440285722214423
            ],
            [
              76.42081413672835,
              31.44004960848285
            ],
            [
              76.42042429323129,
              31.439865226240627
            ],
            [
              76.42191725973596,
              31.438372259735953
            ],
            [
              76.42647425973595,
              31.43381525973595
            ],
            [
              76.43103125973596,
              31.429258259735953
            ],
            [
              76.43558762285218,
              31.424700896579882
            ],
            [
              76.4358959739748,
              31.42436061319772
            ],
            [
              76.43616949175808,
              31.423991748429522
            ],
            [
              76.43640554281167,
              31.42359785365285
            ],
            [
              76.43660185446957,
              31.42318272123065
            ],
            [
              76.43675653667104,
              31.422750347998893
            ],
            [
              76.43686810015781,
              31.422304896785615
            ],
            [
              76.4369354708125,
              31.421850656331802
            ],
            [
              76.43695799999999,
              31.421392
            ],
            [
              76.43695799999999,
              31.416835
            ],
            [
              76.4369354708125,
              31.416376343668198
            ],
            [
              76.43686810015781,
              31.415922103214385
            ],
            [
              76.43675653667104,
              31.415476652001107
            ],
            [
              76.43660185446957,
              31.41504427876935
            ],
            [
              76.43640554281167,
              31.41462914634715
            ],
            [
              76.43616949175808,
              31.414235251570478
            ],
            [
              76.4358959739748,
              31.41386638680228
            ],
            [
              76.43558762285218,
              31.413526103420118
            ],
            [
              76.43103162285219,
              31.40896910342012
            ],
            [
              76.43069135753314,
              31.408660636894027
            ],
            [
              76.43032249567781,
              31.408387007552093
            ],
            [
              76.42992858962755,
              31.40815085059447
            ],
            [
              76.42951343291293,
              31.407954440341747
            ],
            [
              76.42908102372006,
              31.407799668332032
            ],
            [
              76.42863552638585,
              31.407688025104388
            ],
            [
              76.42818123129315,
              31.40762058584412
            ],
            [
              76.42772251355207,
              31.407598000028177
            ],
            [
              76.4272637908652,
              31.407620485170312
            ],
            [
              76.42680948098277,
              31.40768782472631
            ],
            [
              76.42636395915731,
              31.40779937017944
            ],
            [
              76.42593151600757,
              31.40795404728601
            ],
            [
              76.42551631619743,
              31.40815036642093
            ],
            [
              76.42512235832807,
              31.40838643692361
            ],
            [
              76.42475343642911,
              31.408659985306063
            ],
            [
              76.42441310342012,
              31.408968377147822
            ],
            [
              76.42410463689403,
              31.409308642466872
            ],
            [
              76.4238310075521,
              31.409677504322186
            ],
            [
              76.42359485059447,
              31.41007141037245
            ],
            [
              76.42339844034176,
              31.41048656708707
            ],
            [
              76.42324366833203,
              31.41091897627994
            ],
            [
              76.4231320251044,
              31.411364473614153
            ],
            [
              76.42306458584412,
              31.411818768706844
            ],
            [
              76.42304200002818,
              31.412277486447934
            ],
            [
              76.42306448517031,
              31.412736209134806
            ],
            [
              76.42313182472631,
              31.41319051901723
            ],
            [
              76.42324337017945,
              31.413636040842682
            ],
            [
              76.42339804728601,
              31.41406848399244
            ],
            [
              76.42359436642093,
              31.414483683802576
            ],
            [
              76.42383043692361,
              31.41487764167194
            ],
            [
              76.42410398530606,
              31.415246563570893
            ],
            [
              76.42441237714782,
              31.41558689657988
            ],
            [
              76.427598,
              31.41877321864692
            ],
            [
              76.427598,
              31.41945378135308
            ],
            [
              76.42441255867564,
              31.42263992185245
            ],
            [
              76.41985574026404,
              31.427196740264048
            ],
            [
              76.41529874026405,
              31.43175374026405
            ],
            [
              76.41160491063374,
              31.435447569894357
            ],
            [
              76.41128495846347,
              31.43529624378785
            ],
            [
              76.41085253228954,
              31.435141519228775
            ],
            [
              76.41040702270703,
              31.435029924887715
            ],
            [
              76.40995272021674,
              31.434962535479176
            ],
            [
              76.409494,
              31.43494
            ],
            [
              76.40903527978325,
              31.434962535479176
            ],
            [
              76.40858097729296,
              31.435029924887715
            ],
            [
              76.40813546771044,
              31.435141519228775
            ],
            [
              76.40770304153652,
              31.43529624378785
            ],
            [
              76.40728786327165,
              31.435492608482853
            ],
            [
              76.40689393130945,
              31.435728722214428
            ],
            [
              76.40652503943011,
              31.436002311078266
            ],
            [
              76.40618474026404,
              31.43631074026405
            ],
            [
              76.40162774026405,
              31.44086774026405
            ],
            [
              76.39707074026404,
              31.44542474026405
            ],
            [
              76.39676231107826,
              31.445765039430118
            ],
            [
              76.39648872221443,
              31.446133931309472
            ],
            [
              76.39625260848285,
              31.44652786327166
            ],
            [
              76.39605624378784,
              31.446943041536535
            ],
            [
              76.39590151922877,
              31.44737546771045
            ],
            [
              76.39578992488771,
              31.447820977292967
            ],
            [
              76.39572253547917,
              31.44827527978326
            ],
            [
              76.3957,
              31.448734
            ],
            [
              76.3957,
              31.457848
            ],
            [
              76.39572253547917,
              31.45830672021674
            ],
            [
              76.39578992488771,
              31.458761022707034
            ],
            [
              76.39590151922877,
              31.45920653228955
            ],
            [
              76.39605624378784,
              31.45963895846347
            ],
            [
              76.39620756989436,
              31.459958910633734
            ]
          ]
        ]
      }
    },
    {
      "type": "Feature",
      "properties": {
        "depth_band": "2.0 - 3.0",
        "min_depth": 2.0,
        "max_depth": 3.0,
        "max_depth_m": 33.9,
        "avg_depth_m": 16.9,
        "hazard_level": "Moderate",
        "zone": "reservoir",
        "timestep_min": 120
      },
      "geometry": {
        "type": "Polygon",
        "coordinates": [
          [
            [
              76.39766147763108,
              31.46880047763108
            ],
            [
              76.40221847763108,
              31.464243477631086
            ],
            [
              76.40601395526217,
              31.460448
            ],
            [
              76.414051,
              31.460448
            ],
            [
              76.41430584456485,
              31.460435480289345
            ],
            [
              76.41455823483724,
              31.460398041729047
            ],
            [
              76.41480574016086,
              31.460336044872903
            ],
            [
              76.41504597692415,
              31.460250086784527
            ],
            [
              76.41527663151575,
              31.460140995287304
            ],
            [
              76.41549548260585,
              31.460009820991985
            ],
            [
              76.41570042253882,
              31.45985782717874
            ],
            [
              76.41588947763108,
              31.459686477631085
            ],
            [
              76.41606082717874,
              31.459497422538824
            ],
            [
              76.41621282099199,
              31.45929248260585
            ],
            [
              76.4163439952873,
              31.459073631515746
            ],
            [
              76.41645308678453,
              31.45884297692415
            ],
            [
              76.4165390448729,
              31.45860274016086
            ],
            [
              76.41660104172905,
              31.458355234837242
            ],
            [
              76.41663848028935,
              31.458102844564856
            ],
            [
              76.416651,
              31.457848
            ],
            [
              76.416651,
              31.44981095526217
            ],
            [
              76.42044647763109,
              31.446015477631086
            ],
            [
              76.42061782717875,
              31.445826422538826
            ],
            [
              76.42076982099199,
              31.44562148260585
            ],
            [
              76.42090099528731,
              31.445402631515748
            ],
            [
              76.42101008678453,
              31.44517197692415
            ],
            [
              76.42109604487291,
              31.444931740160865
            ],
            [
              76.42115804172906,
              31.444684234837244
            ],
            [
              76.42119548028936,
              31.444431844564857
            ],
            [
              76.42120800000001,
              31.444177
            ],
            [
              76.42119548028936,
              31.443922155435146
            ],
            [
              76.42115804172906,
              31.44366976516276
            ],
            [
              76.42109604487291,
              31.44342225983914
            ],
            [
              76.42101008678453,
              31.443182023075853
            ],
            [
              76.42090099528731,
              31.442951368484252
            ],
            [
              76.42076982099199,
              31.44273251739415
            ],
            [
              76.42061782717875,
              31.442527577461174
            ],
            [
              76.42044647763109,
              31.442338522368914
            ],
            [
              76.42025742253884,
              31.442167172821257
            ],
            [
              76.42005248260585,
              31.442015179008013
            ],
            [
              76.41983363151576,
              31.441884004712694
            ],
            [
              76.41960297692415,
              31.441774913215472
            ],
            [
              76.41936274016086,
              31.441688955127095
            ],
            [
              76.41911523483725,
              31.44162695827095
            ],
            [
              76.41886284456486,
              31.441589519710654
            ],
            [
              76.418608,
              31.441577
            ],
            [
              76.41577095526218,
              31.441577
            ],
            [
              76.41588947763108,
              31.441458477631087
            ],
            [
              76.42044647763109,
              31.436901477631086
            ],
            [
              76.42500347763108,
              31.432344477631084
            ],
            [
              76.42956047763109,
              31.427787477631085
            ],
            [
              76.43411667936232,
              31.42323027587771
            ],
            [
              76.43428798554154,
              31.42304122955429
            ],
            [
              76.4344399398656,
              31.422836304683067
            ],
            [
              76.43457107933982,
              31.422617474251584
            ],
            [
              76.43468014137198,
              31.422386845128138
            ],
            [
              76.43476607592835,
              31.422146637777164
            ],
            [
              76.43482805564322,
              31.421899164880898
            ],
            [
              76.43486548378472,
              31.421646809073223
            ],
            [
              76.434878,
              31.421392
            ],
            [
              76.434878,
              31.416835
            ],
            [
              76.43486548378472,
              31.416580190926776
            ],
            [
              76.43482805564322,
              31.4163278351191
            ],
            [
              76.43476607592835,
              31.416080362222836
            ],
            [
              76.43468014137198,
              31.415840154871862
            ],
            [
              76.43457107933982,
              31.415609525748415
            ],
            [
              76.4344399398656,
              31.415390695316933
            ],
            [
              76.43428798554154,
              31.41518577044571
            ],
            [
              76.43411667936232,
              31.41499672412229
            ],
            [
              76.42956067936233,
              31.41043972412229
            ],
            [
              76.42937164307396,
              31.410268353830016
            ],
            [
              76.42916671982101,
              31.41011633752894
            ],
            [
              76.42894788312643,
              31.40998513921915
            ],
            [
              76.42871724050718,
              31.40987602241208
            ],
            [
              76.42847701317781,
              31.409790037962242
            ],
            [
              76.42822951465881,
              31.409728013946882
            ],
            [
              76.4279771284962,
              31.409690547691177
            ],
            [
              76.4277222853067,
              31.409678000015653
            ],
            [
              76.42746743936955,
              31.409690491761285
            ],
            [
              76.42721504499043,
              31.40972790262573
            ],
            [
              76.42696753286518,
              31.409789872321912
            ],
            [
              76.42672728667087,
              31.409875804047786
            ],
            [
              76.42649662010969,
              31.409984870233853
            ],
            [
              76.42627775462671,
              31.41011602051312
            ],
            [
              76.42607279801618,
              31.4102679918367
            ],
            [
              76.42588372412229,
              31.41043932063768
            ],
            [
              76.42571235383002,
              31.41062835692604
            ],
            [
              76.42556033752895,
              31.41083328017899
            ],
            [
              76.42542913921915,
              31.411052116873584
            ],
            [
              76.42532002241208,
              31.411282759492817
            ],
            [
              76.42523403796224,
              31.411522986822188
            ],
            [
              76.42517201394688,
              31.411770485341197
            ],
            [
              76.42513454769119,
              31.412022871503805
            ],
            [
              76.42512200001566,
              31.412277714693296
            ],
            [
              76.42513449176128,
              31.41253256063045
            ],
            [
              76.42517190262573,
              31.412784955009574
            ],
            [
              76.42523387232191,
              31.413032467134826
            ],
            [
              76.42531980404779,
              31.413272713329135
            ],
            [
              76.42542887023386,
              31.41350337989032
            ],
            [
              76.42556002051312,
              31.4137222453733
            ],
            [
              76.4257119918367,
              31.41392720198383
            ],
            [
              76.42588332063768,
              31.41411627587771
            ],
            [
              76.429678,
              31.417911788137168
            ],
            [
              76.429678,
              31.42031521186283
            ],
            [
              76.42588342149367,
              31.424110623244168
            ],
            [
              76.42132652236891,
              31.428667522368915
            ],
            [
              76.41676952236892,
              31.433224522368917
            ],
            [
              76.41221252236892,
              31.437781522368915
            ],
            [
              76.4117725,
              31.438221544737836
            ],
            [
              76.41133247763108,
              31.437781522368915
            ],
            [
              76.41114342253881,
              31.437610172821255
            ],
            [
              76.41093848260584,
              31.437458179008015
            ],
            [
              76.41071963151575,
              31.437327004712696
            ],
            [
              76.41048897692414,
              31.43721791321547
            ],
            [
              76.41024874016085,
              31.437131955127096
            ],
            [
              76.41000123483724,
              31.437069958270953
            ],
            [
              76.40974884456485,
              31.437032519710655
            ],
            [
              76.409494,
              31.43702
            ],
            [
              76.40923915543513,
              31.437032519710655
            ],
            [
              76.40898676516275,
              31.437069958270953
            ],
            [
              76.40873925983914,
              31.437131955127096
            ],
            [
              76.40849902307585,
              31.437217913215473
            ],
            [
              76.40826836848424,
              31.437327004712696
            ],
            [
              76.40804951739415,
              31.437458179008015
            ],
            [
              76.40784457746118,
              31.43761017282126
            ],
            [
              76.40765552236891,
              31.43778152236892
            ],
            [
              76.40309852236892,
              31.442338522368917
            ],
            [
              76.39854152236892,
              31.446895522368916
            ],
            [
              76.39837017282126,
              31.447084577461176
            ],
            [
              76.39821817900801,
              31.44728951739415
            ],
            [
              76.39808700471269,
              31.447508368484254
            ],
            [
              76.39797791321547,
              31.44773902307585
            ],
            [
              76.3978919551271,
              31.44797925983914
            ],
            [
              76.39782995827095,
              31.448226765162758
            ],
            [
              76.39779251971065,
              31.448479155435145
            ],
            [
              76.39778,
              31.448734
            ],
            [
              76.39778,
              31.457848
            ],
            [
              76.39779251971065,
              31.458102844564856
            ],
            [
              76.39782995827095,
              31.45835523483724
            ],
            [
              76.3978919551271,
              31.45860274016086
            ],
            [
              76.39797791321547,
              31.458842976924146
            ],
            [
              76.39808700471269,
              31.459073631515746
            ],
            [
              76.39821817900801,
              31.45929248260585
            ],
            [
              76.39837017282126,
              31.459497422538824
            ],
            [
              76.39854152236892,
              31.459686477631085
            ],
            [
              76.39873057746117,
              31.45985782717874
            ],
            [
              76.39893551739415,
              31.460009820991985
            ],
            [
              76.39903724847971,
              31.460070796258115
            ],
            [
              76.39854152236892,
              31.460566522368914
            ],
            [
              76.39398452236891,
              31.465123522368913
            ],
            [
              76.38942752236892,
              31.469680522368918
            ],
            [
              76.38925617282126,
              31.46986957746118
            ],
            [
              76.38910417900802,
              31.470074517394153
            ],
            [
              76.3889730047127,
              31.470293368484256
            ],
            [
              76.38886391321547,
              31.470524023075853
            ],
            [
              76.3887779551271,
              31.470764259839143
            ],
            [
              76.38871595827095,
              31.47101176516276
            ],
            [
              76.38867851971065,
              31.471264155435147
            ],
            [
              76.388666,
              31.471519000000004
            ],
            [
              76.38867851971065,
              31.47177384456486
            ],
            [
              76.38871595827095,
              31.472026234837244
            ],
            [
              76.3887779551271,
              31.472273740160865
            ],
            [
              76.38886391321547,
              31.47251397692415
            ],
            [
              76.3889730047127,
              31.472744631515752
            ],
            [
              76.38910417900802,
              31.472963482605856
            ],
            [
              76.38925617282126,
              31.47316842253883
            ],
            [
              76.38942752236892,
              31.473357477631087
            ],
            [
              76.38961657746118,
              31.473528827178747
            ],
            [
              76.38982151739415,
              31.47368082099199
            ],
            [
              76.39004036848425,
              31.473811995287306
            ],
            [
              76.39027102307585,
              31.473921086784532
            ],
            [
              76.39051125983914,
              31.474007044872906
            ],
            [
              76.39075876516276,
              31.47406904172905
            ],
            [
              76.39101115543515,
              31.47410648028935
            ],
            [
              76.391266,
              31.474119
            ],
            [
              76.39152084456487,
              31.474106480289347
            ],
            [
              76.39177323483725,
              31.47406904172905
            ],
            [
              76.39202074016086,
              31.474007044872902
            ],
            [
              76.39226097692415,
              31.47392108678453
            ],
            [
              76.39249163151575,
              31.473811995287306
            ],
            [
              76.39271048260585,
              31.473680820991987
            ],
            [
              76.39291542253883,
              31.473528827178743
            ],
            [
              76.39310447763108,
              31.473357477631083
            ],
            [
              76.39766147763108,
              31.46880047763108
            ]
          ],
          [
            [
              76.40665695526218,
              31.455247999999997
            ],
            [
              76.40677547763109,
              31.455129477631086
            ],
            [
              76.40694682717874,
              31.454940422538826
            ],
            [
              76.40709882099199,
              31.45473548260585
            ],
            [
              76.40722999528731,
              31.454516631515748
            ],
            [
              76.40733908678453,
              31.45428597692415
            ],
            [
              76.40742504487291,
              31.45404574016086
            ],
            [
              76.40748704172906,
              31.453798234837244
            ],
            [
              76.40752448028935,
              31.453545844564857
            ],
            [
              76.407537,
              31.453291
            ],
            [
              76.407537,
              31.449810955262162
            ],
            [
              76.41133247763108,
              31.446015477631082
            ],
            [
              76.4117725,
              31.445575455262166
            ],
            [
              76.41221252236892,
              31.446015477631086
            ],
            [
              76.41240157746118,
              31.446186827178746
            ],
            [
              76.41260651739415,
              31.446338820991986
            ],
            [
              76.41270824847972,
              31.446399796258117
            ],
            [
              76.41221252236892,
              31.446895522368916
            ],
            [
              76.41204117282126,
              31.447084577461176
            ],
            [
              76.41188917900801,
              31.44728951739415
            ],
            [
              76.4117580047127,
              31.447508368484254
            ],
            [
              76.41164891321547,
              31.44773902307585
            ],
            [
              76.4115629551271,
              31.44797925983914
            ],
            [
              76.41150095827095,
              31.448226765162758
            ],
            [
              76.41146351971065,
              31.448479155435145
            ],
            [
              76.411451,
              31.448734
            ],
            [
              76.411451,
              31.455247999999997
            ],
            [
              76.40665695526218,
              31.455247999999997
            ]
          ]
        ]
      }
    },
    {
      "type": "Feature",
      "properties": {
        "timestep_min": 120,
        "depth_band": "0.1 - 0.5",
        "min_depth": 0.1,
        "max_depth": 0.5,
        "max_depth_m": 20.0,
        "avg_depth_m": 11.0,
        "inundated_area_km2": 3.42,
        "hazard_level": "Moderate",
        "zone": "downstream",
        "wave_front_km": 52.9
      },
      "geometry": {
        "type": "Polygon",
        "coordinates": [
          [
            [
              76.44032483700184,
              31.390248911670174
            ],
            [
              76.44295554326037,
              31.26992631191074
            ],
            [
              76.3504028170964,
              31.25742511330711
            ],
            [
              76.30481320336152,
              31.310586697848002
            ],
            [
              76.3503638494926,
              31.314546682946485
            ],
            [
              76.38767457638063,
              31.27111943140561
            ],
            [
              76.35200965673964,
              31.315147688089258
            ],
            [
              76.42898924033314,
              31.411697343147758
            ],
            [
              76.44032483700184,
              31.390248911670174
            ]
          ]
        ]
      }
    },
    {
      "type": "Feature",
      "properties": {
        "timestep_min": 120,
        "depth_band": "0.5 - 1.0",
        "min_depth": 0.5,
        "max_depth": 1.0,
        "max_depth_m": 20.0,
        "avg_depth_m": 11.0,
        "inundated_area_km2": 2.57,
        "hazard_level": "Moderate",
        "zone": "downstream",
        "wave_front_km": 52.9
      },
      "geometry": {
        "type": "Polygon",
        "coordinates": [
          [
            [
              76.42884918911457,
              31.371791011916372
            ],
            [
              76.43082221880846,
              31.281549062096797
            ],
            [
              76.3614076741855,
              31.272173163144075
            ],
            [
              76.32721546388433,
              31.31204435154974
            ],
            [
              76.36137844848264,
              31.315014340373605
            ],
            [
              76.38936149364866,
              31.282443901717947
            ],
            [
              76.36261280391793,
              31.315465094230685
            ],
            [
              76.42034749161306,
              31.38787733552456
            ],
            [
              76.42884918911457,
              31.371791011916372
            ]
          ]
        ]
      }
    },
    {
      "type": "Feature",
      "properties": {
        "timestep_min": 120,
        "depth_band": "1.0 - 2.0",
        "min_depth": 1.0,
        "max_depth": 2.0,
        "max_depth_m": 20.0,
        "avg_depth_m": 11.0,
        "inundated_area_km2": 1.88,
        "hazard_level": "High",
        "zone": "downstream",
        "wave_front_km": 52.9
      },
      "geometry": {
        "type": "Polygon",
        "coordinates": [
          [
            [
              76.41966867080475,
              31.35702469211333
            ],
            [
              76.42111555924696,
              31.29084726224564
            ],
            [
              76.37021155985677,
              31.283971603013647
            ],
            [
              76.3451372723026,
              31.313210474511134
            ],
            [
              76.37019012767468,
              31.3153884663153
            ],
            [
              76.3907110274631,
              31.29150347796782
            ],
            [
              76.37109532166056,
              31.315719019143827
            ],
            [
              76.41343409263698,
              31.368821329426
            ],
            [
              76.41966867080475,
              31.35702469211333
            ]
          ]
        ]
      }
    },
    {
      "type": "Feature",
      "properties": {
        "timestep_min": 120,
        "depth_band": "2.0 - 3.0",
        "min_depth": 2.0,
        "max_depth": 3.0,
        "max_depth_m": 20.0,
        "avg_depth_m": 11.0,
        "inundated_area_km2": 1.3,
        "hazard_level": "High",
        "zone": "downstream",
        "wave_front_km": 52.9
      },
      "geometry": {
        "type": "Polygon",
        "coordinates": [
          [
            [
              76.41186523024142,
              31.34447332028075
            ],
            [
              76.41286489861966,
              31.298750732372163
            ],
            [
              76.37769486267734,
              31.294000276902786
            ],
            [
              76.36037080945809,
              31.314201679028322
            ],
            [
              76.3776800549879,
              31.315706473365744
            ],
            [
              76.39185813120535,
              31.299204117780214
            ],
            [
              76.37830546174177,
              31.315934855320002
            ],
            [
              76.40755770350731,
              31.35262372424223
            ],
            [
              76.41186523024142,
              31.34447332028075
            ]
          ]
        ]
      }
    },
    {
      "type": "Feature",
      "properties": {
        "timestep_min": 120,
        "depth_band": "3.0 - 5.0",
        "min_depth": 3.0,
        "max_depth": 5.0,
        "max_depth_m": 20.0,
        "avg_depth_m": 11.0,
        "inundated_area_km2": 0.75,
        "hazard_level": "Critical",
        "zone": "downstream",
        "wave_front_km": 52.9
      },
      "geometry": {
        "type": "Polygon",
        "coordinates": [
          [
            [
              76.40452081559357,
              31.33266026443831
            ],
            [
              76.40509957097045,
              31.306189292491236
            ],
            [
              76.38473797121438,
              31.303439028798437
            ],
            [
              76.3747082561927,
              31.315134577397433
            ],
            [
              76.38472939834153,
              31.316005774119102
            ],
            [
              76.3929377582569,
              31.306451778780108
            ],
            [
              76.3850914759359,
              31.31613799525051
            ],
            [
              76.40202698432645,
              31.33737891936338
            ],
            [
              76.40452081559357,
              31.33266026443831
            ]
          ]
        ]
      }
    },
    {
      "type": "Feature",
      "properties": {
        "timestep_min": 120,
        "depth_band": "> 5.0",
        "min_depth": 5.0,
        "max_depth": 99.0,
        "max_depth_m": 20.0,
        "avg_depth_m": 11.0,
        "inundated_area_km2": 0.34,
        "hazard_level": "Critical",
        "zone": "downstream",
        "wave_front_km": 52.9
      },
      "geometry": {
        "type": "Polygon",
        "coordinates": [
          [
            [
              76.39901250460768,
              31.32380047255649
            ],
            [
              76.39927557523353,
              31.311768212580546
            ],
            [
              76.39002030261713,
              31.31051809272018
            ],
            [
              76.38546134124365,
              31.31583425117427
            ],
            [
              76.39001640585676,
              31.316230249684118
            ],
            [
              76.39374747854556,
              31.311887524530032
            ],
            [
              76.39018098658146,
              31.316290350198397
            ],
            [
              76.39787894494081,
              31.325945315704246
            ],
            [
              76.39901250460768,
              31.32380047255649
            ]
          ]
        ]
      }
    },
    {
      "type": "Feature",
      "properties": {
        "depth_band": "0.1 - 0.5",
        "min_depth": 0.1,
        "max_depth": 0.5,
        "max_depth_m": 33.9,
        "avg_depth_m": 16.9,
        "hazard_level": "Moderate",
        "zone": "reservoir",
        "timestep_min": 150
      },
      "geometry": {
        "type": "Polygon",
        "coordinates": [
          [
            [
              76.38999166815711,
              31.458085510794213
            ],
            [
              76.38846908947566,
              31.459608089475655
            ],
            [
              76.38391208947566,
              31.46416508947567
            ],
            [
              76.38322669128502,
              31.46492130984471
            ],
            [
              76.38261871603204,
              31.465741069576605
            ],
            [
              76.38209401885078,
              31.46661647393702
            ],
            [
              76.38165765286188,
              31.467539092303415
            ],
            [
              76.38131382050838,
              31.468500039356567
            ],
            [
              76.38106583308381,
              31.469490060651044
            ],
            [
              76.3809160788426,
              31.470499621740586
            ],
            [
              76.380866,
              31.47151900000001
            ],
            [
              76.38091607884262,
              31.47253837825944
            ],
            [
              76.38106583308381,
              31.47354793934898
            ],
            [
              76.3813138205084,
              31.47453796064346
            ],
            [
              76.38165765286189,
              31.475498907696608
            ],
            [
              76.38209401885078,
              31.476421526063003
            ],
            [
              76.38261871603206,
              31.477296930423414
            ],
            [
              76.38322669128503,
              31.47811669015531
            ],
            [
              76.38391208947567,
              31.47887291052435
            ],
            [
              76.38466830984471,
              31.47955830871498
            ],
            [
              76.38548806957661,
              31.480166283967954
            ],
            [
              76.38636347393702,
              31.48069098114923
            ],
            [
              76.38728609230341,
              31.481127347138123
            ],
            [
              76.38824703935657,
              31.48147117949162
            ],
            [
              76.38923706065104,
              31.481719166916196
            ],
            [
              76.39024662174059,
              31.481868921157393
            ],
            [
              76.39126600000002,
              31.481919
            ],
            [
              76.39228537825944,
              31.48186892115739
            ],
            [
              76.39329493934898,
              31.481719166916193
            ],
            [
              76.39428496064346,
              31.481471179491614
            ],
            [
              76.3952459076966,
              31.481127347138113
            ],
            [
              76.39616852606301,
              31.480690981149216
            ],
            [
              76.39704393042342,
              31.48016628396794
            ],
            [
              76.39786369015532,
              31.479558308714964
            ],
            [
              76.39861991052435,
              31.47887291052433
            ],
            [
              76.40317691052434,
              31.474315910524336
            ],
            [
              76.40773391052433,
              31.469758910524344
            ],
            [
              76.40924482104869,
              31.468248
            ],
            [
              76.414051,
              31.468248
            ],
            [
              76.41507037825943,
              31.46819792115739
            ],
            [
              76.41607993934898,
              31.46804816691619
            ],
            [
              76.41706996064345,
              31.467800179491615
            ],
            [
              76.4180309076966,
              31.467456347138114
            ],
            [
              76.41895352606299,
              31.46701998114922
            ],
            [
              76.4198289304234,
              31.466495283967944
            ],
            [
              76.4206486901553,
              31.465887308714972
            ],
            [
              76.42140491052434,
              31.46520191052434
            ],
            [
              76.42209030871497,
              31.4644456901553
            ],
            [
              76.42269828396795,
              31.4636259304234
            ],
            [
              76.42322298114922,
              31.46275052606299
            ],
            [
              76.42365934713811,
              31.461827907696595
            ],
            [
              76.42400317949162,
              31.460866960643443
            ],
            [
              76.42425116691619,
              31.459876939348966
            ],
            [
              76.42440092115739,
              31.458867378259427
            ],
            [
              76.424451,
              31.457848
            ],
            [
              76.424451,
              31.45304182104869
            ],
            [
              76.42596191052435,
              31.451530910524344
            ],
            [
              76.42664730871498,
              31.450774690155303
            ],
            [
              76.42725528396795,
              31.449954930423402
            ],
            [
              76.42777998114923,
              31.44907952606299
            ],
            [
              76.42821634713812,
              31.448156907696596
            ],
            [
              76.42856017949163,
              31.447195960643445
            ],
            [
              76.4288081669162,
              31.446205939348967
            ],
            [
              76.42895792115739,
              31.44519637825943
            ],
            [
              76.42900800000001,
              31.444177
            ],
            [
              76.42895792115739,
              31.44315762174057
            ],
            [
              76.4288081669162,
              31.442148060651032
            ],
            [
              76.42856017949163,
              31.441158039356555
            ],
            [
              76.42821634713812,
              31.440197092303404
            ],
            [
              76.4282052312712,
              31.440173589777476
            ],
            [
              76.43051891052434,
              31.437859910524335
            ],
            [
              76.43507591052435,
              31.433302910524343
            ],
            [
              76.43963271744929,
              31.428745103510845
            ],
            [
              76.44031794216622,
              31.427988918217164
            ],
            [
              76.4409257594624,
              31.42716921873227
            ],
            [
              76.44145031735927,
              31.426293897006335
            ],
            [
              76.44188656548795,
              31.42537138051256
            ],
            [
              76.44223030371343,
              31.42441055110865
            ],
            [
              76.44247822257293,
              31.42342065952359
            ],
            [
              76.44262793513889,
              31.422411236292895
            ],
            [
              76.442678,
              31.421392
            ],
            [
              76.442678,
              31.416835
            ],
            [
              76.44262793513889,
              31.415815763707105
            ],
            [
              76.44247822257293,
              31.41480634047641
            ],
            [
              76.44223030371343,
              31.41381644889135
            ],
            [
              76.44188656548795,
              31.41285561948744
            ],
            [
              76.44145031735927,
              31.411933102993665
            ],
            [
              76.4409257594624,
              31.41105778126773
            ],
            [
              76.44031794216622,
              31.410238081782836
            ],
            [
              76.43963271744929,
              31.409481896489154
            ],
            [
              76.43507671744929,
              31.404924896489156
            ],
            [
              76.43432057229585,
              31.40423941532006
            ],
            [
              76.43350087928404,
              31.403631350115766
            ],
            [
              76.43262553250567,
              31.403106556876597
            ],
            [
              76.43170296202874,
              31.40267008964833
            ],
            [
              76.43074205271125,
              31.402326151848964
            ],
            [
              76.42975205863522,
              31.402078055787527
            ],
            [
              76.42874251398479,
              31.401928190764714
            ],
            [
              76.42772314122682,
              31.401878000062617
            ],
            [
              76.42670375747821,
              31.401927967045136
            ],
            [
              76.42569417996171,
              31.40207761050291
            ],
            [
              76.4247041314607,
              31.402325489287648
            ],
            [
              76.42374314668346,
              31.402669216191136
            ],
            [
              76.42282048043873,
              31.4031054809354
            ],
            [
              76.4219450185068,
              31.40363008205247
            ],
            [
              76.42112519206468,
              31.404237967346802
            ],
            [
              76.42036889648917,
              31.404923282550715
            ],
            [
              76.41968341532007,
              31.40567942770416
            ],
            [
              76.41907535011576,
              31.406499120715964
            ],
            [
              76.4185505568766,
              31.40737446749433
            ],
            [
              76.41811408964833,
              31.408297037971266
            ],
            [
              76.41777015184897,
              31.409257947288758
            ],
            [
              76.41752205578753,
              31.410247941364783
            ],
            [
              76.41737219076471,
              31.411257486015213
            ],
            [
              76.41732200006261,
              31.412276858773183
            ],
            [
              76.41737196704514,
              31.413296242521792
            ],
            [
              76.41752161050292,
              31.41430582003829
            ],
            [
              76.41776948928765,
              31.415295868539296
            ],
            [
              76.41811321619114,
              31.416256853316536
            ],
            [
              76.41854948093541,
              31.417179519561277
            ],
            [
              76.41907408205248,
              31.4180549814932
            ],
            [
              76.4196819673468,
              31.41887480793532
            ],
            [
              76.41987516416344,
              31.41908801478787
            ],
            [
              76.41581108947565,
              31.423152089475657
            ],
            [
              76.41125408947566,
              31.427709089475666
            ],
            [
              76.40973151079422,
              31.429231668157108
            ],
            [
              76.40949399999998,
              31.42922
            ],
            [
              76.40847462174055,
              31.429270078842613
            ],
            [
              76.40746506065102,
              31.42941983308381
            ],
            [
              76.40647503935654,
              31.42966782050839
            ],
            [
              76.40551409230339,
              31.430011652861886
            ],
            [
              76.404591473937,
              31.430448018850782
            ],
            [
              76.40371606957659,
              31.43097271603206
            ],
            [
              76.40289630984469,
              31.431580691285035
            ],
            [
              76.40214008947565,
              31.432266089475668
            ],
            [
              76.39758308947566,
              31.436823089475666
            ],
            [
              76.39302608947565,
              31.441380089475658
            ],
            [
              76.39234069128503,
              31.4421363098447
            ],
            [
              76.39173271603205,
              31.4429560695766
            ],
            [
              76.39120801885078,
              31.44383147393701
            ],
            [
              76.39077165286189,
              31.444754092303405
            ],
            [
              76.39042782050838,
              31.445715039356557
            ],
            [
              76.3901798330838,
              31.446705060651034
            ],
            [
              76.39003007884261,
              31.447714621740573
            ],
            [
              76.38998,
              31.448734
            ],
            [
              76.38998,
              31.457848
            ],
            [
              76.38999166815711,
              31.458085510794213
            ]
          ]
        ]
      }
    },
    {
      "type": "Feature",
      "properties": {
        "depth_band": "0.5 - 1.0",
        "min_depth": 0.5,
        "max_depth": 1.0,
        "max_depth_m": 33.9,
        "avg_depth_m": 16.9,
        "hazard_level": "Moderate",
        "zone": "reservoir",
        "timestep_min": 150
      },
      "geometry": {
        "type": "Polygon",
        "coordinates": [
          [
            [
              76.39323747851466,
              31.45925204675125
            ],
            [
              76.39067526263295,
              31.461814262632956
            ],
            [
              76.38611826263296,
              31.46637126263297
            ],
            [
              76.38563848389951,
              31.466900616891294
            ],
            [
              76.38521290122243,
              31.467474448703626
            ],
            [
              76.38484561319554,
              31.468087231755916
            ],
            [
              76.38454015700331,
              31.46873306461239
            ],
            [
              76.38429947435587,
              31.469405727549596
            ],
            [
              76.38412588315866,
              31.470098742455733
            ],
            [
              76.38402105518983,
              31.47080543521841
            ],
            [
              76.38398600000001,
              31.471519000000008
            ],
            [
              76.38402105518983,
              31.47223256478161
            ],
            [
              76.38412588315867,
              31.472939257544287
            ],
            [
              76.38429947435587,
              31.47363227245042
            ],
            [
              76.38454015700333,
              31.474304935387625
            ],
            [
              76.38484561319555,
              31.474950768244103
            ],
            [
              76.38521290122245,
              31.47556355129639
            ],
            [
              76.38563848389953,
              31.476137383108718
            ],
            [
              76.38611826263298,
              31.476666737367044
            ],
            [
              76.3866476168913,
              31.477146516100486
            ],
            [
              76.38722144870363,
              31.477572098777568
            ],
            [
              76.38783423175592,
              31.47793938680446
            ],
            [
              76.3884800646124,
              31.478244842996688
            ],
            [
              76.3891527275496,
              31.478485525644135
            ],
            [
              76.38984574245573,
              31.47865911684134
            ],
            [
              76.39055243521841,
              31.478763944810176
            ],
            [
              76.39126600000002,
              31.478799000000002
            ],
            [
              76.39197956478161,
              31.478763944810172
            ],
            [
              76.39268625754428,
              31.478659116841335
            ],
            [
              76.39337927245042,
              31.47848552564413
            ],
            [
              76.39405193538762,
              31.47824484299668
            ],
            [
              76.3946977682441,
              31.477939386804454
            ],
            [
              76.39531055129639,
              31.477572098777557
            ],
            [
              76.39588438310872,
              31.477146516100476
            ],
            [
              76.39641373736704,
              31.476666737367033
            ],
            [
              76.40097073736703,
              31.47210973736703
            ],
            [
              76.40552773736704,
              31.467552737367043
            ],
            [
              76.40795247473407,
              31.465128
            ],
            [
              76.414051,
              31.465128
            ],
            [
              76.4147645647816,
              31.465092944810173
            ],
            [
              76.41547125754428,
              31.464988116841333
            ],
            [
              76.41616427245042,
              31.46481452564413
            ],
            [
              76.41683693538762,
              31.464573842996682
            ],
            [
              76.4174827682441,
              31.464268386804456
            ],
            [
              76.41809555129639,
              31.463901098777562
            ],
            [
              76.4186693831087,
              31.46347551610048
            ],
            [
              76.41919873736704,
              31.462995737367038
            ],
            [
              76.41967851610048,
              31.46246638310871
            ],
            [
              76.42010409877756,
              31.46189255129638
            ],
            [
              76.42047138680445,
              31.461279768244093
            ],
            [
              76.42077684299669,
              31.460633935387616
            ],
            [
              76.42101752564413,
              31.45996127245041
            ],
            [
              76.42119111684134,
              31.459268257544277
            ],
            [
              76.42129594481017,
              31.458561564781597
            ],
            [
              76.421331,
              31.457848
            ],
            [
              76.421331,
              31.451749474734086
            ],
            [
              76.42375573736705,
              31.44932473736704
            ],
            [
              76.42423551610048,
              31.44879538310871
            ],
            [
              76.42466109877756,
              31.44822155129638
            ],
            [
              76.42502838680446,
              31.447608768244095
            ],
            [
              76.4253338429967,
              31.446962935387617
            ],
            [
              76.42557452564414,
              31.446290272450412
            ],
            [
              76.42574811684135,
              31.44559725754428
            ],
            [
              76.42585294481017,
              31.4448905647816
            ],
            [
              76.425888,
              31.444177
            ],
            [
              76.42585294481017,
              31.4434634352184
            ],
            [
              76.42574811684135,
              31.44275674245572
            ],
            [
              76.42557452564414,
              31.442063727549588
            ],
            [
              76.4253338429967,
              31.441391064612382
            ],
            [
              76.42502838680446,
              31.440745231755905
            ],
            [
              76.42466109877756,
              31.44013244870362
            ],
            [
              76.42430890473037,
              31.439657570003718
            ],
            [
              76.42831273736704,
              31.435653737367034
            ],
            [
              76.43286973736704,
              31.43109673736704
            ],
            [
              76.43742630221449,
              31.42653917245759
            ],
            [
              76.43790595951634,
              31.426009842752016
            ],
            [
              76.43833143162367,
              31.425436053112595
            ],
            [
              76.43869862215149,
              31.424823327904438
            ],
            [
              76.43900399584156,
              31.424177566358793
            ],
            [
              76.4392446125994,
              31.423504985776056
            ],
            [
              76.43941815580105,
              31.422812061666512
            ],
            [
              76.43952295459722,
              31.42210546540503
            ],
            [
              76.43955799999999,
              31.421392
            ],
            [
              76.43955799999999,
              31.416835
            ],
            [
              76.43952295459722,
              31.41612153459497
            ],
            [
              76.43941815580105,
              31.415414938333488
            ],
            [
              76.4392446125994,
              31.414722014223944
            ],
            [
              76.43900399584156,
              31.414049433641207
            ],
            [
              76.43869862215149,
              31.413403672095562
            ],
            [
              76.43833143162367,
              31.412790946887405
            ],
            [
              76.43790595951634,
              31.412217157247984
            ],
            [
              76.43742630221449,
              31.41168782754241
            ],
            [
              76.4328703022145,
              31.40713082754241
            ],
            [
              76.4323410006071,
              31.406650990724042
            ],
            [
              76.43176721549882,
              31.406225345081037
            ],
            [
              76.43115447275397,
              31.40585798981362
            ],
            [
              76.43050867342012,
              31.40555246275383
            ],
            [
              76.42983603689787,
              31.405311706294274
            ],
            [
              76.42914304104465,
              31.40513803905127
            ],
            [
              76.42843635978936,
              31.405033133535298
            ],
            [
              76.42772279885878,
              31.404998000043832
            ],
            [
              76.42700923023475,
              31.405032976931594
            ],
            [
              76.4263025259732,
              31.405137727352038
            ],
            [
              76.42560949202249,
              31.40531124250135
            ],
            [
              76.42493680267843,
              31.405551851333797
            ],
            [
              76.42429093630712,
              31.405857236654782
            ],
            [
              76.42367811295476,
              31.40622445743673
            ],
            [
              76.42310423444528,
              31.406649977142763
            ],
            [
              76.42257482754242,
              31.4071296977855
            ],
            [
              76.42209499072405,
              31.407658999392915
            ],
            [
              76.42166934508104,
              31.408232784501177
            ],
            [
              76.42130198981361,
              31.40884552724603
            ],
            [
              76.42099646275383,
              31.409491326579886
            ],
            [
              76.42075570629427,
              31.41016396310213
            ],
            [
              76.42058203905127,
              31.41085695895535
            ],
            [
              76.4204771335353,
              31.411563640210648
            ],
            [
              76.42044200004383,
              31.41227720114123
            ],
            [
              76.4204769769316,
              31.412990769765255
            ],
            [
              76.42058172735204,
              31.4136974740268
            ],
            [
              76.42075524250136,
              31.414390507977508
            ],
            [
              76.4209958513338,
              31.415063197321576
            ],
            [
              76.42130123665478,
              31.415709063692894
            ],
            [
              76.42166845743672,
              31.41632188704524
            ],
            [
              76.42209397714277,
              31.416895765554724
            ],
            [
              76.42257369778551,
              31.41742517245759
            ],
            [
              76.4242616548369,
              31.4191135
            ],
            [
              76.42257398023406,
              31.42080154503186
            ],
            [
              76.41801726263296,
              31.42535826263296
            ],
            [
              76.41346026263297,
              31.429915262632967
            ],
            [
              76.41089804675126,
              31.432477478514677
            ],
            [
              76.41020756478159,
              31.432375055189826
            ],
            [
              76.409494,
              31.43234
            ],
            [
              76.40878043521839,
              31.43237505518983
            ],
            [
              76.40807374245571,
              31.432479883158667
            ],
            [
              76.40738072754958,
              31.432653474355874
            ],
            [
              76.40670806461237,
              31.43289415700332
            ],
            [
              76.4060622317559,
              31.433199613195548
            ],
            [
              76.4054494487036,
              31.43356690122244
            ],
            [
              76.40487561689127,
              31.433992483899523
            ],
            [
              76.40434626263296,
              31.43447226263297
            ],
            [
              76.39978926263296,
              31.439029262632967
            ],
            [
              76.39523226263296,
              31.443586262632962
            ],
            [
              76.39475248389952,
              31.444115616891292
            ],
            [
              76.39432690122244,
              31.44468944870362
            ],
            [
              76.39395961319555,
              31.445302231755907
            ],
            [
              76.39365415700331,
              31.445948064612384
            ],
            [
              76.39341347435587,
              31.44662072754959
            ],
            [
              76.39323988315866,
              31.447313742455723
            ],
            [
              76.39313505518983,
              31.448020435218403
            ],
            [
              76.3931,
              31.448734
            ],
            [
              76.3931,
              31.457848
            ],
            [
              76.39313505518983,
              31.458561564781597
            ],
            [
              76.39323747851466,
              31.45925204675125
            ]
          ]
        ]
      }
    },
    {
      "type": "Feature",
      "properties": {
        "depth_band": "1.0 - 2.0",
        "min_depth": 1.0,
        "max_depth": 2.0,
        "max_depth_m": 33.9,
        "avg_depth_m": 16.9,
        "hazard_level": "Moderate",
        "zone": "reservoir",
        "timestep_min": 150
      },
      "geometry": {
        "type": "Polygon",
        "coordinates": [
          [
            [
              76.39620756989436,
              31.459958910633734
            ],
            [
              76.39251374026404,
              31.463652740264042
            ],
            [
              76.38795674026404,
              31.46820974026405
            ],
            [
              76.38764831107827,
              31.46855003943012
            ],
            [
              76.38737472221442,
              31.468918931309474
            ],
            [
              76.38713860848284,
              31.46931286327166
            ],
            [
              76.38694224378784,
              31.469728041536538
            ],
            [
              76.38678751922878,
              31.470160467710453
            ],
            [
              76.38667592488771,
              31.47060597729297
            ],
            [
              76.38660853547917,
              31.471060279783263
            ],
            [
              76.38658600000001,
              31.471519000000008
            ],
            [
              76.38660853547917,
              31.47197772021675
            ],
            [
              76.38667592488771,
              31.472432022707043
            ],
            [
              76.38678751922878,
              31.472877532289555
            ],
            [
              76.38694224378786,
              31.473309958463474
            ],
            [
              76.38713860848286,
              31.47372513672835
            ],
            [
              76.38737472221443,
              31.474119068690538
            ],
            [
              76.38764831107827,
              31.474487960569892
            ],
            [
              76.38795674026406,
              31.474828259735958
            ],
            [
              76.38829703943011,
              31.47513668892174
            ],
            [
              76.38866593130948,
              31.47541027778558
            ],
            [
              76.38905986327165,
              31.475646391517152
            ],
            [
              76.38947504153654,
              31.475842756212156
            ],
            [
              76.38990746771046,
              31.47599748077123
            ],
            [
              76.39035297729298,
              31.476109075112287
            ],
            [
              76.39080727978326,
              31.476176464520826
            ],
            [
              76.391266,
              31.476199
            ],
            [
              76.39172472021674,
              31.476176464520826
            ],
            [
              76.39217902270704,
              31.476109075112287
            ],
            [
              76.39262453228956,
              31.475997480771227
            ],
            [
              76.39305695846348,
              31.475842756212153
            ],
            [
              76.39347213672835,
              31.47564639151715
            ],
            [
              76.39386606869054,
              31.475410277785574
            ],
            [
              76.39423496056989,
              31.475136688921737
            ],
            [
              76.39457525973596,
              31.47482825973595
            ],
            [
              76.39913225973595,
              31.47027125973595
            ],
            [
              76.40368925973596,
              31.465714259735957
            ],
            [
              76.40687551947191,
              31.462528
            ],
            [
              76.414051,
              31.462528
            ],
            [
              76.41450972021674,
              31.462505464520824
            ],
            [
              76.41496402270704,
              31.462438075112285
            ],
            [
              76.41540953228956,
              31.462326480771225
            ],
            [
              76.41584195846347,
              31.46217175621215
            ],
            [
              76.41625713672835,
              31.46197539151715
            ],
            [
              76.41665106869053,
              31.461739277785576
            ],
            [
              76.41701996056989,
              31.461465688921734
            ],
            [
              76.41736025973596,
              31.461157259735952
            ],
            [
              76.41766868892174,
              31.460816960569883
            ],
            [
              76.41794227778557,
              31.460448068690532
            ],
            [
              76.41817839151715,
              31.460054136728345
            ],
            [
              76.41837475621216,
              31.45963895846347
            ],
            [
              76.41852948077123,
              31.45920653228955
            ],
            [
              76.41864107511229,
              31.458761022707034
            ],
            [
              76.41870846452083,
              31.45830672021674
            ],
            [
              76.418731,
              31.457848
            ],
            [
              76.418731,
              31.45067251947192
            ],
            [
              76.42191725973596,
              31.447486259735953
            ],
            [
              76.42222568892174,
              31.447145960569884
            ],
            [
              76.42249927778559,
              31.44677706869053
            ],
            [
              76.42273539151715,
              31.446383136728343
            ],
            [
              76.42293175621217,
              31.445967958463466
            ],
            [
              76.42308648077123,
              31.445535532289547
            ],
            [
              76.4231980751123,
              31.445090022707035
            ],
            [
              76.42326546452084,
              31.44463572021674
            ],
            [
              76.423288,
              31.444177
            ],
            [
              76.42326546452084,
              31.443718279783255
            ],
            [
              76.4231980751123,
              31.44326397729296
            ],
            [
              76.42308648077123,
              31.44281846771045
            ],
            [
              76.42293175621217,
              31.44238604153653
            ],
            [
              76.42273539151715,
              31.441970863271653
            ],
            [
              76.42249927778558,
              31.441576931309466
            ],
            [
              76.42222568892174,
              31.441208039430112
            ],
            [
              76.42191725973596,
              31.440867740264046
            ],
            [
              76.4215769605699,
              31.44055931107826
            ],
            [
              76.42120806869053,
              31.440285722214423
            ],
            [
              76.42081413672835,
              31.44004960848285
            ],
            [
              76.42042429323129,
              31.439865226240627
            ],
            [
              76.42191725973596,
              31.438372259735953
            ],
            [
              76.42647425973595,
              31.43381525973595
            ],
            [
              76.43103125973596,
              31.429258259735953
            ],
            [
              76.43558762285218,
              31.424700896579882
            ],
            [
              76.4358959739748,
              31.42436061319772
            ],
            [
              76.43616949175808,
              31.423991748429522
            ],
            [
              76.43640554281167,
              31.42359785365285
            ],
            [
              76.43660185446957,
              31.42318272123065
            ],
            [
              76.43675653667104,
              31.422750347998893
            ],
            [
              76.43686810015781,
              31.422304896785615
            ],
            [
              76.4369354708125,
              31.421850656331802
            ],
            [
              76.43695799999999,
              31.421392
            ],
            [
              76.43695799999999,
              31.416835
            ],
            [
              76.4369354708125,
              31.416376343668198
            ],
            [
              76.43686810015781,
              31.415922103214385
            ],
            [
              76.43675653667104,
              31.415476652001107
            ],
            [
              76.43660185446957,
              31.41504427876935
            ],
            [
              76.43640554281167,
              31.41462914634715
            ],
            [
              76.43616949175808,
              31.414235251570478
            ],
            [
              76.4358959739748,
              31.41386638680228
            ],
            [
              76.43558762285218,
              31.413526103420118
            ],
            [
              76.43103162285219,
              31.40896910342012
            ],
            [
              76.43069135753314,
              31.408660636894027
            ],
            [
              76.43032249567781,
              31.408387007552093
            ],
            [
              76.42992858962755,
              31.40815085059447
            ],
            [
              76.42951343291293,
              31.407954440341747
            ],
            [
              76.42908102372006,
              31.407799668332032
            ],
            [
              76.42863552638585,
              31.407688025104388
            ],
            [
              76.42818123129315,
              31.40762058584412
            ],
            [
              76.42772251355207,
              31.407598000028177
            ],
            [
              76.4272637908652,
              31.407620485170312
            ],
            [
              76.42680948098277,
              31.40768782472631
            ],
            [
              76.42636395915731,
              31.40779937017944
            ],
            [
              76.42593151600757,
              31.40795404728601
            ],
            [
              76.42551631619743,
              31.40815036642093
            ],
            [
              76.42512235832807,
              31.40838643692361
            ],
            [
              76.42475343642911,
              31.408659985306063
            ],
            [
              76.42441310342012,
              31.408968377147822
            ],
            [
              76.42410463689403,
              31.409308642466872
            ],
            [
              76.4238310075521,
              31.409677504322186
            ],
            [
              76.42359485059447,
              31.41007141037245
            ],
            [
              76.42339844034176,
              31.41048656708707
            ],
            [
              76.42324366833203,
              31.41091897627994
            ],
            [
              76.4231320251044,
              31.411364473614153
            ],
            [
              76.42306458584412,
              31.411818768706844
            ],
            [
              76.42304200002818,
              31.412277486447934
            ],
            [
              76.42306448517031,
              31.412736209134806
            ],
            [
              76.42313182472631,
              31.41319051901723
            ],
            [
              76.42324337017945,
              31.413636040842682
            ],
            [
              76.42339804728601,
              31.41406848399244
            ],
            [
              76.42359436642093,
              31.414483683802576
            ],
            [
              76.42383043692361,
              31.41487764167194
            ],
            [
              76.42410398530606,
              31.415246563570893
            ],
            [
              76.42441237714782,
              31.41558689657988
            ],
            [
              76.427598,
              31.41877321864692
            ],
            [
              76.427598,
              31.41945378135308
            ],
            [
              76.42441255867564,
              31.42263992185245
            ],
            [
              76.41985574026404,
              31.427196740264048
            ],
            [
              76.41529874026405,
              31.43175374026405
            ],
            [
              76.41160491063374,
              31.435447569894357
            ],
            [
              76.41128495846347,
              31.43529624378785
            ],
            [
              76.41085253228954,
              31.435141519228775
            ],
            [
              76.41040702270703,
              31.435029924887715
            ],
            [
              76.40995272021674,
              31.434962535479176
            ],
            [
              76.409494,
              31.43494
            ],
            [
              76.40903527978325,
              31.434962535479176
            ],
            [
              76.40858097729296,
              31.435029924887715
            ],
            [
              76.40813546771044,
              31.435141519228775
            ],
            [
              76.40770304153652,
              31.43529624378785
            ],
            [
              76.40728786327165,
              31.435492608482853
            ],
            [
              76.40689393130945,
              31.435728722214428
            ],
            [
              76.40652503943011,
              31.436002311078266
            ],
            [
              76.40618474026404,
              31.43631074026405
            ],
            [
              76.40162774026405,
              31.44086774026405
            ],
            [
              76.39707074026404,
              31.44542474026405
            ],
            [
              76.39676231107826,
              31.445765039430118
            ],
            [
              76.39648872221443,
              31.446133931309472
            ],
            [
              76.39625260848285,
              31.44652786327166
            ],
            [
              76.39605624378784,
              31.446943041536535
            ],
            [
              76.39590151922877,
              31.44737546771045
            ],
            [
              76.39578992488771,
              31.447820977292967
            ],
            [
              76.39572253547917,
              31.44827527978326
            ],
            [
              76.3957,
              31.448734
            ],
            [
              76.3957,
              31.457848
            ],
            [
              76.39572253547917,
              31.45830672021674
            ],
            [
              76.39578992488771,
              31.458761022707034
            ],
            [
              76.39590151922877,
              31.45920653228955
            ],
            [
              76.39605624378784,
              31.45963895846347
            ],
            [
              76.39620756989436,
              31.459958910633734
            ]
          ]
        ]
      }
    },
    {
      "type": "Feature",
      "properties": {
        "depth_band": "2.0 - 3.0",
        "min_depth": 2.0,
        "max_depth": 3.0,
        "max_depth_m": 33.9,
        "avg_depth_m": 16.9,
        "hazard_level": "Moderate",
        "zone": "reservoir",
        "timestep_min": 150
      },
      "geometry": {
        "type": "Polygon",
        "coordinates": [
          [
            [
              76.39766147763108,
              31.46880047763108
            ],
            [
              76.40221847763108,
              31.464243477631086
            ],
            [
              76.40601395526217,
              31.460448
            ],
            [
              76.414051,
              31.460448
            ],
            [
              76.41430584456485,
              31.460435480289345
            ],
            [
              76.41455823483724,
              31.460398041729047
            ],
            [
              76.41480574016086,
              31.460336044872903
            ],
            [
              76.41504597692415,
              31.460250086784527
            ],
            [
              76.41527663151575,
              31.460140995287304
            ],
            [
              76.41549548260585,
              31.460009820991985
            ],
            [
              76.41570042253882,
              31.45985782717874
            ],
            [
              76.41588947763108,
              31.459686477631085
            ],
            [
              76.41606082717874,
              31.459497422538824
            ],
            [
              76.41621282099199,
              31.45929248260585
            ],
            [
              76.4163439952873,
              31.459073631515746
            ],
            [
              76.41645308678453,
              31.45884297692415
            ],
            [
              76.4165390448729,
              31.45860274016086
            ],
            [
              76.41660104172905,
              31.458355234837242
            ],
            [
              76.41663848028935,
              31.458102844564856
            ],
            [
              76.416651,
              31.457848
            ],
            [
              76.416651,
              31.44981095526217
            ],
            [
              76.42044647763109,
              31.446015477631086
            ],
            [
              76.42061782717875,
              31.445826422538826
            ],
            [
              76.42076982099199,
              31.44562148260585
            ],
            [
              76.42090099528731,
              31.445402631515748
            ],
            [
              76.42101008678453,
              31.44517197692415
            ],
            [
              76.42109604487291,
              31.444931740160865
            ],
            [
              76.42115804172906,
              31.444684234837244
            ],
            [
              76.42119548028936,
              31.444431844564857
            ],
            [
              76.42120800000001,
              31.444177
            ],
            [
              76.42119548028936,
              31.443922155435146
            ],
            [
              76.42115804172906,
              31.44366976516276
            ],
            [
              76.42109604487291,
              31.44342225983914
            ],
            [
              76.42101008678453,
              31.443182023075853
            ],
            [
              76.42090099528731,
              31.442951368484252
            ],
            [
              76.42076982099199,
              31.44273251739415
            ],
            [
              76.42061782717875,
              31.442527577461174
            ],
            [
              76.42044647763109,
              31.442338522368914
            ],
            [
              76.42025742253884,
              31.442167172821257
            ],
            [
              76.42005248260585,
              31.442015179008013
            ],
            [
              76.41983363151576,
              31.441884004712694
            ],
            [
              76.41960297692415,
              31.441774913215472
            ],
            [
              76.41936274016086,
              31.441688955127095
            ],
            [
              76.41911523483725,
              31.44162695827095
            ],
            [
              76.41886284456486,
              31.441589519710654
            ],
            [
              76.418608,
              31.441577
            ],
            [
              76.41577095526218,
              31.441577
            ],
            [
              76.41588947763108,
              31.441458477631087
            ],
            [
              76.42044647763109,
              31.436901477631086
            ],
            [
              76.42500347763108,
              31.432344477631084
            ],
            [
              76.42956047763109,
              31.427787477631085
            ],
            [
              76.43411667936232,
              31.42323027587771
            ],
            [
              76.43428798554154,
              31.42304122955429
            ],
            [
              76.4344399398656,
              31.422836304683067
            ],
            [
              76.43457107933982,
              31.422617474251584
            ],
            [
              76.43468014137198,
              31.422386845128138
            ],
            [
              76.43476607592835,
              31.422146637777164
            ],
            [
              76.43482805564322,
              31.421899164880898
            ],
            [
              76.43486548378472,
              31.421646809073223
            ],
            [
              76.434878,
              31.421392
            ],
            [
              76.434878,
              31.416835
            ],
            [
              76.43486548378472,
              31.416580190926776
            ],
            [
              76.43482805564322,
              31.4163278351191
            ],
            [
              76.43476607592835,
              31.416080362222836
            ],
            [
              76.43468014137198,
              31.415840154871862
            ],
            [
              76.43457107933982,
              31.415609525748415
            ],
            [
              76.4344399398656,
              31.415390695316933
            ],
            [
              76.43428798554154,
              31.41518577044571
            ],
            [
              76.43411667936232,
              31.41499672412229
            ],
            [
              76.42956067936233,
              31.41043972412229
            ],
            [
              76.42937164307396,
              31.410268353830016
            ],
            [
              76.42916671982101,
              31.41011633752894
            ],
            [
              76.42894788312643,
              31.40998513921915
            ],
            [
              76.42871724050718,
              31.40987602241208
            ],
            [
              76.42847701317781,
              31.409790037962242
            ],
            [
              76.42822951465881,
              31.409728013946882
            ],
            [
              76.4279771284962,
              31.409690547691177
            ],
            [
              76.4277222853067,
              31.409678000015653
            ],
            [
              76.42746743936955,
              31.409690491761285
            ],
            [
              76.42721504499043,
              31.40972790262573
            ],
            [
              76.42696753286518,
              31.409789872321912
            ],
            [
              76.42672728667087,
              31.409875804047786
            ],
            [
              76.42649662010969,
              31.409984870233853
            ],
            [
              76.42627775462671,
              31.41011602051312
            ],
            [
              76.42607279801618,
              31.4102679918367
            ],
            [
              76.42588372412229,
              31.41043932063768
            ],
            [
              76.42571235383002,
              31.41062835692604
            ],
            [
              76.42556033752895,
              31.41083328017899
            ],
            [
              76.42542913921915,
              31.411052116873584
            ],
            [
              76.42532002241208,
              31.411282759492817
            ],
            [
              76.42523403796224,
              31.411522986822188
            ],
            [
              76.42517201394688,
              31.411770485341197
            ],
            [
              76.42513454769119,
              31.412022871503805
            ],
            [
              76.42512200001566,
              31.412277714693296
            ],
            [
              76.42513449176128,
              31.41253256063045
            ],
            [
              76.42517190262573,
              31.412784955009574
            ],
            [
              76.42523387232191,
              31.413032467134826
            ],
            [
              76.42531980404779,
              31.413272713329135
            ],
            [
              76.42542887023386,
              31.41350337989032
            ],
            [
              76.42556002051312,
              31.4137222453733
            ],
            [
              76.4257119918367,
              31.41392720198383
            ],
            [
              76.42588332063768,
              31.41411627587771
            ],
            [
              76.429678,
              31.417911788137168
            ],
            [
              76.429678,
              31.42031521186283
            ],
            [
              76.42588342149367,
              31.424110623244168
            ],
            [
              76.42132652236891,
              31.428667522368915
            ],
            [
              76.41676952236892,
              31.433224522368917
            ],
            [
              76.41221252236892,
              31.437781522368915
            ],
            [
              76.4117725,
              31.438221544737836
            ],
            [
              76.41133247763108,
              31.437781522368915
            ],
            [
              76.41114342253881,
              31.437610172821255
            ],
            [
              76.41093848260584,
              31.437458179008015
            ],
            [
              76.41071963151575,
              31.437327004712696
            ],
            [
              76.41048897692414,
              31.43721791321547
            ],
            [
              76.41024874016085,
              31.437131955127096
            ],
            [
              76.41000123483724,
              31.437069958270953
            ],
            [
              76.40974884456485,
              31.437032519710655
            ],
            [
              76.409494,
              31.43702
            ],
            [
              76.40923915543513,
              31.437032519710655
            ],
            [
              76.40898676516275,
              31.437069958270953
            ],
            [
              76.40873925983914,
              31.437131955127096
            ],
            [
              76.40849902307585,
              31.437217913215473
            ],
            [
              76.40826836848424,
              31.437327004712696
            ],
            [
              76.40804951739415,
              31.437458179008015
            ],
            [
              76.40784457746118,
              31.43761017282126
            ],
            [
              76.40765552236891,
              31.43778152236892
            ],
            [
              76.40309852236892,
              31.442338522368917
            ],
            [
              76.39854152236892,
              31.446895522368916
            ],
            [
              76.39837017282126,
              31.447084577461176
            ],
            [
              76.39821817900801,
              31.44728951739415
            ],
            [
              76.39808700471269,
              31.447508368484254
            ],
            [
              76.39797791321547,
              31.44773902307585
            ],
            [
              76.3978919551271,
              31.44797925983914
            ],
            [
              76.39782995827095,
              31.448226765162758
            ],
            [
              76.39779251971065,
              31.448479155435145
            ],
            [
              76.39778,
              31.448734
            ],
            [
              76.39778,
              31.457848
            ],
            [
              76.39779251971065,
              31.458102844564856
            ],
            [
              76.39782995827095,
              31.45835523483724
            ],
            [
              76.3978919551271,
              31.45860274016086
            ],
            [
              76.39797791321547,
              31.458842976924146
            ],
            [
              76.39808700471269,
              31.459073631515746
            ],
            [
              76.39821817900801,
              31.45929248260585
            ],
            [
              76.39837017282126,
              31.459497422538824
            ],
            [
              76.39854152236892,
              31.459686477631085
            ],
            [
              76.39873057746117,
              31.45985782717874
            ],
            [
              76.39893551739415,
              31.460009820991985
            ],
            [
              76.39903724847971,
              31.460070796258115
            ],
            [
              76.39854152236892,
              31.460566522368914
            ],
            [
              76.39398452236891,
              31.465123522368913
            ],
            [
              76.38942752236892,
              31.469680522368918
            ],
            [
              76.38925617282126,
              31.46986957746118
            ],
            [
              76.38910417900802,
              31.470074517394153
            ],
            [
              76.3889730047127,
              31.470293368484256
            ],
            [
              76.38886391321547,
              31.470524023075853
            ],
            [
              76.3887779551271,
              31.470764259839143
            ],
            [
              76.38871595827095,
              31.47101176516276
            ],
            [
              76.38867851971065,
              31.471264155435147
            ],
            [
              76.388666,
              31.471519000000004
            ],
            [
              76.38867851971065,
              31.47177384456486
            ],
            [
              76.38871595827095,
              31.472026234837244
            ],
            [
              76.3887779551271,
              31.472273740160865
            ],
            [
              76.38886391321547,
              31.47251397692415
            ],
            [
              76.3889730047127,
              31.472744631515752
            ],
            [
              76.38910417900802,
              31.472963482605856
            ],
            [
              76.38925617282126,
              31.47316842253883
            ],
            [
              76.38942752236892,
              31.473357477631087
            ],
            [
              76.38961657746118,
              31.473528827178747
            ],
            [
              76.38982151739415,
              31.47368082099199
            ],
            [
              76.39004036848425,
              31.473811995287306
            ],
            [
              76.39027102307585,
              31.473921086784532
            ],
            [
              76.39051125983914,
              31.474007044872906
            ],
            [
              76.39075876516276,
              31.47406904172905
            ],
            [
              76.39101115543515,
              31.47410648028935
            ],
            [
              76.391266,
              31.474119
            ],
            [
              76.39152084456487,
              31.474106480289347
            ],
            [
              76.39177323483725,
              31.47406904172905
            ],
            [
              76.39202074016086,
              31.474007044872902
            ],
            [
              76.39226097692415,
              31.47392108678453
            ],
            [
              76.39249163151575,
              31.473811995287306
            ],
            [
              76.39271048260585,
              31.473680820991987
            ],
            [
              76.39291542253883,
              31.473528827178743
            ],
            [
              76.39310447763108,
              31.473357477631083
            ],
            [
              76.39766147763108,
              31.46880047763108
            ]
          ],
          [
            [
              76.40665695526218,
              31.455247999999997
            ],
            [
              76.40677547763109,
              31.455129477631086
            ],
            [
              76.40694682717874,
              31.454940422538826
            ],
            [
              76.40709882099199,
              31.45473548260585
            ],
            [
              76.40722999528731,
              31.454516631515748
            ],
            [
              76.40733908678453,
              31.45428597692415
            ],
            [
              76.40742504487291,
              31.45404574016086
            ],
            [
              76.40748704172906,
              31.453798234837244
            ],
            [
              76.40752448028935,
              31.453545844564857
            ],
            [
              76.407537,
              31.453291
            ],
            [
              76.407537,
              31.449810955262162
            ],
            [
              76.41133247763108,
              31.446015477631082
            ],
            [
              76.4117725,
              31.445575455262166
            ],
            [
              76.41221252236892,
              31.446015477631086
            ],
            [
              76.41240157746118,
              31.446186827178746
            ],
            [
              76.41260651739415,
              31.446338820991986
            ],
            [
              76.41270824847972,
              31.446399796258117
            ],
            [
              76.41221252236892,
              31.446895522368916
            ],
            [
              76.41204117282126,
              31.447084577461176
            ],
            [
              76.41188917900801,
              31.44728951739415
            ],
            [
              76.4117580047127,
              31.447508368484254
            ],
            [
              76.41164891321547,
              31.44773902307585
            ],
            [
              76.4115629551271,
              31.44797925983914
            ],
            [
              76.41150095827095,
              31.448226765162758
            ],
            [
              76.41146351971065,
              31.448479155435145
            ],
            [
              76.411451,
              31.448734
            ],
            [
              76.411451,
              31.455247999999997
            ],
            [
              76.40665695526218,
              31.455247999999997
            ]
          ]
        ]
      }
    },
    {
      "type": "Feature",
      "properties": {
        "timestep_min": 150,
        "depth_band": "0.1 - 0.5",
        "min_depth": 0.1,
        "max_depth": 0.5,
        "max_depth_m": 20.0,
        "avg_depth_m": 11.0,
        "inundated_area_km2": 3.0,
        "hazard_level": "Moderate",
        "zone": "downstream",
        "wave_front_km": 68.0
      },
      "geometry": {
        "type": "Polygon",
        "coordinates": [
          [
            [
              76.35416257847575,
              31.317840263341537
            ],
            [
              76.42907651688496,
              31.41153220449683
            ],
            [
              76.44037637452749,
              31.390151395931063
            ],
            [
              76.44295554326037,
              31.26992631191074
            ],
            [
              76.35504357954505,
              31.25913021331881
            ],
            [
              76.25306262779004,
              31.40834535071025
            ],
            [
              76.27285370283859,
              31.4395670789043
            ],
            [
              76.35416257847575,
              31.317840263341537
            ]
          ]
        ]
      }
    },
    {
      "type": "Feature",
      "properties": {
        "timestep_min": 150,
        "depth_band": "0.5 - 1.0",
        "min_depth": 0.5,
        "max_depth": 1.0,
        "max_depth_m": 20.0,
        "avg_depth_m": 11.0,
        "inundated_area_km2": 2.25,
        "hazard_level": "Moderate",
        "zone": "downstream",
        "wave_front_km": 68.0
      },
      "geometry": {
        "type": "Polygon",
        "coordinates": [
          [
            [
              76.35773039470527,
              31.321791826251363
            ],
            [
              76.41391584851218,
              31.39206078211783
            ],
            [
              76.42239074174407,
              31.376025175693506
            ],
            [
              76.42432511829372,
              31.285856362678267
            ],
            [
              76.35839114550724,
              31.277759288734316
            ],
            [
              76.28190543169099,
              31.389670641777897
            ],
            [
              76.2967487379774,
              31.413086937923435
            ],
            [
              76.35773039470527,
              31.321791826251363
            ]
          ]
        ]
      }
    },
    {
      "type": "Feature",
      "properties": {
        "timestep_min": 150,
        "depth_band": "1.0 - 2.0",
        "min_depth": 1.0,
        "max_depth": 2.0,
        "max_depth_m": 20.0,
        "avg_depth_m": 11.0,
        "inundated_area_km2": 1.65,
        "hazard_level": "High",
        "zone": "downstream",
        "wave_front_km": 68.0
      },
      "geometry": {
        "type": "Polygon",
        "coordinates": [
          [
            [
              76.36058464768887,
              31.324953076579227
            ],
            [
              76.40178731381394,
              31.376483644214638
            ],
            [
              76.40800223551733,
              31.364724199503463
            ],
            [
              76.40942077832041,
              31.298600403292287
            ],
            [
              76.361069198277,
              31.292662549066726
            ],
            [
              76.30497967481173,
              31.374730874632018
            ],
            [
              76.31586476608842,
              31.391902825138747
            ],
            [
              76.36058464768887,
              31.324953076579227
            ]
          ]
        ]
      }
    },
    {
      "type": "Feature",
      "properties": {
        "timestep_min": 150,
        "depth_band": "2.0 - 3.0",
        "min_depth": 2.0,
        "max_depth": 3.0,
        "max_depth_m": 20.0,
        "avg_depth_m": 11.0,
        "inundated_area_km2": 1.14,
        "hazard_level": "High",
        "zone": "downstream",
        "wave_front_km": 68.0
      },
      "geometry": {
        "type": "Polygon",
        "coordinates": [
          [
            [
              76.36301076272494,
              31.32764013935791
            ],
            [
              76.39147805932043,
              31.36324307699692
            ],
            [
              76.3957720052246,
              31.35511836974193
            ],
            [
              76.3967520893431,
              31.309432837814207
            ],
            [
              76.36334554313127,
              31.30533032034927
            ],
            [
              76.32459278146437,
              31.36203207255802
            ],
            [
              76.33211338998282,
              31.37389632927176
            ],
            [
              76.36301076272494,
              31.32764013935791
            ]
          ]
        ]
      }
    },
    {
      "type": "Feature",
      "properties": {
        "timestep_min": 150,
        "depth_band": "3.0 - 5.0",
        "min_depth": 3.0,
        "max_depth": 5.0,
        "max_depth_m": 20.0,
        "avg_depth_m": 11.0,
        "inundated_area_km2": 0.66,
        "hazard_level": "Critical",
        "zone": "downstream",
        "wave_front_km": 68.0
      },
      "geometry": {
        "type": "Polygon",
        "coordinates": [
          [
            [
              76.36529416511182,
              31.3301691396202
            ],
            [
              76.38177523156185,
              31.35078136667436
            ],
            [
              76.3842612002432,
              31.346077588789896
            ],
            [
              76.38482861736443,
              31.319628070305424
            ],
            [
              76.36548798534706,
              31.317252928615197
            ],
            [
              76.34305217596096,
              31.350080258841317
            ],
            [
              76.34740621247164,
              31.356949039044007
            ],
            [
              76.36529416511182,
              31.3301691396202
            ]
          ]
        ]
      }
    },
    {
      "type": "Feature",
      "properties": {
        "timestep_min": 150,
        "depth_band": "> 5.0",
        "min_depth": 5.0,
        "max_depth": 99.0,
        "max_depth_m": 20.0,
        "avg_depth_m": 11.0,
        "inundated_area_km2": 0.3,
        "hazard_level": "Critical",
        "zone": "downstream",
        "wave_front_km": 68.0
      },
      "geometry": {
        "type": "Polygon",
        "coordinates": [
          [
            [
              76.367006716902,
              31.332065889816917
            ],
            [
              76.3744981107429,
              31.341435083932446
            ],
            [
              76.37562809650717,
              31.339297003075867
            ],
            [
              76.37588601338045,
              31.327274494673837
            ],
            [
              76.36709481700892,
              31.32619488481464
            ],
            [
              76.35689672183342,
              31.341116398553787
            ],
            [
              76.35887582933827,
              31.34423857137319
            ],
            [
              76.367006716902,
              31.332065889816917
            ]
          ]
        ]
      }
    },
    {
      "type": "Feature",
      "properties": {
        "depth_band": "0.1 - 0.5",
        "min_depth": 0.1,
        "max_depth": 0.5,
        "max_depth_m": 33.9,
        "avg_depth_m": 16.9,
        "hazard_level": "Moderate",
        "zone": "reservoir",
        "timestep_min": 180
      },
      "geometry": {
        "type": "Polygon",
        "coordinates": [
          [
            [
              76.38999166815711,
              31.458085510794213
            ],
            [
              76.38846908947566,
              31.459608089475655
            ],
            [
              76.38391208947566,
              31.46416508947567
            ],
            [
              76.38322669128502,
              31.46492130984471
            ],
            [
              76.38261871603204,
              31.465741069576605
            ],
            [
              76.38209401885078,
              31.46661647393702
            ],
            [
              76.38165765286188,
              31.467539092303415
            ],
            [
              76.38131382050838,
              31.468500039356567
            ],
            [
              76.38106583308381,
              31.469490060651044
            ],
            [
              76.3809160788426,
              31.470499621740586
            ],
            [
              76.380866,
              31.47151900000001
            ],
            [
              76.38091607884262,
              31.47253837825944
            ],
            [
              76.38106583308381,
              31.47354793934898
            ],
            [
              76.3813138205084,
              31.47453796064346
            ],
            [
              76.38165765286189,
              31.475498907696608
            ],
            [
              76.38209401885078,
              31.476421526063003
            ],
            [
              76.38261871603206,
              31.477296930423414
            ],
            [
              76.38322669128503,
              31.47811669015531
            ],
            [
              76.38391208947567,
              31.47887291052435
            ],
            [
              76.38466830984471,
              31.47955830871498
            ],
            [
              76.38548806957661,
              31.480166283967954
            ],
            [
              76.38636347393702,
              31.48069098114923
            ],
            [
              76.38728609230341,
              31.481127347138123
            ],
            [
              76.38824703935657,
              31.48147117949162
            ],
            [
              76.38923706065104,
              31.481719166916196
            ],
            [
              76.39024662174059,
              31.481868921157393
            ],
            [
              76.39126600000002,
              31.481919
            ],
            [
              76.39228537825944,
              31.48186892115739
            ],
            [
              76.39329493934898,
              31.481719166916193
            ],
            [
              76.39428496064346,
              31.481471179491614
            ],
            [
              76.3952459076966,
              31.481127347138113
            ],
            [
              76.39616852606301,
              31.480690981149216
            ],
            [
              76.39704393042342,
              31.48016628396794
            ],
            [
              76.39786369015532,
              31.479558308714964
            ],
            [
              76.39861991052435,
              31.47887291052433
            ],
            [
              76.40317691052434,
              31.474315910524336
            ],
            [
              76.40773391052433,
              31.469758910524344
            ],
            [
              76.40924482104869,
              31.468248
            ],
            [
              76.414051,
              31.468248
            ],
            [
              76.41507037825943,
              31.46819792115739
            ],
            [
              76.41607993934898,
              31.46804816691619
            ],
            [
              76.41706996064345,
              31.467800179491615
            ],
            [
              76.4180309076966,
              31.467456347138114
            ],
            [
              76.41895352606299,
              31.46701998114922
            ],
            [
              76.4198289304234,
              31.466495283967944
            ],
            [
              76.4206486901553,
              31.465887308714972
            ],
            [
              76.42140491052434,
              31.46520191052434
            ],
            [
              76.42209030871497,
              31.4644456901553
            ],
            [
              76.42269828396795,
              31.4636259304234
            ],
            [
              76.42322298114922,
              31.46275052606299
            ],
            [
              76.42365934713811,
              31.461827907696595
            ],
            [
              76.42400317949162,
              31.460866960643443
            ],
            [
              76.42425116691619,
              31.459876939348966
            ],
            [
              76.42440092115739,
              31.458867378259427
            ],
            [
              76.424451,
              31.457848
            ],
            [
              76.424451,
              31.45304182104869
            ],
            [
              76.42596191052435,
              31.451530910524344
            ],
            [
              76.42664730871498,
              31.450774690155303
            ],
            [
              76.42725528396795,
              31.449954930423402
            ],
            [
              76.42777998114923,
              31.44907952606299
            ],
            [
              76.42821634713812,
              31.448156907696596
            ],
            [
              76.42856017949163,
              31.447195960643445
            ],
            [
              76.4288081669162,
              31.446205939348967
            ],
            [
              76.42895792115739,
              31.44519637825943
            ],
            [
              76.42900800000001,
              31.444177
            ],
            [
              76.42895792115739,
              31.44315762174057
            ],
            [
              76.4288081669162,
              31.442148060651032
            ],
            [
              76.42856017949163,
              31.441158039356555
            ],
            [
              76.42821634713812,
              31.440197092303404
            ],
            [
              76.4282052312712,
              31.440173589777476
            ],
            [
              76.43051891052434,
              31.437859910524335
            ],
            [
              76.43507591052435,
              31.433302910524343
            ],
            [
              76.43963271744929,
              31.428745103510845
            ],
            [
              76.44031794216622,
              31.427988918217164
            ],
            [
              76.4409257594624,
              31.42716921873227
            ],
            [
              76.44145031735927,
              31.426293897006335
            ],
            [
              76.44188656548795,
              31.42537138051256
            ],
            [
              76.44223030371343,
              31.42441055110865
            ],
            [
              76.44247822257293,
              31.42342065952359
            ],
            [
              76.44262793513889,
              31.422411236292895
            ],
            [
              76.442678,
              31.421392
            ],
            [
              76.442678,
              31.416835
            ],
            [
              76.44262793513889,
              31.415815763707105
            ],
            [
              76.44247822257293,
              31.41480634047641
            ],
            [
              76.44223030371343,
              31.41381644889135
            ],
            [
              76.44188656548795,
              31.41285561948744
            ],
            [
              76.44145031735927,
              31.411933102993665
            ],
            [
              76.4409257594624,
              31.41105778126773
            ],
            [
              76.44031794216622,
              31.410238081782836
            ],
            [
              76.43963271744929,
              31.409481896489154
            ],
            [
              76.43507671744929,
              31.404924896489156
            ],
            [
              76.43432057229585,
              31.40423941532006
            ],
            [
              76.43350087928404,
              31.403631350115766
            ],
            [
              76.43262553250567,
              31.403106556876597
            ],
            [
              76.43170296202874,
              31.40267008964833
            ],
            [
              76.43074205271125,
              31.402326151848964
            ],
            [
              76.42975205863522,
              31.402078055787527
            ],
            [
              76.42874251398479,
              31.401928190764714
            ],
            [
              76.42772314122682,
              31.401878000062617
            ],
            [
              76.42670375747821,
              31.401927967045136
            ],
            [
              76.42569417996171,
              31.40207761050291
            ],
            [
              76.4247041314607,
              31.402325489287648
            ],
            [
              76.42374314668346,
              31.402669216191136
            ],
            [
              76.42282048043873,
              31.4031054809354
            ],
            [
              76.4219450185068,
              31.40363008205247
            ],
            [
              76.42112519206468,
              31.404237967346802
            ],
            [
              76.42036889648917,
              31.404923282550715
            ],
            [
              76.41968341532007,
              31.40567942770416
            ],
            [
              76.41907535011576,
              31.406499120715964
            ],
            [
              76.4185505568766,
              31.40737446749433
            ],
            [
              76.41811408964833,
              31.408297037971266
            ],
            [
              76.41777015184897,
              31.409257947288758
            ],
            [
              76.41752205578753,
              31.410247941364783
            ],
            [
              76.41737219076471,
              31.411257486015213
            ],
            [
              76.41732200006261,
              31.412276858773183
            ],
            [
              76.41737196704514,
              31.413296242521792
            ],
            [
              76.41752161050292,
              31.41430582003829
            ],
            [
              76.41776948928765,
              31.415295868539296
            ],
            [
              76.41811321619114,
              31.416256853316536
            ],
            [
              76.41854948093541,
              31.417179519561277
            ],
            [
              76.41907408205248,
              31.4180549814932
            ],
            [
              76.4196819673468,
              31.41887480793532
            ],
            [
              76.41987516416344,
              31.41908801478787
            ],
            [
              76.41581108947565,
              31.423152089475657
            ],
            [
              76.41125408947566,
              31.427709089475666
            ],
            [
              76.40973151079422,
              31.429231668157108
            ],
            [
              76.40949399999998,
              31.42922
            ],
            [
              76.40847462174055,
              31.429270078842613
            ],
            [
              76.40746506065102,
              31.42941983308381
            ],
            [
              76.40647503935654,
              31.42966782050839
            ],
            [
              76.40551409230339,
              31.430011652861886
            ],
            [
              76.404591473937,
              31.430448018850782
            ],
            [
              76.40371606957659,
              31.43097271603206
            ],
            [
              76.40289630984469,
              31.431580691285035
            ],
            [
              76.40214008947565,
              31.432266089475668
            ],
            [
              76.39758308947566,
              31.436823089475666
            ],
            [
              76.39302608947565,
              31.441380089475658
            ],
            [
              76.39234069128503,
              31.4421363098447
            ],
            [
              76.39173271603205,
              31.4429560695766
            ],
            [
              76.39120801885078,
              31.44383147393701
            ],
            [
              76.39077165286189,
              31.444754092303405
            ],
            [
              76.39042782050838,
              31.445715039356557
            ],
            [
              76.3901798330838,
              31.446705060651034
            ],
            [
              76.39003007884261,
              31.447714621740573
            ],
            [
              76.38998,
              31.448734
            ],
            [
              76.38998,
              31.457848
            ],
            [
              76.38999166815711,
              31.458085510794213
            ]
          ]
        ]
      }
    },
    {
      "type": "Feature",
      "properties": {
        "depth_band": "0.5 - 1.0",
        "min_depth": 0.5,
        "max_depth": 1.0,
        "max_depth_m": 33.9,
        "avg_depth_m": 16.9,
        "hazard_level": "Moderate",
        "zone": "reservoir",
        "timestep_min": 180
      },
      "geometry": {
        "type": "Polygon",
        "coordinates": [
          [
            [
              76.39323747851466,
              31.45925204675125
            ],
            [
              76.39067526263295,
              31.461814262632956
            ],
            [
              76.38611826263296,
              31.46637126263297
            ],
            [
              76.38563848389951,
              31.466900616891294
            ],
            [
              76.38521290122243,
              31.467474448703626
            ],
            [
              76.38484561319554,
              31.468087231755916
            ],
            [
              76.38454015700331,
              31.46873306461239
            ],
            [
              76.38429947435587,
              31.469405727549596
            ],
            [
              76.38412588315866,
              31.470098742455733
            ],
            [
              76.38402105518983,
              31.47080543521841
            ],
            [
              76.38398600000001,
              31.471519000000008
            ],
            [
              76.38402105518983,
              31.47223256478161
            ],
            [
              76.38412588315867,
              31.472939257544287
            ],
            [
              76.38429947435587,
              31.47363227245042
            ],
            [
              76.38454015700333,
              31.474304935387625
            ],
            [
              76.38484561319555,
              31.474950768244103
            ],
            [
              76.38521290122245,
              31.47556355129639
            ],
            [
              76.38563848389953,
              31.476137383108718
            ],
            [
              76.38611826263298,
              31.476666737367044
            ],
            [
              76.3866476168913,
              31.477146516100486
            ],
            [
              76.38722144870363,
              31.477572098777568
            ],
            [
              76.38783423175592,
              31.47793938680446
            ],
            [
              76.3884800646124,
              31.478244842996688
            ],
            [
              76.3891527275496,
              31.478485525644135
            ],
            [
              76.38984574245573,
              31.47865911684134
            ],
            [
              76.39055243521841,
              31.478763944810176
            ],
            [
              76.39126600000002,
              31.478799000000002
            ],
            [
              76.39197956478161,
              31.478763944810172
            ],
            [
              76.39268625754428,
              31.478659116841335
            ],
            [
              76.39337927245042,
              31.47848552564413
            ],
            [
              76.39405193538762,
              31.47824484299668
            ],
            [
              76.3946977682441,
              31.477939386804454
            ],
            [
              76.39531055129639,
              31.477572098777557
            ],
            [
              76.39588438310872,
              31.477146516100476
            ],
            [
              76.39641373736704,
              31.476666737367033
            ],
            [
              76.40097073736703,
              31.47210973736703
            ],
            [
              76.40552773736704,
              31.467552737367043
            ],
            [
              76.40795247473407,
              31.465128
            ],
            [
              76.414051,
              31.465128
            ],
            [
              76.4147645647816,
              31.465092944810173
            ],
            [
              76.41547125754428,
              31.464988116841333
            ],
            [
              76.41616427245042,
              31.46481452564413
            ],
            [
              76.41683693538762,
              31.464573842996682
            ],
            [
              76.4174827682441,
              31.464268386804456
            ],
            [
              76.41809555129639,
              31.463901098777562
            ],
            [
              76.4186693831087,
              31.46347551610048
            ],
            [
              76.41919873736704,
              31.462995737367038
            ],
            [
              76.41967851610048,
              31.46246638310871
            ],
            [
              76.42010409877756,
              31.46189255129638
            ],
            [
              76.42047138680445,
              31.461279768244093
            ],
            [
              76.42077684299669,
              31.460633935387616
            ],
            [
              76.42101752564413,
              31.45996127245041
            ],
            [
              76.42119111684134,
              31.459268257544277
            ],
            [
              76.42129594481017,
              31.458561564781597
            ],
            [
              76.421331,
              31.457848
            ],
            [
              76.421331,
              31.451749474734086
            ],
            [
              76.42375573736705,
              31.44932473736704
            ],
            [
              76.42423551610048,
              31.44879538310871
            ],
            [
              76.42466109877756,
              31.44822155129638
            ],
            [
              76.42502838680446,
              31.447608768244095
            ],
            [
              76.4253338429967,
              31.446962935387617
            ],
            [
              76.42557452564414,
              31.446290272450412
            ],
            [
              76.42574811684135,
              31.44559725754428
            ],
            [
              76.42585294481017,
              31.4448905647816
            ],
            [
              76.425888,
              31.444177
            ],
            [
              76.42585294481017,
              31.4434634352184
            ],
            [
              76.42574811684135,
              31.44275674245572
            ],
            [
              76.42557452564414,
              31.442063727549588
            ],
            [
              76.4253338429967,
              31.441391064612382
            ],
            [
              76.42502838680446,
              31.440745231755905
            ],
            [
              76.42466109877756,
              31.44013244870362
            ],
            [
              76.42430890473037,
              31.439657570003718
            ],
            [
              76.42831273736704,
              31.435653737367034
            ],
            [
              76.43286973736704,
              31.43109673736704
            ],
            [
              76.43742630221449,
              31.42653917245759
            ],
            [
              76.43790595951634,
              31.426009842752016
            ],
            [
              76.43833143162367,
              31.425436053112595
            ],
            [
              76.43869862215149,
              31.424823327904438
            ],
            [
              76.43900399584156,
              31.424177566358793
            ],
            [
              76.4392446125994,
              31.423504985776056
            ],
            [
              76.43941815580105,
              31.422812061666512
            ],
            [
              76.43952295459722,
              31.42210546540503
            ],
            [
              76.43955799999999,
              31.421392
            ],
            [
              76.43955799999999,
              31.416835
            ],
            [
              76.43952295459722,
              31.41612153459497
            ],
            [
              76.43941815580105,
              31.415414938333488
            ],
            [
              76.4392446125994,
              31.414722014223944
            ],
            [
              76.43900399584156,
              31.414049433641207
            ],
            [
              76.43869862215149,
              31.413403672095562
            ],
            [
              76.43833143162367,
              31.412790946887405
            ],
            [
              76.43790595951634,
              31.412217157247984
            ],
            [
              76.43742630221449,
              31.41168782754241
            ],
            [
              76.4328703022145,
              31.40713082754241
            ],
            [
              76.4323410006071,
              31.406650990724042
            ],
            [
              76.43176721549882,
              31.406225345081037
            ],
            [
              76.43115447275397,
              31.40585798981362
            ],
            [
              76.43050867342012,
              31.40555246275383
            ],
            [
              76.42983603689787,
              31.405311706294274
            ],
            [
              76.42914304104465,
              31.40513803905127
            ],
            [
              76.42843635978936,
              31.405033133535298
            ],
            [
              76.42772279885878,
              31.404998000043832
            ],
            [
              76.42700923023475,
              31.405032976931594
            ],
            [
              76.4263025259732,
              31.405137727352038
            ],
            [
              76.42560949202249,
              31.40531124250135
            ],
            [
              76.42493680267843,
              31.405551851333797
            ],
            [
              76.42429093630712,
              31.405857236654782
            ],
            [
              76.42367811295476,
              31.40622445743673
            ],
            [
              76.42310423444528,
              31.406649977142763
            ],
            [
              76.42257482754242,
              31.4071296977855
            ],
            [
              76.42209499072405,
              31.407658999392915
            ],
            [
              76.42166934508104,
              31.408232784501177
            ],
            [
              76.42130198981361,
              31.40884552724603
            ],
            [
              76.42099646275383,
              31.409491326579886
            ],
            [
              76.42075570629427,
              31.41016396310213
            ],
            [
              76.42058203905127,
              31.41085695895535
            ],
            [
              76.4204771335353,
              31.411563640210648
            ],
            [
              76.42044200004383,
              31.41227720114123
            ],
            [
              76.4204769769316,
              31.412990769765255
            ],
            [
              76.42058172735204,
              31.4136974740268
            ],
            [
              76.42075524250136,
              31.414390507977508
            ],
            [
              76.4209958513338,
              31.415063197321576
            ],
            [
              76.42130123665478,
              31.415709063692894
            ],
            [
              76.42166845743672,
              31.41632188704524
            ],
            [
              76.42209397714277,
              31.416895765554724
            ],
            [
              76.42257369778551,
              31.41742517245759
            ],
            [
              76.4242616548369,
              31.4191135
            ],
            [
              76.42257398023406,
              31.42080154503186
            ],
            [
              76.41801726263296,
              31.42535826263296
            ],
            [
              76.41346026263297,
              31.429915262632967
            ],
            [
              76.41089804675126,
              31.432477478514677
            ],
            [
              76.41020756478159,
              31.432375055189826
            ],
            [
              76.409494,
              31.43234
            ],
            [
              76.40878043521839,
              31.43237505518983
            ],
            [
              76.40807374245571,
              31.432479883158667
            ],
            [
              76.40738072754958,
              31.432653474355874
            ],
            [
              76.40670806461237,
              31.43289415700332
            ],
            [
              76.4060622317559,
              31.433199613195548
            ],
            [
              76.4054494487036,
              31.43356690122244
            ],
            [
              76.40487561689127,
              31.433992483899523
            ],
            [
              76.40434626263296,
              31.43447226263297
            ],
            [
              76.39978926263296,
              31.439029262632967
            ],
            [
              76.39523226263296,
              31.443586262632962
            ],
            [
              76.39475248389952,
              31.444115616891292
            ],
            [
              76.39432690122244,
              31.44468944870362
            ],
            [
              76.39395961319555,
              31.445302231755907
            ],
            [
              76.39365415700331,
              31.445948064612384
            ],
            [
              76.39341347435587,
              31.44662072754959
            ],
            [
              76.39323988315866,
              31.447313742455723
            ],
            [
              76.39313505518983,
              31.448020435218403
            ],
            [
              76.3931,
              31.448734
            ],
            [
              76.3931,
              31.457848
            ],
            [
              76.39313505518983,
              31.458561564781597
            ],
            [
              76.39323747851466,
              31.45925204675125
            ]
          ]
        ]
      }
    },
    {
      "type": "Feature",
      "properties": {
        "depth_band": "1.0 - 2.0",
        "min_depth": 1.0,
        "max_depth": 2.0,
        "max_depth_m": 33.9,
        "avg_depth_m": 16.9,
        "hazard_level": "Moderate",
        "zone": "reservoir",
        "timestep_min": 180
      },
      "geometry": {
        "type": "Polygon",
        "coordinates": [
          [
            [
              76.39620756989436,
              31.459958910633734
            ],
            [
              76.39251374026404,
              31.463652740264042
            ],
            [
              76.38795674026404,
              31.46820974026405
            ],
            [
              76.38764831107827,
              31.46855003943012
            ],
            [
              76.38737472221442,
              31.468918931309474
            ],
            [
              76.38713860848284,
              31.46931286327166
            ],
            [
              76.38694224378784,
              31.469728041536538
            ],
            [
              76.38678751922878,
              31.470160467710453
            ],
            [
              76.38667592488771,
              31.47060597729297
            ],
            [
              76.38660853547917,
              31.471060279783263
            ],
            [
              76.38658600000001,
              31.471519000000008
            ],
            [
              76.38660853547917,
              31.47197772021675
            ],
            [
              76.38667592488771,
              31.472432022707043
            ],
            [
              76.38678751922878,
              31.472877532289555
            ],
            [
              76.38694224378786,
              31.473309958463474
            ],
            [
              76.38713860848286,
              31.47372513672835
            ],
            [
              76.38737472221443,
              31.474119068690538
            ],
            [
              76.38764831107827,
              31.474487960569892
            ],
            [
              76.38795674026406,
              31.474828259735958
            ],
            [
              76.38829703943011,
              31.47513668892174
            ],
            [
              76.38866593130948,
              31.47541027778558
            ],
            [
              76.38905986327165,
              31.475646391517152
            ],
            [
              76.38947504153654,
              31.475842756212156
            ],
            [
              76.38990746771046,
              31.47599748077123
            ],
            [
              76.39035297729298,
              31.476109075112287
            ],
            [
              76.39080727978326,
              31.476176464520826
            ],
            [
              76.391266,
              31.476199
            ],
            [
              76.39172472021674,
              31.476176464520826
            ],
            [
              76.39217902270704,
              31.476109075112287
            ],
            [
              76.39262453228956,
              31.475997480771227
            ],
            [
              76.39305695846348,
              31.475842756212153
            ],
            [
              76.39347213672835,
              31.47564639151715
            ],
            [
              76.39386606869054,
              31.475410277785574
            ],
            [
              76.39423496056989,
              31.475136688921737
            ],
            [
              76.39457525973596,
              31.47482825973595
            ],
            [
              76.39913225973595,
              31.47027125973595
            ],
            [
              76.40368925973596,
              31.465714259735957
            ],
            [
              76.40687551947191,
              31.462528
            ],
            [
              76.414051,
              31.462528
            ],
            [
              76.41450972021674,
              31.462505464520824
            ],
            [
              76.41496402270704,
              31.462438075112285
            ],
            [
              76.41540953228956,
              31.462326480771225
            ],
            [
              76.41584195846347,
              31.46217175621215
            ],
            [
              76.41625713672835,
              31.46197539151715
            ],
            [
              76.41665106869053,
              31.461739277785576
            ],
            [
              76.41701996056989,
              31.461465688921734
            ],
            [
              76.41736025973596,
              31.461157259735952
            ],
            [
              76.41766868892174,
              31.460816960569883
            ],
            [
              76.41794227778557,
              31.460448068690532
            ],
            [
              76.41817839151715,
              31.460054136728345
            ],
            [
              76.41837475621216,
              31.45963895846347
            ],
            [
              76.41852948077123,
              31.45920653228955
            ],
            [
              76.41864107511229,
              31.458761022707034
            ],
            [
              76.41870846452083,
              31.45830672021674
            ],
            [
              76.418731,
              31.457848
            ],
            [
              76.418731,
              31.45067251947192
            ],
            [
              76.42191725973596,
              31.447486259735953
            ],
            [
              76.42222568892174,
              31.447145960569884
            ],
            [
              76.42249927778559,
              31.44677706869053
            ],
            [
              76.42273539151715,
              31.446383136728343
            ],
            [
              76.42293175621217,
              31.445967958463466
            ],
            [
              76.42308648077123,
              31.445535532289547
            ],
            [
              76.4231980751123,
              31.445090022707035
            ],
            [
              76.42326546452084,
              31.44463572021674
            ],
            [
              76.423288,
              31.444177
            ],
            [
              76.42326546452084,
              31.443718279783255
            ],
            [
              76.4231980751123,
              31.44326397729296
            ],
            [
              76.42308648077123,
              31.44281846771045
            ],
            [
              76.42293175621217,
              31.44238604153653
            ],
            [
              76.42273539151715,
              31.441970863271653
            ],
            [
              76.42249927778558,
              31.441576931309466
            ],
            [
              76.42222568892174,
              31.441208039430112
            ],
            [
              76.42191725973596,
              31.440867740264046
            ],
            [
              76.4215769605699,
              31.44055931107826
            ],
            [
              76.42120806869053,
              31.440285722214423
            ],
            [
              76.42081413672835,
              31.44004960848285
            ],
            [
              76.42042429323129,
              31.439865226240627
            ],
            [
              76.42191725973596,
              31.438372259735953
            ],
            [
              76.42647425973595,
              31.43381525973595
            ],
            [
              76.43103125973596,
              31.429258259735953
            ],
            [
              76.43558762285218,
              31.424700896579882
            ],
            [
              76.4358959739748,
              31.42436061319772
            ],
            [
              76.43616949175808,
              31.423991748429522
            ],
            [
              76.43640554281167,
              31.42359785365285
            ],
            [
              76.43660185446957,
              31.42318272123065
            ],
            [
              76.43675653667104,
              31.422750347998893
            ],
            [
              76.43686810015781,
              31.422304896785615
            ],
            [
              76.4369354708125,
              31.421850656331802
            ],
            [
              76.43695799999999,
              31.421392
            ],
            [
              76.43695799999999,
              31.416835
            ],
            [
              76.4369354708125,
              31.416376343668198
            ],
            [
              76.43686810015781,
              31.415922103214385
            ],
            [
              76.43675653667104,
              31.415476652001107
            ],
            [
              76.43660185446957,
              31.41504427876935
            ],
            [
              76.43640554281167,
              31.41462914634715
            ],
            [
              76.43616949175808,
              31.414235251570478
            ],
            [
              76.4358959739748,
              31.41386638680228
            ],
            [
              76.43558762285218,
              31.413526103420118
            ],
            [
              76.43103162285219,
              31.40896910342012
            ],
            [
              76.43069135753314,
              31.408660636894027
            ],
            [
              76.43032249567781,
              31.408387007552093
            ],
            [
              76.42992858962755,
              31.40815085059447
            ],
            [
              76.42951343291293,
              31.407954440341747
            ],
            [
              76.42908102372006,
              31.407799668332032
            ],
            [
              76.42863552638585,
              31.407688025104388
            ],
            [
              76.42818123129315,
              31.40762058584412
            ],
            [
              76.42772251355207,
              31.407598000028177
            ],
            [
              76.4272637908652,
              31.407620485170312
            ],
            [
              76.42680948098277,
              31.40768782472631
            ],
            [
              76.42636395915731,
              31.40779937017944
            ],
            [
              76.42593151600757,
              31.40795404728601
            ],
            [
              76.42551631619743,
              31.40815036642093
            ],
            [
              76.42512235832807,
              31.40838643692361
            ],
            [
              76.42475343642911,
              31.408659985306063
            ],
            [
              76.42441310342012,
              31.408968377147822
            ],
            [
              76.42410463689403,
              31.409308642466872
            ],
            [
              76.4238310075521,
              31.409677504322186
            ],
            [
              76.42359485059447,
              31.41007141037245
            ],
            [
              76.42339844034176,
              31.41048656708707
            ],
            [
              76.42324366833203,
              31.41091897627994
            ],
            [
              76.4231320251044,
              31.411364473614153
            ],
            [
              76.42306458584412,
              31.411818768706844
            ],
            [
              76.42304200002818,
              31.412277486447934
            ],
            [
              76.42306448517031,
              31.412736209134806
            ],
            [
              76.42313182472631,
              31.41319051901723
            ],
            [
              76.42324337017945,
              31.413636040842682
            ],
            [
              76.42339804728601,
              31.41406848399244
            ],
            [
              76.42359436642093,
              31.414483683802576
            ],
            [
              76.42383043692361,
              31.41487764167194
            ],
            [
              76.42410398530606,
              31.415246563570893
            ],
            [
              76.42441237714782,
              31.41558689657988
            ],
            [
              76.427598,
              31.41877321864692
            ],
            [
              76.427598,
              31.41945378135308
            ],
            [
              76.42441255867564,
              31.42263992185245
            ],
            [
              76.41985574026404,
              31.427196740264048
            ],
            [
              76.41529874026405,
              31.43175374026405
            ],
            [
              76.41160491063374,
              31.435447569894357
            ],
            [
              76.41128495846347,
              31.43529624378785
            ],
            [
              76.41085253228954,
              31.435141519228775
            ],
            [
              76.41040702270703,
              31.435029924887715
            ],
            [
              76.40995272021674,
              31.434962535479176
            ],
            [
              76.409494,
              31.43494
            ],
            [
              76.40903527978325,
              31.434962535479176
            ],
            [
              76.40858097729296,
              31.435029924887715
            ],
            [
              76.40813546771044,
              31.435141519228775
            ],
            [
              76.40770304153652,
              31.43529624378785
            ],
            [
              76.40728786327165,
              31.435492608482853
            ],
            [
              76.40689393130945,
              31.435728722214428
            ],
            [
              76.40652503943011,
              31.436002311078266
            ],
            [
              76.40618474026404,
              31.43631074026405
            ],
            [
              76.40162774026405,
              31.44086774026405
            ],
            [
              76.39707074026404,
              31.44542474026405
            ],
            [
              76.39676231107826,
              31.445765039430118
            ],
            [
              76.39648872221443,
              31.446133931309472
            ],
            [
              76.39625260848285,
              31.44652786327166
            ],
            [
              76.39605624378784,
              31.446943041536535
            ],
            [
              76.39590151922877,
              31.44737546771045
            ],
            [
              76.39578992488771,
              31.447820977292967
            ],
            [
              76.39572253547917,
              31.44827527978326
            ],
            [
              76.3957,
              31.448734
            ],
            [
              76.3957,
              31.457848
            ],
            [
              76.39572253547917,
              31.45830672021674
            ],
            [
              76.39578992488771,
              31.458761022707034
            ],
            [
              76.39590151922877,
              31.45920653228955
            ],
            [
              76.39605624378784,
              31.45963895846347
            ],
            [
              76.39620756989436,
              31.459958910633734
            ]
          ]
        ]
      }
    },
    {
      "type": "Feature",
      "properties": {
        "depth_band": "2.0 - 3.0",
        "min_depth": 2.0,
        "max_depth": 3.0,
        "max_depth_m": 33.9,
        "avg_depth_m": 16.9,
        "hazard_level": "Moderate",
        "zone": "reservoir",
        "timestep_min": 180
      },
      "geometry": {
        "type": "Polygon",
        "coordinates": [
          [
            [
              76.39766147763108,
              31.46880047763108
            ],
            [
              76.40221847763108,
              31.464243477631086
            ],
            [
              76.40601395526217,
              31.460448
            ],
            [
              76.414051,
              31.460448
            ],
            [
              76.41430584456485,
              31.460435480289345
            ],
            [
              76.41455823483724,
              31.460398041729047
            ],
            [
              76.41480574016086,
              31.460336044872903
            ],
            [
              76.41504597692415,
              31.460250086784527
            ],
            [
              76.41527663151575,
              31.460140995287304
            ],
            [
              76.41549548260585,
              31.460009820991985
            ],
            [
              76.41570042253882,
              31.45985782717874
            ],
            [
              76.41588947763108,
              31.459686477631085
            ],
            [
              76.41606082717874,
              31.459497422538824
            ],
            [
              76.41621282099199,
              31.45929248260585
            ],
            [
              76.4163439952873,
              31.459073631515746
            ],
            [
              76.41645308678453,
              31.45884297692415
            ],
            [
              76.4165390448729,
              31.45860274016086
            ],
            [
              76.41660104172905,
              31.458355234837242
            ],
            [
              76.41663848028935,
              31.458102844564856
            ],
            [
              76.416651,
              31.457848
            ],
            [
              76.416651,
              31.44981095526217
            ],
            [
              76.42044647763109,
              31.446015477631086
            ],
            [
              76.42061782717875,
              31.445826422538826
            ],
            [
              76.42076982099199,
              31.44562148260585
            ],
            [
              76.42090099528731,
              31.445402631515748
            ],
            [
              76.42101008678453,
              31.44517197692415
            ],
            [
              76.42109604487291,
              31.444931740160865
            ],
            [
              76.42115804172906,
              31.444684234837244
            ],
            [
              76.42119548028936,
              31.444431844564857
            ],
            [
              76.42120800000001,
              31.444177
            ],
            [
              76.42119548028936,
              31.443922155435146
            ],
            [
              76.42115804172906,
              31.44366976516276
            ],
            [
              76.42109604487291,
              31.44342225983914
            ],
            [
              76.42101008678453,
              31.443182023075853
            ],
            [
              76.42090099528731,
              31.442951368484252
            ],
            [
              76.42076982099199,
              31.44273251739415
            ],
            [
              76.42061782717875,
              31.442527577461174
            ],
            [
              76.42044647763109,
              31.442338522368914
            ],
            [
              76.42025742253884,
              31.442167172821257
            ],
            [
              76.42005248260585,
              31.442015179008013
            ],
            [
              76.41983363151576,
              31.441884004712694
            ],
            [
              76.41960297692415,
              31.441774913215472
            ],
            [
              76.41936274016086,
              31.441688955127095
            ],
            [
              76.41911523483725,
              31.44162695827095
            ],
            [
              76.41886284456486,
              31.441589519710654
            ],
            [
              76.418608,
              31.441577
            ],
            [
              76.41577095526218,
              31.441577
            ],
            [
              76.41588947763108,
              31.441458477631087
            ],
            [
              76.42044647763109,
              31.436901477631086
            ],
            [
              76.42500347763108,
              31.432344477631084
            ],
            [
              76.42956047763109,
              31.427787477631085
            ],
            [
              76.43411667936232,
              31.42323027587771
            ],
            [
              76.43428798554154,
              31.42304122955429
            ],
            [
              76.4344399398656,
              31.422836304683067
            ],
            [
              76.43457107933982,
              31.422617474251584
            ],
            [
              76.43468014137198,
              31.422386845128138
            ],
            [
              76.43476607592835,
              31.422146637777164
            ],
            [
              76.43482805564322,
              31.421899164880898
            ],
            [
              76.43486548378472,
              31.421646809073223
            ],
            [
              76.434878,
              31.421392
            ],
            [
              76.434878,
              31.416835
            ],
            [
              76.43486548378472,
              31.416580190926776
            ],
            [
              76.43482805564322,
              31.4163278351191
            ],
            [
              76.43476607592835,
              31.416080362222836
            ],
            [
              76.43468014137198,
              31.415840154871862
            ],
            [
              76.43457107933982,
              31.415609525748415
            ],
            [
              76.4344399398656,
              31.415390695316933
            ],
            [
              76.43428798554154,
              31.41518577044571
            ],
            [
              76.43411667936232,
              31.41499672412229
            ],
            [
              76.42956067936233,
              31.41043972412229
            ],
            [
              76.42937164307396,
              31.410268353830016
            ],
            [
              76.42916671982101,
              31.41011633752894
            ],
            [
              76.42894788312643,
              31.40998513921915
            ],
            [
              76.42871724050718,
              31.40987602241208
            ],
            [
              76.42847701317781,
              31.409790037962242
            ],
            [
              76.42822951465881,
              31.409728013946882
            ],
            [
              76.4279771284962,
              31.409690547691177
            ],
            [
              76.4277222853067,
              31.409678000015653
            ],
            [
              76.42746743936955,
              31.409690491761285
            ],
            [
              76.42721504499043,
              31.40972790262573
            ],
            [
              76.42696753286518,
              31.409789872321912
            ],
            [
              76.42672728667087,
              31.409875804047786
            ],
            [
              76.42649662010969,
              31.409984870233853
            ],
            [
              76.42627775462671,
              31.41011602051312
            ],
            [
              76.42607279801618,
              31.4102679918367
            ],
            [
              76.42588372412229,
              31.41043932063768
            ],
            [
              76.42571235383002,
              31.41062835692604
            ],
            [
              76.42556033752895,
              31.41083328017899
            ],
            [
              76.42542913921915,
              31.411052116873584
            ],
            [
              76.42532002241208,
              31.411282759492817
            ],
            [
              76.42523403796224,
              31.411522986822188
            ],
            [
              76.42517201394688,
              31.411770485341197
            ],
            [
              76.42513454769119,
              31.412022871503805
            ],
            [
              76.42512200001566,
              31.412277714693296
            ],
            [
              76.42513449176128,
              31.41253256063045
            ],
            [
              76.42517190262573,
              31.412784955009574
            ],
            [
              76.42523387232191,
              31.413032467134826
            ],
            [
              76.42531980404779,
              31.413272713329135
            ],
            [
              76.42542887023386,
              31.41350337989032
            ],
            [
              76.42556002051312,
              31.4137222453733
            ],
            [
              76.4257119918367,
              31.41392720198383
            ],
            [
              76.42588332063768,
              31.41411627587771
            ],
            [
              76.429678,
              31.417911788137168
            ],
            [
              76.429678,
              31.42031521186283
            ],
            [
              76.42588342149367,
              31.424110623244168
            ],
            [
              76.42132652236891,
              31.428667522368915
            ],
            [
              76.41676952236892,
              31.433224522368917
            ],
            [
              76.41221252236892,
              31.437781522368915
            ],
            [
              76.4117725,
              31.438221544737836
            ],
            [
              76.41133247763108,
              31.437781522368915
            ],
            [
              76.41114342253881,
              31.437610172821255
            ],
            [
              76.41093848260584,
              31.437458179008015
            ],
            [
              76.41071963151575,
              31.437327004712696
            ],
            [
              76.41048897692414,
              31.43721791321547
            ],
            [
              76.41024874016085,
              31.437131955127096
            ],
            [
              76.41000123483724,
              31.437069958270953
            ],
            [
              76.40974884456485,
              31.437032519710655
            ],
            [
              76.409494,
              31.43702
            ],
            [
              76.40923915543513,
              31.437032519710655
            ],
            [
              76.40898676516275,
              31.437069958270953
            ],
            [
              76.40873925983914,
              31.437131955127096
            ],
            [
              76.40849902307585,
              31.437217913215473
            ],
            [
              76.40826836848424,
              31.437327004712696
            ],
            [
              76.40804951739415,
              31.437458179008015
            ],
            [
              76.40784457746118,
              31.43761017282126
            ],
            [
              76.40765552236891,
              31.43778152236892
            ],
            [
              76.40309852236892,
              31.442338522368917
            ],
            [
              76.39854152236892,
              31.446895522368916
            ],
            [
              76.39837017282126,
              31.447084577461176
            ],
            [
              76.39821817900801,
              31.44728951739415
            ],
            [
              76.39808700471269,
              31.447508368484254
            ],
            [
              76.39797791321547,
              31.44773902307585
            ],
            [
              76.3978919551271,
              31.44797925983914
            ],
            [
              76.39782995827095,
              31.448226765162758
            ],
            [
              76.39779251971065,
              31.448479155435145
            ],
            [
              76.39778,
              31.448734
            ],
            [
              76.39778,
              31.457848
            ],
            [
              76.39779251971065,
              31.458102844564856
            ],
            [
              76.39782995827095,
              31.45835523483724
            ],
            [
              76.3978919551271,
              31.45860274016086
            ],
            [
              76.39797791321547,
              31.458842976924146
            ],
            [
              76.39808700471269,
              31.459073631515746
            ],
            [
              76.39821817900801,
              31.45929248260585
            ],
            [
              76.39837017282126,
              31.459497422538824
            ],
            [
              76.39854152236892,
              31.459686477631085
            ],
            [
              76.39873057746117,
              31.45985782717874
            ],
            [
              76.39893551739415,
              31.460009820991985
            ],
            [
              76.39903724847971,
              31.460070796258115
            ],
            [
              76.39854152236892,
              31.460566522368914
            ],
            [
              76.39398452236891,
              31.465123522368913
            ],
            [
              76.38942752236892,
              31.469680522368918
            ],
            [
              76.38925617282126,
              31.46986957746118
            ],
            [
              76.38910417900802,
              31.470074517394153
            ],
            [
              76.3889730047127,
              31.470293368484256
            ],
            [
              76.38886391321547,
              31.470524023075853
            ],
            [
              76.3887779551271,
              31.470764259839143
            ],
            [
              76.38871595827095,
              31.47101176516276
            ],
            [
              76.38867851971065,
              31.471264155435147
            ],
            [
              76.388666,
              31.471519000000004
            ],
            [
              76.38867851971065,
              31.47177384456486
            ],
            [
              76.38871595827095,
              31.472026234837244
            ],
            [
              76.3887779551271,
              31.472273740160865
            ],
            [
              76.38886391321547,
              31.47251397692415
            ],
            [
              76.3889730047127,
              31.472744631515752
            ],
            [
              76.38910417900802,
              31.472963482605856
            ],
            [
              76.38925617282126,
              31.47316842253883
            ],
            [
              76.38942752236892,
              31.473357477631087
            ],
            [
              76.38961657746118,
              31.473528827178747
            ],
            [
              76.38982151739415,
              31.47368082099199
            ],
            [
              76.39004036848425,
              31.473811995287306
            ],
            [
              76.39027102307585,
              31.473921086784532
            ],
            [
              76.39051125983914,
              31.474007044872906
            ],
            [
              76.39075876516276,
              31.47406904172905
            ],
            [
              76.39101115543515,
              31.47410648028935
            ],
            [
              76.391266,
              31.474119
            ],
            [
              76.39152084456487,
              31.474106480289347
            ],
            [
              76.39177323483725,
              31.47406904172905
            ],
            [
              76.39202074016086,
              31.474007044872902
            ],
            [
              76.39226097692415,
              31.47392108678453
            ],
            [
              76.39249163151575,
              31.473811995287306
            ],
            [
              76.39271048260585,
              31.473680820991987
            ],
            [
              76.39291542253883,
              31.473528827178743
            ],
            [
              76.39310447763108,
              31.473357477631083
            ],
            [
              76.39766147763108,
              31.46880047763108
            ]
          ],
          [
            [
              76.40665695526218,
              31.455247999999997
            ],
            [
              76.40677547763109,
              31.455129477631086
            ],
            [
              76.40694682717874,
              31.454940422538826
            ],
            [
              76.40709882099199,
              31.45473548260585
            ],
            [
              76.40722999528731,
              31.454516631515748
            ],
            [
              76.40733908678453,
              31.45428597692415
            ],
            [
              76.40742504487291,
              31.45404574016086
            ],
            [
              76.40748704172906,
              31.453798234837244
            ],
            [
              76.40752448028935,
              31.453545844564857
            ],
            [
              76.407537,
              31.453291
            ],
            [
              76.407537,
              31.449810955262162
            ],
            [
              76.41133247763108,
              31.446015477631082
            ],
            [
              76.4117725,
              31.445575455262166
            ],
            [
              76.41221252236892,
              31.446015477631086
            ],
            [
              76.41240157746118,
              31.446186827178746
            ],
            [
              76.41260651739415,
              31.446338820991986
            ],
            [
              76.41270824847972,
              31.446399796258117
            ],
            [
              76.41221252236892,
              31.446895522368916
            ],
            [
              76.41204117282126,
              31.447084577461176
            ],
            [
              76.41188917900801,
              31.44728951739415
            ],
            [
              76.4117580047127,
              31.447508368484254
            ],
            [
              76.41164891321547,
              31.44773902307585
            ],
            [
              76.4115629551271,
              31.44797925983914
            ],
            [
              76.41150095827095,
              31.448226765162758
            ],
            [
              76.41146351971065,
              31.448479155435145
            ],
            [
              76.411451,
              31.448734
            ],
            [
              76.411451,
              31.455247999999997
            ],
            [
              76.40665695526218,
              31.455247999999997
            ]
          ]
        ]
      }
    },
    {
      "type": "Feature",
      "properties": {
        "timestep_min": 180,
        "depth_band": "0.1 - 0.5",
        "min_depth": 0.1,
        "max_depth": 0.5,
        "max_depth_m": 20.0,
        "avg_depth_m": 11.0,
        "inundated_area_km2": 1.94,
        "hazard_level": "Moderate",
        "zone": "downstream",
        "wave_front_km": 81.7
      },
      "geometry": {
        "type": "Polygon",
        "coordinates": [
          [
            [
              76.43947055279173,
              31.391865329127352
            ],
            [
              76.44295554326037,
              31.26992631191074
            ],
            [
              76.35497802679983,
              31.259106128055258
            ],
            [
              76.38386493746708,
              31.269719701204394
            ],
            [
              76.35200965673964,
              31.315147688089258
            ],
            [
              76.42878740674405,
              31.412079238696094
            ],
            [
              76.43947055279173,
              31.391865329127352
            ]
          ]
        ]
      }
    },
    {
      "type": "Feature",
      "properties": {
        "timestep_min": 180,
        "depth_band": "0.5 - 1.0",
        "min_depth": 0.5,
        "max_depth": 1.0,
        "max_depth_m": 20.0,
        "avg_depth_m": 11.0,
        "inundated_area_km2": 1.45,
        "hazard_level": "Moderate",
        "zone": "downstream",
        "wave_front_km": 81.7
      },
      "geometry": {
        "type": "Polygon",
        "coordinates": [
          [
            [
              76.43138835993611,
              31.374956349879646
            ],
            [
              76.43400210278759,
              31.28350208696719
            ],
            [
              76.36801896544219,
              31.275386949075575
            ],
            [
              76.38968414844263,
              31.28334712893743
            ],
            [
              76.36579268789703,
              31.317418119101077
            ],
            [
              76.42337600040034,
              31.390116782056204
            ],
            [
              76.43138835993611,
              31.374956349879646
            ]
          ]
        ]
      }
    },
    {
      "type": "Feature",
      "properties": {
        "timestep_min": 180,
        "depth_band": "1.0 - 2.0",
        "min_depth": 1.0,
        "max_depth": 2.0,
        "max_depth_m": 20.0,
        "avg_depth_m": 11.0,
        "inundated_area_km2": 1.07,
        "hazard_level": "High",
        "zone": "downstream",
        "wave_front_km": 81.7
      },
      "geometry": {
        "type": "Polygon",
        "coordinates": [
          [
            [
              76.4249226056516,
              31.361429166481482
            ],
            [
              76.42683935040935,
              31.294362707012347
            ],
            [
              76.37845171635607,
              31.28841160589183
            ],
            [
              76.39433951722305,
              31.294249071123858
            ],
            [
              76.37681911282296,
              31.319234463910533
            ],
            [
              76.41904687532538,
              31.372546816744293
            ],
            [
              76.4249226056516,
              31.361429166481482
            ]
          ]
        ]
      }
    },
    {
      "type": "Feature",
      "properties": {
        "timestep_min": 180,
        "depth_band": "2.0 - 3.0",
        "min_depth": 2.0,
        "max_depth": 3.0,
        "max_depth_m": 20.0,
        "avg_depth_m": 11.0,
        "inundated_area_km2": 0.74,
        "hazard_level": "High",
        "zone": "downstream",
        "wave_front_km": 81.7
      },
      "geometry": {
        "type": "Polygon",
        "coordinates": [
          [
            [
              76.41942671450978,
              31.349931060593043
            ],
            [
              76.42075101088787,
              31.30359423405073
            ],
            [
              76.38731955463285,
              31.299482564185645
            ],
            [
              76.39829658068642,
              31.303515721982322
            ],
            [
              76.38619157400998,
              31.320778356998566
            ],
            [
              76.41536711901166,
              31.357612346229168
            ],
            [
              76.41942671450978,
              31.349931060593043
            ]
          ]
        ]
      }
    },
    {
      "type": "Feature",
      "properties": {
        "timestep_min": 180,
        "depth_band": "3.0 - 5.0",
        "min_depth": 3.0,
        "max_depth": 5.0,
        "max_depth_m": 20.0,
        "avg_depth_m": 11.0,
        "inundated_area_km2": 0.43,
        "hazard_level": "Critical",
        "zone": "downstream",
        "wave_front_km": 81.7
      },
      "geometry": {
        "type": "Polygon",
        "coordinates": [
          [
            [
              76.41425411108219,
              31.339109313874513
            ],
            [
              76.41502080898529,
              31.312282730086856
            ],
            [
              76.39566575536396,
              31.30990228963865
            ],
            [
              76.40202087571076,
              31.312237275731462
            ],
            [
              76.39501271395073,
              31.32223143284613
            ],
            [
              76.4119038189517,
              31.343556373979634
            ],
            [
              76.41425411108219,
              31.339109313874513
            ]
          ]
        ]
      }
    },
    {
      "type": "Feature",
      "properties": {
        "timestep_min": 180,
        "depth_band": "> 5.0",
        "min_depth": 5.0,
        "max_depth": 99.0,
        "max_depth_m": 20.0,
        "avg_depth_m": 11.0,
        "inundated_area_km2": 0.19,
        "hazard_level": "Critical",
        "zone": "downstream",
        "wave_front_km": 81.7
      },
      "geometry": {
        "type": "Polygon",
        "coordinates": [
          [
            [
              76.41037465851149,
              31.330993003835612
            ],
            [
              76.41072315755835,
              31.31879910211395
            ],
            [
              76.4019254059123,
              31.317717083728404
            ],
            [
              76.40481409697902,
              31.318778441043317
            ],
            [
              76.40162856890628,
              31.323321239731804
            ],
            [
              76.40930634390672,
              31.333014394792485
            ],
            [
              76.41037465851149,
              31.330993003835612
            ]
          ]
        ]
      }
    },
    {
      "type": "Feature",
      "properties": {
        "depth_band": "0.1 - 0.5",
        "min_depth": 0.1,
        "max_depth": 0.5,
        "max_depth_m": 33.9,
        "avg_depth_m": 16.9,
        "hazard_level": "Moderate",
        "zone": "reservoir",
        "timestep_min": 210
      },
      "geometry": {
        "type": "Polygon",
        "coordinates": [
          [
            [
              76.38999166815711,
              31.458085510794213
            ],
            [
              76.38846908947566,
              31.459608089475655
            ],
            [
              76.38391208947566,
              31.46416508947567
            ],
            [
              76.38322669128502,
              31.46492130984471
            ],
            [
              76.38261871603204,
              31.465741069576605
            ],
            [
              76.38209401885078,
              31.46661647393702
            ],
            [
              76.38165765286188,
              31.467539092303415
            ],
            [
              76.38131382050838,
              31.468500039356567
            ],
            [
              76.38106583308381,
              31.469490060651044
            ],
            [
              76.3809160788426,
              31.470499621740586
            ],
            [
              76.380866,
              31.47151900000001
            ],
            [
              76.38091607884262,
              31.47253837825944
            ],
            [
              76.38106583308381,
              31.47354793934898
            ],
            [
              76.3813138205084,
              31.47453796064346
            ],
            [
              76.38165765286189,
              31.475498907696608
            ],
            [
              76.38209401885078,
              31.476421526063003
            ],
            [
              76.38261871603206,
              31.477296930423414
            ],
            [
              76.38322669128503,
              31.47811669015531
            ],
            [
              76.38391208947567,
              31.47887291052435
            ],
            [
              76.38466830984471,
              31.47955830871498
            ],
            [
              76.38548806957661,
              31.480166283967954
            ],
            [
              76.38636347393702,
              31.48069098114923
            ],
            [
              76.38728609230341,
              31.481127347138123
            ],
            [
              76.38824703935657,
              31.48147117949162
            ],
            [
              76.38923706065104,
              31.481719166916196
            ],
            [
              76.39024662174059,
              31.481868921157393
            ],
            [
              76.39126600000002,
              31.481919
            ],
            [
              76.39228537825944,
              31.48186892115739
            ],
            [
              76.39329493934898,
              31.481719166916193
            ],
            [
              76.39428496064346,
              31.481471179491614
            ],
            [
              76.3952459076966,
              31.481127347138113
            ],
            [
              76.39616852606301,
              31.480690981149216
            ],
            [
              76.39704393042342,
              31.48016628396794
            ],
            [
              76.39786369015532,
              31.479558308714964
            ],
            [
              76.39861991052435,
              31.47887291052433
            ],
            [
              76.40317691052434,
              31.474315910524336
            ],
            [
              76.40773391052433,
              31.469758910524344
            ],
            [
              76.40924482104869,
              31.468248
            ],
            [
              76.414051,
              31.468248
            ],
            [
              76.41507037825943,
              31.46819792115739
            ],
            [
              76.41607993934898,
              31.46804816691619
            ],
            [
              76.41706996064345,
              31.467800179491615
            ],
            [
              76.4180309076966,
              31.467456347138114
            ],
            [
              76.41895352606299,
              31.46701998114922
            ],
            [
              76.4198289304234,
              31.466495283967944
            ],
            [
              76.4206486901553,
              31.465887308714972
            ],
            [
              76.42140491052434,
              31.46520191052434
            ],
            [
              76.42209030871497,
              31.4644456901553
            ],
            [
              76.42269828396795,
              31.4636259304234
            ],
            [
              76.42322298114922,
              31.46275052606299
            ],
            [
              76.42365934713811,
              31.461827907696595
            ],
            [
              76.42400317949162,
              31.460866960643443
            ],
            [
              76.42425116691619,
              31.459876939348966
            ],
            [
              76.42440092115739,
              31.458867378259427
            ],
            [
              76.424451,
              31.457848
            ],
            [
              76.424451,
              31.45304182104869
            ],
            [
              76.42596191052435,
              31.451530910524344
            ],
            [
              76.42664730871498,
              31.450774690155303
            ],
            [
              76.42725528396795,
              31.449954930423402
            ],
            [
              76.42777998114923,
              31.44907952606299
            ],
            [
              76.42821634713812,
              31.448156907696596
            ],
            [
              76.42856017949163,
              31.447195960643445
            ],
            [
              76.4288081669162,
              31.446205939348967
            ],
            [
              76.42895792115739,
              31.44519637825943
            ],
            [
              76.42900800000001,
              31.444177
            ],
            [
              76.42895792115739,
              31.44315762174057
            ],
            [
              76.4288081669162,
              31.442148060651032
            ],
            [
              76.42856017949163,
              31.441158039356555
            ],
            [
              76.42821634713812,
              31.440197092303404
            ],
            [
              76.4282052312712,
              31.440173589777476
            ],
            [
              76.43051891052434,
              31.437859910524335
            ],
            [
              76.43507591052435,
              31.433302910524343
            ],
            [
              76.43963271744929,
              31.428745103510845
            ],
            [
              76.44031794216622,
              31.427988918217164
            ],
            [
              76.4409257594624,
              31.42716921873227
            ],
            [
              76.44145031735927,
              31.426293897006335
            ],
            [
              76.44188656548795,
              31.42537138051256
            ],
            [
              76.44223030371343,
              31.42441055110865
            ],
            [
              76.44247822257293,
              31.42342065952359
            ],
            [
              76.44262793513889,
              31.422411236292895
            ],
            [
              76.442678,
              31.421392
            ],
            [
              76.442678,
              31.416835
            ],
            [
              76.44262793513889,
              31.415815763707105
            ],
            [
              76.44247822257293,
              31.41480634047641
            ],
            [
              76.44223030371343,
              31.41381644889135
            ],
            [
              76.44188656548795,
              31.41285561948744
            ],
            [
              76.44145031735927,
              31.411933102993665
            ],
            [
              76.4409257594624,
              31.41105778126773
            ],
            [
              76.44031794216622,
              31.410238081782836
            ],
            [
              76.43963271744929,
              31.409481896489154
            ],
            [
              76.43507671744929,
              31.404924896489156
            ],
            [
              76.43432057229585,
              31.40423941532006
            ],
            [
              76.43350087928404,
              31.403631350115766
            ],
            [
              76.43262553250567,
              31.403106556876597
            ],
            [
              76.43170296202874,
              31.40267008964833
            ],
            [
              76.43074205271125,
              31.402326151848964
            ],
            [
              76.42975205863522,
              31.402078055787527
            ],
            [
              76.42874251398479,
              31.401928190764714
            ],
            [
              76.42772314122682,
              31.401878000062617
            ],
            [
              76.42670375747821,
              31.401927967045136
            ],
            [
              76.42569417996171,
              31.40207761050291
            ],
            [
              76.4247041314607,
              31.402325489287648
            ],
            [
              76.42374314668346,
              31.402669216191136
            ],
            [
              76.42282048043873,
              31.4031054809354
            ],
            [
              76.4219450185068,
              31.40363008205247
            ],
            [
              76.42112519206468,
              31.404237967346802
            ],
            [
              76.42036889648917,
              31.404923282550715
            ],
            [
              76.41968341532007,
              31.40567942770416
            ],
            [
              76.41907535011576,
              31.406499120715964
            ],
            [
              76.4185505568766,
              31.40737446749433
            ],
            [
              76.41811408964833,
              31.408297037971266
            ],
            [
              76.41777015184897,
              31.409257947288758
            ],
            [
              76.41752205578753,
              31.410247941364783
            ],
            [
              76.41737219076471,
              31.411257486015213
            ],
            [
              76.41732200006261,
              31.412276858773183
            ],
            [
              76.41737196704514,
              31.413296242521792
            ],
            [
              76.41752161050292,
              31.41430582003829
            ],
            [
              76.41776948928765,
              31.415295868539296
            ],
            [
              76.41811321619114,
              31.416256853316536
            ],
            [
              76.41854948093541,
              31.417179519561277
            ],
            [
              76.41907408205248,
              31.4180549814932
            ],
            [
              76.4196819673468,
              31.41887480793532
            ],
            [
              76.41987516416344,
              31.41908801478787
            ],
            [
              76.41581108947565,
              31.423152089475657
            ],
            [
              76.41125408947566,
              31.427709089475666
            ],
            [
              76.40973151079422,
              31.429231668157108
            ],
            [
              76.40949399999998,
              31.42922
            ],
            [
              76.40847462174055,
              31.429270078842613
            ],
            [
              76.40746506065102,
              31.42941983308381
            ],
            [
              76.40647503935654,
              31.42966782050839
            ],
            [
              76.40551409230339,
              31.430011652861886
            ],
            [
              76.404591473937,
              31.430448018850782
            ],
            [
              76.40371606957659,
              31.43097271603206
            ],
            [
              76.40289630984469,
              31.431580691285035
            ],
            [
              76.40214008947565,
              31.432266089475668
            ],
            [
              76.39758308947566,
              31.436823089475666
            ],
            [
              76.39302608947565,
              31.441380089475658
            ],
            [
              76.39234069128503,
              31.4421363098447
            ],
            [
              76.39173271603205,
              31.4429560695766
            ],
            [
              76.39120801885078,
              31.44383147393701
            ],
            [
              76.39077165286189,
              31.444754092303405
            ],
            [
              76.39042782050838,
              31.445715039356557
            ],
            [
              76.3901798330838,
              31.446705060651034
            ],
            [
              76.39003007884261,
              31.447714621740573
            ],
            [
              76.38998,
              31.448734
            ],
            [
              76.38998,
              31.457848
            ],
            [
              76.38999166815711,
              31.458085510794213
            ]
          ]
        ]
      }
    },
    {
      "type": "Feature",
      "properties": {
        "depth_band": "0.5 - 1.0",
        "min_depth": 0.5,
        "max_depth": 1.0,
        "max_depth_m": 33.9,
        "avg_depth_m": 16.9,
        "hazard_level": "Moderate",
        "zone": "reservoir",
        "timestep_min": 210
      },
      "geometry": {
        "type": "Polygon",
        "coordinates": [
          [
            [
              76.39323747851466,
              31.45925204675125
            ],
            [
              76.39067526263295,
              31.461814262632956
            ],
            [
              76.38611826263296,
              31.46637126263297
            ],
            [
              76.38563848389951,
              31.466900616891294
            ],
            [
              76.38521290122243,
              31.467474448703626
            ],
            [
              76.38484561319554,
              31.468087231755916
            ],
            [
              76.38454015700331,
              31.46873306461239
            ],
            [
              76.38429947435587,
              31.469405727549596
            ],
            [
              76.38412588315866,
              31.470098742455733
            ],
            [
              76.38402105518983,
              31.47080543521841
            ],
            [
              76.38398600000001,
              31.471519000000008
            ],
            [
              76.38402105518983,
              31.47223256478161
            ],
            [
              76.38412588315867,
              31.472939257544287
            ],
            [
              76.38429947435587,
              31.47363227245042
            ],
            [
              76.38454015700333,
              31.474304935387625
            ],
            [
              76.38484561319555,
              31.474950768244103
            ],
            [
              76.38521290122245,
              31.47556355129639
            ],
            [
              76.38563848389953,
              31.476137383108718
            ],
            [
              76.38611826263298,
              31.476666737367044
            ],
            [
              76.3866476168913,
              31.477146516100486
            ],
            [
              76.38722144870363,
              31.477572098777568
            ],
            [
              76.38783423175592,
              31.47793938680446
            ],
            [
              76.3884800646124,
              31.478244842996688
            ],
            [
              76.3891527275496,
              31.478485525644135
            ],
            [
              76.38984574245573,
              31.47865911684134
            ],
            [
              76.39055243521841,
              31.478763944810176
            ],
            [
              76.39126600000002,
              31.478799000000002
            ],
            [
              76.39197956478161,
              31.478763944810172
            ],
            [
              76.39268625754428,
              31.478659116841335
            ],
            [
              76.39337927245042,
              31.47848552564413
            ],
            [
              76.39405193538762,
              31.47824484299668
            ],
            [
              76.3946977682441,
              31.477939386804454
            ],
            [
              76.39531055129639,
              31.477572098777557
            ],
            [
              76.39588438310872,
              31.477146516100476
            ],
            [
              76.39641373736704,
              31.476666737367033
            ],
            [
              76.40097073736703,
              31.47210973736703
            ],
            [
              76.40552773736704,
              31.467552737367043
            ],
            [
              76.40795247473407,
              31.465128
            ],
            [
              76.414051,
              31.465128
            ],
            [
              76.4147645647816,
              31.465092944810173
            ],
            [
              76.41547125754428,
              31.464988116841333
            ],
            [
              76.41616427245042,
              31.46481452564413
            ],
            [
              76.41683693538762,
              31.464573842996682
            ],
            [
              76.4174827682441,
              31.464268386804456
            ],
            [
              76.41809555129639,
              31.463901098777562
            ],
            [
              76.4186693831087,
              31.46347551610048
            ],
            [
              76.41919873736704,
              31.462995737367038
            ],
            [
              76.41967851610048,
              31.46246638310871
            ],
            [
              76.42010409877756,
              31.46189255129638
            ],
            [
              76.42047138680445,
              31.461279768244093
            ],
            [
              76.42077684299669,
              31.460633935387616
            ],
            [
              76.42101752564413,
              31.45996127245041
            ],
            [
              76.42119111684134,
              31.459268257544277
            ],
            [
              76.42129594481017,
              31.458561564781597
            ],
            [
              76.421331,
              31.457848
            ],
            [
              76.421331,
              31.451749474734086
            ],
            [
              76.42375573736705,
              31.44932473736704
            ],
            [
              76.42423551610048,
              31.44879538310871
            ],
            [
              76.42466109877756,
              31.44822155129638
            ],
            [
              76.42502838680446,
              31.447608768244095
            ],
            [
              76.4253338429967,
              31.446962935387617
            ],
            [
              76.42557452564414,
              31.446290272450412
            ],
            [
              76.42574811684135,
              31.44559725754428
            ],
            [
              76.42585294481017,
              31.4448905647816
            ],
            [
              76.425888,
              31.444177
            ],
            [
              76.42585294481017,
              31.4434634352184
            ],
            [
              76.42574811684135,
              31.44275674245572
            ],
            [
              76.42557452564414,
              31.442063727549588
            ],
            [
              76.4253338429967,
              31.441391064612382
            ],
            [
              76.42502838680446,
              31.440745231755905
            ],
            [
              76.42466109877756,
              31.44013244870362
            ],
            [
              76.42430890473037,
              31.439657570003718
            ],
            [
              76.42831273736704,
              31.435653737367034
            ],
            [
              76.43286973736704,
              31.43109673736704
            ],
            [
              76.43742630221449,
              31.42653917245759
            ],
            [
              76.43790595951634,
              31.426009842752016
            ],
            [
              76.43833143162367,
              31.425436053112595
            ],
            [
              76.43869862215149,
              31.424823327904438
            ],
            [
              76.43900399584156,
              31.424177566358793
            ],
            [
              76.4392446125994,
              31.423504985776056
            ],
            [
              76.43941815580105,
              31.422812061666512
            ],
            [
              76.43952295459722,
              31.42210546540503
            ],
            [
              76.43955799999999,
              31.421392
            ],
            [
              76.43955799999999,
              31.416835
            ],
            [
              76.43952295459722,
              31.41612153459497
            ],
            [
              76.43941815580105,
              31.415414938333488
            ],
            [
              76.4392446125994,
              31.414722014223944
            ],
            [
              76.43900399584156,
              31.414049433641207
            ],
            [
              76.43869862215149,
              31.413403672095562
            ],
            [
              76.43833143162367,
              31.412790946887405
            ],
            [
              76.43790595951634,
              31.412217157247984
            ],
            [
              76.43742630221449,
              31.41168782754241
            ],
            [
              76.4328703022145,
              31.40713082754241
            ],
            [
              76.4323410006071,
              31.406650990724042
            ],
            [
              76.43176721549882,
              31.406225345081037
            ],
            [
              76.43115447275397,
              31.40585798981362
            ],
            [
              76.43050867342012,
              31.40555246275383
            ],
            [
              76.42983603689787,
              31.405311706294274
            ],
            [
              76.42914304104465,
              31.40513803905127
            ],
            [
              76.42843635978936,
              31.405033133535298
            ],
            [
              76.42772279885878,
              31.404998000043832
            ],
            [
              76.42700923023475,
              31.405032976931594
            ],
            [
              76.4263025259732,
              31.405137727352038
            ],
            [
              76.42560949202249,
              31.40531124250135
            ],
            [
              76.42493680267843,
              31.405551851333797
            ],
            [
              76.42429093630712,
              31.405857236654782
            ],
            [
              76.42367811295476,
              31.40622445743673
            ],
            [
              76.42310423444528,
              31.406649977142763
            ],
            [
              76.42257482754242,
              31.4071296977855
            ],
            [
              76.42209499072405,
              31.407658999392915
            ],
            [
              76.42166934508104,
              31.408232784501177
            ],
            [
              76.42130198981361,
              31.40884552724603
            ],
            [
              76.42099646275383,
              31.409491326579886
            ],
            [
              76.42075570629427,
              31.41016396310213
            ],
            [
              76.42058203905127,
              31.41085695895535
            ],
            [
              76.4204771335353,
              31.411563640210648
            ],
            [
              76.42044200004383,
              31.41227720114123
            ],
            [
              76.4204769769316,
              31.412990769765255
            ],
            [
              76.42058172735204,
              31.4136974740268
            ],
            [
              76.42075524250136,
              31.414390507977508
            ],
            [
              76.4209958513338,
              31.415063197321576
            ],
            [
              76.42130123665478,
              31.415709063692894
            ],
            [
              76.42166845743672,
              31.41632188704524
            ],
            [
              76.42209397714277,
              31.416895765554724
            ],
            [
              76.42257369778551,
              31.41742517245759
            ],
            [
              76.4242616548369,
              31.4191135
            ],
            [
              76.42257398023406,
              31.42080154503186
            ],
            [
              76.41801726263296,
              31.42535826263296
            ],
            [
              76.41346026263297,
              31.429915262632967
            ],
            [
              76.41089804675126,
              31.432477478514677
            ],
            [
              76.41020756478159,
              31.432375055189826
            ],
            [
              76.409494,
              31.43234
            ],
            [
              76.40878043521839,
              31.43237505518983
            ],
            [
              76.40807374245571,
              31.432479883158667
            ],
            [
              76.40738072754958,
              31.432653474355874
            ],
            [
              76.40670806461237,
              31.43289415700332
            ],
            [
              76.4060622317559,
              31.433199613195548
            ],
            [
              76.4054494487036,
              31.43356690122244
            ],
            [
              76.40487561689127,
              31.433992483899523
            ],
            [
              76.40434626263296,
              31.43447226263297
            ],
            [
              76.39978926263296,
              31.439029262632967
            ],
            [
              76.39523226263296,
              31.443586262632962
            ],
            [
              76.39475248389952,
              31.444115616891292
            ],
            [
              76.39432690122244,
              31.44468944870362
            ],
            [
              76.39395961319555,
              31.445302231755907
            ],
            [
              76.39365415700331,
              31.445948064612384
            ],
            [
              76.39341347435587,
              31.44662072754959
            ],
            [
              76.39323988315866,
              31.447313742455723
            ],
            [
              76.39313505518983,
              31.448020435218403
            ],
            [
              76.3931,
              31.448734
            ],
            [
              76.3931,
              31.457848
            ],
            [
              76.39313505518983,
              31.458561564781597
            ],
            [
              76.39323747851466,
              31.45925204675125
            ]
          ]
        ]
      }
    },
    {
      "type": "Feature",
      "properties": {
        "depth_band": "1.0 - 2.0",
        "min_depth": 1.0,
        "max_depth": 2.0,
        "max_depth_m": 33.9,
        "avg_depth_m": 16.9,
        "hazard_level": "Moderate",
        "zone": "reservoir",
        "timestep_min": 210
      },
      "geometry": {
        "type": "Polygon",
        "coordinates": [
          [
            [
              76.39620756989436,
              31.459958910633734
            ],
            [
              76.39251374026404,
              31.463652740264042
            ],
            [
              76.38795674026404,
              31.46820974026405
            ],
            [
              76.38764831107827,
              31.46855003943012
            ],
            [
              76.38737472221442,
              31.468918931309474
            ],
            [
              76.38713860848284,
              31.46931286327166
            ],
            [
              76.38694224378784,
              31.469728041536538
            ],
            [
              76.38678751922878,
              31.470160467710453
            ],
            [
              76.38667592488771,
              31.47060597729297
            ],
            [
              76.38660853547917,
              31.471060279783263
            ],
            [
              76.38658600000001,
              31.471519000000008
            ],
            [
              76.38660853547917,
              31.47197772021675
            ],
            [
              76.38667592488771,
              31.472432022707043
            ],
            [
              76.38678751922878,
              31.472877532289555
            ],
            [
              76.38694224378786,
              31.473309958463474
            ],
            [
              76.38713860848286,
              31.47372513672835
            ],
            [
              76.38737472221443,
              31.474119068690538
            ],
            [
              76.38764831107827,
              31.474487960569892
            ],
            [
              76.38795674026406,
              31.474828259735958
            ],
            [
              76.38829703943011,
              31.47513668892174
            ],
            [
              76.38866593130948,
              31.47541027778558
            ],
            [
              76.38905986327165,
              31.475646391517152
            ],
            [
              76.38947504153654,
              31.475842756212156
            ],
            [
              76.38990746771046,
              31.47599748077123
            ],
            [
              76.39035297729298,
              31.476109075112287
            ],
            [
              76.39080727978326,
              31.476176464520826
            ],
            [
              76.391266,
              31.476199
            ],
            [
              76.39172472021674,
              31.476176464520826
            ],
            [
              76.39217902270704,
              31.476109075112287
            ],
            [
              76.39262453228956,
              31.475997480771227
            ],
            [
              76.39305695846348,
              31.475842756212153
            ],
            [
              76.39347213672835,
              31.47564639151715
            ],
            [
              76.39386606869054,
              31.475410277785574
            ],
            [
              76.39423496056989,
              31.475136688921737
            ],
            [
              76.39457525973596,
              31.47482825973595
            ],
            [
              76.39913225973595,
              31.47027125973595
            ],
            [
              76.40368925973596,
              31.465714259735957
            ],
            [
              76.40687551947191,
              31.462528
            ],
            [
              76.414051,
              31.462528
            ],
            [
              76.41450972021674,
              31.462505464520824
            ],
            [
              76.41496402270704,
              31.462438075112285
            ],
            [
              76.41540953228956,
              31.462326480771225
            ],
            [
              76.41584195846347,
              31.46217175621215
            ],
            [
              76.41625713672835,
              31.46197539151715
            ],
            [
              76.41665106869053,
              31.461739277785576
            ],
            [
              76.41701996056989,
              31.461465688921734
            ],
            [
              76.41736025973596,
              31.461157259735952
            ],
            [
              76.41766868892174,
              31.460816960569883
            ],
            [
              76.41794227778557,
              31.460448068690532
            ],
            [
              76.41817839151715,
              31.460054136728345
            ],
            [
              76.41837475621216,
              31.45963895846347
            ],
            [
              76.41852948077123,
              31.45920653228955
            ],
            [
              76.41864107511229,
              31.458761022707034
            ],
            [
              76.41870846452083,
              31.45830672021674
            ],
            [
              76.418731,
              31.457848
            ],
            [
              76.418731,
              31.45067251947192
            ],
            [
              76.42191725973596,
              31.447486259735953
            ],
            [
              76.42222568892174,
              31.447145960569884
            ],
            [
              76.42249927778559,
              31.44677706869053
            ],
            [
              76.42273539151715,
              31.446383136728343
            ],
            [
              76.42293175621217,
              31.445967958463466
            ],
            [
              76.42308648077123,
              31.445535532289547
            ],
            [
              76.4231980751123,
              31.445090022707035
            ],
            [
              76.42326546452084,
              31.44463572021674
            ],
            [
              76.423288,
              31.444177
            ],
            [
              76.42326546452084,
              31.443718279783255
            ],
            [
              76.4231980751123,
              31.44326397729296
            ],
            [
              76.42308648077123,
              31.44281846771045
            ],
            [
              76.42293175621217,
              31.44238604153653
            ],
            [
              76.42273539151715,
              31.441970863271653
            ],
            [
              76.42249927778558,
              31.441576931309466
            ],
            [
              76.42222568892174,
              31.441208039430112
            ],
            [
              76.42191725973596,
              31.440867740264046
            ],
            [
              76.4215769605699,
              31.44055931107826
            ],
            [
              76.42120806869053,
              31.440285722214423
            ],
            [
              76.42081413672835,
              31.44004960848285
            ],
            [
              76.42042429323129,
              31.439865226240627
            ],
            [
              76.42191725973596,
              31.438372259735953
            ],
            [
              76.42647425973595,
              31.43381525973595
            ],
            [
              76.43103125973596,
              31.429258259735953
            ],
            [
              76.43558762285218,
              31.424700896579882
            ],
            [
              76.4358959739748,
              31.42436061319772
            ],
            [
              76.43616949175808,
              31.423991748429522
            ],
            [
              76.43640554281167,
              31.42359785365285
            ],
            [
              76.43660185446957,
              31.42318272123065
            ],
            [
              76.43675653667104,
              31.422750347998893
            ],
            [
              76.43686810015781,
              31.422304896785615
            ],
            [
              76.4369354708125,
              31.421850656331802
            ],
            [
              76.43695799999999,
              31.421392
            ],
            [
              76.43695799999999,
              31.416835
            ],
            [
              76.4369354708125,
              31.416376343668198
            ],
            [
              76.43686810015781,
              31.415922103214385
            ],
            [
              76.43675653667104,
              31.415476652001107
            ],
            [
              76.43660185446957,
              31.41504427876935
            ],
            [
              76.43640554281167,
              31.41462914634715
            ],
            [
              76.43616949175808,
              31.414235251570478
            ],
            [
              76.4358959739748,
              31.41386638680228
            ],
            [
              76.43558762285218,
              31.413526103420118
            ],
            [
              76.43103162285219,
              31.40896910342012
            ],
            [
              76.43069135753314,
              31.408660636894027
            ],
            [
              76.43032249567781,
              31.408387007552093
            ],
            [
              76.42992858962755,
              31.40815085059447
            ],
            [
              76.42951343291293,
              31.407954440341747
            ],
            [
              76.42908102372006,
              31.407799668332032
            ],
            [
              76.42863552638585,
              31.407688025104388
            ],
            [
              76.42818123129315,
              31.40762058584412
            ],
            [
              76.42772251355207,
              31.407598000028177
            ],
            [
              76.4272637908652,
              31.407620485170312
            ],
            [
              76.42680948098277,
              31.40768782472631
            ],
            [
              76.42636395915731,
              31.40779937017944
            ],
            [
              76.42593151600757,
              31.40795404728601
            ],
            [
              76.42551631619743,
              31.40815036642093
            ],
            [
              76.42512235832807,
              31.40838643692361
            ],
            [
              76.42475343642911,
              31.408659985306063
            ],
            [
              76.42441310342012,
              31.408968377147822
            ],
            [
              76.42410463689403,
              31.409308642466872
            ],
            [
              76.4238310075521,
              31.409677504322186
            ],
            [
              76.42359485059447,
              31.41007141037245
            ],
            [
              76.42339844034176,
              31.41048656708707
            ],
            [
              76.42324366833203,
              31.41091897627994
            ],
            [
              76.4231320251044,
              31.411364473614153
            ],
            [
              76.42306458584412,
              31.411818768706844
            ],
            [
              76.42304200002818,
              31.412277486447934
            ],
            [
              76.42306448517031,
              31.412736209134806
            ],
            [
              76.42313182472631,
              31.41319051901723
            ],
            [
              76.42324337017945,
              31.413636040842682
            ],
            [
              76.42339804728601,
              31.41406848399244
            ],
            [
              76.42359436642093,
              31.414483683802576
            ],
            [
              76.42383043692361,
              31.41487764167194
            ],
            [
              76.42410398530606,
              31.415246563570893
            ],
            [
              76.42441237714782,
              31.41558689657988
            ],
            [
              76.427598,
              31.41877321864692
            ],
            [
              76.427598,
              31.41945378135308
            ],
            [
              76.42441255867564,
              31.42263992185245
            ],
            [
              76.41985574026404,
              31.427196740264048
            ],
            [
              76.41529874026405,
              31.43175374026405
            ],
            [
              76.41160491063374,
              31.435447569894357
            ],
            [
              76.41128495846347,
              31.43529624378785
            ],
            [
              76.41085253228954,
              31.435141519228775
            ],
            [
              76.41040702270703,
              31.435029924887715
            ],
            [
              76.40995272021674,
              31.434962535479176
            ],
            [
              76.409494,
              31.43494
            ],
            [
              76.40903527978325,
              31.434962535479176
            ],
            [
              76.40858097729296,
              31.435029924887715
            ],
            [
              76.40813546771044,
              31.435141519228775
            ],
            [
              76.40770304153652,
              31.43529624378785
            ],
            [
              76.40728786327165,
              31.435492608482853
            ],
            [
              76.40689393130945,
              31.435728722214428
            ],
            [
              76.40652503943011,
              31.436002311078266
            ],
            [
              76.40618474026404,
              31.43631074026405
            ],
            [
              76.40162774026405,
              31.44086774026405
            ],
            [
              76.39707074026404,
              31.44542474026405
            ],
            [
              76.39676231107826,
              31.445765039430118
            ],
            [
              76.39648872221443,
              31.446133931309472
            ],
            [
              76.39625260848285,
              31.44652786327166
            ],
            [
              76.39605624378784,
              31.446943041536535
            ],
            [
              76.39590151922877,
              31.44737546771045
            ],
            [
              76.39578992488771,
              31.447820977292967
            ],
            [
              76.39572253547917,
              31.44827527978326
            ],
            [
              76.3957,
              31.448734
            ],
            [
              76.3957,
              31.457848
            ],
            [
              76.39572253547917,
              31.45830672021674
            ],
            [
              76.39578992488771,
              31.458761022707034
            ],
            [
              76.39590151922877,
              31.45920653228955
            ],
            [
              76.39605624378784,
              31.45963895846347
            ],
            [
              76.39620756989436,
              31.459958910633734
            ]
          ]
        ]
      }
    },
    {
      "type": "Feature",
      "properties": {
        "depth_band": "2.0 - 3.0",
        "min_depth": 2.0,
        "max_depth": 3.0,
        "max_depth_m": 33.9,
        "avg_depth_m": 16.9,
        "hazard_level": "Moderate",
        "zone": "reservoir",
        "timestep_min": 210
      },
      "geometry": {
        "type": "Polygon",
        "coordinates": [
          [
            [
              76.39766147763108,
              31.46880047763108
            ],
            [
              76.40221847763108,
              31.464243477631086
            ],
            [
              76.40601395526217,
              31.460448
            ],
            [
              76.414051,
              31.460448
            ],
            [
              76.41430584456485,
              31.460435480289345
            ],
            [
              76.41455823483724,
              31.460398041729047
            ],
            [
              76.41480574016086,
              31.460336044872903
            ],
            [
              76.41504597692415,
              31.460250086784527
            ],
            [
              76.41527663151575,
              31.460140995287304
            ],
            [
              76.41549548260585,
              31.460009820991985
            ],
            [
              76.41570042253882,
              31.45985782717874
            ],
            [
              76.41588947763108,
              31.459686477631085
            ],
            [
              76.41606082717874,
              31.459497422538824
            ],
            [
              76.41621282099199,
              31.45929248260585
            ],
            [
              76.4163439952873,
              31.459073631515746
            ],
            [
              76.41645308678453,
              31.45884297692415
            ],
            [
              76.4165390448729,
              31.45860274016086
            ],
            [
              76.41660104172905,
              31.458355234837242
            ],
            [
              76.41663848028935,
              31.458102844564856
            ],
            [
              76.416651,
              31.457848
            ],
            [
              76.416651,
              31.44981095526217
            ],
            [
              76.42044647763109,
              31.446015477631086
            ],
            [
              76.42061782717875,
              31.445826422538826
            ],
            [
              76.42076982099199,
              31.44562148260585
            ],
            [
              76.42090099528731,
              31.445402631515748
            ],
            [
              76.42101008678453,
              31.44517197692415
            ],
            [
              76.42109604487291,
              31.444931740160865
            ],
            [
              76.42115804172906,
              31.444684234837244
            ],
            [
              76.42119548028936,
              31.444431844564857
            ],
            [
              76.42120800000001,
              31.444177
            ],
            [
              76.42119548028936,
              31.443922155435146
            ],
            [
              76.42115804172906,
              31.44366976516276
            ],
            [
              76.42109604487291,
              31.44342225983914
            ],
            [
              76.42101008678453,
              31.443182023075853
            ],
            [
              76.42090099528731,
              31.442951368484252
            ],
            [
              76.42076982099199,
              31.44273251739415
            ],
            [
              76.42061782717875,
              31.442527577461174
            ],
            [
              76.42044647763109,
              31.442338522368914
            ],
            [
              76.42025742253884,
              31.442167172821257
            ],
            [
              76.42005248260585,
              31.442015179008013
            ],
            [
              76.41983363151576,
              31.441884004712694
            ],
            [
              76.41960297692415,
              31.441774913215472
            ],
            [
              76.41936274016086,
              31.441688955127095
            ],
            [
              76.41911523483725,
              31.44162695827095
            ],
            [
              76.41886284456486,
              31.441589519710654
            ],
            [
              76.418608,
              31.441577
            ],
            [
              76.41577095526218,
              31.441577
            ],
            [
              76.41588947763108,
              31.441458477631087
            ],
            [
              76.42044647763109,
              31.436901477631086
            ],
            [
              76.42500347763108,
              31.432344477631084
            ],
            [
              76.42956047763109,
              31.427787477631085
            ],
            [
              76.43411667936232,
              31.42323027587771
            ],
            [
              76.43428798554154,
              31.42304122955429
            ],
            [
              76.4344399398656,
              31.422836304683067
            ],
            [
              76.43457107933982,
              31.422617474251584
            ],
            [
              76.43468014137198,
              31.422386845128138
            ],
            [
              76.43476607592835,
              31.422146637777164
            ],
            [
              76.43482805564322,
              31.421899164880898
            ],
            [
              76.43486548378472,
              31.421646809073223
            ],
            [
              76.434878,
              31.421392
            ],
            [
              76.434878,
              31.416835
            ],
            [
              76.43486548378472,
              31.416580190926776
            ],
            [
              76.43482805564322,
              31.4163278351191
            ],
            [
              76.43476607592835,
              31.416080362222836
            ],
            [
              76.43468014137198,
              31.415840154871862
            ],
            [
              76.43457107933982,
              31.415609525748415
            ],
            [
              76.4344399398656,
              31.415390695316933
            ],
            [
              76.43428798554154,
              31.41518577044571
            ],
            [
              76.43411667936232,
              31.41499672412229
            ],
            [
              76.42956067936233,
              31.41043972412229
            ],
            [
              76.42937164307396,
              31.410268353830016
            ],
            [
              76.42916671982101,
              31.41011633752894
            ],
            [
              76.42894788312643,
              31.40998513921915
            ],
            [
              76.42871724050718,
              31.40987602241208
            ],
            [
              76.42847701317781,
              31.409790037962242
            ],
            [
              76.42822951465881,
              31.409728013946882
            ],
            [
              76.4279771284962,
              31.409690547691177
            ],
            [
              76.4277222853067,
              31.409678000015653
            ],
            [
              76.42746743936955,
              31.409690491761285
            ],
            [
              76.42721504499043,
              31.40972790262573
            ],
            [
              76.42696753286518,
              31.409789872321912
            ],
            [
              76.42672728667087,
              31.409875804047786
            ],
            [
              76.42649662010969,
              31.409984870233853
            ],
            [
              76.42627775462671,
              31.41011602051312
            ],
            [
              76.42607279801618,
              31.4102679918367
            ],
            [
              76.42588372412229,
              31.41043932063768
            ],
            [
              76.42571235383002,
              31.41062835692604
            ],
            [
              76.42556033752895,
              31.41083328017899
            ],
            [
              76.42542913921915,
              31.411052116873584
            ],
            [
              76.42532002241208,
              31.411282759492817
            ],
            [
              76.42523403796224,
              31.411522986822188
            ],
            [
              76.42517201394688,
              31.411770485341197
            ],
            [
              76.42513454769119,
              31.412022871503805
            ],
            [
              76.42512200001566,
              31.412277714693296
            ],
            [
              76.42513449176128,
              31.41253256063045
            ],
            [
              76.42517190262573,
              31.412784955009574
            ],
            [
              76.42523387232191,
              31.413032467134826
            ],
            [
              76.42531980404779,
              31.413272713329135
            ],
            [
              76.42542887023386,
              31.41350337989032
            ],
            [
              76.42556002051312,
              31.4137222453733
            ],
            [
              76.4257119918367,
              31.41392720198383
            ],
            [
              76.42588332063768,
              31.41411627587771
            ],
            [
              76.429678,
              31.417911788137168
            ],
            [
              76.429678,
              31.42031521186283
            ],
            [
              76.42588342149367,
              31.424110623244168
            ],
            [
              76.42132652236891,
              31.428667522368915
            ],
            [
              76.41676952236892,
              31.433224522368917
            ],
            [
              76.41221252236892,
              31.437781522368915
            ],
            [
              76.4117725,
              31.438221544737836
            ],
            [
              76.41133247763108,
              31.437781522368915
            ],
            [
              76.41114342253881,
              31.437610172821255
            ],
            [
              76.41093848260584,
              31.437458179008015
            ],
            [
              76.41071963151575,
              31.437327004712696
            ],
            [
              76.41048897692414,
              31.43721791321547
            ],
            [
              76.41024874016085,
              31.437131955127096
            ],
            [
              76.41000123483724,
              31.437069958270953
            ],
            [
              76.40974884456485,
              31.437032519710655
            ],
            [
              76.409494,
              31.43702
            ],
            [
              76.40923915543513,
              31.437032519710655
            ],
            [
              76.40898676516275,
              31.437069958270953
            ],
            [
              76.40873925983914,
              31.437131955127096
            ],
            [
              76.40849902307585,
              31.437217913215473
            ],
            [
              76.40826836848424,
              31.437327004712696
            ],
            [
              76.40804951739415,
              31.437458179008015
            ],
            [
              76.40784457746118,
              31.43761017282126
            ],
            [
              76.40765552236891,
              31.43778152236892
            ],
            [
              76.40309852236892,
              31.442338522368917
            ],
            [
              76.39854152236892,
              31.446895522368916
            ],
            [
              76.39837017282126,
              31.447084577461176
            ],
            [
              76.39821817900801,
              31.44728951739415
            ],
            [
              76.39808700471269,
              31.447508368484254
            ],
            [
              76.39797791321547,
              31.44773902307585
            ],
            [
              76.3978919551271,
              31.44797925983914
            ],
            [
              76.39782995827095,
              31.448226765162758
            ],
            [
              76.39779251971065,
              31.448479155435145
            ],
            [
              76.39778,
              31.448734
            ],
            [
              76.39778,
              31.457848
            ],
            [
              76.39779251971065,
              31.458102844564856
            ],
            [
              76.39782995827095,
              31.45835523483724
            ],
            [
              76.3978919551271,
              31.45860274016086
            ],
            [
              76.39797791321547,
              31.458842976924146
            ],
            [
              76.39808700471269,
              31.459073631515746
            ],
            [
              76.39821817900801,
              31.45929248260585
            ],
            [
              76.39837017282126,
              31.459497422538824
            ],
            [
              76.39854152236892,
              31.459686477631085
            ],
            [
              76.39873057746117,
              31.45985782717874
            ],
            [
              76.39893551739415,
              31.460009820991985
            ],
            [
              76.39903724847971,
              31.460070796258115
            ],
            [
              76.39854152236892,
              31.460566522368914
            ],
            [
              76.39398452236891,
              31.465123522368913
            ],
            [
              76.38942752236892,
              31.469680522368918
            ],
            [
              76.38925617282126,
              31.46986957746118
            ],
            [
              76.38910417900802,
              31.470074517394153
            ],
            [
              76.3889730047127,
              31.470293368484256
            ],
            [
              76.38886391321547,
              31.470524023075853
            ],
            [
              76.3887779551271,
              31.470764259839143
            ],
            [
              76.38871595827095,
              31.47101176516276
            ],
            [
              76.38867851971065,
              31.471264155435147
            ],
            [
              76.388666,
              31.471519000000004
            ],
            [
              76.38867851971065,
              31.47177384456486
            ],
            [
              76.38871595827095,
              31.472026234837244
            ],
            [
              76.3887779551271,
              31.472273740160865
            ],
            [
              76.38886391321547,
              31.47251397692415
            ],
            [
              76.3889730047127,
              31.472744631515752
            ],
            [
              76.38910417900802,
              31.472963482605856
            ],
            [
              76.38925617282126,
              31.47316842253883
            ],
            [
              76.38942752236892,
              31.473357477631087
            ],
            [
              76.38961657746118,
              31.473528827178747
            ],
            [
              76.38982151739415,
              31.47368082099199
            ],
            [
              76.39004036848425,
              31.473811995287306
            ],
            [
              76.39027102307585,
              31.473921086784532
            ],
            [
              76.39051125983914,
              31.474007044872906
            ],
            [
              76.39075876516276,
              31.47406904172905
            ],
            [
              76.39101115543515,
              31.47410648028935
            ],
            [
              76.391266,
              31.474119
            ],
            [
              76.39152084456487,
              31.474106480289347
            ],
            [
              76.39177323483725,
              31.47406904172905
            ],
            [
              76.39202074016086,
              31.474007044872902
            ],
            [
              76.39226097692415,
              31.47392108678453
            ],
            [
              76.39249163151575,
              31.473811995287306
            ],
            [
              76.39271048260585,
              31.473680820991987
            ],
            [
              76.39291542253883,
              31.473528827178743
            ],
            [
              76.39310447763108,
              31.473357477631083
            ],
            [
              76.39766147763108,
              31.46880047763108
            ]
          ],
          [
            [
              76.40665695526218,
              31.455247999999997
            ],
            [
              76.40677547763109,
              31.455129477631086
            ],
            [
              76.40694682717874,
              31.454940422538826
            ],
            [
              76.40709882099199,
              31.45473548260585
            ],
            [
              76.40722999528731,
              31.454516631515748
            ],
            [
              76.40733908678453,
              31.45428597692415
            ],
            [
              76.40742504487291,
              31.45404574016086
            ],
            [
              76.40748704172906,
              31.453798234837244
            ],
            [
              76.40752448028935,
              31.453545844564857
            ],
            [
              76.407537,
              31.453291
            ],
            [
              76.407537,
              31.449810955262162
            ],
            [
              76.41133247763108,
              31.446015477631082
            ],
            [
              76.4117725,
              31.445575455262166
            ],
            [
              76.41221252236892,
              31.446015477631086
            ],
            [
              76.41240157746118,
              31.446186827178746
            ],
            [
              76.41260651739415,
              31.446338820991986
            ],
            [
              76.41270824847972,
              31.446399796258117
            ],
            [
              76.41221252236892,
              31.446895522368916
            ],
            [
              76.41204117282126,
              31.447084577461176
            ],
            [
              76.41188917900801,
              31.44728951739415
            ],
            [
              76.4117580047127,
              31.447508368484254
            ],
            [
              76.41164891321547,
              31.44773902307585
            ],
            [
              76.4115629551271,
              31.44797925983914
            ],
            [
              76.41150095827095,
              31.448226765162758
            ],
            [
              76.41146351971065,
              31.448479155435145
            ],
            [
              76.411451,
              31.448734
            ],
            [
              76.411451,
              31.455247999999997
            ],
            [
              76.40665695526218,
              31.455247999999997
            ]
          ]
        ]
      }
    },
    {
      "type": "Feature",
      "properties": {
        "timestep_min": 210,
        "depth_band": "0.1 - 0.5",
        "min_depth": 0.1,
        "max_depth": 0.5,
        "max_depth_m": 20.0,
        "avg_depth_m": 11.0,
        "inundated_area_km2": 1.84,
        "hazard_level": "Moderate",
        "zone": "downstream",
        "wave_front_km": 94.0
      },
      "geometry": {
        "type": "Polygon",
        "coordinates": [
          [
            [
              76.43850192117442,
              31.39369810683444
            ],
            [
              76.44295554326037,
              31.26992631191074
            ],
            [
              76.35513620450399,
              31.259164245403046
            ],
            [
              76.38176961649148,
              31.2689498424022
            ],
            [
              76.35200965673964,
              31.315147688089258
            ],
            [
              76.42892578268938,
              31.411817413309365
            ],
            [
              76.43850192117442,
              31.39369810683444
            ]
          ]
        ]
      }
    },
    {
      "type": "Feature",
      "properties": {
        "timestep_min": 210,
        "depth_band": "0.5 - 1.0",
        "min_depth": 0.5,
        "max_depth": 1.0,
        "max_depth_m": 20.0,
        "avg_depth_m": 11.0,
        "inundated_area_km2": 1.38,
        "hazard_level": "Moderate",
        "zone": "downstream",
        "wave_front_km": 94.0
      },
      "geometry": {
        "type": "Polygon",
        "coordinates": [
          [
            [
              76.43054823545638,
              31.376189940482472
            ],
            [
              76.43388845202084,
              31.2833610942897
            ],
            [
              76.36802394795356,
              31.275289544408928
            ],
            [
              76.38799900694417,
              31.28262874215829
            ],
            [
              76.36567903713029,
              31.317277126423587
            ],
            [
              76.4233661315926,
              31.389779420338666
            ],
            [
              76.43054823545638,
              31.376189940482472
            ]
          ]
        ]
      }
    },
    {
      "type": "Feature",
      "properties": {
        "timestep_min": 210,
        "depth_band": "1.0 - 2.0",
        "min_depth": 1.0,
        "max_depth": 2.0,
        "max_depth_m": 20.0,
        "avg_depth_m": 11.0,
        "inundated_area_km2": 1.01,
        "hazard_level": "High",
        "zone": "downstream",
        "wave_front_km": 94.0
      },
      "geometry": {
        "type": "Polygon",
        "coordinates": [
          [
            [
              76.42418528688196,
              31.362183407400895
            ],
            [
              76.42663477902923,
              31.294108920192862
            ],
            [
              76.37833414271321,
              31.288189783613632
            ],
            [
              76.39298251930634,
              31.293571861963166
            ],
            [
              76.37661454144282,
              31.318980677091048
            ],
            [
              76.41891841071518,
              31.372149025962106
            ],
            [
              76.42418528688196,
              31.362183407400895
            ]
          ]
        ]
      }
    },
    {
      "type": "Feature",
      "properties": {
        "timestep_min": 210,
        "depth_band": "2.0 - 3.0",
        "min_depth": 2.0,
        "max_depth": 3.0,
        "max_depth_m": 20.0,
        "avg_depth_m": 11.0,
        "inundated_area_km2": 0.7,
        "hazard_level": "High",
        "zone": "downstream",
        "wave_front_km": 94.0
      },
      "geometry": {
        "type": "Polygon",
        "coordinates": [
          [
            [
              76.4187767805937,
              31.350277854281558
            ],
            [
              76.42046915698636,
              31.303244572210552
            ],
            [
              76.38709780825893,
              31.29915498693763
            ],
            [
              76.39721850481418,
              31.30287351379731
            ],
            [
              76.38590972010847,
              31.32042869515839
            ],
            [
              76.41513784796938,
              31.35716319074203
            ],
            [
              76.4187767805937,
              31.350277854281558
            ]
          ]
        ]
      }
    },
    {
      "type": "Feature",
      "properties": {
        "timestep_min": 210,
        "depth_band": "3.0 - 5.0",
        "min_depth": 3.0,
        "max_depth": 5.0,
        "max_depth_m": 20.0,
        "avg_depth_m": 11.0,
        "inundated_area_km2": 0.41,
        "hazard_level": "Critical",
        "zone": "downstream",
        "wave_front_km": 94.0
      },
      "geometry": {
        "type": "Polygon",
        "coordinates": [
          [
            [
              76.41368642173414,
              31.3390726278163
            ],
            [
              76.41466621859306,
              31.311842832933085
            ],
            [
              76.39534596406665,
              31.30947517830139
            ],
            [
              76.4012053147039,
              31.311628009641204
            ],
            [
              76.39465812355849,
              31.32179153569236
            ],
            [
              76.41157967126743,
              31.343058875240782
            ],
            [
              76.41368642173414,
              31.3390726278163
            ]
          ]
        ]
      }
    },
    {
      "type": "Feature",
      "properties": {
        "timestep_min": 210,
        "depth_band": "> 5.0",
        "min_depth": 5.0,
        "max_depth": 99.0,
        "max_depth_m": 20.0,
        "avg_depth_m": 11.0,
        "inundated_area_km2": 0.18,
        "hazard_level": "Critical",
        "zone": "downstream",
        "wave_front_km": 94.0
      },
      "geometry": {
        "type": "Polygon",
        "coordinates": [
          [
            [
              76.4098686525895,
              31.330668707967355
            ],
            [
              76.41031401479809,
              31.318291528474987
            ],
            [
              76.40153208092245,
              31.317215321824214
            ],
            [
              76.4041954221212,
              31.31819388152413
            ],
            [
              76.40121942614601,
              31.322813666092838
            ],
            [
              76.408911038741,
              31.332480638614847
            ],
            [
              76.4098686525895,
              31.330668707967355
            ]
          ]
        ]
      }
    },
    {
      "type": "Feature",
      "properties": {
        "depth_band": "0.1 - 0.5",
        "min_depth": 0.1,
        "max_depth": 0.5,
        "max_depth_m": 33.9,
        "avg_depth_m": 16.9,
        "hazard_level": "Moderate",
        "zone": "reservoir",
        "timestep_min": 240
      },
      "geometry": {
        "type": "Polygon",
        "coordinates": [
          [
            [
              76.38999166815711,
              31.458085510794213
            ],
            [
              76.38846908947566,
              31.459608089475655
            ],
            [
              76.38391208947566,
              31.46416508947567
            ],
            [
              76.38322669128502,
              31.46492130984471
            ],
            [
              76.38261871603204,
              31.465741069576605
            ],
            [
              76.38209401885078,
              31.46661647393702
            ],
            [
              76.38165765286188,
              31.467539092303415
            ],
            [
              76.38131382050838,
              31.468500039356567
            ],
            [
              76.38106583308381,
              31.469490060651044
            ],
            [
              76.3809160788426,
              31.470499621740586
            ],
            [
              76.380866,
              31.47151900000001
            ],
            [
              76.38091607884262,
              31.47253837825944
            ],
            [
              76.38106583308381,
              31.47354793934898
            ],
            [
              76.3813138205084,
              31.47453796064346
            ],
            [
              76.38165765286189,
              31.475498907696608
            ],
            [
              76.38209401885078,
              31.476421526063003
            ],
            [
              76.38261871603206,
              31.477296930423414
            ],
            [
              76.38322669128503,
              31.47811669015531
            ],
            [
              76.38391208947567,
              31.47887291052435
            ],
            [
              76.38466830984471,
              31.47955830871498
            ],
            [
              76.38548806957661,
              31.480166283967954
            ],
            [
              76.38636347393702,
              31.48069098114923
            ],
            [
              76.38728609230341,
              31.481127347138123
            ],
            [
              76.38824703935657,
              31.48147117949162
            ],
            [
              76.38923706065104,
              31.481719166916196
            ],
            [
              76.39024662174059,
              31.481868921157393
            ],
            [
              76.39126600000002,
              31.481919
            ],
            [
              76.39228537825944,
              31.48186892115739
            ],
            [
              76.39329493934898,
              31.481719166916193
            ],
            [
              76.39428496064346,
              31.481471179491614
            ],
            [
              76.3952459076966,
              31.481127347138113
            ],
            [
              76.39616852606301,
              31.480690981149216
            ],
            [
              76.39704393042342,
              31.48016628396794
            ],
            [
              76.39786369015532,
              31.479558308714964
            ],
            [
              76.39861991052435,
              31.47887291052433
            ],
            [
              76.40317691052434,
              31.474315910524336
            ],
            [
              76.40773391052433,
              31.469758910524344
            ],
            [
              76.40924482104869,
              31.468248
            ],
            [
              76.414051,
              31.468248
            ],
            [
              76.41507037825943,
              31.46819792115739
            ],
            [
              76.41607993934898,
              31.46804816691619
            ],
            [
              76.41706996064345,
              31.467800179491615
            ],
            [
              76.4180309076966,
              31.467456347138114
            ],
            [
              76.41895352606299,
              31.46701998114922
            ],
            [
              76.4198289304234,
              31.466495283967944
            ],
            [
              76.4206486901553,
              31.465887308714972
            ],
            [
              76.42140491052434,
              31.46520191052434
            ],
            [
              76.42209030871497,
              31.4644456901553
            ],
            [
              76.42269828396795,
              31.4636259304234
            ],
            [
              76.42322298114922,
              31.46275052606299
            ],
            [
              76.42365934713811,
              31.461827907696595
            ],
            [
              76.42400317949162,
              31.460866960643443
            ],
            [
              76.42425116691619,
              31.459876939348966
            ],
            [
              76.42440092115739,
              31.458867378259427
            ],
            [
              76.424451,
              31.457848
            ],
            [
              76.424451,
              31.45304182104869
            ],
            [
              76.42596191052435,
              31.451530910524344
            ],
            [
              76.42664730871498,
              31.450774690155303
            ],
            [
              76.42725528396795,
              31.449954930423402
            ],
            [
              76.42777998114923,
              31.44907952606299
            ],
            [
              76.42821634713812,
              31.448156907696596
            ],
            [
              76.42856017949163,
              31.447195960643445
            ],
            [
              76.4288081669162,
              31.446205939348967
            ],
            [
              76.42895792115739,
              31.44519637825943
            ],
            [
              76.42900800000001,
              31.444177
            ],
            [
              76.42895792115739,
              31.44315762174057
            ],
            [
              76.4288081669162,
              31.442148060651032
            ],
            [
              76.42856017949163,
              31.441158039356555
            ],
            [
              76.42821634713812,
              31.440197092303404
            ],
            [
              76.4282052312712,
              31.440173589777476
            ],
            [
              76.43051891052434,
              31.437859910524335
            ],
            [
              76.43507591052435,
              31.433302910524343
            ],
            [
              76.43963271744929,
              31.428745103510845
            ],
            [
              76.44031794216622,
              31.427988918217164
            ],
            [
              76.4409257594624,
              31.42716921873227
            ],
            [
              76.44145031735927,
              31.426293897006335
            ],
            [
              76.44188656548795,
              31.42537138051256
            ],
            [
              76.44223030371343,
              31.42441055110865
            ],
            [
              76.44247822257293,
              31.42342065952359
            ],
            [
              76.44262793513889,
              31.422411236292895
            ],
            [
              76.442678,
              31.421392
            ],
            [
              76.442678,
              31.416835
            ],
            [
              76.44262793513889,
              31.415815763707105
            ],
            [
              76.44247822257293,
              31.41480634047641
            ],
            [
              76.44223030371343,
              31.41381644889135
            ],
            [
              76.44188656548795,
              31.41285561948744
            ],
            [
              76.44145031735927,
              31.411933102993665
            ],
            [
              76.4409257594624,
              31.41105778126773
            ],
            [
              76.44031794216622,
              31.410238081782836
            ],
            [
              76.43963271744929,
              31.409481896489154
            ],
            [
              76.43507671744929,
              31.404924896489156
            ],
            [
              76.43432057229585,
              31.40423941532006
            ],
            [
              76.43350087928404,
              31.403631350115766
            ],
            [
              76.43262553250567,
              31.403106556876597
            ],
            [
              76.43170296202874,
              31.40267008964833
            ],
            [
              76.43074205271125,
              31.402326151848964
            ],
            [
              76.42975205863522,
              31.402078055787527
            ],
            [
              76.42874251398479,
              31.401928190764714
            ],
            [
              76.42772314122682,
              31.401878000062617
            ],
            [
              76.42670375747821,
              31.401927967045136
            ],
            [
              76.42569417996171,
              31.40207761050291
            ],
            [
              76.4247041314607,
              31.402325489287648
            ],
            [
              76.42374314668346,
              31.402669216191136
            ],
            [
              76.42282048043873,
              31.4031054809354
            ],
            [
              76.4219450185068,
              31.40363008205247
            ],
            [
              76.42112519206468,
              31.404237967346802
            ],
            [
              76.42036889648917,
              31.404923282550715
            ],
            [
              76.41968341532007,
              31.40567942770416
            ],
            [
              76.41907535011576,
              31.406499120715964
            ],
            [
              76.4185505568766,
              31.40737446749433
            ],
            [
              76.41811408964833,
              31.408297037971266
            ],
            [
              76.41777015184897,
              31.409257947288758
            ],
            [
              76.41752205578753,
              31.410247941364783
            ],
            [
              76.41737219076471,
              31.411257486015213
            ],
            [
              76.41732200006261,
              31.412276858773183
            ],
            [
              76.41737196704514,
              31.413296242521792
            ],
            [
              76.41752161050292,
              31.41430582003829
            ],
            [
              76.41776948928765,
              31.415295868539296
            ],
            [
              76.41811321619114,
              31.416256853316536
            ],
            [
              76.41854948093541,
              31.417179519561277
            ],
            [
              76.41907408205248,
              31.4180549814932
            ],
            [
              76.4196819673468,
              31.41887480793532
            ],
            [
              76.41987516416344,
              31.41908801478787
            ],
            [
              76.41581108947565,
              31.423152089475657
            ],
            [
              76.41125408947566,
              31.427709089475666
            ],
            [
              76.40973151079422,
              31.429231668157108
            ],
            [
              76.40949399999998,
              31.42922
            ],
            [
              76.40847462174055,
              31.429270078842613
            ],
            [
              76.40746506065102,
              31.42941983308381
            ],
            [
              76.40647503935654,
              31.42966782050839
            ],
            [
              76.40551409230339,
              31.430011652861886
            ],
            [
              76.404591473937,
              31.430448018850782
            ],
            [
              76.40371606957659,
              31.43097271603206
            ],
            [
              76.40289630984469,
              31.431580691285035
            ],
            [
              76.40214008947565,
              31.432266089475668
            ],
            [
              76.39758308947566,
              31.436823089475666
            ],
            [
              76.39302608947565,
              31.441380089475658
            ],
            [
              76.39234069128503,
              31.4421363098447
            ],
            [
              76.39173271603205,
              31.4429560695766
            ],
            [
              76.39120801885078,
              31.44383147393701
            ],
            [
              76.39077165286189,
              31.444754092303405
            ],
            [
              76.39042782050838,
              31.445715039356557
            ],
            [
              76.3901798330838,
              31.446705060651034
            ],
            [
              76.39003007884261,
              31.447714621740573
            ],
            [
              76.38998,
              31.448734
            ],
            [
              76.38998,
              31.457848
            ],
            [
              76.38999166815711,
              31.458085510794213
            ]
          ]
        ]
      }
    },
    {
      "type": "Feature",
      "properties": {
        "depth_band": "0.5 - 1.0",
        "min_depth": 0.5,
        "max_depth": 1.0,
        "max_depth_m": 33.9,
        "avg_depth_m": 16.9,
        "hazard_level": "Moderate",
        "zone": "reservoir",
        "timestep_min": 240
      },
      "geometry": {
        "type": "Polygon",
        "coordinates": [
          [
            [
              76.39323747851466,
              31.45925204675125
            ],
            [
              76.39067526263295,
              31.461814262632956
            ],
            [
              76.38611826263296,
              31.46637126263297
            ],
            [
              76.38563848389951,
              31.466900616891294
            ],
            [
              76.38521290122243,
              31.467474448703626
            ],
            [
              76.38484561319554,
              31.468087231755916
            ],
            [
              76.38454015700331,
              31.46873306461239
            ],
            [
              76.38429947435587,
              31.469405727549596
            ],
            [
              76.38412588315866,
              31.470098742455733
            ],
            [
              76.38402105518983,
              31.47080543521841
            ],
            [
              76.38398600000001,
              31.471519000000008
            ],
            [
              76.38402105518983,
              31.47223256478161
            ],
            [
              76.38412588315867,
              31.472939257544287
            ],
            [
              76.38429947435587,
              31.47363227245042
            ],
            [
              76.38454015700333,
              31.474304935387625
            ],
            [
              76.38484561319555,
              31.474950768244103
            ],
            [
              76.38521290122245,
              31.47556355129639
            ],
            [
              76.38563848389953,
              31.476137383108718
            ],
            [
              76.38611826263298,
              31.476666737367044
            ],
            [
              76.3866476168913,
              31.477146516100486
            ],
            [
              76.38722144870363,
              31.477572098777568
            ],
            [
              76.38783423175592,
              31.47793938680446
            ],
            [
              76.3884800646124,
              31.478244842996688
            ],
            [
              76.3891527275496,
              31.478485525644135
            ],
            [
              76.38984574245573,
              31.47865911684134
            ],
            [
              76.39055243521841,
              31.478763944810176
            ],
            [
              76.39126600000002,
              31.478799000000002
            ],
            [
              76.39197956478161,
              31.478763944810172
            ],
            [
              76.39268625754428,
              31.478659116841335
            ],
            [
              76.39337927245042,
              31.47848552564413
            ],
            [
              76.39405193538762,
              31.47824484299668
            ],
            [
              76.3946977682441,
              31.477939386804454
            ],
            [
              76.39531055129639,
              31.477572098777557
            ],
            [
              76.39588438310872,
              31.477146516100476
            ],
            [
              76.39641373736704,
              31.476666737367033
            ],
            [
              76.40097073736703,
              31.47210973736703
            ],
            [
              76.40552773736704,
              31.467552737367043
            ],
            [
              76.40795247473407,
              31.465128
            ],
            [
              76.414051,
              31.465128
            ],
            [
              76.4147645647816,
              31.465092944810173
            ],
            [
              76.41547125754428,
              31.464988116841333
            ],
            [
              76.41616427245042,
              31.46481452564413
            ],
            [
              76.41683693538762,
              31.464573842996682
            ],
            [
              76.4174827682441,
              31.464268386804456
            ],
            [
              76.41809555129639,
              31.463901098777562
            ],
            [
              76.4186693831087,
              31.46347551610048
            ],
            [
              76.41919873736704,
              31.462995737367038
            ],
            [
              76.41967851610048,
              31.46246638310871
            ],
            [
              76.42010409877756,
              31.46189255129638
            ],
            [
              76.42047138680445,
              31.461279768244093
            ],
            [
              76.42077684299669,
              31.460633935387616
            ],
            [
              76.42101752564413,
              31.45996127245041
            ],
            [
              76.42119111684134,
              31.459268257544277
            ],
            [
              76.42129594481017,
              31.458561564781597
            ],
            [
              76.421331,
              31.457848
            ],
            [
              76.421331,
              31.451749474734086
            ],
            [
              76.42375573736705,
              31.44932473736704
            ],
            [
              76.42423551610048,
              31.44879538310871
            ],
            [
              76.42466109877756,
              31.44822155129638
            ],
            [
              76.42502838680446,
              31.447608768244095
            ],
            [
              76.4253338429967,
              31.446962935387617
            ],
            [
              76.42557452564414,
              31.446290272450412
            ],
            [
              76.42574811684135,
              31.44559725754428
            ],
            [
              76.42585294481017,
              31.4448905647816
            ],
            [
              76.425888,
              31.444177
            ],
            [
              76.42585294481017,
              31.4434634352184
            ],
            [
              76.42574811684135,
              31.44275674245572
            ],
            [
              76.42557452564414,
              31.442063727549588
            ],
            [
              76.4253338429967,
              31.441391064612382
            ],
            [
              76.42502838680446,
              31.440745231755905
            ],
            [
              76.42466109877756,
              31.44013244870362
            ],
            [
              76.42430890473037,
              31.439657570003718
            ],
            [
              76.42831273736704,
              31.435653737367034
            ],
            [
              76.43286973736704,
              31.43109673736704
            ],
            [
              76.43742630221449,
              31.42653917245759
            ],
            [
              76.43790595951634,
              31.426009842752016
            ],
            [
              76.43833143162367,
              31.425436053112595
            ],
            [
              76.43869862215149,
              31.424823327904438
            ],
            [
              76.43900399584156,
              31.424177566358793
            ],
            [
              76.4392446125994,
              31.423504985776056
            ],
            [
              76.43941815580105,
              31.422812061666512
            ],
            [
              76.43952295459722,
              31.42210546540503
            ],
            [
              76.43955799999999,
              31.421392
            ],
            [
              76.43955799999999,
              31.416835
            ],
            [
              76.43952295459722,
              31.41612153459497
            ],
            [
              76.43941815580105,
              31.415414938333488
            ],
            [
              76.4392446125994,
              31.414722014223944
            ],
            [
              76.43900399584156,
              31.414049433641207
            ],
            [
              76.43869862215149,
              31.413403672095562
            ],
            [
              76.43833143162367,
              31.412790946887405
            ],
            [
              76.43790595951634,
              31.412217157247984
            ],
            [
              76.43742630221449,
              31.41168782754241
            ],
            [
              76.4328703022145,
              31.40713082754241
            ],
            [
              76.4323410006071,
              31.406650990724042
            ],
            [
              76.43176721549882,
              31.406225345081037
            ],
            [
              76.43115447275397,
              31.40585798981362
            ],
            [
              76.43050867342012,
              31.40555246275383
            ],
            [
              76.42983603689787,
              31.405311706294274
            ],
            [
              76.42914304104465,
              31.40513803905127
            ],
            [
              76.42843635978936,
              31.405033133535298
            ],
            [
              76.42772279885878,
              31.404998000043832
            ],
            [
              76.42700923023475,
              31.405032976931594
            ],
            [
              76.4263025259732,
              31.405137727352038
            ],
            [
              76.42560949202249,
              31.40531124250135
            ],
            [
              76.42493680267843,
              31.405551851333797
            ],
            [
              76.42429093630712,
              31.405857236654782
            ],
            [
              76.42367811295476,
              31.40622445743673
            ],
            [
              76.42310423444528,
              31.406649977142763
            ],
            [
              76.42257482754242,
              31.4071296977855
            ],
            [
              76.42209499072405,
              31.407658999392915
            ],
            [
              76.42166934508104,
              31.408232784501177
            ],
            [
              76.42130198981361,
              31.40884552724603
            ],
            [
              76.42099646275383,
              31.409491326579886
            ],
            [
              76.42075570629427,
              31.41016396310213
            ],
            [
              76.42058203905127,
              31.41085695895535
            ],
            [
              76.4204771335353,
              31.411563640210648
            ],
            [
              76.42044200004383,
              31.41227720114123
            ],
            [
              76.4204769769316,
              31.412990769765255
            ],
            [
              76.42058172735204,
              31.4136974740268
            ],
            [
              76.42075524250136,
              31.414390507977508
            ],
            [
              76.4209958513338,
              31.415063197321576
            ],
            [
              76.42130123665478,
              31.415709063692894
            ],
            [
              76.42166845743672,
              31.41632188704524
            ],
            [
              76.42209397714277,
              31.416895765554724
            ],
            [
              76.42257369778551,
              31.41742517245759
            ],
            [
              76.4242616548369,
              31.4191135
            ],
            [
              76.42257398023406,
              31.42080154503186
            ],
            [
              76.41801726263296,
              31.42535826263296
            ],
            [
              76.41346026263297,
              31.429915262632967
            ],
            [
              76.41089804675126,
              31.432477478514677
            ],
            [
              76.41020756478159,
              31.432375055189826
            ],
            [
              76.409494,
              31.43234
            ],
            [
              76.40878043521839,
              31.43237505518983
            ],
            [
              76.40807374245571,
              31.432479883158667
            ],
            [
              76.40738072754958,
              31.432653474355874
            ],
            [
              76.40670806461237,
              31.43289415700332
            ],
            [
              76.4060622317559,
              31.433199613195548
            ],
            [
              76.4054494487036,
              31.43356690122244
            ],
            [
              76.40487561689127,
              31.433992483899523
            ],
            [
              76.40434626263296,
              31.43447226263297
            ],
            [
              76.39978926263296,
              31.439029262632967
            ],
            [
              76.39523226263296,
              31.443586262632962
            ],
            [
              76.39475248389952,
              31.444115616891292
            ],
            [
              76.39432690122244,
              31.44468944870362
            ],
            [
              76.39395961319555,
              31.445302231755907
            ],
            [
              76.39365415700331,
              31.445948064612384
            ],
            [
              76.39341347435587,
              31.44662072754959
            ],
            [
              76.39323988315866,
              31.447313742455723
            ],
            [
              76.39313505518983,
              31.448020435218403
            ],
            [
              76.3931,
              31.448734
            ],
            [
              76.3931,
              31.457848
            ],
            [
              76.39313505518983,
              31.458561564781597
            ],
            [
              76.39323747851466,
              31.45925204675125
            ]
          ]
        ]
      }
    },
    {
      "type": "Feature",
      "properties": {
        "depth_band": "1.0 - 2.0",
        "min_depth": 1.0,
        "max_depth": 2.0,
        "max_depth_m": 33.9,
        "avg_depth_m": 16.9,
        "hazard_level": "Moderate",
        "zone": "reservoir",
        "timestep_min": 240
      },
      "geometry": {
        "type": "Polygon",
        "coordinates": [
          [
            [
              76.39620756989436,
              31.459958910633734
            ],
            [
              76.39251374026404,
              31.463652740264042
            ],
            [
              76.38795674026404,
              31.46820974026405
            ],
            [
              76.38764831107827,
              31.46855003943012
            ],
            [
              76.38737472221442,
              31.468918931309474
            ],
            [
              76.38713860848284,
              31.46931286327166
            ],
            [
              76.38694224378784,
              31.469728041536538
            ],
            [
              76.38678751922878,
              31.470160467710453
            ],
            [
              76.38667592488771,
              31.47060597729297
            ],
            [
              76.38660853547917,
              31.471060279783263
            ],
            [
              76.38658600000001,
              31.471519000000008
            ],
            [
              76.38660853547917,
              31.47197772021675
            ],
            [
              76.38667592488771,
              31.472432022707043
            ],
            [
              76.38678751922878,
              31.472877532289555
            ],
            [
              76.38694224378786,
              31.473309958463474
            ],
            [
              76.38713860848286,
              31.47372513672835
            ],
            [
              76.38737472221443,
              31.474119068690538
            ],
            [
              76.38764831107827,
              31.474487960569892
            ],
            [
              76.38795674026406,
              31.474828259735958
            ],
            [
              76.38829703943011,
              31.47513668892174
            ],
            [
              76.38866593130948,
              31.47541027778558
            ],
            [
              76.38905986327165,
              31.475646391517152
            ],
            [
              76.38947504153654,
              31.475842756212156
            ],
            [
              76.38990746771046,
              31.47599748077123
            ],
            [
              76.39035297729298,
              31.476109075112287
            ],
            [
              76.39080727978326,
              31.476176464520826
            ],
            [
              76.391266,
              31.476199
            ],
            [
              76.39172472021674,
              31.476176464520826
            ],
            [
              76.39217902270704,
              31.476109075112287
            ],
            [
              76.39262453228956,
              31.475997480771227
            ],
            [
              76.39305695846348,
              31.475842756212153
            ],
            [
              76.39347213672835,
              31.47564639151715
            ],
            [
              76.39386606869054,
              31.475410277785574
            ],
            [
              76.39423496056989,
              31.475136688921737
            ],
            [
              76.39457525973596,
              31.47482825973595
            ],
            [
              76.39913225973595,
              31.47027125973595
            ],
            [
              76.40368925973596,
              31.465714259735957
            ],
            [
              76.40687551947191,
              31.462528
            ],
            [
              76.414051,
              31.462528
            ],
            [
              76.41450972021674,
              31.462505464520824
            ],
            [
              76.41496402270704,
              31.462438075112285
            ],
            [
              76.41540953228956,
              31.462326480771225
            ],
            [
              76.41584195846347,
              31.46217175621215
            ],
            [
              76.41625713672835,
              31.46197539151715
            ],
            [
              76.41665106869053,
              31.461739277785576
            ],
            [
              76.41701996056989,
              31.461465688921734
            ],
            [
              76.41736025973596,
              31.461157259735952
            ],
            [
              76.41766868892174,
              31.460816960569883
            ],
            [
              76.41794227778557,
              31.460448068690532
            ],
            [
              76.41817839151715,
              31.460054136728345
            ],
            [
              76.41837475621216,
              31.45963895846347
            ],
            [
              76.41852948077123,
              31.45920653228955
            ],
            [
              76.41864107511229,
              31.458761022707034
            ],
            [
              76.41870846452083,
              31.45830672021674
            ],
            [
              76.418731,
              31.457848
            ],
            [
              76.418731,
              31.45067251947192
            ],
            [
              76.42191725973596,
              31.447486259735953
            ],
            [
              76.42222568892174,
              31.447145960569884
            ],
            [
              76.42249927778559,
              31.44677706869053
            ],
            [
              76.42273539151715,
              31.446383136728343
            ],
            [
              76.42293175621217,
              31.445967958463466
            ],
            [
              76.42308648077123,
              31.445535532289547
            ],
            [
              76.4231980751123,
              31.445090022707035
            ],
            [
              76.42326546452084,
              31.44463572021674
            ],
            [
              76.423288,
              31.444177
            ],
            [
              76.42326546452084,
              31.443718279783255
            ],
            [
              76.4231980751123,
              31.44326397729296
            ],
            [
              76.42308648077123,
              31.44281846771045
            ],
            [
              76.42293175621217,
              31.44238604153653
            ],
            [
              76.42273539151715,
              31.441970863271653
            ],
            [
              76.42249927778558,
              31.441576931309466
            ],
            [
              76.42222568892174,
              31.441208039430112
            ],
            [
              76.42191725973596,
              31.440867740264046
            ],
            [
              76.4215769605699,
              31.44055931107826
            ],
            [
              76.42120806869053,
              31.440285722214423
            ],
            [
              76.42081413672835,
              31.44004960848285
            ],
            [
              76.42042429323129,
              31.439865226240627
            ],
            [
              76.42191725973596,
              31.438372259735953
            ],
            [
              76.42647425973595,
              31.43381525973595
            ],
            [
              76.43103125973596,
              31.429258259735953
            ],
            [
              76.43558762285218,
              31.424700896579882
            ],
            [
              76.4358959739748,
              31.42436061319772
            ],
            [
              76.43616949175808,
              31.423991748429522
            ],
            [
              76.43640554281167,
              31.42359785365285
            ],
            [
              76.43660185446957,
              31.42318272123065
            ],
            [
              76.43675653667104,
              31.422750347998893
            ],
            [
              76.43686810015781,
              31.422304896785615
            ],
            [
              76.4369354708125,
              31.421850656331802
            ],
            [
              76.43695799999999,
              31.421392
            ],
            [
              76.43695799999999,
              31.416835
            ],
            [
              76.4369354708125,
              31.416376343668198
            ],
            [
              76.43686810015781,
              31.415922103214385
            ],
            [
              76.43675653667104,
              31.415476652001107
            ],
            [
              76.43660185446957,
              31.41504427876935
            ],
            [
              76.43640554281167,
              31.41462914634715
            ],
            [
              76.43616949175808,
              31.414235251570478
            ],
            [
              76.4358959739748,
              31.41386638680228
            ],
            [
              76.43558762285218,
              31.413526103420118
            ],
            [
              76.43103162285219,
              31.40896910342012
            ],
            [
              76.43069135753314,
              31.408660636894027
            ],
            [
              76.43032249567781,
              31.408387007552093
            ],
            [
              76.42992858962755,
              31.40815085059447
            ],
            [
              76.42951343291293,
              31.407954440341747
            ],
            [
              76.42908102372006,
              31.407799668332032
            ],
            [
              76.42863552638585,
              31.407688025104388
            ],
            [
              76.42818123129315,
              31.40762058584412
            ],
            [
              76.42772251355207,
              31.407598000028177
            ],
            [
              76.4272637908652,
              31.407620485170312
            ],
            [
              76.42680948098277,
              31.40768782472631
            ],
            [
              76.42636395915731,
              31.40779937017944
            ],
            [
              76.42593151600757,
              31.40795404728601
            ],
            [
              76.42551631619743,
              31.40815036642093
            ],
            [
              76.42512235832807,
              31.40838643692361
            ],
            [
              76.42475343642911,
              31.408659985306063
            ],
            [
              76.42441310342012,
              31.408968377147822
            ],
            [
              76.42410463689403,
              31.409308642466872
            ],
            [
              76.4238310075521,
              31.409677504322186
            ],
            [
              76.42359485059447,
              31.41007141037245
            ],
            [
              76.42339844034176,
              31.41048656708707
            ],
            [
              76.42324366833203,
              31.41091897627994
            ],
            [
              76.4231320251044,
              31.411364473614153
            ],
            [
              76.42306458584412,
              31.411818768706844
            ],
            [
              76.42304200002818,
              31.412277486447934
            ],
            [
              76.42306448517031,
              31.412736209134806
            ],
            [
              76.42313182472631,
              31.41319051901723
            ],
            [
              76.42324337017945,
              31.413636040842682
            ],
            [
              76.42339804728601,
              31.41406848399244
            ],
            [
              76.42359436642093,
              31.414483683802576
            ],
            [
              76.42383043692361,
              31.41487764167194
            ],
            [
              76.42410398530606,
              31.415246563570893
            ],
            [
              76.42441237714782,
              31.41558689657988
            ],
            [
              76.427598,
              31.41877321864692
            ],
            [
              76.427598,
              31.41945378135308
            ],
            [
              76.42441255867564,
              31.42263992185245
            ],
            [
              76.41985574026404,
              31.427196740264048
            ],
            [
              76.41529874026405,
              31.43175374026405
            ],
            [
              76.41160491063374,
              31.435447569894357
            ],
            [
              76.41128495846347,
              31.43529624378785
            ],
            [
              76.41085253228954,
              31.435141519228775
            ],
            [
              76.41040702270703,
              31.435029924887715
            ],
            [
              76.40995272021674,
              31.434962535479176
            ],
            [
              76.409494,
              31.43494
            ],
            [
              76.40903527978325,
              31.434962535479176
            ],
            [
              76.40858097729296,
              31.435029924887715
            ],
            [
              76.40813546771044,
              31.435141519228775
            ],
            [
              76.40770304153652,
              31.43529624378785
            ],
            [
              76.40728786327165,
              31.435492608482853
            ],
            [
              76.40689393130945,
              31.435728722214428
            ],
            [
              76.40652503943011,
              31.436002311078266
            ],
            [
              76.40618474026404,
              31.43631074026405
            ],
            [
              76.40162774026405,
              31.44086774026405
            ],
            [
              76.39707074026404,
              31.44542474026405
            ],
            [
              76.39676231107826,
              31.445765039430118
            ],
            [
              76.39648872221443,
              31.446133931309472
            ],
            [
              76.39625260848285,
              31.44652786327166
            ],
            [
              76.39605624378784,
              31.446943041536535
            ],
            [
              76.39590151922877,
              31.44737546771045
            ],
            [
              76.39578992488771,
              31.447820977292967
            ],
            [
              76.39572253547917,
              31.44827527978326
            ],
            [
              76.3957,
              31.448734
            ],
            [
              76.3957,
              31.457848
            ],
            [
              76.39572253547917,
              31.45830672021674
            ],
            [
              76.39578992488771,
              31.458761022707034
            ],
            [
              76.39590151922877,
              31.45920653228955
            ],
            [
              76.39605624378784,
              31.45963895846347
            ],
            [
              76.39620756989436,
              31.459958910633734
            ]
          ]
        ]
      }
    },
    {
      "type": "Feature",
      "properties": {
        "depth_band": "2.0 - 3.0",
        "min_depth": 2.0,
        "max_depth": 3.0,
        "max_depth_m": 33.9,
        "avg_depth_m": 16.9,
        "hazard_level": "Moderate",
        "zone": "reservoir",
        "timestep_min": 240
      },
      "geometry": {
        "type": "Polygon",
        "coordinates": [
          [
            [
              76.39766147763108,
              31.46880047763108
            ],
            [
              76.40221847763108,
              31.464243477631086
            ],
            [
              76.40601395526217,
              31.460448
            ],
            [
              76.414051,
              31.460448
            ],
            [
              76.41430584456485,
              31.460435480289345
            ],
            [
              76.41455823483724,
              31.460398041729047
            ],
            [
              76.41480574016086,
              31.460336044872903
            ],
            [
              76.41504597692415,
              31.460250086784527
            ],
            [
              76.41527663151575,
              31.460140995287304
            ],
            [
              76.41549548260585,
              31.460009820991985
            ],
            [
              76.41570042253882,
              31.45985782717874
            ],
            [
              76.41588947763108,
              31.459686477631085
            ],
            [
              76.41606082717874,
              31.459497422538824
            ],
            [
              76.41621282099199,
              31.45929248260585
            ],
            [
              76.4163439952873,
              31.459073631515746
            ],
            [
              76.41645308678453,
              31.45884297692415
            ],
            [
              76.4165390448729,
              31.45860274016086
            ],
            [
              76.41660104172905,
              31.458355234837242
            ],
            [
              76.41663848028935,
              31.458102844564856
            ],
            [
              76.416651,
              31.457848
            ],
            [
              76.416651,
              31.44981095526217
            ],
            [
              76.42044647763109,
              31.446015477631086
            ],
            [
              76.42061782717875,
              31.445826422538826
            ],
            [
              76.42076982099199,
              31.44562148260585
            ],
            [
              76.42090099528731,
              31.445402631515748
            ],
            [
              76.42101008678453,
              31.44517197692415
            ],
            [
              76.42109604487291,
              31.444931740160865
            ],
            [
              76.42115804172906,
              31.444684234837244
            ],
            [
              76.42119548028936,
              31.444431844564857
            ],
            [
              76.42120800000001,
              31.444177
            ],
            [
              76.42119548028936,
              31.443922155435146
            ],
            [
              76.42115804172906,
              31.44366976516276
            ],
            [
              76.42109604487291,
              31.44342225983914
            ],
            [
              76.42101008678453,
              31.443182023075853
            ],
            [
              76.42090099528731,
              31.442951368484252
            ],
            [
              76.42076982099199,
              31.44273251739415
            ],
            [
              76.42061782717875,
              31.442527577461174
            ],
            [
              76.42044647763109,
              31.442338522368914
            ],
            [
              76.42025742253884,
              31.442167172821257
            ],
            [
              76.42005248260585,
              31.442015179008013
            ],
            [
              76.41983363151576,
              31.441884004712694
            ],
            [
              76.41960297692415,
              31.441774913215472
            ],
            [
              76.41936274016086,
              31.441688955127095
            ],
            [
              76.41911523483725,
              31.44162695827095
            ],
            [
              76.41886284456486,
              31.441589519710654
            ],
            [
              76.418608,
              31.441577
            ],
            [
              76.41577095526218,
              31.441577
            ],
            [
              76.41588947763108,
              31.441458477631087
            ],
            [
              76.42044647763109,
              31.436901477631086
            ],
            [
              76.42500347763108,
              31.432344477631084
            ],
            [
              76.42956047763109,
              31.427787477631085
            ],
            [
              76.43411667936232,
              31.42323027587771
            ],
            [
              76.43428798554154,
              31.42304122955429
            ],
            [
              76.4344399398656,
              31.422836304683067
            ],
            [
              76.43457107933982,
              31.422617474251584
            ],
            [
              76.43468014137198,
              31.422386845128138
            ],
            [
              76.43476607592835,
              31.422146637777164
            ],
            [
              76.43482805564322,
              31.421899164880898
            ],
            [
              76.43486548378472,
              31.421646809073223
            ],
            [
              76.434878,
              31.421392
            ],
            [
              76.434878,
              31.416835
            ],
            [
              76.43486548378472,
              31.416580190926776
            ],
            [
              76.43482805564322,
              31.4163278351191
            ],
            [
              76.43476607592835,
              31.416080362222836
            ],
            [
              76.43468014137198,
              31.415840154871862
            ],
            [
              76.43457107933982,
              31.415609525748415
            ],
            [
              76.4344399398656,
              31.415390695316933
            ],
            [
              76.43428798554154,
              31.41518577044571
            ],
            [
              76.43411667936232,
              31.41499672412229
            ],
            [
              76.42956067936233,
              31.41043972412229
            ],
            [
              76.42937164307396,
              31.410268353830016
            ],
            [
              76.42916671982101,
              31.41011633752894
            ],
            [
              76.42894788312643,
              31.40998513921915
            ],
            [
              76.42871724050718,
              31.40987602241208
            ],
            [
              76.42847701317781,
              31.409790037962242
            ],
            [
              76.42822951465881,
              31.409728013946882
            ],
            [
              76.4279771284962,
              31.409690547691177
            ],
            [
              76.4277222853067,
              31.409678000015653
            ],
            [
              76.42746743936955,
              31.409690491761285
            ],
            [
              76.42721504499043,
              31.40972790262573
            ],
            [
              76.42696753286518,
              31.409789872321912
            ],
            [
              76.42672728667087,
              31.409875804047786
            ],
            [
              76.42649662010969,
              31.409984870233853
            ],
            [
              76.42627775462671,
              31.41011602051312
            ],
            [
              76.42607279801618,
              31.4102679918367
            ],
            [
              76.42588372412229,
              31.41043932063768
            ],
            [
              76.42571235383002,
              31.41062835692604
            ],
            [
              76.42556033752895,
              31.41083328017899
            ],
            [
              76.42542913921915,
              31.411052116873584
            ],
            [
              76.42532002241208,
              31.411282759492817
            ],
            [
              76.42523403796224,
              31.411522986822188
            ],
            [
              76.42517201394688,
              31.411770485341197
            ],
            [
              76.42513454769119,
              31.412022871503805
            ],
            [
              76.42512200001566,
              31.412277714693296
            ],
            [
              76.42513449176128,
              31.41253256063045
            ],
            [
              76.42517190262573,
              31.412784955009574
            ],
            [
              76.42523387232191,
              31.413032467134826
            ],
            [
              76.42531980404779,
              31.413272713329135
            ],
            [
              76.42542887023386,
              31.41350337989032
            ],
            [
              76.42556002051312,
              31.4137222453733
            ],
            [
              76.4257119918367,
              31.41392720198383
            ],
            [
              76.42588332063768,
              31.41411627587771
            ],
            [
              76.429678,
              31.417911788137168
            ],
            [
              76.429678,
              31.42031521186283
            ],
            [
              76.42588342149367,
              31.424110623244168
            ],
            [
              76.42132652236891,
              31.428667522368915
            ],
            [
              76.41676952236892,
              31.433224522368917
            ],
            [
              76.41221252236892,
              31.437781522368915
            ],
            [
              76.4117725,
              31.438221544737836
            ],
            [
              76.41133247763108,
              31.437781522368915
            ],
            [
              76.41114342253881,
              31.437610172821255
            ],
            [
              76.41093848260584,
              31.437458179008015
            ],
            [
              76.41071963151575,
              31.437327004712696
            ],
            [
              76.41048897692414,
              31.43721791321547
            ],
            [
              76.41024874016085,
              31.437131955127096
            ],
            [
              76.41000123483724,
              31.437069958270953
            ],
            [
              76.40974884456485,
              31.437032519710655
            ],
            [
              76.409494,
              31.43702
            ],
            [
              76.40923915543513,
              31.437032519710655
            ],
            [
              76.40898676516275,
              31.437069958270953
            ],
            [
              76.40873925983914,
              31.437131955127096
            ],
            [
              76.40849902307585,
              31.437217913215473
            ],
            [
              76.40826836848424,
              31.437327004712696
            ],
            [
              76.40804951739415,
              31.437458179008015
            ],
            [
              76.40784457746118,
              31.43761017282126
            ],
            [
              76.40765552236891,
              31.43778152236892
            ],
            [
              76.40309852236892,
              31.442338522368917
            ],
            [
              76.39854152236892,
              31.446895522368916
            ],
            [
              76.39837017282126,
              31.447084577461176
            ],
            [
              76.39821817900801,
              31.44728951739415
            ],
            [
              76.39808700471269,
              31.447508368484254
            ],
            [
              76.39797791321547,
              31.44773902307585
            ],
            [
              76.3978919551271,
              31.44797925983914
            ],
            [
              76.39782995827095,
              31.448226765162758
            ],
            [
              76.39779251971065,
              31.448479155435145
            ],
            [
              76.39778,
              31.448734
            ],
            [
              76.39778,
              31.457848
            ],
            [
              76.39779251971065,
              31.458102844564856
            ],
            [
              76.39782995827095,
              31.45835523483724
            ],
            [
              76.3978919551271,
              31.45860274016086
            ],
            [
              76.39797791321547,
              31.458842976924146
            ],
            [
              76.39808700471269,
              31.459073631515746
            ],
            [
              76.39821817900801,
              31.45929248260585
            ],
            [
              76.39837017282126,
              31.459497422538824
            ],
            [
              76.39854152236892,
              31.459686477631085
            ],
            [
              76.39873057746117,
              31.45985782717874
            ],
            [
              76.39893551739415,
              31.460009820991985
            ],
            [
              76.39903724847971,
              31.460070796258115
            ],
            [
              76.39854152236892,
              31.460566522368914
            ],
            [
              76.39398452236891,
              31.465123522368913
            ],
            [
              76.38942752236892,
              31.469680522368918
            ],
            [
              76.38925617282126,
              31.46986957746118
            ],
            [
              76.38910417900802,
              31.470074517394153
            ],
            [
              76.3889730047127,
              31.470293368484256
            ],
            [
              76.38886391321547,
              31.470524023075853
            ],
            [
              76.3887779551271,
              31.470764259839143
            ],
            [
              76.38871595827095,
              31.47101176516276
            ],
            [
              76.38867851971065,
              31.471264155435147
            ],
            [
              76.388666,
              31.471519000000004
            ],
            [
              76.38867851971065,
              31.47177384456486
            ],
            [
              76.38871595827095,
              31.472026234837244
            ],
            [
              76.3887779551271,
              31.472273740160865
            ],
            [
              76.38886391321547,
              31.47251397692415
            ],
            [
              76.3889730047127,
              31.472744631515752
            ],
            [
              76.38910417900802,
              31.472963482605856
            ],
            [
              76.38925617282126,
              31.47316842253883
            ],
            [
              76.38942752236892,
              31.473357477631087
            ],
            [
              76.38961657746118,
              31.473528827178747
            ],
            [
              76.38982151739415,
              31.47368082099199
            ],
            [
              76.39004036848425,
              31.473811995287306
            ],
            [
              76.39027102307585,
              31.473921086784532
            ],
            [
              76.39051125983914,
              31.474007044872906
            ],
            [
              76.39075876516276,
              31.47406904172905
            ],
            [
              76.39101115543515,
              31.47410648028935
            ],
            [
              76.391266,
              31.474119
            ],
            [
              76.39152084456487,
              31.474106480289347
            ],
            [
              76.39177323483725,
              31.47406904172905
            ],
            [
              76.39202074016086,
              31.474007044872902
            ],
            [
              76.39226097692415,
              31.47392108678453
            ],
            [
              76.39249163151575,
              31.473811995287306
            ],
            [
              76.39271048260585,
              31.473680820991987
            ],
            [
              76.39291542253883,
              31.473528827178743
            ],
            [
              76.39310447763108,
              31.473357477631083
            ],
            [
              76.39766147763108,
              31.46880047763108
            ]
          ],
          [
            [
              76.40665695526218,
              31.455247999999997
            ],
            [
              76.40677547763109,
              31.455129477631086
            ],
            [
              76.40694682717874,
              31.454940422538826
            ],
            [
              76.40709882099199,
              31.45473548260585
            ],
            [
              76.40722999528731,
              31.454516631515748
            ],
            [
              76.40733908678453,
              31.45428597692415
            ],
            [
              76.40742504487291,
              31.45404574016086
            ],
            [
              76.40748704172906,
              31.453798234837244
            ],
            [
              76.40752448028935,
              31.453545844564857
            ],
            [
              76.407537,
              31.453291
            ],
            [
              76.407537,
              31.449810955262162
            ],
            [
              76.41133247763108,
              31.446015477631082
            ],
            [
              76.4117725,
              31.445575455262166
            ],
            [
              76.41221252236892,
              31.446015477631086
            ],
            [
              76.41240157746118,
              31.446186827178746
            ],
            [
              76.41260651739415,
              31.446338820991986
            ],
            [
              76.41270824847972,
              31.446399796258117
            ],
            [
              76.41221252236892,
              31.446895522368916
            ],
            [
              76.41204117282126,
              31.447084577461176
            ],
            [
              76.41188917900801,
              31.44728951739415
            ],
            [
              76.4117580047127,
              31.447508368484254
            ],
            [
              76.41164891321547,
              31.44773902307585
            ],
            [
              76.4115629551271,
              31.44797925983914
            ],
            [
              76.41150095827095,
              31.448226765162758
            ],
            [
              76.41146351971065,
              31.448479155435145
            ],
            [
              76.411451,
              31.448734
            ],
            [
              76.411451,
              31.455247999999997
            ],
            [
              76.40665695526218,
              31.455247999999997
            ]
          ]
        ]
      }
    },
    {
      "type": "Feature",
      "properties": {
        "timestep_min": 240,
        "depth_band": "0.1 - 0.5",
        "min_depth": 0.1,
        "max_depth": 0.5,
        "max_depth_m": 20.0,
        "avg_depth_m": 11.0,
        "inundated_area_km2": 1.74,
        "hazard_level": "Moderate",
        "zone": "downstream",
        "wave_front_km": 105.1
      },
      "geometry": {
        "type": "Polygon",
        "coordinates": [
          [
            [
              76.43655448607541,
              31.397382908746412
            ],
            [
              76.44295554326037,
              31.26992631191074
            ],
            [
              76.35490811122996,
              31.25908043981107
            ],
            [
              76.37949830184193,
              31.268115320342872
            ],
            [
              76.35200965673964,
              31.315147688089258
            ],
            [
              76.42877663314701,
              31.412099623750752
            ],
            [
              76.43655448607541,
              31.397382908746412
            ]
          ]
        ]
      }
    },
    {
      "type": "Feature",
      "properties": {
        "timestep_min": 240,
        "depth_band": "0.5 - 1.0",
        "min_depth": 0.5,
        "max_depth": 1.0,
        "max_depth_m": 20.0,
        "avg_depth_m": 11.0,
        "inundated_area_km2": 1.3,
        "hazard_level": "Moderate",
        "zone": "downstream",
        "wave_front_km": 105.1
      },
      "geometry": {
        "type": "Polygon",
        "coordinates": [
          [
            [
              76.42890574965818,
              31.378802001012584
            ],
            [
              76.4337065425469,
              31.28320955338583
            ],
            [
              76.3676709685241,
              31.275075149311075
            ],
            [
              76.38611361148308,
              31.28185130970993
            ],
            [
              76.36549712765635,
              31.31712558551972
            ],
            [
              76.42307235996188,
              31.38983953726584
            ],
            [
              76.42890574965818,
              31.378802001012584
            ]
          ]
        ]
      }
    },
    {
      "type": "Feature",
      "properties": {
        "timestep_min": 240,
        "depth_band": "1.0 - 2.0",
        "min_depth": 1.0,
        "max_depth": 2.0,
        "max_depth_m": 20.0,
        "avg_depth_m": 11.0,
        "inundated_area_km2": 0.96,
        "hazard_level": "High",
        "zone": "downstream",
        "wave_front_km": 105.1
      },
      "geometry": {
        "type": "Polygon",
        "coordinates": [
          [
            [
              76.42278676052442,
              31.36393727482552
            ],
            [
              76.42630734197614,
              31.2938361465659
            ],
            [
              76.37788125435941,
              31.287870916911082
            ],
            [
              76.391405859196,
              31.292840101203574
            ],
            [
              76.37628710438975,
              31.318707903464087
            ],
            [
              76.41850894141379,
              31.372031468077907
            ],
            [
              76.42278676052442,
              31.36393727482552
            ]
          ]
        ]
      }
    },
    {
      "type": "Feature",
      "properties": {
        "timestep_min": 240,
        "depth_band": "2.0 - 3.0",
        "min_depth": 2.0,
        "max_depth": 3.0,
        "max_depth_m": 20.0,
        "avg_depth_m": 11.0,
        "inundated_area_km2": 0.66,
        "hazard_level": "High",
        "zone": "downstream",
        "wave_front_km": 105.1
      },
      "geometry": {
        "type": "Polygon",
        "coordinates": [
          [
            [
              76.4175856197607,
              31.351302257566516
            ],
            [
              76.42001802149099,
              31.302868750768962
            ],
            [
              76.38655999731944,
              31.29874731937109
            ],
            [
              76.39590426975198,
              31.30218057397317
            ],
            [
              76.3854585846131,
              31.320052873716797
            ],
            [
              76.41463003564792,
              31.356894609268167
            ],
            [
              76.4175856197607,
              31.351302257566516
            ]
          ]
        ]
      }
    },
    {
      "type": "Feature",
      "properties": {
        "timestep_min": 240,
        "depth_band": "3.0 - 5.0",
        "min_depth": 3.0,
        "max_depth": 5.0,
        "max_depth_m": 20.0,
        "avg_depth_m": 11.0,
        "inundated_area_km2": 0.38,
        "hazard_level": "Critical",
        "zone": "downstream",
        "wave_front_km": 105.1
      },
      "geometry": {
        "type": "Polygon",
        "coordinates": [
          [
            [
              76.41269042845369,
              31.339410476616866
            ],
            [
              76.41409866103437,
              31.311370025313018
            ],
            [
              76.39472822598768,
              31.30898393345109
            ],
            [
              76.40013806792231,
              31.310971607168085
            ],
            [
              76.39409056599982,
              31.321318728072292
            ],
            [
              76.41097930080943,
              31.34264815391782
            ],
            [
              76.41269042845369,
              31.339410476616866
            ]
          ]
        ]
      }
    },
    {
      "type": "Feature",
      "properties": {
        "timestep_min": 240,
        "depth_band": "> 5.0",
        "min_depth": 5.0,
        "max_depth": 99.0,
        "max_depth_m": 20.0,
        "avg_depth_m": 11.0,
        "inundated_area_km2": 0.17,
        "hazard_level": "Critical",
        "zone": "downstream",
        "wave_front_km": 105.1
      },
      "geometry": {
        "type": "Polygon",
        "coordinates": [
          [
            [
              76.40901903497343,
              31.330491640904626
            ],
            [
              76.40965914069191,
              31.31774598122106
            ],
            [
              76.40085439748887,
              31.316661394011092
            ],
            [
              76.40331341655008,
              31.317564882064275
            ],
            [
              76.40056455203984,
              31.322268118838913
            ],
            [
              76.40824124968059,
              31.331963312405062
            ],
            [
              76.40901903497343,
              31.330491640904626
            ]
          ]
        ]
      }
    },
    {
      "type": "Feature",
      "properties": {
        "depth_band": "0.1 - 0.5",
        "min_depth": 0.1,
        "max_depth": 0.5,
        "max_depth_m": 33.9,
        "avg_depth_m": 16.9,
        "hazard_level": "Moderate",
        "zone": "reservoir",
        "timestep_min": 270
      },
      "geometry": {
        "type": "Polygon",
        "coordinates": [
          [
            [
              76.38999166815711,
              31.458085510794213
            ],
            [
              76.38846908947566,
              31.459608089475655
            ],
            [
              76.38391208947566,
              31.46416508947567
            ],
            [
              76.38322669128502,
              31.46492130984471
            ],
            [
              76.38261871603204,
              31.465741069576605
            ],
            [
              76.38209401885078,
              31.46661647393702
            ],
            [
              76.38165765286188,
              31.467539092303415
            ],
            [
              76.38131382050838,
              31.468500039356567
            ],
            [
              76.38106583308381,
              31.469490060651044
            ],
            [
              76.3809160788426,
              31.470499621740586
            ],
            [
              76.380866,
              31.47151900000001
            ],
            [
              76.38091607884262,
              31.47253837825944
            ],
            [
              76.38106583308381,
              31.47354793934898
            ],
            [
              76.3813138205084,
              31.47453796064346
            ],
            [
              76.38165765286189,
              31.475498907696608
            ],
            [
              76.38209401885078,
              31.476421526063003
            ],
            [
              76.38261871603206,
              31.477296930423414
            ],
            [
              76.38322669128503,
              31.47811669015531
            ],
            [
              76.38391208947567,
              31.47887291052435
            ],
            [
              76.38466830984471,
              31.47955830871498
            ],
            [
              76.38548806957661,
              31.480166283967954
            ],
            [
              76.38636347393702,
              31.48069098114923
            ],
            [
              76.38728609230341,
              31.481127347138123
            ],
            [
              76.38824703935657,
              31.48147117949162
            ],
            [
              76.38923706065104,
              31.481719166916196
            ],
            [
              76.39024662174059,
              31.481868921157393
            ],
            [
              76.39126600000002,
              31.481919
            ],
            [
              76.39228537825944,
              31.48186892115739
            ],
            [
              76.39329493934898,
              31.481719166916193
            ],
            [
              76.39428496064346,
              31.481471179491614
            ],
            [
              76.3952459076966,
              31.481127347138113
            ],
            [
              76.39616852606301,
              31.480690981149216
            ],
            [
              76.39704393042342,
              31.48016628396794
            ],
            [
              76.39786369015532,
              31.479558308714964
            ],
            [
              76.39861991052435,
              31.47887291052433
            ],
            [
              76.40317691052434,
              31.474315910524336
            ],
            [
              76.40773391052433,
              31.469758910524344
            ],
            [
              76.40924482104869,
              31.468248
            ],
            [
              76.414051,
              31.468248
            ],
            [
              76.41507037825943,
              31.46819792115739
            ],
            [
              76.41607993934898,
              31.46804816691619
            ],
            [
              76.41706996064345,
              31.467800179491615
            ],
            [
              76.4180309076966,
              31.467456347138114
            ],
            [
              76.41895352606299,
              31.46701998114922
            ],
            [
              76.4198289304234,
              31.466495283967944
            ],
            [
              76.4206486901553,
              31.465887308714972
            ],
            [
              76.42140491052434,
              31.46520191052434
            ],
            [
              76.42209030871497,
              31.4644456901553
            ],
            [
              76.42269828396795,
              31.4636259304234
            ],
            [
              76.42322298114922,
              31.46275052606299
            ],
            [
              76.42365934713811,
              31.461827907696595
            ],
            [
              76.42400317949162,
              31.460866960643443
            ],
            [
              76.42425116691619,
              31.459876939348966
            ],
            [
              76.42440092115739,
              31.458867378259427
            ],
            [
              76.424451,
              31.457848
            ],
            [
              76.424451,
              31.45304182104869
            ],
            [
              76.42596191052435,
              31.451530910524344
            ],
            [
              76.42664730871498,
              31.450774690155303
            ],
            [
              76.42725528396795,
              31.449954930423402
            ],
            [
              76.42777998114923,
              31.44907952606299
            ],
            [
              76.42821634713812,
              31.448156907696596
            ],
            [
              76.42856017949163,
              31.447195960643445
            ],
            [
              76.4288081669162,
              31.446205939348967
            ],
            [
              76.42895792115739,
              31.44519637825943
            ],
            [
              76.42900800000001,
              31.444177
            ],
            [
              76.42895792115739,
              31.44315762174057
            ],
            [
              76.4288081669162,
              31.442148060651032
            ],
            [
              76.42856017949163,
              31.441158039356555
            ],
            [
              76.42821634713812,
              31.440197092303404
            ],
            [
              76.4282052312712,
              31.440173589777476
            ],
            [
              76.43051891052434,
              31.437859910524335
            ],
            [
              76.43507591052435,
              31.433302910524343
            ],
            [
              76.43963271744929,
              31.428745103510845
            ],
            [
              76.44031794216622,
              31.427988918217164
            ],
            [
              76.4409257594624,
              31.42716921873227
            ],
            [
              76.44145031735927,
              31.426293897006335
            ],
            [
              76.44188656548795,
              31.42537138051256
            ],
            [
              76.44223030371343,
              31.42441055110865
            ],
            [
              76.44247822257293,
              31.42342065952359
            ],
            [
              76.44262793513889,
              31.422411236292895
            ],
            [
              76.442678,
              31.421392
            ],
            [
              76.442678,
              31.416835
            ],
            [
              76.44262793513889,
              31.415815763707105
            ],
            [
              76.44247822257293,
              31.41480634047641
            ],
            [
              76.44223030371343,
              31.41381644889135
            ],
            [
              76.44188656548795,
              31.41285561948744
            ],
            [
              76.44145031735927,
              31.411933102993665
            ],
            [
              76.4409257594624,
              31.41105778126773
            ],
            [
              76.44031794216622,
              31.410238081782836
            ],
            [
              76.43963271744929,
              31.409481896489154
            ],
            [
              76.43507671744929,
              31.404924896489156
            ],
            [
              76.43432057229585,
              31.40423941532006
            ],
            [
              76.43350087928404,
              31.403631350115766
            ],
            [
              76.43262553250567,
              31.403106556876597
            ],
            [
              76.43170296202874,
              31.40267008964833
            ],
            [
              76.43074205271125,
              31.402326151848964
            ],
            [
              76.42975205863522,
              31.402078055787527
            ],
            [
              76.42874251398479,
              31.401928190764714
            ],
            [
              76.42772314122682,
              31.401878000062617
            ],
            [
              76.42670375747821,
              31.401927967045136
            ],
            [
              76.42569417996171,
              31.40207761050291
            ],
            [
              76.4247041314607,
              31.402325489287648
            ],
            [
              76.42374314668346,
              31.402669216191136
            ],
            [
              76.42282048043873,
              31.4031054809354
            ],
            [
              76.4219450185068,
              31.40363008205247
            ],
            [
              76.42112519206468,
              31.404237967346802
            ],
            [
              76.42036889648917,
              31.404923282550715
            ],
            [
              76.41968341532007,
              31.40567942770416
            ],
            [
              76.41907535011576,
              31.406499120715964
            ],
            [
              76.4185505568766,
              31.40737446749433
            ],
            [
              76.41811408964833,
              31.408297037971266
            ],
            [
              76.41777015184897,
              31.409257947288758
            ],
            [
              76.41752205578753,
              31.410247941364783
            ],
            [
              76.41737219076471,
              31.411257486015213
            ],
            [
              76.41732200006261,
              31.412276858773183
            ],
            [
              76.41737196704514,
              31.413296242521792
            ],
            [
              76.41752161050292,
              31.41430582003829
            ],
            [
              76.41776948928765,
              31.415295868539296
            ],
            [
              76.41811321619114,
              31.416256853316536
            ],
            [
              76.41854948093541,
              31.417179519561277
            ],
            [
              76.41907408205248,
              31.4180549814932
            ],
            [
              76.4196819673468,
              31.41887480793532
            ],
            [
              76.41987516416344,
              31.41908801478787
            ],
            [
              76.41581108947565,
              31.423152089475657
            ],
            [
              76.41125408947566,
              31.427709089475666
            ],
            [
              76.40973151079422,
              31.429231668157108
            ],
            [
              76.40949399999998,
              31.42922
            ],
            [
              76.40847462174055,
              31.429270078842613
            ],
            [
              76.40746506065102,
              31.42941983308381
            ],
            [
              76.40647503935654,
              31.42966782050839
            ],
            [
              76.40551409230339,
              31.430011652861886
            ],
            [
              76.404591473937,
              31.430448018850782
            ],
            [
              76.40371606957659,
              31.43097271603206
            ],
            [
              76.40289630984469,
              31.431580691285035
            ],
            [
              76.40214008947565,
              31.432266089475668
            ],
            [
              76.39758308947566,
              31.436823089475666
            ],
            [
              76.39302608947565,
              31.441380089475658
            ],
            [
              76.39234069128503,
              31.4421363098447
            ],
            [
              76.39173271603205,
              31.4429560695766
            ],
            [
              76.39120801885078,
              31.44383147393701
            ],
            [
              76.39077165286189,
              31.444754092303405
            ],
            [
              76.39042782050838,
              31.445715039356557
            ],
            [
              76.3901798330838,
              31.446705060651034
            ],
            [
              76.39003007884261,
              31.447714621740573
            ],
            [
              76.38998,
              31.448734
            ],
            [
              76.38998,
              31.457848
            ],
            [
              76.38999166815711,
              31.458085510794213
            ]
          ]
        ]
      }
    },
    {
      "type": "Feature",
      "properties": {
        "depth_band": "0.5 - 1.0",
        "min_depth": 0.5,
        "max_depth": 1.0,
        "max_depth_m": 33.9,
        "avg_depth_m": 16.9,
        "hazard_level": "Moderate",
        "zone": "reservoir",
        "timestep_min": 270
      },
      "geometry": {
        "type": "Polygon",
        "coordinates": [
          [
            [
              76.39323747851466,
              31.45925204675125
            ],
            [
              76.39067526263295,
              31.461814262632956
            ],
            [
              76.38611826263296,
              31.46637126263297
            ],
            [
              76.38563848389951,
              31.466900616891294
            ],
            [
              76.38521290122243,
              31.467474448703626
            ],
            [
              76.38484561319554,
              31.468087231755916
            ],
            [
              76.38454015700331,
              31.46873306461239
            ],
            [
              76.38429947435587,
              31.469405727549596
            ],
            [
              76.38412588315866,
              31.470098742455733
            ],
            [
              76.38402105518983,
              31.47080543521841
            ],
            [
              76.38398600000001,
              31.471519000000008
            ],
            [
              76.38402105518983,
              31.47223256478161
            ],
            [
              76.38412588315867,
              31.472939257544287
            ],
            [
              76.38429947435587,
              31.47363227245042
            ],
            [
              76.38454015700333,
              31.474304935387625
            ],
            [
              76.38484561319555,
              31.474950768244103
            ],
            [
              76.38521290122245,
              31.47556355129639
            ],
            [
              76.38563848389953,
              31.476137383108718
            ],
            [
              76.38611826263298,
              31.476666737367044
            ],
            [
              76.3866476168913,
              31.477146516100486
            ],
            [
              76.38722144870363,
              31.477572098777568
            ],
            [
              76.38783423175592,
              31.47793938680446
            ],
            [
              76.3884800646124,
              31.478244842996688
            ],
            [
              76.3891527275496,
              31.478485525644135
            ],
            [
              76.38984574245573,
              31.47865911684134
            ],
            [
              76.39055243521841,
              31.478763944810176
            ],
            [
              76.39126600000002,
              31.478799000000002
            ],
            [
              76.39197956478161,
              31.478763944810172
            ],
            [
              76.39268625754428,
              31.478659116841335
            ],
            [
              76.39337927245042,
              31.47848552564413
            ],
            [
              76.39405193538762,
              31.47824484299668
            ],
            [
              76.3946977682441,
              31.477939386804454
            ],
            [
              76.39531055129639,
              31.477572098777557
            ],
            [
              76.39588438310872,
              31.477146516100476
            ],
            [
              76.39641373736704,
              31.476666737367033
            ],
            [
              76.40097073736703,
              31.47210973736703
            ],
            [
              76.40552773736704,
              31.467552737367043
            ],
            [
              76.40795247473407,
              31.465128
            ],
            [
              76.414051,
              31.465128
            ],
            [
              76.4147645647816,
              31.465092944810173
            ],
            [
              76.41547125754428,
              31.464988116841333
            ],
            [
              76.41616427245042,
              31.46481452564413
            ],
            [
              76.41683693538762,
              31.464573842996682
            ],
            [
              76.4174827682441,
              31.464268386804456
            ],
            [
              76.41809555129639,
              31.463901098777562
            ],
            [
              76.4186693831087,
              31.46347551610048
            ],
            [
              76.41919873736704,
              31.462995737367038
            ],
            [
              76.41967851610048,
              31.46246638310871
            ],
            [
              76.42010409877756,
              31.46189255129638
            ],
            [
              76.42047138680445,
              31.461279768244093
            ],
            [
              76.42077684299669,
              31.460633935387616
            ],
            [
              76.42101752564413,
              31.45996127245041
            ],
            [
              76.42119111684134,
              31.459268257544277
            ],
            [
              76.42129594481017,
              31.458561564781597
            ],
            [
              76.421331,
              31.457848
            ],
            [
              76.421331,
              31.451749474734086
            ],
            [
              76.42375573736705,
              31.44932473736704
            ],
            [
              76.42423551610048,
              31.44879538310871
            ],
            [
              76.42466109877756,
              31.44822155129638
            ],
            [
              76.42502838680446,
              31.447608768244095
            ],
            [
              76.4253338429967,
              31.446962935387617
            ],
            [
              76.42557452564414,
              31.446290272450412
            ],
            [
              76.42574811684135,
              31.44559725754428
            ],
            [
              76.42585294481017,
              31.4448905647816
            ],
            [
              76.425888,
              31.444177
            ],
            [
              76.42585294481017,
              31.4434634352184
            ],
            [
              76.42574811684135,
              31.44275674245572
            ],
            [
              76.42557452564414,
              31.442063727549588
            ],
            [
              76.4253338429967,
              31.441391064612382
            ],
            [
              76.42502838680446,
              31.440745231755905
            ],
            [
              76.42466109877756,
              31.44013244870362
            ],
            [
              76.42430890473037,
              31.439657570003718
            ],
            [
              76.42831273736704,
              31.435653737367034
            ],
            [
              76.43286973736704,
              31.43109673736704
            ],
            [
              76.43742630221449,
              31.42653917245759
            ],
            [
              76.43790595951634,
              31.426009842752016
            ],
            [
              76.43833143162367,
              31.425436053112595
            ],
            [
              76.43869862215149,
              31.424823327904438
            ],
            [
              76.43900399584156,
              31.424177566358793
            ],
            [
              76.4392446125994,
              31.423504985776056
            ],
            [
              76.43941815580105,
              31.422812061666512
            ],
            [
              76.43952295459722,
              31.42210546540503
            ],
            [
              76.43955799999999,
              31.421392
            ],
            [
              76.43955799999999,
              31.416835
            ],
            [
              76.43952295459722,
              31.41612153459497
            ],
            [
              76.43941815580105,
              31.415414938333488
            ],
            [
              76.4392446125994,
              31.414722014223944
            ],
            [
              76.43900399584156,
              31.414049433641207
            ],
            [
              76.43869862215149,
              31.413403672095562
            ],
            [
              76.43833143162367,
              31.412790946887405
            ],
            [
              76.43790595951634,
              31.412217157247984
            ],
            [
              76.43742630221449,
              31.41168782754241
            ],
            [
              76.4328703022145,
              31.40713082754241
            ],
            [
              76.4323410006071,
              31.406650990724042
            ],
            [
              76.43176721549882,
              31.406225345081037
            ],
            [
              76.43115447275397,
              31.40585798981362
            ],
            [
              76.43050867342012,
              31.40555246275383
            ],
            [
              76.42983603689787,
              31.405311706294274
            ],
            [
              76.42914304104465,
              31.40513803905127
            ],
            [
              76.42843635978936,
              31.405033133535298
            ],
            [
              76.42772279885878,
              31.404998000043832
            ],
            [
              76.42700923023475,
              31.405032976931594
            ],
            [
              76.4263025259732,
              31.405137727352038
            ],
            [
              76.42560949202249,
              31.40531124250135
            ],
            [
              76.42493680267843,
              31.405551851333797
            ],
            [
              76.42429093630712,
              31.405857236654782
            ],
            [
              76.42367811295476,
              31.40622445743673
            ],
            [
              76.42310423444528,
              31.406649977142763
            ],
            [
              76.42257482754242,
              31.4071296977855
            ],
            [
              76.42209499072405,
              31.407658999392915
            ],
            [
              76.42166934508104,
              31.408232784501177
            ],
            [
              76.42130198981361,
              31.40884552724603
            ],
            [
              76.42099646275383,
              31.409491326579886
            ],
            [
              76.42075570629427,
              31.41016396310213
            ],
            [
              76.42058203905127,
              31.41085695895535
            ],
            [
              76.4204771335353,
              31.411563640210648
            ],
            [
              76.42044200004383,
              31.41227720114123
            ],
            [
              76.4204769769316,
              31.412990769765255
            ],
            [
              76.42058172735204,
              31.4136974740268
            ],
            [
              76.42075524250136,
              31.414390507977508
            ],
            [
              76.4209958513338,
              31.415063197321576
            ],
            [
              76.42130123665478,
              31.415709063692894
            ],
            [
              76.42166845743672,
              31.41632188704524
            ],
            [
              76.42209397714277,
              31.416895765554724
            ],
            [
              76.42257369778551,
              31.41742517245759
            ],
            [
              76.4242616548369,
              31.4191135
            ],
            [
              76.42257398023406,
              31.42080154503186
            ],
            [
              76.41801726263296,
              31.42535826263296
            ],
            [
              76.41346026263297,
              31.429915262632967
            ],
            [
              76.41089804675126,
              31.432477478514677
            ],
            [
              76.41020756478159,
              31.432375055189826
            ],
            [
              76.409494,
              31.43234
            ],
            [
              76.40878043521839,
              31.43237505518983
            ],
            [
              76.40807374245571,
              31.432479883158667
            ],
            [
              76.40738072754958,
              31.432653474355874
            ],
            [
              76.40670806461237,
              31.43289415700332
            ],
            [
              76.4060622317559,
              31.433199613195548
            ],
            [
              76.4054494487036,
              31.43356690122244
            ],
            [
              76.40487561689127,
              31.433992483899523
            ],
            [
              76.40434626263296,
              31.43447226263297
            ],
            [
              76.39978926263296,
              31.439029262632967
            ],
            [
              76.39523226263296,
              31.443586262632962
            ],
            [
              76.39475248389952,
              31.444115616891292
            ],
            [
              76.39432690122244,
              31.44468944870362
            ],
            [
              76.39395961319555,
              31.445302231755907
            ],
            [
              76.39365415700331,
              31.445948064612384
            ],
            [
              76.39341347435587,
              31.44662072754959
            ],
            [
              76.39323988315866,
              31.447313742455723
            ],
            [
              76.39313505518983,
              31.448020435218403
            ],
            [
              76.3931,
              31.448734
            ],
            [
              76.3931,
              31.457848
            ],
            [
              76.39313505518983,
              31.458561564781597
            ],
            [
              76.39323747851466,
              31.45925204675125
            ]
          ]
        ]
      }
    },
    {
      "type": "Feature",
      "properties": {
        "depth_band": "1.0 - 2.0",
        "min_depth": 1.0,
        "max_depth": 2.0,
        "max_depth_m": 33.9,
        "avg_depth_m": 16.9,
        "hazard_level": "Moderate",
        "zone": "reservoir",
        "timestep_min": 270
      },
      "geometry": {
        "type": "Polygon",
        "coordinates": [
          [
            [
              76.39620756989436,
              31.459958910633734
            ],
            [
              76.39251374026404,
              31.463652740264042
            ],
            [
              76.38795674026404,
              31.46820974026405
            ],
            [
              76.38764831107827,
              31.46855003943012
            ],
            [
              76.38737472221442,
              31.468918931309474
            ],
            [
              76.38713860848284,
              31.46931286327166
            ],
            [
              76.38694224378784,
              31.469728041536538
            ],
            [
              76.38678751922878,
              31.470160467710453
            ],
            [
              76.38667592488771,
              31.47060597729297
            ],
            [
              76.38660853547917,
              31.471060279783263
            ],
            [
              76.38658600000001,
              31.471519000000008
            ],
            [
              76.38660853547917,
              31.47197772021675
            ],
            [
              76.38667592488771,
              31.472432022707043
            ],
            [
              76.38678751922878,
              31.472877532289555
            ],
            [
              76.38694224378786,
              31.473309958463474
            ],
            [
              76.38713860848286,
              31.47372513672835
            ],
            [
              76.38737472221443,
              31.474119068690538
            ],
            [
              76.38764831107827,
              31.474487960569892
            ],
            [
              76.38795674026406,
              31.474828259735958
            ],
            [
              76.38829703943011,
              31.47513668892174
            ],
            [
              76.38866593130948,
              31.47541027778558
            ],
            [
              76.38905986327165,
              31.475646391517152
            ],
            [
              76.38947504153654,
              31.475842756212156
            ],
            [
              76.38990746771046,
              31.47599748077123
            ],
            [
              76.39035297729298,
              31.476109075112287
            ],
            [
              76.39080727978326,
              31.476176464520826
            ],
            [
              76.391266,
              31.476199
            ],
            [
              76.39172472021674,
              31.476176464520826
            ],
            [
              76.39217902270704,
              31.476109075112287
            ],
            [
              76.39262453228956,
              31.475997480771227
            ],
            [
              76.39305695846348,
              31.475842756212153
            ],
            [
              76.39347213672835,
              31.47564639151715
            ],
            [
              76.39386606869054,
              31.475410277785574
            ],
            [
              76.39423496056989,
              31.475136688921737
            ],
            [
              76.39457525973596,
              31.47482825973595
            ],
            [
              76.39913225973595,
              31.47027125973595
            ],
            [
              76.40368925973596,
              31.465714259735957
            ],
            [
              76.40687551947191,
              31.462528
            ],
            [
              76.414051,
              31.462528
            ],
            [
              76.41450972021674,
              31.462505464520824
            ],
            [
              76.41496402270704,
              31.462438075112285
            ],
            [
              76.41540953228956,
              31.462326480771225
            ],
            [
              76.41584195846347,
              31.46217175621215
            ],
            [
              76.41625713672835,
              31.46197539151715
            ],
            [
              76.41665106869053,
              31.461739277785576
            ],
            [
              76.41701996056989,
              31.461465688921734
            ],
            [
              76.41736025973596,
              31.461157259735952
            ],
            [
              76.41766868892174,
              31.460816960569883
            ],
            [
              76.41794227778557,
              31.460448068690532
            ],
            [
              76.41817839151715,
              31.460054136728345
            ],
            [
              76.41837475621216,
              31.45963895846347
            ],
            [
              76.41852948077123,
              31.45920653228955
            ],
            [
              76.41864107511229,
              31.458761022707034
            ],
            [
              76.41870846452083,
              31.45830672021674
            ],
            [
              76.418731,
              31.457848
            ],
            [
              76.418731,
              31.45067251947192
            ],
            [
              76.42191725973596,
              31.447486259735953
            ],
            [
              76.42222568892174,
              31.447145960569884
            ],
            [
              76.42249927778559,
              31.44677706869053
            ],
            [
              76.42273539151715,
              31.446383136728343
            ],
            [
              76.42293175621217,
              31.445967958463466
            ],
            [
              76.42308648077123,
              31.445535532289547
            ],
            [
              76.4231980751123,
              31.445090022707035
            ],
            [
              76.42326546452084,
              31.44463572021674
            ],
            [
              76.423288,
              31.444177
            ],
            [
              76.42326546452084,
              31.443718279783255
            ],
            [
              76.4231980751123,
              31.44326397729296
            ],
            [
              76.42308648077123,
              31.44281846771045
            ],
            [
              76.42293175621217,
              31.44238604153653
            ],
            [
              76.42273539151715,
              31.441970863271653
            ],
            [
              76.42249927778558,
              31.441576931309466
            ],
            [
              76.42222568892174,
              31.441208039430112
            ],
            [
              76.42191725973596,
              31.440867740264046
            ],
            [
              76.4215769605699,
              31.44055931107826
            ],
            [
              76.42120806869053,
              31.440285722214423
            ],
            [
              76.42081413672835,
              31.44004960848285
            ],
            [
              76.42042429323129,
              31.439865226240627
            ],
            [
              76.42191725973596,
              31.438372259735953
            ],
            [
              76.42647425973595,
              31.43381525973595
            ],
            [
              76.43103125973596,
              31.429258259735953
            ],
            [
              76.43558762285218,
              31.424700896579882
            ],
            [
              76.4358959739748,
              31.42436061319772
            ],
            [
              76.43616949175808,
              31.423991748429522
            ],
            [
              76.43640554281167,
              31.42359785365285
            ],
            [
              76.43660185446957,
              31.42318272123065
            ],
            [
              76.43675653667104,
              31.422750347998893
            ],
            [
              76.43686810015781,
              31.422304896785615
            ],
            [
              76.4369354708125,
              31.421850656331802
            ],
            [
              76.43695799999999,
              31.421392
            ],
            [
              76.43695799999999,
              31.416835
            ],
            [
              76.4369354708125,
              31.416376343668198
            ],
            [
              76.43686810015781,
              31.415922103214385
            ],
            [
              76.43675653667104,
              31.415476652001107
            ],
            [
              76.43660185446957,
              31.41504427876935
            ],
            [
              76.43640554281167,
              31.41462914634715
            ],
            [
              76.43616949175808,
              31.414235251570478
            ],
            [
              76.4358959739748,
              31.41386638680228
            ],
            [
              76.43558762285218,
              31.413526103420118
            ],
            [
              76.43103162285219,
              31.40896910342012
            ],
            [
              76.43069135753314,
              31.408660636894027
            ],
            [
              76.43032249567781,
              31.408387007552093
            ],
            [
              76.42992858962755,
              31.40815085059447
            ],
            [
              76.42951343291293,
              31.407954440341747
            ],
            [
              76.42908102372006,
              31.407799668332032
            ],
            [
              76.42863552638585,
              31.407688025104388
            ],
            [
              76.42818123129315,
              31.40762058584412
            ],
            [
              76.42772251355207,
              31.407598000028177
            ],
            [
              76.4272637908652,
              31.407620485170312
            ],
            [
              76.42680948098277,
              31.40768782472631
            ],
            [
              76.42636395915731,
              31.40779937017944
            ],
            [
              76.42593151600757,
              31.40795404728601
            ],
            [
              76.42551631619743,
              31.40815036642093
            ],
            [
              76.42512235832807,
              31.40838643692361
            ],
            [
              76.42475343642911,
              31.408659985306063
            ],
            [
              76.42441310342012,
              31.408968377147822
            ],
            [
              76.42410463689403,
              31.409308642466872
            ],
            [
              76.4238310075521,
              31.409677504322186
            ],
            [
              76.42359485059447,
              31.41007141037245
            ],
            [
              76.42339844034176,
              31.41048656708707
            ],
            [
              76.42324366833203,
              31.41091897627994
            ],
            [
              76.4231320251044,
              31.411364473614153
            ],
            [
              76.42306458584412,
              31.411818768706844
            ],
            [
              76.42304200002818,
              31.412277486447934
            ],
            [
              76.42306448517031,
              31.412736209134806
            ],
            [
              76.42313182472631,
              31.41319051901723
            ],
            [
              76.42324337017945,
              31.413636040842682
            ],
            [
              76.42339804728601,
              31.41406848399244
            ],
            [
              76.42359436642093,
              31.414483683802576
            ],
            [
              76.42383043692361,
              31.41487764167194
            ],
            [
              76.42410398530606,
              31.415246563570893
            ],
            [
              76.42441237714782,
              31.41558689657988
            ],
            [
              76.427598,
              31.41877321864692
            ],
            [
              76.427598,
              31.41945378135308
            ],
            [
              76.42441255867564,
              31.42263992185245
            ],
            [
              76.41985574026404,
              31.427196740264048
            ],
            [
              76.41529874026405,
              31.43175374026405
            ],
            [
              76.41160491063374,
              31.435447569894357
            ],
            [
              76.41128495846347,
              31.43529624378785
            ],
            [
              76.41085253228954,
              31.435141519228775
            ],
            [
              76.41040702270703,
              31.435029924887715
            ],
            [
              76.40995272021674,
              31.434962535479176
            ],
            [
              76.409494,
              31.43494
            ],
            [
              76.40903527978325,
              31.434962535479176
            ],
            [
              76.40858097729296,
              31.435029924887715
            ],
            [
              76.40813546771044,
              31.435141519228775
            ],
            [
              76.40770304153652,
              31.43529624378785
            ],
            [
              76.40728786327165,
              31.435492608482853
            ],
            [
              76.40689393130945,
              31.435728722214428
            ],
            [
              76.40652503943011,
              31.436002311078266
            ],
            [
              76.40618474026404,
              31.43631074026405
            ],
            [
              76.40162774026405,
              31.44086774026405
            ],
            [
              76.39707074026404,
              31.44542474026405
            ],
            [
              76.39676231107826,
              31.445765039430118
            ],
            [
              76.39648872221443,
              31.446133931309472
            ],
            [
              76.39625260848285,
              31.44652786327166
            ],
            [
              76.39605624378784,
              31.446943041536535
            ],
            [
              76.39590151922877,
              31.44737546771045
            ],
            [
              76.39578992488771,
              31.447820977292967
            ],
            [
              76.39572253547917,
              31.44827527978326
            ],
            [
              76.3957,
              31.448734
            ],
            [
              76.3957,
              31.457848
            ],
            [
              76.39572253547917,
              31.45830672021674
            ],
            [
              76.39578992488771,
              31.458761022707034
            ],
            [
              76.39590151922877,
              31.45920653228955
            ],
            [
              76.39605624378784,
              31.45963895846347
            ],
            [
              76.39620756989436,
              31.459958910633734
            ]
          ]
        ]
      }
    },
    {
      "type": "Feature",
      "properties": {
        "depth_band": "2.0 - 3.0",
        "min_depth": 2.0,
        "max_depth": 3.0,
        "max_depth_m": 33.9,
        "avg_depth_m": 16.9,
        "hazard_level": "Moderate",
        "zone": "reservoir",
        "timestep_min": 270
      },
      "geometry": {
        "type": "Polygon",
        "coordinates": [
          [
            [
              76.39766147763108,
              31.46880047763108
            ],
            [
              76.40221847763108,
              31.464243477631086
            ],
            [
              76.40601395526217,
              31.460448
            ],
            [
              76.414051,
              31.460448
            ],
            [
              76.41430584456485,
              31.460435480289345
            ],
            [
              76.41455823483724,
              31.460398041729047
            ],
            [
              76.41480574016086,
              31.460336044872903
            ],
            [
              76.41504597692415,
              31.460250086784527
            ],
            [
              76.41527663151575,
              31.460140995287304
            ],
            [
              76.41549548260585,
              31.460009820991985
            ],
            [
              76.41570042253882,
              31.45985782717874
            ],
            [
              76.41588947763108,
              31.459686477631085
            ],
            [
              76.41606082717874,
              31.459497422538824
            ],
            [
              76.41621282099199,
              31.45929248260585
            ],
            [
              76.4163439952873,
              31.459073631515746
            ],
            [
              76.41645308678453,
              31.45884297692415
            ],
            [
              76.4165390448729,
              31.45860274016086
            ],
            [
              76.41660104172905,
              31.458355234837242
            ],
            [
              76.41663848028935,
              31.458102844564856
            ],
            [
              76.416651,
              31.457848
            ],
            [
              76.416651,
              31.44981095526217
            ],
            [
              76.42044647763109,
              31.446015477631086
            ],
            [
              76.42061782717875,
              31.445826422538826
            ],
            [
              76.42076982099199,
              31.44562148260585
            ],
            [
              76.42090099528731,
              31.445402631515748
            ],
            [
              76.42101008678453,
              31.44517197692415
            ],
            [
              76.42109604487291,
              31.444931740160865
            ],
            [
              76.42115804172906,
              31.444684234837244
            ],
            [
              76.42119548028936,
              31.444431844564857
            ],
            [
              76.42120800000001,
              31.444177
            ],
            [
              76.42119548028936,
              31.443922155435146
            ],
            [
              76.42115804172906,
              31.44366976516276
            ],
            [
              76.42109604487291,
              31.44342225983914
            ],
            [
              76.42101008678453,
              31.443182023075853
            ],
            [
              76.42090099528731,
              31.442951368484252
            ],
            [
              76.42076982099199,
              31.44273251739415
            ],
            [
              76.42061782717875,
              31.442527577461174
            ],
            [
              76.42044647763109,
              31.442338522368914
            ],
            [
              76.42025742253884,
              31.442167172821257
            ],
            [
              76.42005248260585,
              31.442015179008013
            ],
            [
              76.41983363151576,
              31.441884004712694
            ],
            [
              76.41960297692415,
              31.441774913215472
            ],
            [
              76.41936274016086,
              31.441688955127095
            ],
            [
              76.41911523483725,
              31.44162695827095
            ],
            [
              76.41886284456486,
              31.441589519710654
            ],
            [
              76.418608,
              31.441577
            ],
            [
              76.41577095526218,
              31.441577
            ],
            [
              76.41588947763108,
              31.441458477631087
            ],
            [
              76.42044647763109,
              31.436901477631086
            ],
            [
              76.42500347763108,
              31.432344477631084
            ],
            [
              76.42956047763109,
              31.427787477631085
            ],
            [
              76.43411667936232,
              31.42323027587771
            ],
            [
              76.43428798554154,
              31.42304122955429
            ],
            [
              76.4344399398656,
              31.422836304683067
            ],
            [
              76.43457107933982,
              31.422617474251584
            ],
            [
              76.43468014137198,
              31.422386845128138
            ],
            [
              76.43476607592835,
              31.422146637777164
            ],
            [
              76.43482805564322,
              31.421899164880898
            ],
            [
              76.43486548378472,
              31.421646809073223
            ],
            [
              76.434878,
              31.421392
            ],
            [
              76.434878,
              31.416835
            ],
            [
              76.43486548378472,
              31.416580190926776
            ],
            [
              76.43482805564322,
              31.4163278351191
            ],
            [
              76.43476607592835,
              31.416080362222836
            ],
            [
              76.43468014137198,
              31.415840154871862
            ],
            [
              76.43457107933982,
              31.415609525748415
            ],
            [
              76.4344399398656,
              31.415390695316933
            ],
            [
              76.43428798554154,
              31.41518577044571
            ],
            [
              76.43411667936232,
              31.41499672412229
            ],
            [
              76.42956067936233,
              31.41043972412229
            ],
            [
              76.42937164307396,
              31.410268353830016
            ],
            [
              76.42916671982101,
              31.41011633752894
            ],
            [
              76.42894788312643,
              31.40998513921915
            ],
            [
              76.42871724050718,
              31.40987602241208
            ],
            [
              76.42847701317781,
              31.409790037962242
            ],
            [
              76.42822951465881,
              31.409728013946882
            ],
            [
              76.4279771284962,
              31.409690547691177
            ],
            [
              76.4277222853067,
              31.409678000015653
            ],
            [
              76.42746743936955,
              31.409690491761285
            ],
            [
              76.42721504499043,
              31.40972790262573
            ],
            [
              76.42696753286518,
              31.409789872321912
            ],
            [
              76.42672728667087,
              31.409875804047786
            ],
            [
              76.42649662010969,
              31.409984870233853
            ],
            [
              76.42627775462671,
              31.41011602051312
            ],
            [
              76.42607279801618,
              31.4102679918367
            ],
            [
              76.42588372412229,
              31.41043932063768
            ],
            [
              76.42571235383002,
              31.41062835692604
            ],
            [
              76.42556033752895,
              31.41083328017899
            ],
            [
              76.42542913921915,
              31.411052116873584
            ],
            [
              76.42532002241208,
              31.411282759492817
            ],
            [
              76.42523403796224,
              31.411522986822188
            ],
            [
              76.42517201394688,
              31.411770485341197
            ],
            [
              76.42513454769119,
              31.412022871503805
            ],
            [
              76.42512200001566,
              31.412277714693296
            ],
            [
              76.42513449176128,
              31.41253256063045
            ],
            [
              76.42517190262573,
              31.412784955009574
            ],
            [
              76.42523387232191,
              31.413032467134826
            ],
            [
              76.42531980404779,
              31.413272713329135
            ],
            [
              76.42542887023386,
              31.41350337989032
            ],
            [
              76.42556002051312,
              31.4137222453733
            ],
            [
              76.4257119918367,
              31.41392720198383
            ],
            [
              76.42588332063768,
              31.41411627587771
            ],
            [
              76.429678,
              31.417911788137168
            ],
            [
              76.429678,
              31.42031521186283
            ],
            [
              76.42588342149367,
              31.424110623244168
            ],
            [
              76.42132652236891,
              31.428667522368915
            ],
            [
              76.41676952236892,
              31.433224522368917
            ],
            [
              76.41221252236892,
              31.437781522368915
            ],
            [
              76.4117725,
              31.438221544737836
            ],
            [
              76.41133247763108,
              31.437781522368915
            ],
            [
              76.41114342253881,
              31.437610172821255
            ],
            [
              76.41093848260584,
              31.437458179008015
            ],
            [
              76.41071963151575,
              31.437327004712696
            ],
            [
              76.41048897692414,
              31.43721791321547
            ],
            [
              76.41024874016085,
              31.437131955127096
            ],
            [
              76.41000123483724,
              31.437069958270953
            ],
            [
              76.40974884456485,
              31.437032519710655
            ],
            [
              76.409494,
              31.43702
            ],
            [
              76.40923915543513,
              31.437032519710655
            ],
            [
              76.40898676516275,
              31.437069958270953
            ],
            [
              76.40873925983914,
              31.437131955127096
            ],
            [
              76.40849902307585,
              31.437217913215473
            ],
            [
              76.40826836848424,
              31.437327004712696
            ],
            [
              76.40804951739415,
              31.437458179008015
            ],
            [
              76.40784457746118,
              31.43761017282126
            ],
            [
              76.40765552236891,
              31.43778152236892
            ],
            [
              76.40309852236892,
              31.442338522368917
            ],
            [
              76.39854152236892,
              31.446895522368916
            ],
            [
              76.39837017282126,
              31.447084577461176
            ],
            [
              76.39821817900801,
              31.44728951739415
            ],
            [
              76.39808700471269,
              31.447508368484254
            ],
            [
              76.39797791321547,
              31.44773902307585
            ],
            [
              76.3978919551271,
              31.44797925983914
            ],
            [
              76.39782995827095,
              31.448226765162758
            ],
            [
              76.39779251971065,
              31.448479155435145
            ],
            [
              76.39778,
              31.448734
            ],
            [
              76.39778,
              31.457848
            ],
            [
              76.39779251971065,
              31.458102844564856
            ],
            [
              76.39782995827095,
              31.45835523483724
            ],
            [
              76.3978919551271,
              31.45860274016086
            ],
            [
              76.39797791321547,
              31.458842976924146
            ],
            [
              76.39808700471269,
              31.459073631515746
            ],
            [
              76.39821817900801,
              31.45929248260585
            ],
            [
              76.39837017282126,
              31.459497422538824
            ],
            [
              76.39854152236892,
              31.459686477631085
            ],
            [
              76.39873057746117,
              31.45985782717874
            ],
            [
              76.39893551739415,
              31.460009820991985
            ],
            [
              76.39903724847971,
              31.460070796258115
            ],
            [
              76.39854152236892,
              31.460566522368914
            ],
            [
              76.39398452236891,
              31.465123522368913
            ],
            [
              76.38942752236892,
              31.469680522368918
            ],
            [
              76.38925617282126,
              31.46986957746118
            ],
            [
              76.38910417900802,
              31.470074517394153
            ],
            [
              76.3889730047127,
              31.470293368484256
            ],
            [
              76.38886391321547,
              31.470524023075853
            ],
            [
              76.3887779551271,
              31.470764259839143
            ],
            [
              76.38871595827095,
              31.47101176516276
            ],
            [
              76.38867851971065,
              31.471264155435147
            ],
            [
              76.388666,
              31.471519000000004
            ],
            [
              76.38867851971065,
              31.47177384456486
            ],
            [
              76.38871595827095,
              31.472026234837244
            ],
            [
              76.3887779551271,
              31.472273740160865
            ],
            [
              76.38886391321547,
              31.47251397692415
            ],
            [
              76.3889730047127,
              31.472744631515752
            ],
            [
              76.38910417900802,
              31.472963482605856
            ],
            [
              76.38925617282126,
              31.47316842253883
            ],
            [
              76.38942752236892,
              31.473357477631087
            ],
            [
              76.38961657746118,
              31.473528827178747
            ],
            [
              76.38982151739415,
              31.47368082099199
            ],
            [
              76.39004036848425,
              31.473811995287306
            ],
            [
              76.39027102307585,
              31.473921086784532
            ],
            [
              76.39051125983914,
              31.474007044872906
            ],
            [
              76.39075876516276,
              31.47406904172905
            ],
            [
              76.39101115543515,
              31.47410648028935
            ],
            [
              76.391266,
              31.474119
            ],
            [
              76.39152084456487,
              31.474106480289347
            ],
            [
              76.39177323483725,
              31.47406904172905
            ],
            [
              76.39202074016086,
              31.474007044872902
            ],
            [
              76.39226097692415,
              31.47392108678453
            ],
            [
              76.39249163151575,
              31.473811995287306
            ],
            [
              76.39271048260585,
              31.473680820991987
            ],
            [
              76.39291542253883,
              31.473528827178743
            ],
            [
              76.39310447763108,
              31.473357477631083
            ],
            [
              76.39766147763108,
              31.46880047763108
            ]
          ],
          [
            [
              76.40665695526218,
              31.455247999999997
            ],
            [
              76.40677547763109,
              31.455129477631086
            ],
            [
              76.40694682717874,
              31.454940422538826
            ],
            [
              76.40709882099199,
              31.45473548260585
            ],
            [
              76.40722999528731,
              31.454516631515748
            ],
            [
              76.40733908678453,
              31.45428597692415
            ],
            [
              76.40742504487291,
              31.45404574016086
            ],
            [
              76.40748704172906,
              31.453798234837244
            ],
            [
              76.40752448028935,
              31.453545844564857
            ],
            [
              76.407537,
              31.453291
            ],
            [
              76.407537,
              31.449810955262162
            ],
            [
              76.41133247763108,
              31.446015477631082
            ],
            [
              76.4117725,
              31.445575455262166
            ],
            [
              76.41221252236892,
              31.446015477631086
            ],
            [
              76.41240157746118,
              31.446186827178746
            ],
            [
              76.41260651739415,
              31.446338820991986
            ],
            [
              76.41270824847972,
              31.446399796258117
            ],
            [
              76.41221252236892,
              31.446895522368916
            ],
            [
              76.41204117282126,
              31.447084577461176
            ],
            [
              76.41188917900801,
              31.44728951739415
            ],
            [
              76.4117580047127,
              31.447508368484254
            ],
            [
              76.41164891321547,
              31.44773902307585
            ],
            [
              76.4115629551271,
              31.44797925983914
            ],
            [
              76.41150095827095,
              31.448226765162758
            ],
            [
              76.41146351971065,
              31.448479155435145
            ],
            [
              76.411451,
              31.448734
            ],
            [
              76.411451,
              31.455247999999997
            ],
            [
              76.40665695526218,
              31.455247999999997
            ]
          ]
        ]
      }
    },
    {
      "type": "Feature",
      "properties": {
        "timestep_min": 270,
        "depth_band": "0.1 - 0.5",
        "min_depth": 0.1,
        "max_depth": 0.5,
        "max_depth_m": 18.6,
        "avg_depth_m": 10.2,
        "inundated_area_km2": 1.65,
        "hazard_level": "Moderate",
        "zone": "downstream",
        "wave_front_km": 114.9
      },
      "geometry": {
        "type": "Polygon",
        "coordinates": [
          [
            [
              76.43629001687832,
              31.397883319057176
            ],
            [
              76.44295554326037,
              31.26992631191074
            ],
            [
              76.35520401627544,
              31.25918916067366
            ],
            [
              76.37698487750013,
              31.267191842806145
            ],
            [
              76.35200965673964,
              31.315147688089258
            ],
            [
              76.42873832274161,
              31.41217211204839
            ],
            [
              76.43629001687832,
              31.397883319057176
            ]
          ]
        ]
      }
    },
    {
      "type": "Feature",
      "properties": {
        "timestep_min": 270,
        "depth_band": "0.5 - 1.0",
        "min_depth": 0.5,
        "max_depth": 1.0,
        "max_depth_m": 18.6,
        "avg_depth_m": 10.2,
        "inundated_area_km2": 1.24,
        "hazard_level": "Moderate",
        "zone": "downstream",
        "wave_front_km": 114.9
      },
      "geometry": {
        "type": "Polygon",
        "coordinates": [
          [
            [
              76.42861667945009,
              31.37909209377295
            ],
            [
              76.43361582423663,
              31.283124338413124
            ],
            [
              76.36780217899793,
              31.275071474985314
            ],
            [
              76.38413782491645,
              31.281073486584678
            ],
            [
              76.36540640934608,
              31.317040370547012
            ],
            [
              76.42295290884756,
              31.38980868851636
            ],
            [
              76.42861667945009,
              31.37909209377295
            ]
          ]
        ]
      }
    },
    {
      "type": "Feature",
      "properties": {
        "timestep_min": 270,
        "depth_band": "1.0 - 2.0",
        "min_depth": 1.0,
        "max_depth": 2.0,
        "max_depth_m": 18.6,
        "avg_depth_m": 10.2,
        "inundated_area_km2": 0.91,
        "hazard_level": "High",
        "zone": "downstream",
        "wave_front_km": 114.9
      },
      "geometry": {
        "type": "Polygon",
        "coordinates": [
          [
            [
              76.42247800950751,
              31.364059113545572
            ],
            [
              76.42614404901764,
              31.29368275961503
            ],
            [
              76.37788070917593,
              31.287777326434636
            ],
            [
              76.3898601828495,
              31.292178801607506
            ],
            [
              76.37612381143124,
              31.318554516513217
            ],
            [
              76.41832457773232,
              31.371917949690737
            ],
            [
              76.42247800950751,
              31.364059113545572
            ]
          ]
        ]
      }
    },
    {
      "type": "Feature",
      "properties": {
        "timestep_min": 270,
        "depth_band": "2.0 - 3.0",
        "min_depth": 2.0,
        "max_depth": 3.0,
        "max_depth_m": 18.6,
        "avg_depth_m": 10.2,
        "inundated_area_km2": 0.63,
        "hazard_level": "High",
        "zone": "downstream",
        "wave_front_km": 114.9
      },
      "geometry": {
        "type": "Polygon",
        "coordinates": [
          [
            [
              76.41726014005631,
              31.351281080352297
            ],
            [
              76.4197930400815,
              31.302657417636652
            ],
            [
              76.38644745982722,
              31.298577300166563
            ],
            [
              76.3947241870926,
              31.301618319376907
            ],
            [
              76.38523360320362,
              31.31984154058449
            ],
            [
              76.41439049628437,
              31.356710821688957
            ],
            [
              76.41726014005631,
              31.351281080352297
            ]
          ]
        ]
      }
    },
    {
      "type": "Feature",
      "properties": {
        "timestep_min": 270,
        "depth_band": "3.0 - 5.0",
        "min_depth": 3.0,
        "max_depth": 5.0,
        "max_depth_m": 18.6,
        "avg_depth_m": 10.2,
        "inundated_area_km2": 0.36,
        "hazard_level": "Critical",
        "zone": "downstream",
        "wave_front_km": 114.9
      },
      "geometry": {
        "type": "Polygon",
        "coordinates": [
          [
            [
              76.41234920410224,
              31.339254696170393
            ],
            [
              76.4138156199063,
              31.311104154598176
            ],
            [
              76.39451028396962,
              31.30874198132602
            ],
            [
              76.39930207343905,
              31.310502571395165
            ],
            [
              76.39380752487173,
              31.32105285735745
            ],
            [
              76.41068783139218,
              31.342398230628458
            ],
            [
              76.41234920410224,
              31.339254696170393
            ]
          ]
        ]
      }
    },
    {
      "type": "Feature",
      "properties": {
        "timestep_min": 270,
        "depth_band": "> 5.0",
        "min_depth": 5.0,
        "max_depth": 99.0,
        "max_depth_m": 18.6,
        "avg_depth_m": 10.2,
        "inundated_area_km2": 0.16,
        "hazard_level": "Critical",
        "zone": "downstream",
        "wave_front_km": 114.9
      },
      "geometry": {
        "type": "Polygon",
        "coordinates": [
          [
            [
              76.4086660021367,
              31.33023490803396
            ],
            [
              76.4093325547749,
              31.317439207319318
            ],
            [
              76.40055740207642,
              31.31636549219561
            ],
            [
              76.40273548819889,
              31.31716576040886
            ],
            [
              76.40023796612283,
              31.321961344937172
            ],
            [
              76.40791083272303,
              31.331663787333085
            ],
            [
              76.4086660021367,
              31.33023490803396
            ]
          ]
        ]
      }
    },
    {
      "type": "Feature",
      "properties": {
        "depth_band": "0.1 - 0.5",
        "min_depth": 0.1,
        "max_depth": 0.5,
        "max_depth_m": 33.9,
        "avg_depth_m": 16.9,
        "hazard_level": "Moderate",
        "zone": "reservoir",
        "timestep_min": 300
      },
      "geometry": {
        "type": "Polygon",
        "coordinates": [
          [
            [
              76.38999166815711,
              31.458085510794213
            ],
            [
              76.38846908947566,
              31.459608089475655
            ],
            [
              76.38391208947566,
              31.46416508947567
            ],
            [
              76.38322669128502,
              31.46492130984471
            ],
            [
              76.38261871603204,
              31.465741069576605
            ],
            [
              76.38209401885078,
              31.46661647393702
            ],
            [
              76.38165765286188,
              31.467539092303415
            ],
            [
              76.38131382050838,
              31.468500039356567
            ],
            [
              76.38106583308381,
              31.469490060651044
            ],
            [
              76.3809160788426,
              31.470499621740586
            ],
            [
              76.380866,
              31.47151900000001
            ],
            [
              76.38091607884262,
              31.47253837825944
            ],
            [
              76.38106583308381,
              31.47354793934898
            ],
            [
              76.3813138205084,
              31.47453796064346
            ],
            [
              76.38165765286189,
              31.475498907696608
            ],
            [
              76.38209401885078,
              31.476421526063003
            ],
            [
              76.38261871603206,
              31.477296930423414
            ],
            [
              76.38322669128503,
              31.47811669015531
            ],
            [
              76.38391208947567,
              31.47887291052435
            ],
            [
              76.38466830984471,
              31.47955830871498
            ],
            [
              76.38548806957661,
              31.480166283967954
            ],
            [
              76.38636347393702,
              31.48069098114923
            ],
            [
              76.38728609230341,
              31.481127347138123
            ],
            [
              76.38824703935657,
              31.48147117949162
            ],
            [
              76.38923706065104,
              31.481719166916196
            ],
            [
              76.39024662174059,
              31.481868921157393
            ],
            [
              76.39126600000002,
              31.481919
            ],
            [
              76.39228537825944,
              31.48186892115739
            ],
            [
              76.39329493934898,
              31.481719166916193
            ],
            [
              76.39428496064346,
              31.481471179491614
            ],
            [
              76.3952459076966,
              31.481127347138113
            ],
            [
              76.39616852606301,
              31.480690981149216
            ],
            [
              76.39704393042342,
              31.48016628396794
            ],
            [
              76.39786369015532,
              31.479558308714964
            ],
            [
              76.39861991052435,
              31.47887291052433
            ],
            [
              76.40317691052434,
              31.474315910524336
            ],
            [
              76.40773391052433,
              31.469758910524344
            ],
            [
              76.40924482104869,
              31.468248
            ],
            [
              76.414051,
              31.468248
            ],
            [
              76.41507037825943,
              31.46819792115739
            ],
            [
              76.41607993934898,
              31.46804816691619
            ],
            [
              76.41706996064345,
              31.467800179491615
            ],
            [
              76.4180309076966,
              31.467456347138114
            ],
            [
              76.41895352606299,
              31.46701998114922
            ],
            [
              76.4198289304234,
              31.466495283967944
            ],
            [
              76.4206486901553,
              31.465887308714972
            ],
            [
              76.42140491052434,
              31.46520191052434
            ],
            [
              76.42209030871497,
              31.4644456901553
            ],
            [
              76.42269828396795,
              31.4636259304234
            ],
            [
              76.42322298114922,
              31.46275052606299
            ],
            [
              76.42365934713811,
              31.461827907696595
            ],
            [
              76.42400317949162,
              31.460866960643443
            ],
            [
              76.42425116691619,
              31.459876939348966
            ],
            [
              76.42440092115739,
              31.458867378259427
            ],
            [
              76.424451,
              31.457848
            ],
            [
              76.424451,
              31.45304182104869
            ],
            [
              76.42596191052435,
              31.451530910524344
            ],
            [
              76.42664730871498,
              31.450774690155303
            ],
            [
              76.42725528396795,
              31.449954930423402
            ],
            [
              76.42777998114923,
              31.44907952606299
            ],
            [
              76.42821634713812,
              31.448156907696596
            ],
            [
              76.42856017949163,
              31.447195960643445
            ],
            [
              76.4288081669162,
              31.446205939348967
            ],
            [
              76.42895792115739,
              31.44519637825943
            ],
            [
              76.42900800000001,
              31.444177
            ],
            [
              76.42895792115739,
              31.44315762174057
            ],
            [
              76.4288081669162,
              31.442148060651032
            ],
            [
              76.42856017949163,
              31.441158039356555
            ],
            [
              76.42821634713812,
              31.440197092303404
            ],
            [
              76.4282052312712,
              31.440173589777476
            ],
            [
              76.43051891052434,
              31.437859910524335
            ],
            [
              76.43507591052435,
              31.433302910524343
            ],
            [
              76.43963271744929,
              31.428745103510845
            ],
            [
              76.44031794216622,
              31.427988918217164
            ],
            [
              76.4409257594624,
              31.42716921873227
            ],
            [
              76.44145031735927,
              31.426293897006335
            ],
            [
              76.44188656548795,
              31.42537138051256
            ],
            [
              76.44223030371343,
              31.42441055110865
            ],
            [
              76.44247822257293,
              31.42342065952359
            ],
            [
              76.44262793513889,
              31.422411236292895
            ],
            [
              76.442678,
              31.421392
            ],
            [
              76.442678,
              31.416835
            ],
            [
              76.44262793513889,
              31.415815763707105
            ],
            [
              76.44247822257293,
              31.41480634047641
            ],
            [
              76.44223030371343,
              31.41381644889135
            ],
            [
              76.44188656548795,
              31.41285561948744
            ],
            [
              76.44145031735927,
              31.411933102993665
            ],
            [
              76.4409257594624,
              31.41105778126773
            ],
            [
              76.44031794216622,
              31.410238081782836
            ],
            [
              76.43963271744929,
              31.409481896489154
            ],
            [
              76.43507671744929,
              31.404924896489156
            ],
            [
              76.43432057229585,
              31.40423941532006
            ],
            [
              76.43350087928404,
              31.403631350115766
            ],
            [
              76.43262553250567,
              31.403106556876597
            ],
            [
              76.43170296202874,
              31.40267008964833
            ],
            [
              76.43074205271125,
              31.402326151848964
            ],
            [
              76.42975205863522,
              31.402078055787527
            ],
            [
              76.42874251398479,
              31.401928190764714
            ],
            [
              76.42772314122682,
              31.401878000062617
            ],
            [
              76.42670375747821,
              31.401927967045136
            ],
            [
              76.42569417996171,
              31.40207761050291
            ],
            [
              76.4247041314607,
              31.402325489287648
            ],
            [
              76.42374314668346,
              31.402669216191136
            ],
            [
              76.42282048043873,
              31.4031054809354
            ],
            [
              76.4219450185068,
              31.40363008205247
            ],
            [
              76.42112519206468,
              31.404237967346802
            ],
            [
              76.42036889648917,
              31.404923282550715
            ],
            [
              76.41968341532007,
              31.40567942770416
            ],
            [
              76.41907535011576,
              31.406499120715964
            ],
            [
              76.4185505568766,
              31.40737446749433
            ],
            [
              76.41811408964833,
              31.408297037971266
            ],
            [
              76.41777015184897,
              31.409257947288758
            ],
            [
              76.41752205578753,
              31.410247941364783
            ],
            [
              76.41737219076471,
              31.411257486015213
            ],
            [
              76.41732200006261,
              31.412276858773183
            ],
            [
              76.41737196704514,
              31.413296242521792
            ],
            [
              76.41752161050292,
              31.41430582003829
            ],
            [
              76.41776948928765,
              31.415295868539296
            ],
            [
              76.41811321619114,
              31.416256853316536
            ],
            [
              76.41854948093541,
              31.417179519561277
            ],
            [
              76.41907408205248,
              31.4180549814932
            ],
            [
              76.4196819673468,
              31.41887480793532
            ],
            [
              76.41987516416344,
              31.41908801478787
            ],
            [
              76.41581108947565,
              31.423152089475657
            ],
            [
              76.41125408947566,
              31.427709089475666
            ],
            [
              76.40973151079422,
              31.429231668157108
            ],
            [
              76.40949399999998,
              31.42922
            ],
            [
              76.40847462174055,
              31.429270078842613
            ],
            [
              76.40746506065102,
              31.42941983308381
            ],
            [
              76.40647503935654,
              31.42966782050839
            ],
            [
              76.40551409230339,
              31.430011652861886
            ],
            [
              76.404591473937,
              31.430448018850782
            ],
            [
              76.40371606957659,
              31.43097271603206
            ],
            [
              76.40289630984469,
              31.431580691285035
            ],
            [
              76.40214008947565,
              31.432266089475668
            ],
            [
              76.39758308947566,
              31.436823089475666
            ],
            [
              76.39302608947565,
              31.441380089475658
            ],
            [
              76.39234069128503,
              31.4421363098447
            ],
            [
              76.39173271603205,
              31.4429560695766
            ],
            [
              76.39120801885078,
              31.44383147393701
            ],
            [
              76.39077165286189,
              31.444754092303405
            ],
            [
              76.39042782050838,
              31.445715039356557
            ],
            [
              76.3901798330838,
              31.446705060651034
            ],
            [
              76.39003007884261,
              31.447714621740573
            ],
            [
              76.38998,
              31.448734
            ],
            [
              76.38998,
              31.457848
            ],
            [
              76.38999166815711,
              31.458085510794213
            ]
          ]
        ]
      }
    },
    {
      "type": "Feature",
      "properties": {
        "depth_band": "0.5 - 1.0",
        "min_depth": 0.5,
        "max_depth": 1.0,
        "max_depth_m": 33.9,
        "avg_depth_m": 16.9,
        "hazard_level": "Moderate",
        "zone": "reservoir",
        "timestep_min": 300
      },
      "geometry": {
        "type": "Polygon",
        "coordinates": [
          [
            [
              76.39323747851466,
              31.45925204675125
            ],
            [
              76.39067526263295,
              31.461814262632956
            ],
            [
              76.38611826263296,
              31.46637126263297
            ],
            [
              76.38563848389951,
              31.466900616891294
            ],
            [
              76.38521290122243,
              31.467474448703626
            ],
            [
              76.38484561319554,
              31.468087231755916
            ],
            [
              76.38454015700331,
              31.46873306461239
            ],
            [
              76.38429947435587,
              31.469405727549596
            ],
            [
              76.38412588315866,
              31.470098742455733
            ],
            [
              76.38402105518983,
              31.47080543521841
            ],
            [
              76.38398600000001,
              31.471519000000008
            ],
            [
              76.38402105518983,
              31.47223256478161
            ],
            [
              76.38412588315867,
              31.472939257544287
            ],
            [
              76.38429947435587,
              31.47363227245042
            ],
            [
              76.38454015700333,
              31.474304935387625
            ],
            [
              76.38484561319555,
              31.474950768244103
            ],
            [
              76.38521290122245,
              31.47556355129639
            ],
            [
              76.38563848389953,
              31.476137383108718
            ],
            [
              76.38611826263298,
              31.476666737367044
            ],
            [
              76.3866476168913,
              31.477146516100486
            ],
            [
              76.38722144870363,
              31.477572098777568
            ],
            [
              76.38783423175592,
              31.47793938680446
            ],
            [
              76.3884800646124,
              31.478244842996688
            ],
            [
              76.3891527275496,
              31.478485525644135
            ],
            [
              76.38984574245573,
              31.47865911684134
            ],
            [
              76.39055243521841,
              31.478763944810176
            ],
            [
              76.39126600000002,
              31.478799000000002
            ],
            [
              76.39197956478161,
              31.478763944810172
            ],
            [
              76.39268625754428,
              31.478659116841335
            ],
            [
              76.39337927245042,
              31.47848552564413
            ],
            [
              76.39405193538762,
              31.47824484299668
            ],
            [
              76.3946977682441,
              31.477939386804454
            ],
            [
              76.39531055129639,
              31.477572098777557
            ],
            [
              76.39588438310872,
              31.477146516100476
            ],
            [
              76.39641373736704,
              31.476666737367033
            ],
            [
              76.40097073736703,
              31.47210973736703
            ],
            [
              76.40552773736704,
              31.467552737367043
            ],
            [
              76.40795247473407,
              31.465128
            ],
            [
              76.414051,
              31.465128
            ],
            [
              76.4147645647816,
              31.465092944810173
            ],
            [
              76.41547125754428,
              31.464988116841333
            ],
            [
              76.41616427245042,
              31.46481452564413
            ],
            [
              76.41683693538762,
              31.464573842996682
            ],
            [
              76.4174827682441,
              31.464268386804456
            ],
            [
              76.41809555129639,
              31.463901098777562
            ],
            [
              76.4186693831087,
              31.46347551610048
            ],
            [
              76.41919873736704,
              31.462995737367038
            ],
            [
              76.41967851610048,
              31.46246638310871
            ],
            [
              76.42010409877756,
              31.46189255129638
            ],
            [
              76.42047138680445,
              31.461279768244093
            ],
            [
              76.42077684299669,
              31.460633935387616
            ],
            [
              76.42101752564413,
              31.45996127245041
            ],
            [
              76.42119111684134,
              31.459268257544277
            ],
            [
              76.42129594481017,
              31.458561564781597
            ],
            [
              76.421331,
              31.457848
            ],
            [
              76.421331,
              31.451749474734086
            ],
            [
              76.42375573736705,
              31.44932473736704
            ],
            [
              76.42423551610048,
              31.44879538310871
            ],
            [
              76.42466109877756,
              31.44822155129638
            ],
            [
              76.42502838680446,
              31.447608768244095
            ],
            [
              76.4253338429967,
              31.446962935387617
            ],
            [
              76.42557452564414,
              31.446290272450412
            ],
            [
              76.42574811684135,
              31.44559725754428
            ],
            [
              76.42585294481017,
              31.4448905647816
            ],
            [
              76.425888,
              31.444177
            ],
            [
              76.42585294481017,
              31.4434634352184
            ],
            [
              76.42574811684135,
              31.44275674245572
            ],
            [
              76.42557452564414,
              31.442063727549588
            ],
            [
              76.4253338429967,
              31.441391064612382
            ],
            [
              76.42502838680446,
              31.440745231755905
            ],
            [
              76.42466109877756,
              31.44013244870362
            ],
            [
              76.42430890473037,
              31.439657570003718
            ],
            [
              76.42831273736704,
              31.435653737367034
            ],
            [
              76.43286973736704,
              31.43109673736704
            ],
            [
              76.43742630221449,
              31.42653917245759
            ],
            [
              76.43790595951634,
              31.426009842752016
            ],
            [
              76.43833143162367,
              31.425436053112595
            ],
            [
              76.43869862215149,
              31.424823327904438
            ],
            [
              76.43900399584156,
              31.424177566358793
            ],
            [
              76.4392446125994,
              31.423504985776056
            ],
            [
              76.43941815580105,
              31.422812061666512
            ],
            [
              76.43952295459722,
              31.42210546540503
            ],
            [
              76.43955799999999,
              31.421392
            ],
            [
              76.43955799999999,
              31.416835
            ],
            [
              76.43952295459722,
              31.41612153459497
            ],
            [
              76.43941815580105,
              31.415414938333488
            ],
            [
              76.4392446125994,
              31.414722014223944
            ],
            [
              76.43900399584156,
              31.414049433641207
            ],
            [
              76.43869862215149,
              31.413403672095562
            ],
            [
              76.43833143162367,
              31.412790946887405
            ],
            [
              76.43790595951634,
              31.412217157247984
            ],
            [
              76.43742630221449,
              31.41168782754241
            ],
            [
              76.4328703022145,
              31.40713082754241
            ],
            [
              76.4323410006071,
              31.406650990724042
            ],
            [
              76.43176721549882,
              31.406225345081037
            ],
            [
              76.43115447275397,
              31.40585798981362
            ],
            [
              76.43050867342012,
              31.40555246275383
            ],
            [
              76.42983603689787,
              31.405311706294274
            ],
            [
              76.42914304104465,
              31.40513803905127
            ],
            [
              76.42843635978936,
              31.405033133535298
            ],
            [
              76.42772279885878,
              31.404998000043832
            ],
            [
              76.42700923023475,
              31.405032976931594
            ],
            [
              76.4263025259732,
              31.405137727352038
            ],
            [
              76.42560949202249,
              31.40531124250135
            ],
            [
              76.42493680267843,
              31.405551851333797
            ],
            [
              76.42429093630712,
              31.405857236654782
            ],
            [
              76.42367811295476,
              31.40622445743673
            ],
            [
              76.42310423444528,
              31.406649977142763
            ],
            [
              76.42257482754242,
              31.4071296977855
            ],
            [
              76.42209499072405,
              31.407658999392915
            ],
            [
              76.42166934508104,
              31.408232784501177
            ],
            [
              76.42130198981361,
              31.40884552724603
            ],
            [
              76.42099646275383,
              31.409491326579886
            ],
            [
              76.42075570629427,
              31.41016396310213
            ],
            [
              76.42058203905127,
              31.41085695895535
            ],
            [
              76.4204771335353,
              31.411563640210648
            ],
            [
              76.42044200004383,
              31.41227720114123
            ],
            [
              76.4204769769316,
              31.412990769765255
            ],
            [
              76.42058172735204,
              31.4136974740268
            ],
            [
              76.42075524250136,
              31.414390507977508
            ],
            [
              76.4209958513338,
              31.415063197321576
            ],
            [
              76.42130123665478,
              31.415709063692894
            ],
            [
              76.42166845743672,
              31.41632188704524
            ],
            [
              76.42209397714277,
              31.416895765554724
            ],
            [
              76.42257369778551,
              31.41742517245759
            ],
            [
              76.4242616548369,
              31.4191135
            ],
            [
              76.42257398023406,
              31.42080154503186
            ],
            [
              76.41801726263296,
              31.42535826263296
            ],
            [
              76.41346026263297,
              31.429915262632967
            ],
            [
              76.41089804675126,
              31.432477478514677
            ],
            [
              76.41020756478159,
              31.432375055189826
            ],
            [
              76.409494,
              31.43234
            ],
            [
              76.40878043521839,
              31.43237505518983
            ],
            [
              76.40807374245571,
              31.432479883158667
            ],
            [
              76.40738072754958,
              31.432653474355874
            ],
            [
              76.40670806461237,
              31.43289415700332
            ],
            [
              76.4060622317559,
              31.433199613195548
            ],
            [
              76.4054494487036,
              31.43356690122244
            ],
            [
              76.40487561689127,
              31.433992483899523
            ],
            [
              76.40434626263296,
              31.43447226263297
            ],
            [
              76.39978926263296,
              31.439029262632967
            ],
            [
              76.39523226263296,
              31.443586262632962
            ],
            [
              76.39475248389952,
              31.444115616891292
            ],
            [
              76.39432690122244,
              31.44468944870362
            ],
            [
              76.39395961319555,
              31.445302231755907
            ],
            [
              76.39365415700331,
              31.445948064612384
            ],
            [
              76.39341347435587,
              31.44662072754959
            ],
            [
              76.39323988315866,
              31.447313742455723
            ],
            [
              76.39313505518983,
              31.448020435218403
            ],
            [
              76.3931,
              31.448734
            ],
            [
              76.3931,
              31.457848
            ],
            [
              76.39313505518983,
              31.458561564781597
            ],
            [
              76.39323747851466,
              31.45925204675125
            ]
          ]
        ]
      }
    },
    {
      "type": "Feature",
      "properties": {
        "depth_band": "1.0 - 2.0",
        "min_depth": 1.0,
        "max_depth": 2.0,
        "max_depth_m": 33.9,
        "avg_depth_m": 16.9,
        "hazard_level": "Moderate",
        "zone": "reservoir",
        "timestep_min": 300
      },
      "geometry": {
        "type": "Polygon",
        "coordinates": [
          [
            [
              76.39620756989436,
              31.459958910633734
            ],
            [
              76.39251374026404,
              31.463652740264042
            ],
            [
              76.38795674026404,
              31.46820974026405
            ],
            [
              76.38764831107827,
              31.46855003943012
            ],
            [
              76.38737472221442,
              31.468918931309474
            ],
            [
              76.38713860848284,
              31.46931286327166
            ],
            [
              76.38694224378784,
              31.469728041536538
            ],
            [
              76.38678751922878,
              31.470160467710453
            ],
            [
              76.38667592488771,
              31.47060597729297
            ],
            [
              76.38660853547917,
              31.471060279783263
            ],
            [
              76.38658600000001,
              31.471519000000008
            ],
            [
              76.38660853547917,
              31.47197772021675
            ],
            [
              76.38667592488771,
              31.472432022707043
            ],
            [
              76.38678751922878,
              31.472877532289555
            ],
            [
              76.38694224378786,
              31.473309958463474
            ],
            [
              76.38713860848286,
              31.47372513672835
            ],
            [
              76.38737472221443,
              31.474119068690538
            ],
            [
              76.38764831107827,
              31.474487960569892
            ],
            [
              76.38795674026406,
              31.474828259735958
            ],
            [
              76.38829703943011,
              31.47513668892174
            ],
            [
              76.38866593130948,
              31.47541027778558
            ],
            [
              76.38905986327165,
              31.475646391517152
            ],
            [
              76.38947504153654,
              31.475842756212156
            ],
            [
              76.38990746771046,
              31.47599748077123
            ],
            [
              76.39035297729298,
              31.476109075112287
            ],
            [
              76.39080727978326,
              31.476176464520826
            ],
            [
              76.391266,
              31.476199
            ],
            [
              76.39172472021674,
              31.476176464520826
            ],
            [
              76.39217902270704,
              31.476109075112287
            ],
            [
              76.39262453228956,
              31.475997480771227
            ],
            [
              76.39305695846348,
              31.475842756212153
            ],
            [
              76.39347213672835,
              31.47564639151715
            ],
            [
              76.39386606869054,
              31.475410277785574
            ],
            [
              76.39423496056989,
              31.475136688921737
            ],
            [
              76.39457525973596,
              31.47482825973595
            ],
            [
              76.39913225973595,
              31.47027125973595
            ],
            [
              76.40368925973596,
              31.465714259735957
            ],
            [
              76.40687551947191,
              31.462528
            ],
            [
              76.414051,
              31.462528
            ],
            [
              76.41450972021674,
              31.462505464520824
            ],
            [
              76.41496402270704,
              31.462438075112285
            ],
            [
              76.41540953228956,
              31.462326480771225
            ],
            [
              76.41584195846347,
              31.46217175621215
            ],
            [
              76.41625713672835,
              31.46197539151715
            ],
            [
              76.41665106869053,
              31.461739277785576
            ],
            [
              76.41701996056989,
              31.461465688921734
            ],
            [
              76.41736025973596,
              31.461157259735952
            ],
            [
              76.41766868892174,
              31.460816960569883
            ],
            [
              76.41794227778557,
              31.460448068690532
            ],
            [
              76.41817839151715,
              31.460054136728345
            ],
            [
              76.41837475621216,
              31.45963895846347
            ],
            [
              76.41852948077123,
              31.45920653228955
            ],
            [
              76.41864107511229,
              31.458761022707034
            ],
            [
              76.41870846452083,
              31.45830672021674
            ],
            [
              76.418731,
              31.457848
            ],
            [
              76.418731,
              31.45067251947192
            ],
            [
              76.42191725973596,
              31.447486259735953
            ],
            [
              76.42222568892174,
              31.447145960569884
            ],
            [
              76.42249927778559,
              31.44677706869053
            ],
            [
              76.42273539151715,
              31.446383136728343
            ],
            [
              76.42293175621217,
              31.445967958463466
            ],
            [
              76.42308648077123,
              31.445535532289547
            ],
            [
              76.4231980751123,
              31.445090022707035
            ],
            [
              76.42326546452084,
              31.44463572021674
            ],
            [
              76.423288,
              31.444177
            ],
            [
              76.42326546452084,
              31.443718279783255
            ],
            [
              76.4231980751123,
              31.44326397729296
            ],
            [
              76.42308648077123,
              31.44281846771045
            ],
            [
              76.42293175621217,
              31.44238604153653
            ],
            [
              76.42273539151715,
              31.441970863271653
            ],
            [
              76.42249927778558,
              31.441576931309466
            ],
            [
              76.42222568892174,
              31.441208039430112
            ],
            [
              76.42191725973596,
              31.440867740264046
            ],
            [
              76.4215769605699,
              31.44055931107826
            ],
            [
              76.42120806869053,
              31.440285722214423
            ],
            [
              76.42081413672835,
              31.44004960848285
            ],
            [
              76.42042429323129,
              31.439865226240627
            ],
            [
              76.42191725973596,
              31.438372259735953
            ],
            [
              76.42647425973595,
              31.43381525973595
            ],
            [
              76.43103125973596,
              31.429258259735953
            ],
            [
              76.43558762285218,
              31.424700896579882
            ],
            [
              76.4358959739748,
              31.42436061319772
            ],
            [
              76.43616949175808,
              31.423991748429522
            ],
            [
              76.43640554281167,
              31.42359785365285
            ],
            [
              76.43660185446957,
              31.42318272123065
            ],
            [
              76.43675653667104,
              31.422750347998893
            ],
            [
              76.43686810015781,
              31.422304896785615
            ],
            [
              76.4369354708125,
              31.421850656331802
            ],
            [
              76.43695799999999,
              31.421392
            ],
            [
              76.43695799999999,
              31.416835
            ],
            [
              76.4369354708125,
              31.416376343668198
            ],
            [
              76.43686810015781,
              31.415922103214385
            ],
            [
              76.43675653667104,
              31.415476652001107
            ],
            [
              76.43660185446957,
              31.41504427876935
            ],
            [
              76.43640554281167,
              31.41462914634715
            ],
            [
              76.43616949175808,
              31.414235251570478
            ],
            [
              76.4358959739748,
              31.41386638680228
            ],
            [
              76.43558762285218,
              31.413526103420118
            ],
            [
              76.43103162285219,
              31.40896910342012
            ],
            [
              76.43069135753314,
              31.408660636894027
            ],
            [
              76.43032249567781,
              31.408387007552093
            ],
            [
              76.42992858962755,
              31.40815085059447
            ],
            [
              76.42951343291293,
              31.407954440341747
            ],
            [
              76.42908102372006,
              31.407799668332032
            ],
            [
              76.42863552638585,
              31.407688025104388
            ],
            [
              76.42818123129315,
              31.40762058584412
            ],
            [
              76.42772251355207,
              31.407598000028177
            ],
            [
              76.4272637908652,
              31.407620485170312
            ],
            [
              76.42680948098277,
              31.40768782472631
            ],
            [
              76.42636395915731,
              31.40779937017944
            ],
            [
              76.42593151600757,
              31.40795404728601
            ],
            [
              76.42551631619743,
              31.40815036642093
            ],
            [
              76.42512235832807,
              31.40838643692361
            ],
            [
              76.42475343642911,
              31.408659985306063
            ],
            [
              76.42441310342012,
              31.408968377147822
            ],
            [
              76.42410463689403,
              31.409308642466872
            ],
            [
              76.4238310075521,
              31.409677504322186
            ],
            [
              76.42359485059447,
              31.41007141037245
            ],
            [
              76.42339844034176,
              31.41048656708707
            ],
            [
              76.42324366833203,
              31.41091897627994
            ],
            [
              76.4231320251044,
              31.411364473614153
            ],
            [
              76.42306458584412,
              31.411818768706844
            ],
            [
              76.42304200002818,
              31.412277486447934
            ],
            [
              76.42306448517031,
              31.412736209134806
            ],
            [
              76.42313182472631,
              31.41319051901723
            ],
            [
              76.42324337017945,
              31.413636040842682
            ],
            [
              76.42339804728601,
              31.41406848399244
            ],
            [
              76.42359436642093,
              31.414483683802576
            ],
            [
              76.42383043692361,
              31.41487764167194
            ],
            [
              76.42410398530606,
              31.415246563570893
            ],
            [
              76.42441237714782,
              31.41558689657988
            ],
            [
              76.427598,
              31.41877321864692
            ],
            [
              76.427598,
              31.41945378135308
            ],
            [
              76.42441255867564,
              31.42263992185245
            ],
            [
              76.41985574026404,
              31.427196740264048
            ],
            [
              76.41529874026405,
              31.43175374026405
            ],
            [
              76.41160491063374,
              31.435447569894357
            ],
            [
              76.41128495846347,
              31.43529624378785
            ],
            [
              76.41085253228954,
              31.435141519228775
            ],
            [
              76.41040702270703,
              31.435029924887715
            ],
            [
              76.40995272021674,
              31.434962535479176
            ],
            [
              76.409494,
              31.43494
            ],
            [
              76.40903527978325,
              31.434962535479176
            ],
            [
              76.40858097729296,
              31.435029924887715
            ],
            [
              76.40813546771044,
              31.435141519228775
            ],
            [
              76.40770304153652,
              31.43529624378785
            ],
            [
              76.40728786327165,
              31.435492608482853
            ],
            [
              76.40689393130945,
              31.435728722214428
            ],
            [
              76.40652503943011,
              31.436002311078266
            ],
            [
              76.40618474026404,
              31.43631074026405
            ],
            [
              76.40162774026405,
              31.44086774026405
            ],
            [
              76.39707074026404,
              31.44542474026405
            ],
            [
              76.39676231107826,
              31.445765039430118
            ],
            [
              76.39648872221443,
              31.446133931309472
            ],
            [
              76.39625260848285,
              31.44652786327166
            ],
            [
              76.39605624378784,
              31.446943041536535
            ],
            [
              76.39590151922877,
              31.44737546771045
            ],
            [
              76.39578992488771,
              31.447820977292967
            ],
            [
              76.39572253547917,
              31.44827527978326
            ],
            [
              76.3957,
              31.448734
            ],
            [
              76.3957,
              31.457848
            ],
            [
              76.39572253547917,
              31.45830672021674
            ],
            [
              76.39578992488771,
              31.458761022707034
            ],
            [
              76.39590151922877,
              31.45920653228955
            ],
            [
              76.39605624378784,
              31.45963895846347
            ],
            [
              76.39620756989436,
              31.459958910633734
            ]
          ]
        ]
      }
    },
    {
      "type": "Feature",
      "properties": {
        "depth_band": "2.0 - 3.0",
        "min_depth": 2.0,
        "max_depth": 3.0,
        "max_depth_m": 33.9,
        "avg_depth_m": 16.9,
        "hazard_level": "Moderate",
        "zone": "reservoir",
        "timestep_min": 300
      },
      "geometry": {
        "type": "Polygon",
        "coordinates": [
          [
            [
              76.39766147763108,
              31.46880047763108
            ],
            [
              76.40221847763108,
              31.464243477631086
            ],
            [
              76.40601395526217,
              31.460448
            ],
            [
              76.414051,
              31.460448
            ],
            [
              76.41430584456485,
              31.460435480289345
            ],
            [
              76.41455823483724,
              31.460398041729047
            ],
            [
              76.41480574016086,
              31.460336044872903
            ],
            [
              76.41504597692415,
              31.460250086784527
            ],
            [
              76.41527663151575,
              31.460140995287304
            ],
            [
              76.41549548260585,
              31.460009820991985
            ],
            [
              76.41570042253882,
              31.45985782717874
            ],
            [
              76.41588947763108,
              31.459686477631085
            ],
            [
              76.41606082717874,
              31.459497422538824
            ],
            [
              76.41621282099199,
              31.45929248260585
            ],
            [
              76.4163439952873,
              31.459073631515746
            ],
            [
              76.41645308678453,
              31.45884297692415
            ],
            [
              76.4165390448729,
              31.45860274016086
            ],
            [
              76.41660104172905,
              31.458355234837242
            ],
            [
              76.41663848028935,
              31.458102844564856
            ],
            [
              76.416651,
              31.457848
            ],
            [
              76.416651,
              31.44981095526217
            ],
            [
              76.42044647763109,
              31.446015477631086
            ],
            [
              76.42061782717875,
              31.445826422538826
            ],
            [
              76.42076982099199,
              31.44562148260585
            ],
            [
              76.42090099528731,
              31.445402631515748
            ],
            [
              76.42101008678453,
              31.44517197692415
            ],
            [
              76.42109604487291,
              31.444931740160865
            ],
            [
              76.42115804172906,
              31.444684234837244
            ],
            [
              76.42119548028936,
              31.444431844564857
            ],
            [
              76.42120800000001,
              31.444177
            ],
            [
              76.42119548028936,
              31.443922155435146
            ],
            [
              76.42115804172906,
              31.44366976516276
            ],
            [
              76.42109604487291,
              31.44342225983914
            ],
            [
              76.42101008678453,
              31.443182023075853
            ],
            [
              76.42090099528731,
              31.442951368484252
            ],
            [
              76.42076982099199,
              31.44273251739415
            ],
            [
              76.42061782717875,
              31.442527577461174
            ],
            [
              76.42044647763109,
              31.442338522368914
            ],
            [
              76.42025742253884,
              31.442167172821257
            ],
            [
              76.42005248260585,
              31.442015179008013
            ],
            [
              76.41983363151576,
              31.441884004712694
            ],
            [
              76.41960297692415,
              31.441774913215472
            ],
            [
              76.41936274016086,
              31.441688955127095
            ],
            [
              76.41911523483725,
              31.44162695827095
            ],
            [
              76.41886284456486,
              31.441589519710654
            ],
            [
              76.418608,
              31.441577
            ],
            [
              76.41577095526218,
              31.441577
            ],
            [
              76.41588947763108,
              31.441458477631087
            ],
            [
              76.42044647763109,
              31.436901477631086
            ],
            [
              76.42500347763108,
              31.432344477631084
            ],
            [
              76.42956047763109,
              31.427787477631085
            ],
            [
              76.43411667936232,
              31.42323027587771
            ],
            [
              76.43428798554154,
              31.42304122955429
            ],
            [
              76.4344399398656,
              31.422836304683067
            ],
            [
              76.43457107933982,
              31.422617474251584
            ],
            [
              76.43468014137198,
              31.422386845128138
            ],
            [
              76.43476607592835,
              31.422146637777164
            ],
            [
              76.43482805564322,
              31.421899164880898
            ],
            [
              76.43486548378472,
              31.421646809073223
            ],
            [
              76.434878,
              31.421392
            ],
            [
              76.434878,
              31.416835
            ],
            [
              76.43486548378472,
              31.416580190926776
            ],
            [
              76.43482805564322,
              31.4163278351191
            ],
            [
              76.43476607592835,
              31.416080362222836
            ],
            [
              76.43468014137198,
              31.415840154871862
            ],
            [
              76.43457107933982,
              31.415609525748415
            ],
            [
              76.4344399398656,
              31.415390695316933
            ],
            [
              76.43428798554154,
              31.41518577044571
            ],
            [
              76.43411667936232,
              31.41499672412229
            ],
            [
              76.42956067936233,
              31.41043972412229
            ],
            [
              76.42937164307396,
              31.410268353830016
            ],
            [
              76.42916671982101,
              31.41011633752894
            ],
            [
              76.42894788312643,
              31.40998513921915
            ],
            [
              76.42871724050718,
              31.40987602241208
            ],
            [
              76.42847701317781,
              31.409790037962242
            ],
            [
              76.42822951465881,
              31.409728013946882
            ],
            [
              76.4279771284962,
              31.409690547691177
            ],
            [
              76.4277222853067,
              31.409678000015653
            ],
            [
              76.42746743936955,
              31.409690491761285
            ],
            [
              76.42721504499043,
              31.40972790262573
            ],
            [
              76.42696753286518,
              31.409789872321912
            ],
            [
              76.42672728667087,
              31.409875804047786
            ],
            [
              76.42649662010969,
              31.409984870233853
            ],
            [
              76.42627775462671,
              31.41011602051312
            ],
            [
              76.42607279801618,
              31.4102679918367
            ],
            [
              76.42588372412229,
              31.41043932063768
            ],
            [
              76.42571235383002,
              31.41062835692604
            ],
            [
              76.42556033752895,
              31.41083328017899
            ],
            [
              76.42542913921915,
              31.411052116873584
            ],
            [
              76.42532002241208,
              31.411282759492817
            ],
            [
              76.42523403796224,
              31.411522986822188
            ],
            [
              76.42517201394688,
              31.411770485341197
            ],
            [
              76.42513454769119,
              31.412022871503805
            ],
            [
              76.42512200001566,
              31.412277714693296
            ],
            [
              76.42513449176128,
              31.41253256063045
            ],
            [
              76.42517190262573,
              31.412784955009574
            ],
            [
              76.42523387232191,
              31.413032467134826
            ],
            [
              76.42531980404779,
              31.413272713329135
            ],
            [
              76.42542887023386,
              31.41350337989032
            ],
            [
              76.42556002051312,
              31.4137222453733
            ],
            [
              76.4257119918367,
              31.41392720198383
            ],
            [
              76.42588332063768,
              31.41411627587771
            ],
            [
              76.429678,
              31.417911788137168
            ],
            [
              76.429678,
              31.42031521186283
            ],
            [
              76.42588342149367,
              31.424110623244168
            ],
            [
              76.42132652236891,
              31.428667522368915
            ],
            [
              76.41676952236892,
              31.433224522368917
            ],
            [
              76.41221252236892,
              31.437781522368915
            ],
            [
              76.4117725,
              31.438221544737836
            ],
            [
              76.41133247763108,
              31.437781522368915
            ],
            [
              76.41114342253881,
              31.437610172821255
            ],
            [
              76.41093848260584,
              31.437458179008015
            ],
            [
              76.41071963151575,
              31.437327004712696
            ],
            [
              76.41048897692414,
              31.43721791321547
            ],
            [
              76.41024874016085,
              31.437131955127096
            ],
            [
              76.41000123483724,
              31.437069958270953
            ],
            [
              76.40974884456485,
              31.437032519710655
            ],
            [
              76.409494,
              31.43702
            ],
            [
              76.40923915543513,
              31.437032519710655
            ],
            [
              76.40898676516275,
              31.437069958270953
            ],
            [
              76.40873925983914,
              31.437131955127096
            ],
            [
              76.40849902307585,
              31.437217913215473
            ],
            [
              76.40826836848424,
              31.437327004712696
            ],
            [
              76.40804951739415,
              31.437458179008015
            ],
            [
              76.40784457746118,
              31.43761017282126
            ],
            [
              76.40765552236891,
              31.43778152236892
            ],
            [
              76.40309852236892,
              31.442338522368917
            ],
            [
              76.39854152236892,
              31.446895522368916
            ],
            [
              76.39837017282126,
              31.447084577461176
            ],
            [
              76.39821817900801,
              31.44728951739415
            ],
            [
              76.39808700471269,
              31.447508368484254
            ],
            [
              76.39797791321547,
              31.44773902307585
            ],
            [
              76.3978919551271,
              31.44797925983914
            ],
            [
              76.39782995827095,
              31.448226765162758
            ],
            [
              76.39779251971065,
              31.448479155435145
            ],
            [
              76.39778,
              31.448734
            ],
            [
              76.39778,
              31.457848
            ],
            [
              76.39779251971065,
              31.458102844564856
            ],
            [
              76.39782995827095,
              31.45835523483724
            ],
            [
              76.3978919551271,
              31.45860274016086
            ],
            [
              76.39797791321547,
              31.458842976924146
            ],
            [
              76.39808700471269,
              31.459073631515746
            ],
            [
              76.39821817900801,
              31.45929248260585
            ],
            [
              76.39837017282126,
              31.459497422538824
            ],
            [
              76.39854152236892,
              31.459686477631085
            ],
            [
              76.39873057746117,
              31.45985782717874
            ],
            [
              76.39893551739415,
              31.460009820991985
            ],
            [
              76.39903724847971,
              31.460070796258115
            ],
            [
              76.39854152236892,
              31.460566522368914
            ],
            [
              76.39398452236891,
              31.465123522368913
            ],
            [
              76.38942752236892,
              31.469680522368918
            ],
            [
              76.38925617282126,
              31.46986957746118
            ],
            [
              76.38910417900802,
              31.470074517394153
            ],
            [
              76.3889730047127,
              31.470293368484256
            ],
            [
              76.38886391321547,
              31.470524023075853
            ],
            [
              76.3887779551271,
              31.470764259839143
            ],
            [
              76.38871595827095,
              31.47101176516276
            ],
            [
              76.38867851971065,
              31.471264155435147
            ],
            [
              76.388666,
              31.471519000000004
            ],
            [
              76.38867851971065,
              31.47177384456486
            ],
            [
              76.38871595827095,
              31.472026234837244
            ],
            [
              76.3887779551271,
              31.472273740160865
            ],
            [
              76.38886391321547,
              31.47251397692415
            ],
            [
              76.3889730047127,
              31.472744631515752
            ],
            [
              76.38910417900802,
              31.472963482605856
            ],
            [
              76.38925617282126,
              31.47316842253883
            ],
            [
              76.38942752236892,
              31.473357477631087
            ],
            [
              76.38961657746118,
              31.473528827178747
            ],
            [
              76.38982151739415,
              31.47368082099199
            ],
            [
              76.39004036848425,
              31.473811995287306
            ],
            [
              76.39027102307585,
              31.473921086784532
            ],
            [
              76.39051125983914,
              31.474007044872906
            ],
            [
              76.39075876516276,
              31.47406904172905
            ],
            [
              76.39101115543515,
              31.47410648028935
            ],
            [
              76.391266,
              31.474119
            ],
            [
              76.39152084456487,
              31.474106480289347
            ],
            [
              76.39177323483725,
              31.47406904172905
            ],
            [
              76.39202074016086,
              31.474007044872902
            ],
            [
              76.39226097692415,
              31.47392108678453
            ],
            [
              76.39249163151575,
              31.473811995287306
            ],
            [
              76.39271048260585,
              31.473680820991987
            ],
            [
              76.39291542253883,
              31.473528827178743
            ],
            [
              76.39310447763108,
              31.473357477631083
            ],
            [
              76.39766147763108,
              31.46880047763108
            ]
          ],
          [
            [
              76.40665695526218,
              31.455247999999997
            ],
            [
              76.40677547763109,
              31.455129477631086
            ],
            [
              76.40694682717874,
              31.454940422538826
            ],
            [
              76.40709882099199,
              31.45473548260585
            ],
            [
              76.40722999528731,
              31.454516631515748
            ],
            [
              76.40733908678453,
              31.45428597692415
            ],
            [
              76.40742504487291,
              31.45404574016086
            ],
            [
              76.40748704172906,
              31.453798234837244
            ],
            [
              76.40752448028935,
              31.453545844564857
            ],
            [
              76.407537,
              31.453291
            ],
            [
              76.407537,
              31.449810955262162
            ],
            [
              76.41133247763108,
              31.446015477631082
            ],
            [
              76.4117725,
              31.445575455262166
            ],
            [
              76.41221252236892,
              31.446015477631086
            ],
            [
              76.41240157746118,
              31.446186827178746
            ],
            [
              76.41260651739415,
              31.446338820991986
            ],
            [
              76.41270824847972,
              31.446399796258117
            ],
            [
              76.41221252236892,
              31.446895522368916
            ],
            [
              76.41204117282126,
              31.447084577461176
            ],
            [
              76.41188917900801,
              31.44728951739415
            ],
            [
              76.4117580047127,
              31.447508368484254
            ],
            [
              76.41164891321547,
              31.44773902307585
            ],
            [
              76.4115629551271,
              31.44797925983914
            ],
            [
              76.41150095827095,
              31.448226765162758
            ],
            [
              76.41146351971065,
              31.448479155435145
            ],
            [
              76.411451,
              31.448734
            ],
            [
              76.411451,
              31.455247999999997
            ],
            [
              76.40665695526218,
              31.455247999999997
            ]
          ]
        ]
      }
    },
    {
      "type": "Feature",
      "properties": {
        "timestep_min": 300,
        "depth_band": "0.1 - 0.5",
        "min_depth": 0.1,
        "max_depth": 0.5,
        "max_depth_m": 14.6,
        "avg_depth_m": 8.0,
        "inundated_area_km2": 1.29,
        "hazard_level": "Moderate",
        "zone": "downstream",
        "wave_front_km": 123.4
      },
      "geometry": {
        "type": "Polygon",
        "coordinates": [
          [
            [
              76.43495822293197,
              31.40040324738873
            ],
            [
              76.43730785709077,
              31.27273453282742
            ],
            [
              76.35958823112001,
              31.260800000458172
            ],
            [
              76.37410397237471,
              31.266133346186813
            ],
            [
              76.35765734290923,
              31.312339467172578
            ],
            [
              76.42883993269153,
              31.4119798527336
            ],
            [
              76.43495822293197,
              31.40040324738873
            ]
          ]
        ]
      }
    },
    {
      "type": "Feature",
      "properties": {
        "timestep_min": 300,
        "depth_band": "0.5 - 1.0",
        "min_depth": 0.5,
        "max_depth": 1.0,
        "max_depth_m": 14.6,
        "avg_depth_m": 8.0,
        "inundated_area_km2": 0.97,
        "hazard_level": "Moderate",
        "zone": "downstream",
        "wave_front_km": 123.4
      },
      "geometry": {
        "type": "Polygon",
        "coordinates": [
          [
            [
              76.42752438465318,
              31.38100526104068
            ],
            [
              76.42928661027229,
              31.2852537251197
            ],
            [
              76.37099689079422,
              31.276302825842762
            ],
            [
              76.38188369673524,
              31.280302835139242
            ],
            [
              76.36954872463613,
              31.314957425878568
            ],
            [
              76.42293566697286,
              31.389687715049337
            ],
            [
              76.42752438465318,
              31.38100526104068
            ]
          ]
        ]
      }
    },
    {
      "type": "Feature",
      "properties": {
        "timestep_min": 300,
        "depth_band": "1.0 - 2.0",
        "min_depth": 1.0,
        "max_depth": 2.0,
        "max_depth_m": 14.6,
        "avg_depth_m": 8.0,
        "inundated_area_km2": 0.71,
        "hazard_level": "High",
        "zone": "downstream",
        "wave_front_km": 123.4
      },
      "geometry": {
        "type": "Polygon",
        "coordinates": [
          [
            [
              76.42157731403017,
              31.365486871962243
            ],
            [
              76.42286961281751,
              31.295269078953524
            ],
            [
              76.38012381853359,
              31.288705086150436
            ],
            [
              76.38810747622367,
              31.291638426301187
            ],
            [
              76.37906183001766,
              31.31705179284336
            ],
            [
              76.41821225439793,
              31.371854004901923
            ],
            [
              76.42157731403017,
              31.365486871962243
            ]
          ]
        ]
      }
    },
    {
      "type": "Feature",
      "properties": {
        "timestep_min": 300,
        "depth_band": "2.0 - 3.0",
        "min_depth": 2.0,
        "max_depth": 3.0,
        "max_depth_m": 14.6,
        "avg_depth_m": 8.0,
        "inundated_area_km2": 0.49,
        "hazard_level": "High",
        "zone": "downstream",
        "wave_front_km": 123.4
      },
      "geometry": {
        "type": "Polygon",
        "coordinates": [
          [
            [
              76.4165223040006,
              31.35229624124557
            ],
            [
              76.41741516498095,
              31.30378212971227
            ],
            [
              76.38788170711206,
              31.299247007411957
            ],
            [
              76.39339768878884,
              31.30127367878884
            ],
            [
              76.38714796959196,
              31.31883200476343
            ],
            [
              76.41419735370923,
              31.35669535127662
            ],
            [
              76.4165223040006,
              31.35229624124557
            ]
          ]
        ]
      }
    },
    {
      "type": "Feature",
      "properties": {
        "timestep_min": 300,
        "depth_band": "3.0 - 5.0",
        "min_depth": 3.0,
        "max_depth": 5.0,
        "max_depth_m": 14.6,
        "avg_depth_m": 8.0,
        "inundated_area_km2": 0.28,
        "hazard_level": "Critical",
        "zone": "downstream",
        "wave_front_km": 123.4
      },
      "geometry": {
        "type": "Polygon",
        "coordinates": [
          [
            [
              76.41176464750218,
              31.33988152998282
            ],
            [
              76.41228156701712,
              31.31179441277933
            ],
            [
              76.39518324930354,
              31.309168815658097
            ],
            [
              76.39837671237959,
              31.310342151718395
            ],
            [
              76.39475845389717,
              31.320507498335264
            ],
            [
              76.41041862364928,
              31.34242838315869
            ],
            [
              76.41176464750218,
              31.33988152998282
            ]
          ]
        ]
      }
    },
    {
      "type": "Feature",
      "properties": {
        "timestep_min": 300,
        "depth_band": "> 5.0",
        "min_depth": 5.0,
        "max_depth": 99.0,
        "max_depth_m": 14.6,
        "avg_depth_m": 8.0,
        "inundated_area_km2": 0.13,
        "hazard_level": "Critical",
        "zone": "downstream",
        "wave_front_km": 123.4
      },
      "geometry": {
        "type": "Polygon",
        "coordinates": [
          [
            [
              76.40819640512836,
              31.330570496535753
            ],
            [
              76.40843136854424,
              31.317803625079623
            ],
            [
              76.40065940594717,
              31.316610171842697
            ],
            [
              76.40211098007264,
              31.31714350641556
            ],
            [
              76.40046631712609,
              31.32176411851414
            ],
            [
              76.40758457610431,
              31.33172815707024
            ],
            [
              76.40819640512836,
              31.330570496535753
            ]
          ]
        ]
      }
    },
    {
      "type": "Feature",
      "properties": {
        "depth_band": "0.1 - 0.5",
        "min_depth": 0.1,
        "max_depth": 0.5,
        "max_depth_m": 33.9,
        "avg_depth_m": 16.9,
        "hazard_level": "Moderate",
        "zone": "reservoir",
        "timestep_min": 330
      },
      "geometry": {
        "type": "Polygon",
        "coordinates": [
          [
            [
              76.38999166815711,
              31.458085510794213
            ],
            [
              76.38846908947566,
              31.459608089475655
            ],
            [
              76.38391208947566,
              31.46416508947567
            ],
            [
              76.38322669128502,
              31.46492130984471
            ],
            [
              76.38261871603204,
              31.465741069576605
            ],
            [
              76.38209401885078,
              31.46661647393702
            ],
            [
              76.38165765286188,
              31.467539092303415
            ],
            [
              76.38131382050838,
              31.468500039356567
            ],
            [
              76.38106583308381,
              31.469490060651044
            ],
            [
              76.3809160788426,
              31.470499621740586
            ],
            [
              76.380866,
              31.47151900000001
            ],
            [
              76.38091607884262,
              31.47253837825944
            ],
            [
              76.38106583308381,
              31.47354793934898
            ],
            [
              76.3813138205084,
              31.47453796064346
            ],
            [
              76.38165765286189,
              31.475498907696608
            ],
            [
              76.38209401885078,
              31.476421526063003
            ],
            [
              76.38261871603206,
              31.477296930423414
            ],
            [
              76.38322669128503,
              31.47811669015531
            ],
            [
              76.38391208947567,
              31.47887291052435
            ],
            [
              76.38466830984471,
              31.47955830871498
            ],
            [
              76.38548806957661,
              31.480166283967954
            ],
            [
              76.38636347393702,
              31.48069098114923
            ],
            [
              76.38728609230341,
              31.481127347138123
            ],
            [
              76.38824703935657,
              31.48147117949162
            ],
            [
              76.38923706065104,
              31.481719166916196
            ],
            [
              76.39024662174059,
              31.481868921157393
            ],
            [
              76.39126600000002,
              31.481919
            ],
            [
              76.39228537825944,
              31.48186892115739
            ],
            [
              76.39329493934898,
              31.481719166916193
            ],
            [
              76.39428496064346,
              31.481471179491614
            ],
            [
              76.3952459076966,
              31.481127347138113
            ],
            [
              76.39616852606301,
              31.480690981149216
            ],
            [
              76.39704393042342,
              31.48016628396794
            ],
            [
              76.39786369015532,
              31.479558308714964
            ],
            [
              76.39861991052435,
              31.47887291052433
            ],
            [
              76.40317691052434,
              31.474315910524336
            ],
            [
              76.40773391052433,
              31.469758910524344
            ],
            [
              76.40924482104869,
              31.468248
            ],
            [
              76.414051,
              31.468248
            ],
            [
              76.41507037825943,
              31.46819792115739
            ],
            [
              76.41607993934898,
              31.46804816691619
            ],
            [
              76.41706996064345,
              31.467800179491615
            ],
            [
              76.4180309076966,
              31.467456347138114
            ],
            [
              76.41895352606299,
              31.46701998114922
            ],
            [
              76.4198289304234,
              31.466495283967944
            ],
            [
              76.4206486901553,
              31.465887308714972
            ],
            [
              76.42140491052434,
              31.46520191052434
            ],
            [
              76.42209030871497,
              31.4644456901553
            ],
            [
              76.42269828396795,
              31.4636259304234
            ],
            [
              76.42322298114922,
              31.46275052606299
            ],
            [
              76.42365934713811,
              31.461827907696595
            ],
            [
              76.42400317949162,
              31.460866960643443
            ],
            [
              76.42425116691619,
              31.459876939348966
            ],
            [
              76.42440092115739,
              31.458867378259427
            ],
            [
              76.424451,
              31.457848
            ],
            [
              76.424451,
              31.45304182104869
            ],
            [
              76.42596191052435,
              31.451530910524344
            ],
            [
              76.42664730871498,
              31.450774690155303
            ],
            [
              76.42725528396795,
              31.449954930423402
            ],
            [
              76.42777998114923,
              31.44907952606299
            ],
            [
              76.42821634713812,
              31.448156907696596
            ],
            [
              76.42856017949163,
              31.447195960643445
            ],
            [
              76.4288081669162,
              31.446205939348967
            ],
            [
              76.42895792115739,
              31.44519637825943
            ],
            [
              76.42900800000001,
              31.444177
            ],
            [
              76.42895792115739,
              31.44315762174057
            ],
            [
              76.4288081669162,
              31.442148060651032
            ],
            [
              76.42856017949163,
              31.441158039356555
            ],
            [
              76.42821634713812,
              31.440197092303404
            ],
            [
              76.4282052312712,
              31.440173589777476
            ],
            [
              76.43051891052434,
              31.437859910524335
            ],
            [
              76.43507591052435,
              31.433302910524343
            ],
            [
              76.43963271744929,
              31.428745103510845
            ],
            [
              76.44031794216622,
              31.427988918217164
            ],
            [
              76.4409257594624,
              31.42716921873227
            ],
            [
              76.44145031735927,
              31.426293897006335
            ],
            [
              76.44188656548795,
              31.42537138051256
            ],
            [
              76.44223030371343,
              31.42441055110865
            ],
            [
              76.44247822257293,
              31.42342065952359
            ],
            [
              76.44262793513889,
              31.422411236292895
            ],
            [
              76.442678,
              31.421392
            ],
            [
              76.442678,
              31.416835
            ],
            [
              76.44262793513889,
              31.415815763707105
            ],
            [
              76.44247822257293,
              31.41480634047641
            ],
            [
              76.44223030371343,
              31.41381644889135
            ],
            [
              76.44188656548795,
              31.41285561948744
            ],
            [
              76.44145031735927,
              31.411933102993665
            ],
            [
              76.4409257594624,
              31.41105778126773
            ],
            [
              76.44031794216622,
              31.410238081782836
            ],
            [
              76.43963271744929,
              31.409481896489154
            ],
            [
              76.43507671744929,
              31.404924896489156
            ],
            [
              76.43432057229585,
              31.40423941532006
            ],
            [
              76.43350087928404,
              31.403631350115766
            ],
            [
              76.43262553250567,
              31.403106556876597
            ],
            [
              76.43170296202874,
              31.40267008964833
            ],
            [
              76.43074205271125,
              31.402326151848964
            ],
            [
              76.42975205863522,
              31.402078055787527
            ],
            [
              76.42874251398479,
              31.401928190764714
            ],
            [
              76.42772314122682,
              31.401878000062617
            ],
            [
              76.42670375747821,
              31.401927967045136
            ],
            [
              76.42569417996171,
              31.40207761050291
            ],
            [
              76.4247041314607,
              31.402325489287648
            ],
            [
              76.42374314668346,
              31.402669216191136
            ],
            [
              76.42282048043873,
              31.4031054809354
            ],
            [
              76.4219450185068,
              31.40363008205247
            ],
            [
              76.42112519206468,
              31.404237967346802
            ],
            [
              76.42036889648917,
              31.404923282550715
            ],
            [
              76.41968341532007,
              31.40567942770416
            ],
            [
              76.41907535011576,
              31.406499120715964
            ],
            [
              76.4185505568766,
              31.40737446749433
            ],
            [
              76.41811408964833,
              31.408297037971266
            ],
            [
              76.41777015184897,
              31.409257947288758
            ],
            [
              76.41752205578753,
              31.410247941364783
            ],
            [
              76.41737219076471,
              31.411257486015213
            ],
            [
              76.41732200006261,
              31.412276858773183
            ],
            [
              76.41737196704514,
              31.413296242521792
            ],
            [
              76.41752161050292,
              31.41430582003829
            ],
            [
              76.41776948928765,
              31.415295868539296
            ],
            [
              76.41811321619114,
              31.416256853316536
            ],
            [
              76.41854948093541,
              31.417179519561277
            ],
            [
              76.41907408205248,
              31.4180549814932
            ],
            [
              76.4196819673468,
              31.41887480793532
            ],
            [
              76.41987516416344,
              31.41908801478787
            ],
            [
              76.41581108947565,
              31.423152089475657
            ],
            [
              76.41125408947566,
              31.427709089475666
            ],
            [
              76.40973151079422,
              31.429231668157108
            ],
            [
              76.40949399999998,
              31.42922
            ],
            [
              76.40847462174055,
              31.429270078842613
            ],
            [
              76.40746506065102,
              31.42941983308381
            ],
            [
              76.40647503935654,
              31.42966782050839
            ],
            [
              76.40551409230339,
              31.430011652861886
            ],
            [
              76.404591473937,
              31.430448018850782
            ],
            [
              76.40371606957659,
              31.43097271603206
            ],
            [
              76.40289630984469,
              31.431580691285035
            ],
            [
              76.40214008947565,
              31.432266089475668
            ],
            [
              76.39758308947566,
              31.436823089475666
            ],
            [
              76.39302608947565,
              31.441380089475658
            ],
            [
              76.39234069128503,
              31.4421363098447
            ],
            [
              76.39173271603205,
              31.4429560695766
            ],
            [
              76.39120801885078,
              31.44383147393701
            ],
            [
              76.39077165286189,
              31.444754092303405
            ],
            [
              76.39042782050838,
              31.445715039356557
            ],
            [
              76.3901798330838,
              31.446705060651034
            ],
            [
              76.39003007884261,
              31.447714621740573
            ],
            [
              76.38998,
              31.448734
            ],
            [
              76.38998,
              31.457848
            ],
            [
              76.38999166815711,
              31.458085510794213
            ]
          ]
        ]
      }
    },
    {
      "type": "Feature",
      "properties": {
        "depth_band": "0.5 - 1.0",
        "min_depth": 0.5,
        "max_depth": 1.0,
        "max_depth_m": 33.9,
        "avg_depth_m": 16.9,
        "hazard_level": "Moderate",
        "zone": "reservoir",
        "timestep_min": 330
      },
      "geometry": {
        "type": "Polygon",
        "coordinates": [
          [
            [
              76.39323747851466,
              31.45925204675125
            ],
            [
              76.39067526263295,
              31.461814262632956
            ],
            [
              76.38611826263296,
              31.46637126263297
            ],
            [
              76.38563848389951,
              31.466900616891294
            ],
            [
              76.38521290122243,
              31.467474448703626
            ],
            [
              76.38484561319554,
              31.468087231755916
            ],
            [
              76.38454015700331,
              31.46873306461239
            ],
            [
              76.38429947435587,
              31.469405727549596
            ],
            [
              76.38412588315866,
              31.470098742455733
            ],
            [
              76.38402105518983,
              31.47080543521841
            ],
            [
              76.38398600000001,
              31.471519000000008
            ],
            [
              76.38402105518983,
              31.47223256478161
            ],
            [
              76.38412588315867,
              31.472939257544287
            ],
            [
              76.38429947435587,
              31.47363227245042
            ],
            [
              76.38454015700333,
              31.474304935387625
            ],
            [
              76.38484561319555,
              31.474950768244103
            ],
            [
              76.38521290122245,
              31.47556355129639
            ],
            [
              76.38563848389953,
              31.476137383108718
            ],
            [
              76.38611826263298,
              31.476666737367044
            ],
            [
              76.3866476168913,
              31.477146516100486
            ],
            [
              76.38722144870363,
              31.477572098777568
            ],
            [
              76.38783423175592,
              31.47793938680446
            ],
            [
              76.3884800646124,
              31.478244842996688
            ],
            [
              76.3891527275496,
              31.478485525644135
            ],
            [
              76.38984574245573,
              31.47865911684134
            ],
            [
              76.39055243521841,
              31.478763944810176
            ],
            [
              76.39126600000002,
              31.478799000000002
            ],
            [
              76.39197956478161,
              31.478763944810172
            ],
            [
              76.39268625754428,
              31.478659116841335
            ],
            [
              76.39337927245042,
              31.47848552564413
            ],
            [
              76.39405193538762,
              31.47824484299668
            ],
            [
              76.3946977682441,
              31.477939386804454
            ],
            [
              76.39531055129639,
              31.477572098777557
            ],
            [
              76.39588438310872,
              31.477146516100476
            ],
            [
              76.39641373736704,
              31.476666737367033
            ],
            [
              76.40097073736703,
              31.47210973736703
            ],
            [
              76.40552773736704,
              31.467552737367043
            ],
            [
              76.40795247473407,
              31.465128
            ],
            [
              76.414051,
              31.465128
            ],
            [
              76.4147645647816,
              31.465092944810173
            ],
            [
              76.41547125754428,
              31.464988116841333
            ],
            [
              76.41616427245042,
              31.46481452564413
            ],
            [
              76.41683693538762,
              31.464573842996682
            ],
            [
              76.4174827682441,
              31.464268386804456
            ],
            [
              76.41809555129639,
              31.463901098777562
            ],
            [
              76.4186693831087,
              31.46347551610048
            ],
            [
              76.41919873736704,
              31.462995737367038
            ],
            [
              76.41967851610048,
              31.46246638310871
            ],
            [
              76.42010409877756,
              31.46189255129638
            ],
            [
              76.42047138680445,
              31.461279768244093
            ],
            [
              76.42077684299669,
              31.460633935387616
            ],
            [
              76.42101752564413,
              31.45996127245041
            ],
            [
              76.42119111684134,
              31.459268257544277
            ],
            [
              76.42129594481017,
              31.458561564781597
            ],
            [
              76.421331,
              31.457848
            ],
            [
              76.421331,
              31.451749474734086
            ],
            [
              76.42375573736705,
              31.44932473736704
            ],
            [
              76.42423551610048,
              31.44879538310871
            ],
            [
              76.42466109877756,
              31.44822155129638
            ],
            [
              76.42502838680446,
              31.447608768244095
            ],
            [
              76.4253338429967,
              31.446962935387617
            ],
            [
              76.42557452564414,
              31.446290272450412
            ],
            [
              76.42574811684135,
              31.44559725754428
            ],
            [
              76.42585294481017,
              31.4448905647816
            ],
            [
              76.425888,
              31.444177
            ],
            [
              76.42585294481017,
              31.4434634352184
            ],
            [
              76.42574811684135,
              31.44275674245572
            ],
            [
              76.42557452564414,
              31.442063727549588
            ],
            [
              76.4253338429967,
              31.441391064612382
            ],
            [
              76.42502838680446,
              31.440745231755905
            ],
            [
              76.42466109877756,
              31.44013244870362
            ],
            [
              76.42430890473037,
              31.439657570003718
            ],
            [
              76.42831273736704,
              31.435653737367034
            ],
            [
              76.43286973736704,
              31.43109673736704
            ],
            [
              76.43742630221449,
              31.42653917245759
            ],
            [
              76.43790595951634,
              31.426009842752016
            ],
            [
              76.43833143162367,
              31.425436053112595
            ],
            [
              76.43869862215149,
              31.424823327904438
            ],
            [
              76.43900399584156,
              31.424177566358793
            ],
            [
              76.4392446125994,
              31.423504985776056
            ],
            [
              76.43941815580105,
              31.422812061666512
            ],
            [
              76.43952295459722,
              31.42210546540503
            ],
            [
              76.43955799999999,
              31.421392
            ],
            [
              76.43955799999999,
              31.416835
            ],
            [
              76.43952295459722,
              31.41612153459497
            ],
            [
              76.43941815580105,
              31.415414938333488
            ],
            [
              76.4392446125994,
              31.414722014223944
            ],
            [
              76.43900399584156,
              31.414049433641207
            ],
            [
              76.43869862215149,
              31.413403672095562
            ],
            [
              76.43833143162367,
              31.412790946887405
            ],
            [
              76.43790595951634,
              31.412217157247984
            ],
            [
              76.43742630221449,
              31.41168782754241
            ],
            [
              76.4328703022145,
              31.40713082754241
            ],
            [
              76.4323410006071,
              31.406650990724042
            ],
            [
              76.43176721549882,
              31.406225345081037
            ],
            [
              76.43115447275397,
              31.40585798981362
            ],
            [
              76.43050867342012,
              31.40555246275383
            ],
            [
              76.42983603689787,
              31.405311706294274
            ],
            [
              76.42914304104465,
              31.40513803905127
            ],
            [
              76.42843635978936,
              31.405033133535298
            ],
            [
              76.42772279885878,
              31.404998000043832
            ],
            [
              76.42700923023475,
              31.405032976931594
            ],
            [
              76.4263025259732,
              31.405137727352038
            ],
            [
              76.42560949202249,
              31.40531124250135
            ],
            [
              76.42493680267843,
              31.405551851333797
            ],
            [
              76.42429093630712,
              31.405857236654782
            ],
            [
              76.42367811295476,
              31.40622445743673
            ],
            [
              76.42310423444528,
              31.406649977142763
            ],
            [
              76.42257482754242,
              31.4071296977855
            ],
            [
              76.42209499072405,
              31.407658999392915
            ],
            [
              76.42166934508104,
              31.408232784501177
            ],
            [
              76.42130198981361,
              31.40884552724603
            ],
            [
              76.42099646275383,
              31.409491326579886
            ],
            [
              76.42075570629427,
              31.41016396310213
            ],
            [
              76.42058203905127,
              31.41085695895535
            ],
            [
              76.4204771335353,
              31.411563640210648
            ],
            [
              76.42044200004383,
              31.41227720114123
            ],
            [
              76.4204769769316,
              31.412990769765255
            ],
            [
              76.42058172735204,
              31.4136974740268
            ],
            [
              76.42075524250136,
              31.414390507977508
            ],
            [
              76.4209958513338,
              31.415063197321576
            ],
            [
              76.42130123665478,
              31.415709063692894
            ],
            [
              76.42166845743672,
              31.41632188704524
            ],
            [
              76.42209397714277,
              31.416895765554724
            ],
            [
              76.42257369778551,
              31.41742517245759
            ],
            [
              76.4242616548369,
              31.4191135
            ],
            [
              76.42257398023406,
              31.42080154503186
            ],
            [
              76.41801726263296,
              31.42535826263296
            ],
            [
              76.41346026263297,
              31.429915262632967
            ],
            [
              76.41089804675126,
              31.432477478514677
            ],
            [
              76.41020756478159,
              31.432375055189826
            ],
            [
              76.409494,
              31.43234
            ],
            [
              76.40878043521839,
              31.43237505518983
            ],
            [
              76.40807374245571,
              31.432479883158667
            ],
            [
              76.40738072754958,
              31.432653474355874
            ],
            [
              76.40670806461237,
              31.43289415700332
            ],
            [
              76.4060622317559,
              31.433199613195548
            ],
            [
              76.4054494487036,
              31.43356690122244
            ],
            [
              76.40487561689127,
              31.433992483899523
            ],
            [
              76.40434626263296,
              31.43447226263297
            ],
            [
              76.39978926263296,
              31.439029262632967
            ],
            [
              76.39523226263296,
              31.443586262632962
            ],
            [
              76.39475248389952,
              31.444115616891292
            ],
            [
              76.39432690122244,
              31.44468944870362
            ],
            [
              76.39395961319555,
              31.445302231755907
            ],
            [
              76.39365415700331,
              31.445948064612384
            ],
            [
              76.39341347435587,
              31.44662072754959
            ],
            [
              76.39323988315866,
              31.447313742455723
            ],
            [
              76.39313505518983,
              31.448020435218403
            ],
            [
              76.3931,
              31.448734
            ],
            [
              76.3931,
              31.457848
            ],
            [
              76.39313505518983,
              31.458561564781597
            ],
            [
              76.39323747851466,
              31.45925204675125
            ]
          ]
        ]
      }
    },
    {
      "type": "Feature",
      "properties": {
        "depth_band": "1.0 - 2.0",
        "min_depth": 1.0,
        "max_depth": 2.0,
        "max_depth_m": 33.9,
        "avg_depth_m": 16.9,
        "hazard_level": "Moderate",
        "zone": "reservoir",
        "timestep_min": 330
      },
      "geometry": {
        "type": "Polygon",
        "coordinates": [
          [
            [
              76.39620756989436,
              31.459958910633734
            ],
            [
              76.39251374026404,
              31.463652740264042
            ],
            [
              76.38795674026404,
              31.46820974026405
            ],
            [
              76.38764831107827,
              31.46855003943012
            ],
            [
              76.38737472221442,
              31.468918931309474
            ],
            [
              76.38713860848284,
              31.46931286327166
            ],
            [
              76.38694224378784,
              31.469728041536538
            ],
            [
              76.38678751922878,
              31.470160467710453
            ],
            [
              76.38667592488771,
              31.47060597729297
            ],
            [
              76.38660853547917,
              31.471060279783263
            ],
            [
              76.38658600000001,
              31.471519000000008
            ],
            [
              76.38660853547917,
              31.47197772021675
            ],
            [
              76.38667592488771,
              31.472432022707043
            ],
            [
              76.38678751922878,
              31.472877532289555
            ],
            [
              76.38694224378786,
              31.473309958463474
            ],
            [
              76.38713860848286,
              31.47372513672835
            ],
            [
              76.38737472221443,
              31.474119068690538
            ],
            [
              76.38764831107827,
              31.474487960569892
            ],
            [
              76.38795674026406,
              31.474828259735958
            ],
            [
              76.38829703943011,
              31.47513668892174
            ],
            [
              76.38866593130948,
              31.47541027778558
            ],
            [
              76.38905986327165,
              31.475646391517152
            ],
            [
              76.38947504153654,
              31.475842756212156
            ],
            [
              76.38990746771046,
              31.47599748077123
            ],
            [
              76.39035297729298,
              31.476109075112287
            ],
            [
              76.39080727978326,
              31.476176464520826
            ],
            [
              76.391266,
              31.476199
            ],
            [
              76.39172472021674,
              31.476176464520826
            ],
            [
              76.39217902270704,
              31.476109075112287
            ],
            [
              76.39262453228956,
              31.475997480771227
            ],
            [
              76.39305695846348,
              31.475842756212153
            ],
            [
              76.39347213672835,
              31.47564639151715
            ],
            [
              76.39386606869054,
              31.475410277785574
            ],
            [
              76.39423496056989,
              31.475136688921737
            ],
            [
              76.39457525973596,
              31.47482825973595
            ],
            [
              76.39913225973595,
              31.47027125973595
            ],
            [
              76.40368925973596,
              31.465714259735957
            ],
            [
              76.40687551947191,
              31.462528
            ],
            [
              76.414051,
              31.462528
            ],
            [
              76.41450972021674,
              31.462505464520824
            ],
            [
              76.41496402270704,
              31.462438075112285
            ],
            [
              76.41540953228956,
              31.462326480771225
            ],
            [
              76.41584195846347,
              31.46217175621215
            ],
            [
              76.41625713672835,
              31.46197539151715
            ],
            [
              76.41665106869053,
              31.461739277785576
            ],
            [
              76.41701996056989,
              31.461465688921734
            ],
            [
              76.41736025973596,
              31.461157259735952
            ],
            [
              76.41766868892174,
              31.460816960569883
            ],
            [
              76.41794227778557,
              31.460448068690532
            ],
            [
              76.41817839151715,
              31.460054136728345
            ],
            [
              76.41837475621216,
              31.45963895846347
            ],
            [
              76.41852948077123,
              31.45920653228955
            ],
            [
              76.41864107511229,
              31.458761022707034
            ],
            [
              76.41870846452083,
              31.45830672021674
            ],
            [
              76.418731,
              31.457848
            ],
            [
              76.418731,
              31.45067251947192
            ],
            [
              76.42191725973596,
              31.447486259735953
            ],
            [
              76.42222568892174,
              31.447145960569884
            ],
            [
              76.42249927778559,
              31.44677706869053
            ],
            [
              76.42273539151715,
              31.446383136728343
            ],
            [
              76.42293175621217,
              31.445967958463466
            ],
            [
              76.42308648077123,
              31.445535532289547
            ],
            [
              76.4231980751123,
              31.445090022707035
            ],
            [
              76.42326546452084,
              31.44463572021674
            ],
            [
              76.423288,
              31.444177
            ],
            [
              76.42326546452084,
              31.443718279783255
            ],
            [
              76.4231980751123,
              31.44326397729296
            ],
            [
              76.42308648077123,
              31.44281846771045
            ],
            [
              76.42293175621217,
              31.44238604153653
            ],
            [
              76.42273539151715,
              31.441970863271653
            ],
            [
              76.42249927778558,
              31.441576931309466
            ],
            [
              76.42222568892174,
              31.441208039430112
            ],
            [
              76.42191725973596,
              31.440867740264046
            ],
            [
              76.4215769605699,
              31.44055931107826
            ],
            [
              76.42120806869053,
              31.440285722214423
            ],
            [
              76.42081413672835,
              31.44004960848285
            ],
            [
              76.42042429323129,
              31.439865226240627
            ],
            [
              76.42191725973596,
              31.438372259735953
            ],
            [
              76.42647425973595,
              31.43381525973595
            ],
            [
              76.43103125973596,
              31.429258259735953
            ],
            [
              76.43558762285218,
              31.424700896579882
            ],
            [
              76.4358959739748,
              31.42436061319772
            ],
            [
              76.43616949175808,
              31.423991748429522
            ],
            [
              76.43640554281167,
              31.42359785365285
            ],
            [
              76.43660185446957,
              31.42318272123065
            ],
            [
              76.43675653667104,
              31.422750347998893
            ],
            [
              76.43686810015781,
              31.422304896785615
            ],
            [
              76.4369354708125,
              31.421850656331802
            ],
            [
              76.43695799999999,
              31.421392
            ],
            [
              76.43695799999999,
              31.416835
            ],
            [
              76.4369354708125,
              31.416376343668198
            ],
            [
              76.43686810015781,
              31.415922103214385
            ],
            [
              76.43675653667104,
              31.415476652001107
            ],
            [
              76.43660185446957,
              31.41504427876935
            ],
            [
              76.43640554281167,
              31.41462914634715
            ],
            [
              76.43616949175808,
              31.414235251570478
            ],
            [
              76.4358959739748,
              31.41386638680228
            ],
            [
              76.43558762285218,
              31.413526103420118
            ],
            [
              76.43103162285219,
              31.40896910342012
            ],
            [
              76.43069135753314,
              31.408660636894027
            ],
            [
              76.43032249567781,
              31.408387007552093
            ],
            [
              76.42992858962755,
              31.40815085059447
            ],
            [
              76.42951343291293,
              31.407954440341747
            ],
            [
              76.42908102372006,
              31.407799668332032
            ],
            [
              76.42863552638585,
              31.407688025104388
            ],
            [
              76.42818123129315,
              31.40762058584412
            ],
            [
              76.42772251355207,
              31.407598000028177
            ],
            [
              76.4272637908652,
              31.407620485170312
            ],
            [
              76.42680948098277,
              31.40768782472631
            ],
            [
              76.42636395915731,
              31.40779937017944
            ],
            [
              76.42593151600757,
              31.40795404728601
            ],
            [
              76.42551631619743,
              31.40815036642093
            ],
            [
              76.42512235832807,
              31.40838643692361
            ],
            [
              76.42475343642911,
              31.408659985306063
            ],
            [
              76.42441310342012,
              31.408968377147822
            ],
            [
              76.42410463689403,
              31.409308642466872
            ],
            [
              76.4238310075521,
              31.409677504322186
            ],
            [
              76.42359485059447,
              31.41007141037245
            ],
            [
              76.42339844034176,
              31.41048656708707
            ],
            [
              76.42324366833203,
              31.41091897627994
            ],
            [
              76.4231320251044,
              31.411364473614153
            ],
            [
              76.42306458584412,
              31.411818768706844
            ],
            [
              76.42304200002818,
              31.412277486447934
            ],
            [
              76.42306448517031,
              31.412736209134806
            ],
            [
              76.42313182472631,
              31.41319051901723
            ],
            [
              76.42324337017945,
              31.413636040842682
            ],
            [
              76.42339804728601,
              31.41406848399244
            ],
            [
              76.42359436642093,
              31.414483683802576
            ],
            [
              76.42383043692361,
              31.41487764167194
            ],
            [
              76.42410398530606,
              31.415246563570893
            ],
            [
              76.42441237714782,
              31.41558689657988
            ],
            [
              76.427598,
              31.41877321864692
            ],
            [
              76.427598,
              31.41945378135308
            ],
            [
              76.42441255867564,
              31.42263992185245
            ],
            [
              76.41985574026404,
              31.427196740264048
            ],
            [
              76.41529874026405,
              31.43175374026405
            ],
            [
              76.41160491063374,
              31.435447569894357
            ],
            [
              76.41128495846347,
              31.43529624378785
            ],
            [
              76.41085253228954,
              31.435141519228775
            ],
            [
              76.41040702270703,
              31.435029924887715
            ],
            [
              76.40995272021674,
              31.434962535479176
            ],
            [
              76.409494,
              31.43494
            ],
            [
              76.40903527978325,
              31.434962535479176
            ],
            [
              76.40858097729296,
              31.435029924887715
            ],
            [
              76.40813546771044,
              31.435141519228775
            ],
            [
              76.40770304153652,
              31.43529624378785
            ],
            [
              76.40728786327165,
              31.435492608482853
            ],
            [
              76.40689393130945,
              31.435728722214428
            ],
            [
              76.40652503943011,
              31.436002311078266
            ],
            [
              76.40618474026404,
              31.43631074026405
            ],
            [
              76.40162774026405,
              31.44086774026405
            ],
            [
              76.39707074026404,
              31.44542474026405
            ],
            [
              76.39676231107826,
              31.445765039430118
            ],
            [
              76.39648872221443,
              31.446133931309472
            ],
            [
              76.39625260848285,
              31.44652786327166
            ],
            [
              76.39605624378784,
              31.446943041536535
            ],
            [
              76.39590151922877,
              31.44737546771045
            ],
            [
              76.39578992488771,
              31.447820977292967
            ],
            [
              76.39572253547917,
              31.44827527978326
            ],
            [
              76.3957,
              31.448734
            ],
            [
              76.3957,
              31.457848
            ],
            [
              76.39572253547917,
              31.45830672021674
            ],
            [
              76.39578992488771,
              31.458761022707034
            ],
            [
              76.39590151922877,
              31.45920653228955
            ],
            [
              76.39605624378784,
              31.45963895846347
            ],
            [
              76.39620756989436,
              31.459958910633734
            ]
          ]
        ]
      }
    },
    {
      "type": "Feature",
      "properties": {
        "depth_band": "2.0 - 3.0",
        "min_depth": 2.0,
        "max_depth": 3.0,
        "max_depth_m": 33.9,
        "avg_depth_m": 16.9,
        "hazard_level": "Moderate",
        "zone": "reservoir",
        "timestep_min": 330
      },
      "geometry": {
        "type": "Polygon",
        "coordinates": [
          [
            [
              76.39766147763108,
              31.46880047763108
            ],
            [
              76.40221847763108,
              31.464243477631086
            ],
            [
              76.40601395526217,
              31.460448
            ],
            [
              76.414051,
              31.460448
            ],
            [
              76.41430584456485,
              31.460435480289345
            ],
            [
              76.41455823483724,
              31.460398041729047
            ],
            [
              76.41480574016086,
              31.460336044872903
            ],
            [
              76.41504597692415,
              31.460250086784527
            ],
            [
              76.41527663151575,
              31.460140995287304
            ],
            [
              76.41549548260585,
              31.460009820991985
            ],
            [
              76.41570042253882,
              31.45985782717874
            ],
            [
              76.41588947763108,
              31.459686477631085
            ],
            [
              76.41606082717874,
              31.459497422538824
            ],
            [
              76.41621282099199,
              31.45929248260585
            ],
            [
              76.4163439952873,
              31.459073631515746
            ],
            [
              76.41645308678453,
              31.45884297692415
            ],
            [
              76.4165390448729,
              31.45860274016086
            ],
            [
              76.41660104172905,
              31.458355234837242
            ],
            [
              76.41663848028935,
              31.458102844564856
            ],
            [
              76.416651,
              31.457848
            ],
            [
              76.416651,
              31.44981095526217
            ],
            [
              76.42044647763109,
              31.446015477631086
            ],
            [
              76.42061782717875,
              31.445826422538826
            ],
            [
              76.42076982099199,
              31.44562148260585
            ],
            [
              76.42090099528731,
              31.445402631515748
            ],
            [
              76.42101008678453,
              31.44517197692415
            ],
            [
              76.42109604487291,
              31.444931740160865
            ],
            [
              76.42115804172906,
              31.444684234837244
            ],
            [
              76.42119548028936,
              31.444431844564857
            ],
            [
              76.42120800000001,
              31.444177
            ],
            [
              76.42119548028936,
              31.443922155435146
            ],
            [
              76.42115804172906,
              31.44366976516276
            ],
            [
              76.42109604487291,
              31.44342225983914
            ],
            [
              76.42101008678453,
              31.443182023075853
            ],
            [
              76.42090099528731,
              31.442951368484252
            ],
            [
              76.42076982099199,
              31.44273251739415
            ],
            [
              76.42061782717875,
              31.442527577461174
            ],
            [
              76.42044647763109,
              31.442338522368914
            ],
            [
              76.42025742253884,
              31.442167172821257
            ],
            [
              76.42005248260585,
              31.442015179008013
            ],
            [
              76.41983363151576,
              31.441884004712694
            ],
            [
              76.41960297692415,
              31.441774913215472
            ],
            [
              76.41936274016086,
              31.441688955127095
            ],
            [
              76.41911523483725,
              31.44162695827095
            ],
            [
              76.41886284456486,
              31.441589519710654
            ],
            [
              76.418608,
              31.441577
            ],
            [
              76.41577095526218,
              31.441577
            ],
            [
              76.41588947763108,
              31.441458477631087
            ],
            [
              76.42044647763109,
              31.436901477631086
            ],
            [
              76.42500347763108,
              31.432344477631084
            ],
            [
              76.42956047763109,
              31.427787477631085
            ],
            [
              76.43411667936232,
              31.42323027587771
            ],
            [
              76.43428798554154,
              31.42304122955429
            ],
            [
              76.4344399398656,
              31.422836304683067
            ],
            [
              76.43457107933982,
              31.422617474251584
            ],
            [
              76.43468014137198,
              31.422386845128138
            ],
            [
              76.43476607592835,
              31.422146637777164
            ],
            [
              76.43482805564322,
              31.421899164880898
            ],
            [
              76.43486548378472,
              31.421646809073223
            ],
            [
              76.434878,
              31.421392
            ],
            [
              76.434878,
              31.416835
            ],
            [
              76.43486548378472,
              31.416580190926776
            ],
            [
              76.43482805564322,
              31.4163278351191
            ],
            [
              76.43476607592835,
              31.416080362222836
            ],
            [
              76.43468014137198,
              31.415840154871862
            ],
            [
              76.43457107933982,
              31.415609525748415
            ],
            [
              76.4344399398656,
              31.415390695316933
            ],
            [
              76.43428798554154,
              31.41518577044571
            ],
            [
              76.43411667936232,
              31.41499672412229
            ],
            [
              76.42956067936233,
              31.41043972412229
            ],
            [
              76.42937164307396,
              31.410268353830016
            ],
            [
              76.42916671982101,
              31.41011633752894
            ],
            [
              76.42894788312643,
              31.40998513921915
            ],
            [
              76.42871724050718,
              31.40987602241208
            ],
            [
              76.42847701317781,
              31.409790037962242
            ],
            [
              76.42822951465881,
              31.409728013946882
            ],
            [
              76.4279771284962,
              31.409690547691177
            ],
            [
              76.4277222853067,
              31.409678000015653
            ],
            [
              76.42746743936955,
              31.409690491761285
            ],
            [
              76.42721504499043,
              31.40972790262573
            ],
            [
              76.42696753286518,
              31.409789872321912
            ],
            [
              76.42672728667087,
              31.409875804047786
            ],
            [
              76.42649662010969,
              31.409984870233853
            ],
            [
              76.42627775462671,
              31.41011602051312
            ],
            [
              76.42607279801618,
              31.4102679918367
            ],
            [
              76.42588372412229,
              31.41043932063768
            ],
            [
              76.42571235383002,
              31.41062835692604
            ],
            [
              76.42556033752895,
              31.41083328017899
            ],
            [
              76.42542913921915,
              31.411052116873584
            ],
            [
              76.42532002241208,
              31.411282759492817
            ],
            [
              76.42523403796224,
              31.411522986822188
            ],
            [
              76.42517201394688,
              31.411770485341197
            ],
            [
              76.42513454769119,
              31.412022871503805
            ],
            [
              76.42512200001566,
              31.412277714693296
            ],
            [
              76.42513449176128,
              31.41253256063045
            ],
            [
              76.42517190262573,
              31.412784955009574
            ],
            [
              76.42523387232191,
              31.413032467134826
            ],
            [
              76.42531980404779,
              31.413272713329135
            ],
            [
              76.42542887023386,
              31.41350337989032
            ],
            [
              76.42556002051312,
              31.4137222453733
            ],
            [
              76.4257119918367,
              31.41392720198383
            ],
            [
              76.42588332063768,
              31.41411627587771
            ],
            [
              76.429678,
              31.417911788137168
            ],
            [
              76.429678,
              31.42031521186283
            ],
            [
              76.42588342149367,
              31.424110623244168
            ],
            [
              76.42132652236891,
              31.428667522368915
            ],
            [
              76.41676952236892,
              31.433224522368917
            ],
            [
              76.41221252236892,
              31.437781522368915
            ],
            [
              76.4117725,
              31.438221544737836
            ],
            [
              76.41133247763108,
              31.437781522368915
            ],
            [
              76.41114342253881,
              31.437610172821255
            ],
            [
              76.41093848260584,
              31.437458179008015
            ],
            [
              76.41071963151575,
              31.437327004712696
            ],
            [
              76.41048897692414,
              31.43721791321547
            ],
            [
              76.41024874016085,
              31.437131955127096
            ],
            [
              76.41000123483724,
              31.437069958270953
            ],
            [
              76.40974884456485,
              31.437032519710655
            ],
            [
              76.409494,
              31.43702
            ],
            [
              76.40923915543513,
              31.437032519710655
            ],
            [
              76.40898676516275,
              31.437069958270953
            ],
            [
              76.40873925983914,
              31.437131955127096
            ],
            [
              76.40849902307585,
              31.437217913215473
            ],
            [
              76.40826836848424,
              31.437327004712696
            ],
            [
              76.40804951739415,
              31.437458179008015
            ],
            [
              76.40784457746118,
              31.43761017282126
            ],
            [
              76.40765552236891,
              31.43778152236892
            ],
            [
              76.40309852236892,
              31.442338522368917
            ],
            [
              76.39854152236892,
              31.446895522368916
            ],
            [
              76.39837017282126,
              31.447084577461176
            ],
            [
              76.39821817900801,
              31.44728951739415
            ],
            [
              76.39808700471269,
              31.447508368484254
            ],
            [
              76.39797791321547,
              31.44773902307585
            ],
            [
              76.3978919551271,
              31.44797925983914
            ],
            [
              76.39782995827095,
              31.448226765162758
            ],
            [
              76.39779251971065,
              31.448479155435145
            ],
            [
              76.39778,
              31.448734
            ],
            [
              76.39778,
              31.457848
            ],
            [
              76.39779251971065,
              31.458102844564856
            ],
            [
              76.39782995827095,
              31.45835523483724
            ],
            [
              76.3978919551271,
              31.45860274016086
            ],
            [
              76.39797791321547,
              31.458842976924146
            ],
            [
              76.39808700471269,
              31.459073631515746
            ],
            [
              76.39821817900801,
              31.45929248260585
            ],
            [
              76.39837017282126,
              31.459497422538824
            ],
            [
              76.39854152236892,
              31.459686477631085
            ],
            [
              76.39873057746117,
              31.45985782717874
            ],
            [
              76.39893551739415,
              31.460009820991985
            ],
            [
              76.39903724847971,
              31.460070796258115
            ],
            [
              76.39854152236892,
              31.460566522368914
            ],
            [
              76.39398452236891,
              31.465123522368913
            ],
            [
              76.38942752236892,
              31.469680522368918
            ],
            [
              76.38925617282126,
              31.46986957746118
            ],
            [
              76.38910417900802,
              31.470074517394153
            ],
            [
              76.3889730047127,
              31.470293368484256
            ],
            [
              76.38886391321547,
              31.470524023075853
            ],
            [
              76.3887779551271,
              31.470764259839143
            ],
            [
              76.38871595827095,
              31.47101176516276
            ],
            [
              76.38867851971065,
              31.471264155435147
            ],
            [
              76.388666,
              31.471519000000004
            ],
            [
              76.38867851971065,
              31.47177384456486
            ],
            [
              76.38871595827095,
              31.472026234837244
            ],
            [
              76.3887779551271,
              31.472273740160865
            ],
            [
              76.38886391321547,
              31.47251397692415
            ],
            [
              76.3889730047127,
              31.472744631515752
            ],
            [
              76.38910417900802,
              31.472963482605856
            ],
            [
              76.38925617282126,
              31.47316842253883
            ],
            [
              76.38942752236892,
              31.473357477631087
            ],
            [
              76.38961657746118,
              31.473528827178747
            ],
            [
              76.38982151739415,
              31.47368082099199
            ],
            [
              76.39004036848425,
              31.473811995287306
            ],
            [
              76.39027102307585,
              31.473921086784532
            ],
            [
              76.39051125983914,
              31.474007044872906
            ],
            [
              76.39075876516276,
              31.47406904172905
            ],
            [
              76.39101115543515,
              31.47410648028935
            ],
            [
              76.391266,
              31.474119
            ],
            [
              76.39152084456487,
              31.474106480289347
            ],
            [
              76.39177323483725,
              31.47406904172905
            ],
            [
              76.39202074016086,
              31.474007044872902
            ],
            [
              76.39226097692415,
              31.47392108678453
            ],
            [
              76.39249163151575,
              31.473811995287306
            ],
            [
              76.39271048260585,
              31.473680820991987
            ],
            [
              76.39291542253883,
              31.473528827178743
            ],
            [
              76.39310447763108,
              31.473357477631083
            ],
            [
              76.39766147763108,
              31.46880047763108
            ]
          ],
          [
            [
              76.40665695526218,
              31.455247999999997
            ],
            [
              76.40677547763109,
              31.455129477631086
            ],
            [
              76.40694682717874,
              31.454940422538826
            ],
            [
              76.40709882099199,
              31.45473548260585
            ],
            [
              76.40722999528731,
              31.454516631515748
            ],
            [
              76.40733908678453,
              31.45428597692415
            ],
            [
              76.40742504487291,
              31.45404574016086
            ],
            [
              76.40748704172906,
              31.453798234837244
            ],
            [
              76.40752448028935,
              31.453545844564857
            ],
            [
              76.407537,
              31.453291
            ],
            [
              76.407537,
              31.449810955262162
            ],
            [
              76.41133247763108,
              31.446015477631082
            ],
            [
              76.4117725,
              31.445575455262166
            ],
            [
              76.41221252236892,
              31.446015477631086
            ],
            [
              76.41240157746118,
              31.446186827178746
            ],
            [
              76.41260651739415,
              31.446338820991986
            ],
            [
              76.41270824847972,
              31.446399796258117
            ],
            [
              76.41221252236892,
              31.446895522368916
            ],
            [
              76.41204117282126,
              31.447084577461176
            ],
            [
              76.41188917900801,
              31.44728951739415
            ],
            [
              76.4117580047127,
              31.447508368484254
            ],
            [
              76.41164891321547,
              31.44773902307585
            ],
            [
              76.4115629551271,
              31.44797925983914
            ],
            [
              76.41150095827095,
              31.448226765162758
            ],
            [
              76.41146351971065,
              31.448479155435145
            ],
            [
              76.411451,
              31.448734
            ],
            [
              76.411451,
              31.455247999999997
            ],
            [
              76.40665695526218,
              31.455247999999997
            ]
          ]
        ]
      }
    },
    {
      "type": "Feature",
      "properties": {
        "timestep_min": 330,
        "depth_band": "0.1 - 0.5",
        "min_depth": 0.1,
        "max_depth": 0.5,
        "max_depth_m": 9.6,
        "avg_depth_m": 5.3,
        "inundated_area_km2": 0.94,
        "hazard_level": "Moderate",
        "zone": "downstream",
        "wave_front_km": 130.4
      },
      "geometry": {
        "type": "Polygon",
        "coordinates": [
          [
            [
              76.43358499151364,
              31.40300158083686
            ],
            [
              76.42375747088991,
              31.27947224395648
            ],
            [
              76.35938241813263,
              31.26072438104626
            ],
            [
              76.37137826338895,
              31.265131871434562
            ],
            [
              76.3712077291101,
              31.30560175604352
            ],
            [
              76.42878031757635,
              31.412092652328564
            ],
            [
              76.43358499151364,
              31.40300158083686
            ]
          ]
        ]
      }
    },
    {
      "type": "Feature",
      "properties": {
        "timestep_min": 330,
        "depth_band": "0.5 - 1.0",
        "min_depth": 0.5,
        "max_depth": 1.0,
        "max_depth_m": 9.6,
        "avg_depth_m": 5.3,
        "inundated_area_km2": 0.71,
        "hazard_level": "Moderate",
        "zone": "downstream",
        "wave_front_km": 130.4
      },
      "geometry": {
        "type": "Polygon",
        "coordinates": [
          [
            [
              76.42647090059762,
              31.383201914281777
            ],
            [
              76.41910026012982,
              31.29055491162149
            ],
            [
              76.37081897056187,
              31.276494014438825
            ],
            [
              76.3798158545041,
              31.279799632230052
            ],
            [
              76.37968795379497,
              31.31015204568677
            ],
            [
              76.42286739514466,
              31.390020217900553
            ],
            [
              76.42647090059762,
              31.383201914281777
            ]
          ]
        ]
      }
    },
    {
      "type": "Feature",
      "properties": {
        "timestep_min": 330,
        "depth_band": "1.0 - 2.0",
        "min_depth": 1.0,
        "max_depth": 2.0,
        "max_depth_m": 9.6,
        "avg_depth_m": 5.3,
        "inundated_area_km2": 0.52,
        "hazard_level": "High",
        "zone": "downstream",
        "wave_front_km": 130.4
      },
      "geometry": {
        "type": "Polygon",
        "coordinates": [
          [
            [
              76.42077962786482,
              31.367362181037706
            ],
            [
              76.41537449152176,
              31.299421045753498
            ],
            [
              76.37996821250526,
              31.289109721152876
            ],
            [
              76.38656592739625,
              31.291533840866443
            ],
            [
              76.38647213354287,
              31.31379227740137
            ],
            [
              76.41813705719932,
              31.372362270358142
            ],
            [
              76.42077962786482,
              31.367362181037706
            ]
          ]
        ]
      }
    },
    {
      "type": "Feature",
      "properties": {
        "timestep_min": 330,
        "depth_band": "2.0 - 3.0",
        "min_depth": 2.0,
        "max_depth": 3.0,
        "max_depth_m": 9.6,
        "avg_depth_m": 5.3,
        "inundated_area_km2": 0.36,
        "hazard_level": "High",
        "zone": "downstream",
        "wave_front_km": 130.4
      },
      "geometry": {
        "type": "Polygon",
        "coordinates": [
          [
            [
              76.41594204604195,
              31.35389840778025
            ],
            [
              76.41220758820492,
              31.306957259765706
            ],
            [
              76.38774506815716,
              31.299833071859823
            ],
            [
              76.39230348935456,
              31.301507918207378
            ],
            [
              76.3922386863286,
              31.316886474358782
            ],
            [
              76.41411626994577,
              31.3573530149471
            ],
            [
              76.41594204604195,
              31.35389840778025
            ]
          ]
        ]
      }
    },
    {
      "type": "Feature",
      "properties": {
        "timestep_min": 330,
        "depth_band": "3.0 - 5.0",
        "min_depth": 3.0,
        "max_depth": 5.0,
        "max_depth_m": 9.6,
        "avg_depth_m": 5.3,
        "inundated_area_km2": 0.21,
        "hazard_level": "Critical",
        "zone": "downstream",
        "wave_front_km": 130.4
      },
      "geometry": {
        "type": "Polygon",
        "coordinates": [
          [
            [
              76.41138902785569,
              31.341226621184997
            ],
            [
              76.40922697331847,
              31.314050167071315
            ],
            [
              76.39506446171187,
              31.309925637231064
            ],
            [
              76.39770354766826,
              31.31089528511649
            ],
            [
              76.39766603012691,
              31.319798659730463
            ],
            [
              76.41033199958949,
              31.34322665691317
            ],
            [
              76.41138902785569,
              31.341226621184997
            ]
          ]
        ]
      }
    },
    {
      "type": "Feature",
      "properties": {
        "timestep_min": 330,
        "depth_band": "> 5.0",
        "min_depth": 5.0,
        "max_depth": 99.0,
        "max_depth_m": 9.6,
        "avg_depth_m": 5.3,
        "inundated_area_km2": 0.09,
        "hazard_level": "Critical",
        "zone": "downstream",
        "wave_front_km": 130.4
      },
      "geometry": {
        "type": "Polygon",
        "coordinates": [
          [
            [
              76.40797426421601,
              31.331722781238557
            ],
            [
              76.40699151215364,
              31.31936984755052
            ],
            [
              76.40055400687791,
              31.317495061259496
            ],
            [
              76.40175359140355,
              31.317935810298327
            ],
            [
              76.40173653797565,
              31.321982798759223
            ],
            [
              76.40749379682228,
              31.332631888387727
            ],
            [
              76.40797426421601,
              31.331722781238557
            ]
          ]
        ]
      }
    },
    {
      "type": "Feature",
      "properties": {
        "depth_band": "0.1 - 0.5",
        "min_depth": 0.1,
        "max_depth": 0.5,
        "max_depth_m": 33.9,
        "avg_depth_m": 16.9,
        "hazard_level": "Moderate",
        "zone": "reservoir",
        "timestep_min": 360
      },
      "geometry": {
        "type": "Polygon",
        "coordinates": [
          [
            [
              76.38999166815711,
              31.458085510794213
            ],
            [
              76.38846908947566,
              31.459608089475655
            ],
            [
              76.38391208947566,
              31.46416508947567
            ],
            [
              76.38322669128502,
              31.46492130984471
            ],
            [
              76.38261871603204,
              31.465741069576605
            ],
            [
              76.38209401885078,
              31.46661647393702
            ],
            [
              76.38165765286188,
              31.467539092303415
            ],
            [
              76.38131382050838,
              31.468500039356567
            ],
            [
              76.38106583308381,
              31.469490060651044
            ],
            [
              76.3809160788426,
              31.470499621740586
            ],
            [
              76.380866,
              31.47151900000001
            ],
            [
              76.38091607884262,
              31.47253837825944
            ],
            [
              76.38106583308381,
              31.47354793934898
            ],
            [
              76.3813138205084,
              31.47453796064346
            ],
            [
              76.38165765286189,
              31.475498907696608
            ],
            [
              76.38209401885078,
              31.476421526063003
            ],
            [
              76.38261871603206,
              31.477296930423414
            ],
            [
              76.38322669128503,
              31.47811669015531
            ],
            [
              76.38391208947567,
              31.47887291052435
            ],
            [
              76.38466830984471,
              31.47955830871498
            ],
            [
              76.38548806957661,
              31.480166283967954
            ],
            [
              76.38636347393702,
              31.48069098114923
            ],
            [
              76.38728609230341,
              31.481127347138123
            ],
            [
              76.38824703935657,
              31.48147117949162
            ],
            [
              76.38923706065104,
              31.481719166916196
            ],
            [
              76.39024662174059,
              31.481868921157393
            ],
            [
              76.39126600000002,
              31.481919
            ],
            [
              76.39228537825944,
              31.48186892115739
            ],
            [
              76.39329493934898,
              31.481719166916193
            ],
            [
              76.39428496064346,
              31.481471179491614
            ],
            [
              76.3952459076966,
              31.481127347138113
            ],
            [
              76.39616852606301,
              31.480690981149216
            ],
            [
              76.39704393042342,
              31.48016628396794
            ],
            [
              76.39786369015532,
              31.479558308714964
            ],
            [
              76.39861991052435,
              31.47887291052433
            ],
            [
              76.40317691052434,
              31.474315910524336
            ],
            [
              76.40773391052433,
              31.469758910524344
            ],
            [
              76.40924482104869,
              31.468248
            ],
            [
              76.414051,
              31.468248
            ],
            [
              76.41507037825943,
              31.46819792115739
            ],
            [
              76.41607993934898,
              31.46804816691619
            ],
            [
              76.41706996064345,
              31.467800179491615
            ],
            [
              76.4180309076966,
              31.467456347138114
            ],
            [
              76.41895352606299,
              31.46701998114922
            ],
            [
              76.4198289304234,
              31.466495283967944
            ],
            [
              76.4206486901553,
              31.465887308714972
            ],
            [
              76.42140491052434,
              31.46520191052434
            ],
            [
              76.42209030871497,
              31.4644456901553
            ],
            [
              76.42269828396795,
              31.4636259304234
            ],
            [
              76.42322298114922,
              31.46275052606299
            ],
            [
              76.42365934713811,
              31.461827907696595
            ],
            [
              76.42400317949162,
              31.460866960643443
            ],
            [
              76.42425116691619,
              31.459876939348966
            ],
            [
              76.42440092115739,
              31.458867378259427
            ],
            [
              76.424451,
              31.457848
            ],
            [
              76.424451,
              31.45304182104869
            ],
            [
              76.42596191052435,
              31.451530910524344
            ],
            [
              76.42664730871498,
              31.450774690155303
            ],
            [
              76.42725528396795,
              31.449954930423402
            ],
            [
              76.42777998114923,
              31.44907952606299
            ],
            [
              76.42821634713812,
              31.448156907696596
            ],
            [
              76.42856017949163,
              31.447195960643445
            ],
            [
              76.4288081669162,
              31.446205939348967
            ],
            [
              76.42895792115739,
              31.44519637825943
            ],
            [
              76.42900800000001,
              31.444177
            ],
            [
              76.42895792115739,
              31.44315762174057
            ],
            [
              76.4288081669162,
              31.442148060651032
            ],
            [
              76.42856017949163,
              31.441158039356555
            ],
            [
              76.42821634713812,
              31.440197092303404
            ],
            [
              76.4282052312712,
              31.440173589777476
            ],
            [
              76.43051891052434,
              31.437859910524335
            ],
            [
              76.43507591052435,
              31.433302910524343
            ],
            [
              76.43963271744929,
              31.428745103510845
            ],
            [
              76.44031794216622,
              31.427988918217164
            ],
            [
              76.4409257594624,
              31.42716921873227
            ],
            [
              76.44145031735927,
              31.426293897006335
            ],
            [
              76.44188656548795,
              31.42537138051256
            ],
            [
              76.44223030371343,
              31.42441055110865
            ],
            [
              76.44247822257293,
              31.42342065952359
            ],
            [
              76.44262793513889,
              31.422411236292895
            ],
            [
              76.442678,
              31.421392
            ],
            [
              76.442678,
              31.416835
            ],
            [
              76.44262793513889,
              31.415815763707105
            ],
            [
              76.44247822257293,
              31.41480634047641
            ],
            [
              76.44223030371343,
              31.41381644889135
            ],
            [
              76.44188656548795,
              31.41285561948744
            ],
            [
              76.44145031735927,
              31.411933102993665
            ],
            [
              76.4409257594624,
              31.41105778126773
            ],
            [
              76.44031794216622,
              31.410238081782836
            ],
            [
              76.43963271744929,
              31.409481896489154
            ],
            [
              76.43507671744929,
              31.404924896489156
            ],
            [
              76.43432057229585,
              31.40423941532006
            ],
            [
              76.43350087928404,
              31.403631350115766
            ],
            [
              76.43262553250567,
              31.403106556876597
            ],
            [
              76.43170296202874,
              31.40267008964833
            ],
            [
              76.43074205271125,
              31.402326151848964
            ],
            [
              76.42975205863522,
              31.402078055787527
            ],
            [
              76.42874251398479,
              31.401928190764714
            ],
            [
              76.42772314122682,
              31.401878000062617
            ],
            [
              76.42670375747821,
              31.401927967045136
            ],
            [
              76.42569417996171,
              31.40207761050291
            ],
            [
              76.4247041314607,
              31.402325489287648
            ],
            [
              76.42374314668346,
              31.402669216191136
            ],
            [
              76.42282048043873,
              31.4031054809354
            ],
            [
              76.4219450185068,
              31.40363008205247
            ],
            [
              76.42112519206468,
              31.404237967346802
            ],
            [
              76.42036889648917,
              31.404923282550715
            ],
            [
              76.41968341532007,
              31.40567942770416
            ],
            [
              76.41907535011576,
              31.406499120715964
            ],
            [
              76.4185505568766,
              31.40737446749433
            ],
            [
              76.41811408964833,
              31.408297037971266
            ],
            [
              76.41777015184897,
              31.409257947288758
            ],
            [
              76.41752205578753,
              31.410247941364783
            ],
            [
              76.41737219076471,
              31.411257486015213
            ],
            [
              76.41732200006261,
              31.412276858773183
            ],
            [
              76.41737196704514,
              31.413296242521792
            ],
            [
              76.41752161050292,
              31.41430582003829
            ],
            [
              76.41776948928765,
              31.415295868539296
            ],
            [
              76.41811321619114,
              31.416256853316536
            ],
            [
              76.41854948093541,
              31.417179519561277
            ],
            [
              76.41907408205248,
              31.4180549814932
            ],
            [
              76.4196819673468,
              31.41887480793532
            ],
            [
              76.41987516416344,
              31.41908801478787
            ],
            [
              76.41581108947565,
              31.423152089475657
            ],
            [
              76.41125408947566,
              31.427709089475666
            ],
            [
              76.40973151079422,
              31.429231668157108
            ],
            [
              76.40949399999998,
              31.42922
            ],
            [
              76.40847462174055,
              31.429270078842613
            ],
            [
              76.40746506065102,
              31.42941983308381
            ],
            [
              76.40647503935654,
              31.42966782050839
            ],
            [
              76.40551409230339,
              31.430011652861886
            ],
            [
              76.404591473937,
              31.430448018850782
            ],
            [
              76.40371606957659,
              31.43097271603206
            ],
            [
              76.40289630984469,
              31.431580691285035
            ],
            [
              76.40214008947565,
              31.432266089475668
            ],
            [
              76.39758308947566,
              31.436823089475666
            ],
            [
              76.39302608947565,
              31.441380089475658
            ],
            [
              76.39234069128503,
              31.4421363098447
            ],
            [
              76.39173271603205,
              31.4429560695766
            ],
            [
              76.39120801885078,
              31.44383147393701
            ],
            [
              76.39077165286189,
              31.444754092303405
            ],
            [
              76.39042782050838,
              31.445715039356557
            ],
            [
              76.3901798330838,
              31.446705060651034
            ],
            [
              76.39003007884261,
              31.447714621740573
            ],
            [
              76.38998,
              31.448734
            ],
            [
              76.38998,
              31.457848
            ],
            [
              76.38999166815711,
              31.458085510794213
            ]
          ]
        ]
      }
    },
    {
      "type": "Feature",
      "properties": {
        "depth_band": "0.5 - 1.0",
        "min_depth": 0.5,
        "max_depth": 1.0,
        "max_depth_m": 33.9,
        "avg_depth_m": 16.9,
        "hazard_level": "Moderate",
        "zone": "reservoir",
        "timestep_min": 360
      },
      "geometry": {
        "type": "Polygon",
        "coordinates": [
          [
            [
              76.39323747851466,
              31.45925204675125
            ],
            [
              76.39067526263295,
              31.461814262632956
            ],
            [
              76.38611826263296,
              31.46637126263297
            ],
            [
              76.38563848389951,
              31.466900616891294
            ],
            [
              76.38521290122243,
              31.467474448703626
            ],
            [
              76.38484561319554,
              31.468087231755916
            ],
            [
              76.38454015700331,
              31.46873306461239
            ],
            [
              76.38429947435587,
              31.469405727549596
            ],
            [
              76.38412588315866,
              31.470098742455733
            ],
            [
              76.38402105518983,
              31.47080543521841
            ],
            [
              76.38398600000001,
              31.471519000000008
            ],
            [
              76.38402105518983,
              31.47223256478161
            ],
            [
              76.38412588315867,
              31.472939257544287
            ],
            [
              76.38429947435587,
              31.47363227245042
            ],
            [
              76.38454015700333,
              31.474304935387625
            ],
            [
              76.38484561319555,
              31.474950768244103
            ],
            [
              76.38521290122245,
              31.47556355129639
            ],
            [
              76.38563848389953,
              31.476137383108718
            ],
            [
              76.38611826263298,
              31.476666737367044
            ],
            [
              76.3866476168913,
              31.477146516100486
            ],
            [
              76.38722144870363,
              31.477572098777568
            ],
            [
              76.38783423175592,
              31.47793938680446
            ],
            [
              76.3884800646124,
              31.478244842996688
            ],
            [
              76.3891527275496,
              31.478485525644135
            ],
            [
              76.38984574245573,
              31.47865911684134
            ],
            [
              76.39055243521841,
              31.478763944810176
            ],
            [
              76.39126600000002,
              31.478799000000002
            ],
            [
              76.39197956478161,
              31.478763944810172
            ],
            [
              76.39268625754428,
              31.478659116841335
            ],
            [
              76.39337927245042,
              31.47848552564413
            ],
            [
              76.39405193538762,
              31.47824484299668
            ],
            [
              76.3946977682441,
              31.477939386804454
            ],
            [
              76.39531055129639,
              31.477572098777557
            ],
            [
              76.39588438310872,
              31.477146516100476
            ],
            [
              76.39641373736704,
              31.476666737367033
            ],
            [
              76.40097073736703,
              31.47210973736703
            ],
            [
              76.40552773736704,
              31.467552737367043
            ],
            [
              76.40795247473407,
              31.465128
            ],
            [
              76.414051,
              31.465128
            ],
            [
              76.4147645647816,
              31.465092944810173
            ],
            [
              76.41547125754428,
              31.464988116841333
            ],
            [
              76.41616427245042,
              31.46481452564413
            ],
            [
              76.41683693538762,
              31.464573842996682
            ],
            [
              76.4174827682441,
              31.464268386804456
            ],
            [
              76.41809555129639,
              31.463901098777562
            ],
            [
              76.4186693831087,
              31.46347551610048
            ],
            [
              76.41919873736704,
              31.462995737367038
            ],
            [
              76.41967851610048,
              31.46246638310871
            ],
            [
              76.42010409877756,
              31.46189255129638
            ],
            [
              76.42047138680445,
              31.461279768244093
            ],
            [
              76.42077684299669,
              31.460633935387616
            ],
            [
              76.42101752564413,
              31.45996127245041
            ],
            [
              76.42119111684134,
              31.459268257544277
            ],
            [
              76.42129594481017,
              31.458561564781597
            ],
            [
              76.421331,
              31.457848
            ],
            [
              76.421331,
              31.451749474734086
            ],
            [
              76.42375573736705,
              31.44932473736704
            ],
            [
              76.42423551610048,
              31.44879538310871
            ],
            [
              76.42466109877756,
              31.44822155129638
            ],
            [
              76.42502838680446,
              31.447608768244095
            ],
            [
              76.4253338429967,
              31.446962935387617
            ],
            [
              76.42557452564414,
              31.446290272450412
            ],
            [
              76.42574811684135,
              31.44559725754428
            ],
            [
              76.42585294481017,
              31.4448905647816
            ],
            [
              76.425888,
              31.444177
            ],
            [
              76.42585294481017,
              31.4434634352184
            ],
            [
              76.42574811684135,
              31.44275674245572
            ],
            [
              76.42557452564414,
              31.442063727549588
            ],
            [
              76.4253338429967,
              31.441391064612382
            ],
            [
              76.42502838680446,
              31.440745231755905
            ],
            [
              76.42466109877756,
              31.44013244870362
            ],
            [
              76.42430890473037,
              31.439657570003718
            ],
            [
              76.42831273736704,
              31.435653737367034
            ],
            [
              76.43286973736704,
              31.43109673736704
            ],
            [
              76.43742630221449,
              31.42653917245759
            ],
            [
              76.43790595951634,
              31.426009842752016
            ],
            [
              76.43833143162367,
              31.425436053112595
            ],
            [
              76.43869862215149,
              31.424823327904438
            ],
            [
              76.43900399584156,
              31.424177566358793
            ],
            [
              76.4392446125994,
              31.423504985776056
            ],
            [
              76.43941815580105,
              31.422812061666512
            ],
            [
              76.43952295459722,
              31.42210546540503
            ],
            [
              76.43955799999999,
              31.421392
            ],
            [
              76.43955799999999,
              31.416835
            ],
            [
              76.43952295459722,
              31.41612153459497
            ],
            [
              76.43941815580105,
              31.415414938333488
            ],
            [
              76.4392446125994,
              31.414722014223944
            ],
            [
              76.43900399584156,
              31.414049433641207
            ],
            [
              76.43869862215149,
              31.413403672095562
            ],
            [
              76.43833143162367,
              31.412790946887405
            ],
            [
              76.43790595951634,
              31.412217157247984
            ],
            [
              76.43742630221449,
              31.41168782754241
            ],
            [
              76.4328703022145,
              31.40713082754241
            ],
            [
              76.4323410006071,
              31.406650990724042
            ],
            [
              76.43176721549882,
              31.406225345081037
            ],
            [
              76.43115447275397,
              31.40585798981362
            ],
            [
              76.43050867342012,
              31.40555246275383
            ],
            [
              76.42983603689787,
              31.405311706294274
            ],
            [
              76.42914304104465,
              31.40513803905127
            ],
            [
              76.42843635978936,
              31.405033133535298
            ],
            [
              76.42772279885878,
              31.404998000043832
            ],
            [
              76.42700923023475,
              31.405032976931594
            ],
            [
              76.4263025259732,
              31.405137727352038
            ],
            [
              76.42560949202249,
              31.40531124250135
            ],
            [
              76.42493680267843,
              31.405551851333797
            ],
            [
              76.42429093630712,
              31.405857236654782
            ],
            [
              76.42367811295476,
              31.40622445743673
            ],
            [
              76.42310423444528,
              31.406649977142763
            ],
            [
              76.42257482754242,
              31.4071296977855
            ],
            [
              76.42209499072405,
              31.407658999392915
            ],
            [
              76.42166934508104,
              31.408232784501177
            ],
            [
              76.42130198981361,
              31.40884552724603
            ],
            [
              76.42099646275383,
              31.409491326579886
            ],
            [
              76.42075570629427,
              31.41016396310213
            ],
            [
              76.42058203905127,
              31.41085695895535
            ],
            [
              76.4204771335353,
              31.411563640210648
            ],
            [
              76.42044200004383,
              31.41227720114123
            ],
            [
              76.4204769769316,
              31.412990769765255
            ],
            [
              76.42058172735204,
              31.4136974740268
            ],
            [
              76.42075524250136,
              31.414390507977508
            ],
            [
              76.4209958513338,
              31.415063197321576
            ],
            [
              76.42130123665478,
              31.415709063692894
            ],
            [
              76.42166845743672,
              31.41632188704524
            ],
            [
              76.42209397714277,
              31.416895765554724
            ],
            [
              76.42257369778551,
              31.41742517245759
            ],
            [
              76.4242616548369,
              31.4191135
            ],
            [
              76.42257398023406,
              31.42080154503186
            ],
            [
              76.41801726263296,
              31.42535826263296
            ],
            [
              76.41346026263297,
              31.429915262632967
            ],
            [
              76.41089804675126,
              31.432477478514677
            ],
            [
              76.41020756478159,
              31.432375055189826
            ],
            [
              76.409494,
              31.43234
            ],
            [
              76.40878043521839,
              31.43237505518983
            ],
            [
              76.40807374245571,
              31.432479883158667
            ],
            [
              76.40738072754958,
              31.432653474355874
            ],
            [
              76.40670806461237,
              31.43289415700332
            ],
            [
              76.4060622317559,
              31.433199613195548
            ],
            [
              76.4054494487036,
              31.43356690122244
            ],
            [
              76.40487561689127,
              31.433992483899523
            ],
            [
              76.40434626263296,
              31.43447226263297
            ],
            [
              76.39978926263296,
              31.439029262632967
            ],
            [
              76.39523226263296,
              31.443586262632962
            ],
            [
              76.39475248389952,
              31.444115616891292
            ],
            [
              76.39432690122244,
              31.44468944870362
            ],
            [
              76.39395961319555,
              31.445302231755907
            ],
            [
              76.39365415700331,
              31.445948064612384
            ],
            [
              76.39341347435587,
              31.44662072754959
            ],
            [
              76.39323988315866,
              31.447313742455723
            ],
            [
              76.39313505518983,
              31.448020435218403
            ],
            [
              76.3931,
              31.448734
            ],
            [
              76.3931,
              31.457848
            ],
            [
              76.39313505518983,
              31.458561564781597
            ],
            [
              76.39323747851466,
              31.45925204675125
            ]
          ]
        ]
      }
    },
    {
      "type": "Feature",
      "properties": {
        "depth_band": "1.0 - 2.0",
        "min_depth": 1.0,
        "max_depth": 2.0,
        "max_depth_m": 33.9,
        "avg_depth_m": 16.9,
        "hazard_level": "Moderate",
        "zone": "reservoir",
        "timestep_min": 360
      },
      "geometry": {
        "type": "Polygon",
        "coordinates": [
          [
            [
              76.39620756989436,
              31.459958910633734
            ],
            [
              76.39251374026404,
              31.463652740264042
            ],
            [
              76.38795674026404,
              31.46820974026405
            ],
            [
              76.38764831107827,
              31.46855003943012
            ],
            [
              76.38737472221442,
              31.468918931309474
            ],
            [
              76.38713860848284,
              31.46931286327166
            ],
            [
              76.38694224378784,
              31.469728041536538
            ],
            [
              76.38678751922878,
              31.470160467710453
            ],
            [
              76.38667592488771,
              31.47060597729297
            ],
            [
              76.38660853547917,
              31.471060279783263
            ],
            [
              76.38658600000001,
              31.471519000000008
            ],
            [
              76.38660853547917,
              31.47197772021675
            ],
            [
              76.38667592488771,
              31.472432022707043
            ],
            [
              76.38678751922878,
              31.472877532289555
            ],
            [
              76.38694224378786,
              31.473309958463474
            ],
            [
              76.38713860848286,
              31.47372513672835
            ],
            [
              76.38737472221443,
              31.474119068690538
            ],
            [
              76.38764831107827,
              31.474487960569892
            ],
            [
              76.38795674026406,
              31.474828259735958
            ],
            [
              76.38829703943011,
              31.47513668892174
            ],
            [
              76.38866593130948,
              31.47541027778558
            ],
            [
              76.38905986327165,
              31.475646391517152
            ],
            [
              76.38947504153654,
              31.475842756212156
            ],
            [
              76.38990746771046,
              31.47599748077123
            ],
            [
              76.39035297729298,
              31.476109075112287
            ],
            [
              76.39080727978326,
              31.476176464520826
            ],
            [
              76.391266,
              31.476199
            ],
            [
              76.39172472021674,
              31.476176464520826
            ],
            [
              76.39217902270704,
              31.476109075112287
            ],
            [
              76.39262453228956,
              31.475997480771227
            ],
            [
              76.39305695846348,
              31.475842756212153
            ],
            [
              76.39347213672835,
              31.47564639151715
            ],
            [
              76.39386606869054,
              31.475410277785574
            ],
            [
              76.39423496056989,
              31.475136688921737
            ],
            [
              76.39457525973596,
              31.47482825973595
            ],
            [
              76.39913225973595,
              31.47027125973595
            ],
            [
              76.40368925973596,
              31.465714259735957
            ],
            [
              76.40687551947191,
              31.462528
            ],
            [
              76.414051,
              31.462528
            ],
            [
              76.41450972021674,
              31.462505464520824
            ],
            [
              76.41496402270704,
              31.462438075112285
            ],
            [
              76.41540953228956,
              31.462326480771225
            ],
            [
              76.41584195846347,
              31.46217175621215
            ],
            [
              76.41625713672835,
              31.46197539151715
            ],
            [
              76.41665106869053,
              31.461739277785576
            ],
            [
              76.41701996056989,
              31.461465688921734
            ],
            [
              76.41736025973596,
              31.461157259735952
            ],
            [
              76.41766868892174,
              31.460816960569883
            ],
            [
              76.41794227778557,
              31.460448068690532
            ],
            [
              76.41817839151715,
              31.460054136728345
            ],
            [
              76.41837475621216,
              31.45963895846347
            ],
            [
              76.41852948077123,
              31.45920653228955
            ],
            [
              76.41864107511229,
              31.458761022707034
            ],
            [
              76.41870846452083,
              31.45830672021674
            ],
            [
              76.418731,
              31.457848
            ],
            [
              76.418731,
              31.45067251947192
            ],
            [
              76.42191725973596,
              31.447486259735953
            ],
            [
              76.42222568892174,
              31.447145960569884
            ],
            [
              76.42249927778559,
              31.44677706869053
            ],
            [
              76.42273539151715,
              31.446383136728343
            ],
            [
              76.42293175621217,
              31.445967958463466
            ],
            [
              76.42308648077123,
              31.445535532289547
            ],
            [
              76.4231980751123,
              31.445090022707035
            ],
            [
              76.42326546452084,
              31.44463572021674
            ],
            [
              76.423288,
              31.444177
            ],
            [
              76.42326546452084,
              31.443718279783255
            ],
            [
              76.4231980751123,
              31.44326397729296
            ],
            [
              76.42308648077123,
              31.44281846771045
            ],
            [
              76.42293175621217,
              31.44238604153653
            ],
            [
              76.42273539151715,
              31.441970863271653
            ],
            [
              76.42249927778558,
              31.441576931309466
            ],
            [
              76.42222568892174,
              31.441208039430112
            ],
            [
              76.42191725973596,
              31.440867740264046
            ],
            [
              76.4215769605699,
              31.44055931107826
            ],
            [
              76.42120806869053,
              31.440285722214423
            ],
            [
              76.42081413672835,
              31.44004960848285
            ],
            [
              76.42042429323129,
              31.439865226240627
            ],
            [
              76.42191725973596,
              31.438372259735953
            ],
            [
              76.42647425973595,
              31.43381525973595
            ],
            [
              76.43103125973596,
              31.429258259735953
            ],
            [
              76.43558762285218,
              31.424700896579882
            ],
            [
              76.4358959739748,
              31.42436061319772
            ],
            [
              76.43616949175808,
              31.423991748429522
            ],
            [
              76.43640554281167,
              31.42359785365285
            ],
            [
              76.43660185446957,
              31.42318272123065
            ],
            [
              76.43675653667104,
              31.422750347998893
            ],
            [
              76.43686810015781,
              31.422304896785615
            ],
            [
              76.4369354708125,
              31.421850656331802
            ],
            [
              76.43695799999999,
              31.421392
            ],
            [
              76.43695799999999,
              31.416835
            ],
            [
              76.4369354708125,
              31.416376343668198
            ],
            [
              76.43686810015781,
              31.415922103214385
            ],
            [
              76.43675653667104,
              31.415476652001107
            ],
            [
              76.43660185446957,
              31.41504427876935
            ],
            [
              76.43640554281167,
              31.41462914634715
            ],
            [
              76.43616949175808,
              31.414235251570478
            ],
            [
              76.4358959739748,
              31.41386638680228
            ],
            [
              76.43558762285218,
              31.413526103420118
            ],
            [
              76.43103162285219,
              31.40896910342012
            ],
            [
              76.43069135753314,
              31.408660636894027
            ],
            [
              76.43032249567781,
              31.408387007552093
            ],
            [
              76.42992858962755,
              31.40815085059447
            ],
            [
              76.42951343291293,
              31.407954440341747
            ],
            [
              76.42908102372006,
              31.407799668332032
            ],
            [
              76.42863552638585,
              31.407688025104388
            ],
            [
              76.42818123129315,
              31.40762058584412
            ],
            [
              76.42772251355207,
              31.407598000028177
            ],
            [
              76.4272637908652,
              31.407620485170312
            ],
            [
              76.42680948098277,
              31.40768782472631
            ],
            [
              76.42636395915731,
              31.40779937017944
            ],
            [
              76.42593151600757,
              31.40795404728601
            ],
            [
              76.42551631619743,
              31.40815036642093
            ],
            [
              76.42512235832807,
              31.40838643692361
            ],
            [
              76.42475343642911,
              31.408659985306063
            ],
            [
              76.42441310342012,
              31.408968377147822
            ],
            [
              76.42410463689403,
              31.409308642466872
            ],
            [
              76.4238310075521,
              31.409677504322186
            ],
            [
              76.42359485059447,
              31.41007141037245
            ],
            [
              76.42339844034176,
              31.41048656708707
            ],
            [
              76.42324366833203,
              31.41091897627994
            ],
            [
              76.4231320251044,
              31.411364473614153
            ],
            [
              76.42306458584412,
              31.411818768706844
            ],
            [
              76.42304200002818,
              31.412277486447934
            ],
            [
              76.42306448517031,
              31.412736209134806
            ],
            [
              76.42313182472631,
              31.41319051901723
            ],
            [
              76.42324337017945,
              31.413636040842682
            ],
            [
              76.42339804728601,
              31.41406848399244
            ],
            [
              76.42359436642093,
              31.414483683802576
            ],
            [
              76.42383043692361,
              31.41487764167194
            ],
            [
              76.42410398530606,
              31.415246563570893
            ],
            [
              76.42441237714782,
              31.41558689657988
            ],
            [
              76.427598,
              31.41877321864692
            ],
            [
              76.427598,
              31.41945378135308
            ],
            [
              76.42441255867564,
              31.42263992185245
            ],
            [
              76.41985574026404,
              31.427196740264048
            ],
            [
              76.41529874026405,
              31.43175374026405
            ],
            [
              76.41160491063374,
              31.435447569894357
            ],
            [
              76.41128495846347,
              31.43529624378785
            ],
            [
              76.41085253228954,
              31.435141519228775
            ],
            [
              76.41040702270703,
              31.435029924887715
            ],
            [
              76.40995272021674,
              31.434962535479176
            ],
            [
              76.409494,
              31.43494
            ],
            [
              76.40903527978325,
              31.434962535479176
            ],
            [
              76.40858097729296,
              31.435029924887715
            ],
            [
              76.40813546771044,
              31.435141519228775
            ],
            [
              76.40770304153652,
              31.43529624378785
            ],
            [
              76.40728786327165,
              31.435492608482853
            ],
            [
              76.40689393130945,
              31.435728722214428
            ],
            [
              76.40652503943011,
              31.436002311078266
            ],
            [
              76.40618474026404,
              31.43631074026405
            ],
            [
              76.40162774026405,
              31.44086774026405
            ],
            [
              76.39707074026404,
              31.44542474026405
            ],
            [
              76.39676231107826,
              31.445765039430118
            ],
            [
              76.39648872221443,
              31.446133931309472
            ],
            [
              76.39625260848285,
              31.44652786327166
            ],
            [
              76.39605624378784,
              31.446943041536535
            ],
            [
              76.39590151922877,
              31.44737546771045
            ],
            [
              76.39578992488771,
              31.447820977292967
            ],
            [
              76.39572253547917,
              31.44827527978326
            ],
            [
              76.3957,
              31.448734
            ],
            [
              76.3957,
              31.457848
            ],
            [
              76.39572253547917,
              31.45830672021674
            ],
            [
              76.39578992488771,
              31.458761022707034
            ],
            [
              76.39590151922877,
              31.45920653228955
            ],
            [
              76.39605624378784,
              31.45963895846347
            ],
            [
              76.39620756989436,
              31.459958910633734
            ]
          ]
        ]
      }
    },
    {
      "type": "Feature",
      "properties": {
        "depth_band": "2.0 - 3.0",
        "min_depth": 2.0,
        "max_depth": 3.0,
        "max_depth_m": 33.9,
        "avg_depth_m": 16.9,
        "hazard_level": "Moderate",
        "zone": "reservoir",
        "timestep_min": 360
      },
      "geometry": {
        "type": "Polygon",
        "coordinates": [
          [
            [
              76.39766147763108,
              31.46880047763108
            ],
            [
              76.40221847763108,
              31.464243477631086
            ],
            [
              76.40601395526217,
              31.460448
            ],
            [
              76.414051,
              31.460448
            ],
            [
              76.41430584456485,
              31.460435480289345
            ],
            [
              76.41455823483724,
              31.460398041729047
            ],
            [
              76.41480574016086,
              31.460336044872903
            ],
            [
              76.41504597692415,
              31.460250086784527
            ],
            [
              76.41527663151575,
              31.460140995287304
            ],
            [
              76.41549548260585,
              31.460009820991985
            ],
            [
              76.41570042253882,
              31.45985782717874
            ],
            [
              76.41588947763108,
              31.459686477631085
            ],
            [
              76.41606082717874,
              31.459497422538824
            ],
            [
              76.41621282099199,
              31.45929248260585
            ],
            [
              76.4163439952873,
              31.459073631515746
            ],
            [
              76.41645308678453,
              31.45884297692415
            ],
            [
              76.4165390448729,
              31.45860274016086
            ],
            [
              76.41660104172905,
              31.458355234837242
            ],
            [
              76.41663848028935,
              31.458102844564856
            ],
            [
              76.416651,
              31.457848
            ],
            [
              76.416651,
              31.44981095526217
            ],
            [
              76.42044647763109,
              31.446015477631086
            ],
            [
              76.42061782717875,
              31.445826422538826
            ],
            [
              76.42076982099199,
              31.44562148260585
            ],
            [
              76.42090099528731,
              31.445402631515748
            ],
            [
              76.42101008678453,
              31.44517197692415
            ],
            [
              76.42109604487291,
              31.444931740160865
            ],
            [
              76.42115804172906,
              31.444684234837244
            ],
            [
              76.42119548028936,
              31.444431844564857
            ],
            [
              76.42120800000001,
              31.444177
            ],
            [
              76.42119548028936,
              31.443922155435146
            ],
            [
              76.42115804172906,
              31.44366976516276
            ],
            [
              76.42109604487291,
              31.44342225983914
            ],
            [
              76.42101008678453,
              31.443182023075853
            ],
            [
              76.42090099528731,
              31.442951368484252
            ],
            [
              76.42076982099199,
              31.44273251739415
            ],
            [
              76.42061782717875,
              31.442527577461174
            ],
            [
              76.42044647763109,
              31.442338522368914
            ],
            [
              76.42025742253884,
              31.442167172821257
            ],
            [
              76.42005248260585,
              31.442015179008013
            ],
            [
              76.41983363151576,
              31.441884004712694
            ],
            [
              76.41960297692415,
              31.441774913215472
            ],
            [
              76.41936274016086,
              31.441688955127095
            ],
            [
              76.41911523483725,
              31.44162695827095
            ],
            [
              76.41886284456486,
              31.441589519710654
            ],
            [
              76.418608,
              31.441577
            ],
            [
              76.41577095526218,
              31.441577
            ],
            [
              76.41588947763108,
              31.441458477631087
            ],
            [
              76.42044647763109,
              31.436901477631086
            ],
            [
              76.42500347763108,
              31.432344477631084
            ],
            [
              76.42956047763109,
              31.427787477631085
            ],
            [
              76.43411667936232,
              31.42323027587771
            ],
            [
              76.43428798554154,
              31.42304122955429
            ],
            [
              76.4344399398656,
              31.422836304683067
            ],
            [
              76.43457107933982,
              31.422617474251584
            ],
            [
              76.43468014137198,
              31.422386845128138
            ],
            [
              76.43476607592835,
              31.422146637777164
            ],
            [
              76.43482805564322,
              31.421899164880898
            ],
            [
              76.43486548378472,
              31.421646809073223
            ],
            [
              76.434878,
              31.421392
            ],
            [
              76.434878,
              31.416835
            ],
            [
              76.43486548378472,
              31.416580190926776
            ],
            [
              76.43482805564322,
              31.4163278351191
            ],
            [
              76.43476607592835,
              31.416080362222836
            ],
            [
              76.43468014137198,
              31.415840154871862
            ],
            [
              76.43457107933982,
              31.415609525748415
            ],
            [
              76.4344399398656,
              31.415390695316933
            ],
            [
              76.43428798554154,
              31.41518577044571
            ],
            [
              76.43411667936232,
              31.41499672412229
            ],
            [
              76.42956067936233,
              31.41043972412229
            ],
            [
              76.42937164307396,
              31.410268353830016
            ],
            [
              76.42916671982101,
              31.41011633752894
            ],
            [
              76.42894788312643,
              31.40998513921915
            ],
            [
              76.42871724050718,
              31.40987602241208
            ],
            [
              76.42847701317781,
              31.409790037962242
            ],
            [
              76.42822951465881,
              31.409728013946882
            ],
            [
              76.4279771284962,
              31.409690547691177
            ],
            [
              76.4277222853067,
              31.409678000015653
            ],
            [
              76.42746743936955,
              31.409690491761285
            ],
            [
              76.42721504499043,
              31.40972790262573
            ],
            [
              76.42696753286518,
              31.409789872321912
            ],
            [
              76.42672728667087,
              31.409875804047786
            ],
            [
              76.42649662010969,
              31.409984870233853
            ],
            [
              76.42627775462671,
              31.41011602051312
            ],
            [
              76.42607279801618,
              31.4102679918367
            ],
            [
              76.42588372412229,
              31.41043932063768
            ],
            [
              76.42571235383002,
              31.41062835692604
            ],
            [
              76.42556033752895,
              31.41083328017899
            ],
            [
              76.42542913921915,
              31.411052116873584
            ],
            [
              76.42532002241208,
              31.411282759492817
            ],
            [
              76.42523403796224,
              31.411522986822188
            ],
            [
              76.42517201394688,
              31.411770485341197
            ],
            [
              76.42513454769119,
              31.412022871503805
            ],
            [
              76.42512200001566,
              31.412277714693296
            ],
            [
              76.42513449176128,
              31.41253256063045
            ],
            [
              76.42517190262573,
              31.412784955009574
            ],
            [
              76.42523387232191,
              31.413032467134826
            ],
            [
              76.42531980404779,
              31.413272713329135
            ],
            [
              76.42542887023386,
              31.41350337989032
            ],
            [
              76.42556002051312,
              31.4137222453733
            ],
            [
              76.4257119918367,
              31.41392720198383
            ],
            [
              76.42588332063768,
              31.41411627587771
            ],
            [
              76.429678,
              31.417911788137168
            ],
            [
              76.429678,
              31.42031521186283
            ],
            [
              76.42588342149367,
              31.424110623244168
            ],
            [
              76.42132652236891,
              31.428667522368915
            ],
            [
              76.41676952236892,
              31.433224522368917
            ],
            [
              76.41221252236892,
              31.437781522368915
            ],
            [
              76.4117725,
              31.438221544737836
            ],
            [
              76.41133247763108,
              31.437781522368915
            ],
            [
              76.41114342253881,
              31.437610172821255
            ],
            [
              76.41093848260584,
              31.437458179008015
            ],
            [
              76.41071963151575,
              31.437327004712696
            ],
            [
              76.41048897692414,
              31.43721791321547
            ],
            [
              76.41024874016085,
              31.437131955127096
            ],
            [
              76.41000123483724,
              31.437069958270953
            ],
            [
              76.40974884456485,
              31.437032519710655
            ],
            [
              76.409494,
              31.43702
            ],
            [
              76.40923915543513,
              31.437032519710655
            ],
            [
              76.40898676516275,
              31.437069958270953
            ],
            [
              76.40873925983914,
              31.437131955127096
            ],
            [
              76.40849902307585,
              31.437217913215473
            ],
            [
              76.40826836848424,
              31.437327004712696
            ],
            [
              76.40804951739415,
              31.437458179008015
            ],
            [
              76.40784457746118,
              31.43761017282126
            ],
            [
              76.40765552236891,
              31.43778152236892
            ],
            [
              76.40309852236892,
              31.442338522368917
            ],
            [
              76.39854152236892,
              31.446895522368916
            ],
            [
              76.39837017282126,
              31.447084577461176
            ],
            [
              76.39821817900801,
              31.44728951739415
            ],
            [
              76.39808700471269,
              31.447508368484254
            ],
            [
              76.39797791321547,
              31.44773902307585
            ],
            [
              76.3978919551271,
              31.44797925983914
            ],
            [
              76.39782995827095,
              31.448226765162758
            ],
            [
              76.39779251971065,
              31.448479155435145
            ],
            [
              76.39778,
              31.448734
            ],
            [
              76.39778,
              31.457848
            ],
            [
              76.39779251971065,
              31.458102844564856
            ],
            [
              76.39782995827095,
              31.45835523483724
            ],
            [
              76.3978919551271,
              31.45860274016086
            ],
            [
              76.39797791321547,
              31.458842976924146
            ],
            [
              76.39808700471269,
              31.459073631515746
            ],
            [
              76.39821817900801,
              31.45929248260585
            ],
            [
              76.39837017282126,
              31.459497422538824
            ],
            [
              76.39854152236892,
              31.459686477631085
            ],
            [
              76.39873057746117,
              31.45985782717874
            ],
            [
              76.39893551739415,
              31.460009820991985
            ],
            [
              76.39903724847971,
              31.460070796258115
            ],
            [
              76.39854152236892,
              31.460566522368914
            ],
            [
              76.39398452236891,
              31.465123522368913
            ],
            [
              76.38942752236892,
              31.469680522368918
            ],
            [
              76.38925617282126,
              31.46986957746118
            ],
            [
              76.38910417900802,
              31.470074517394153
            ],
            [
              76.3889730047127,
              31.470293368484256
            ],
            [
              76.38886391321547,
              31.470524023075853
            ],
            [
              76.3887779551271,
              31.470764259839143
            ],
            [
              76.38871595827095,
              31.47101176516276
            ],
            [
              76.38867851971065,
              31.471264155435147
            ],
            [
              76.388666,
              31.471519000000004
            ],
            [
              76.38867851971065,
              31.47177384456486
            ],
            [
              76.38871595827095,
              31.472026234837244
            ],
            [
              76.3887779551271,
              31.472273740160865
            ],
            [
              76.38886391321547,
              31.47251397692415
            ],
            [
              76.3889730047127,
              31.472744631515752
            ],
            [
              76.38910417900802,
              31.472963482605856
            ],
            [
              76.38925617282126,
              31.47316842253883
            ],
            [
              76.38942752236892,
              31.473357477631087
            ],
            [
              76.38961657746118,
              31.473528827178747
            ],
            [
              76.38982151739415,
              31.47368082099199
            ],
            [
              76.39004036848425,
              31.473811995287306
            ],
            [
              76.39027102307585,
              31.473921086784532
            ],
            [
              76.39051125983914,
              31.474007044872906
            ],
            [
              76.39075876516276,
              31.47406904172905
            ],
            [
              76.39101115543515,
              31.47410648028935
            ],
            [
              76.391266,
              31.474119
            ],
            [
              76.39152084456487,
              31.474106480289347
            ],
            [
              76.39177323483725,
              31.47406904172905
            ],
            [
              76.39202074016086,
              31.474007044872902
            ],
            [
              76.39226097692415,
              31.47392108678453
            ],
            [
              76.39249163151575,
              31.473811995287306
            ],
            [
              76.39271048260585,
              31.473680820991987
            ],
            [
              76.39291542253883,
              31.473528827178743
            ],
            [
              76.39310447763108,
              31.473357477631083
            ],
            [
              76.39766147763108,
              31.46880047763108
            ]
          ],
          [
            [
              76.40665695526218,
              31.455247999999997
            ],
            [
              76.40677547763109,
              31.455129477631086
            ],
            [
              76.40694682717874,
              31.454940422538826
            ],
            [
              76.40709882099199,
              31.45473548260585
            ],
            [
              76.40722999528731,
              31.454516631515748
            ],
            [
              76.40733908678453,
              31.45428597692415
            ],
            [
              76.40742504487291,
              31.45404574016086
            ],
            [
              76.40748704172906,
              31.453798234837244
            ],
            [
              76.40752448028935,
              31.453545844564857
            ],
            [
              76.407537,
              31.453291
            ],
            [
              76.407537,
              31.449810955262162
            ],
            [
              76.41133247763108,
              31.446015477631082
            ],
            [
              76.4117725,
              31.445575455262166
            ],
            [
              76.41221252236892,
              31.446015477631086
            ],
            [
              76.41240157746118,
              31.446186827178746
            ],
            [
              76.41260651739415,
              31.446338820991986
            ],
            [
              76.41270824847972,
              31.446399796258117
            ],
            [
              76.41221252236892,
              31.446895522368916
            ],
            [
              76.41204117282126,
              31.447084577461176
            ],
            [
              76.41188917900801,
              31.44728951739415
            ],
            [
              76.4117580047127,
              31.447508368484254
            ],
            [
              76.41164891321547,
              31.44773902307585
            ],
            [
              76.4115629551271,
              31.44797925983914
            ],
            [
              76.41150095827095,
              31.448226765162758
            ],
            [
              76.41146351971065,
              31.448479155435145
            ],
            [
              76.411451,
              31.448734
            ],
            [
              76.411451,
              31.455247999999997
            ],
            [
              76.40665695526218,
              31.455247999999997
            ]
          ]
        ]
      }
    },
    {
      "type": "Feature",
      "properties": {
        "timestep_min": 360,
        "depth_band": "0.1 - 0.5",
        "min_depth": 0.1,
        "max_depth": 0.5,
        "max_depth_m": 0.2,
        "avg_depth_m": 0.1,
        "inundated_area_km2": 0.4,
        "hazard_level": "Moderate",
        "zone": "downstream",
        "wave_front_km": 135.0
      },
      "geometry": {
        "type": "Polygon",
        "coordinates": [
          [
            [
              76.37001806937008,
              31.26660191028003
            ],
            [
              76.39020692907835,
              31.29615471009428
            ],
            [
              76.42878031757635,
              31.412092652328564
            ],
            [
              76.43358499151364,
              31.40300158083686
            ],
            [
              76.40475827092166,
              31.288919289905717
            ],
            [
              76.37001806937008,
              31.26660191028003
            ]
          ]
        ]
      }
    }
  ],
  "properties": {
    "simulation_id": "sim-gobind-sagar-dam-terrain-30-360",
    "dam_id": "gobind-sagar-dam",
    "dam_name": "Gobind Sagar Dam (Bhakra)",
    "dam_lat": 31.41,
    "dam_lon": 76.43,
    "release_percent": 30.0,
    "duration_min": 360.0,
    "max_depth_m": 20.0,
    "max_inundated_area_km2": 3.42,
    "timesteps_min": [
      0,
      30,
      60,
      90,
      120,
      150,
      180,
      210,
      240,
      270,
      300,
      330,
      360
    ],
    "hydrograph": {
      "q_peak_m3s": 18981.19,
      "total_volume_m3": 204996862.1,
      "effective_breach_width_m": 20.0,
      "eff_height_m": 67.8,
      "duration_sec": 21600.0
    }
  }
}